{
  "@id": "https://data.datatourisme.fr/10/004058ae-0c5c-37fb-9ceb-e63e8e34c44b",
  "dc:identifier": "778009377",
  "schema:endDate": [
    "2023-10-01"
  ],
  "schema:startDate": [
    "2023-09-09"
  ],
  "@type": [
    "schema:Event",
    "schema:ExhibitionEvent",
    "CulturalEvent",
    "EntertainmentAndEvent",
    "Exhibition",
    "PointOfInterest"
  ],
  "rdfs:comment": {
    "de": [
      "Cynthia EVERS stellt in der Fabrik aus.\nAn den Wochenenden geöffnet. Der Eintritt ist frei.\nMit fast fotografischer Präzision, indem sie sich für bestimmte Körperteile entscheidet (Nacken, Hände, Füße, ein Stück Gesicht oder Körper), lenkt die Künstlerin das Auge auf Details wie einen Knopf, die Maschen eines Pullovers, die Adern, die Flüsse auf einem Handrücken zeichnen, eine Haarsträhne, die aus einem Dutt herausrutscht.\n\nUnter den Händen des Künstlers entstehen Figuren in ihrer intimen Einsamkeit, aber auch Paare, gebunden oder ungebunden, vereint oder getrennt, aber vor allem lebendig, die eine unendliche Bandbreite an Ausdrucksformen und Gemütszuständen ausstrahlen.\n\nDurch die Verwendung von Schwarz, Weiß und deren Zwischenwerte drücken die Bilder von Cynthia Evers mit Scham und Anmut die gesamte Palette der Emotionen und Gefühle aus, schwanken zwischen Ernsthaftigkeit und Leichtigkeit, fesseln unseren Blick und laden uns ein, uns einen gelebten Augenblick aus einem Fragment vorzustellen."
    ],
    "en": [
      "Cynthia EVERS exhibits at l'Usine.\nOpen weekends. Free admission.\nWith an almost photographic precision, choosing to frame certain parts of the body (a neck, hands, feet, a piece of face or body), the artist draws the eye to details such as a button, the stitching on a sweater, the veins that form rivers on the back of a hand, a lock of hair escaping from a bun.\n\nUnder the artist?s hands emerge characters depicted in the intimacy of their solitude, but also couples, linked or unlinked, united or disunited, but above all alive, from which emanate an infinite range of expressions and states of mind.\n\nUsing black, white and the values in between, Cynthia Evers?s paintings express the full range of emotions and feelings with modesty and grace, oscillating between gravity and lightness, captivating our gaze and inviting us to imagine a moment in time, starting with a fragment."
    ],
    "it": [
      "Cynthia EVERS espone all'Usine.\nAperto nei fine settimana. Ingresso libero.\nCon una precisione quasi fotografica, scegliendo di inquadrare alcune parti del corpo (un collo, le mani, i piedi, un pezzo di viso o di corpo), l'artista attira lo sguardo su dettagli come un bottone, la cucitura di un maglione, le vene che formano fiumi sul dorso di una mano, una ciocca di capelli che sfugge da uno chignon.\n\nSotto le mani dell'artista emergono personaggi raffigurati nell'intimità della loro solitudine, ma anche coppie, legate o slegate, unite o disunite, ma soprattutto vive, da cui si sprigiona un'infinita gamma di espressioni e stati d'animo.\n\nUtilizzando il nero, il bianco e i valori intermedi, i dipinti di Cynthia Evers trasmettono l'intera gamma di emozioni e sentimenti con pudore e grazia, oscillando tra gravità e leggerezza, catturando il nostro sguardo e invitandoci a immaginare un momento nel tempo, partendo da un frammento."
    ],
    "fr": [
      "Cynthia EVERS expose à l’Usine. \nOuverture les week-ends. Entrée libre.\nAvec une précision quasi photographique, faisant le choix de cadrer certaines parties du corps (une nuque, des mains, des pieds, un morceau de visage ou de corps), l’artiste attire l’œil sur des détails tels un bouton, les mailles d’un chandail, les veines qui dessinent des rivières sur le dos d’une main, une mèche de cheveux échappée d’un chignon. \n\nSous les mains de l’artiste surgissent des personnages représentés dans l’intimité de leur solitude mais aussi des couples, liés ou déliés, unis ou désunis, mais avant tout vivants, desquels émane une gamme infinie d’expressions et d’états d’âme.\n\nPar le biais du noir, du blanc et de leurs valeurs intermédiaires, les peintures de Cynthia Evers disent avec pudeur et grâce toute la palette des émotions et sentiments, oscillant entre gravité et légèreté, captivant notre regard et nous invitant à imaginer un instant vécu en partant d’un fragment."
    ],
    "nl": [
      "Cynthia EVERS exposeert in de Usine.\nOpen in het weekend. Gratis toegang.\nMet een bijna fotografische precisie, door te kiezen voor het inkaderen van bepaalde delen van het lichaam (een nek, handen, voeten, een stuk gezicht of lichaam), vestigt de kunstenaar de aandacht op details zoals een knoop, het stiksel op een trui, de aderen die rivieren vormen op de rug van een hand, een haarlok die ontsnapt uit een knot.\n\nOnder de handen van de kunstenaar komen personages tevoorschijn die in de intimiteit van hun eenzaamheid zijn afgebeeld, maar ook koppels, al dan niet verbonden, verenigd of verenigd, maar bovenal levend, van wie een oneindig scala aan uitdrukkingen en gemoedstoestanden uitgaat.\n\nDe schilderijen van Cynthia Evers maken gebruik van zwart, wit en de waarden daartussenin en brengen het volledige scala aan emoties en gevoelens over met bescheidenheid en gratie, schommelend tussen zwaarte en lichtheid, waarbij ze onze blik vangen en ons uitnodigen om ons een moment in de tijd voor te stellen, te beginnen met een fragment."
    ],
    "es": [
      "Cynthia EVERS expone en la Usine.\nAbierto los fines de semana. Entrada gratuita.\nCon una precisión casi fotográfica, eligiendo encuadrar determinadas partes del cuerpo (un cuello, las manos, los pies, un trozo de cara o de cuerpo), la artista atrae la mirada hacia detalles como un botón, las costuras de un jersey, las venas que forman ríos en el dorso de una mano, un mechón de pelo que se escapa de un moño.\n\nBajo las manos del artista surgen personajes representados en la intimidad de su soledad, pero también parejas, vinculadas o desvinculadas, unidas o desunidas, pero sobre todo vivas, de las que emana una infinita gama de expresiones y estados de ánimo.\n\nUtilizando el negro, el blanco y los valores intermedios, los cuadros de Cynthia Evers transmiten toda la gama de emociones y sentimientos con modestia y gracia, oscilando entre la gravedad y la ligereza, cautivando nuestra mirada e invitándonos a imaginar un momento en el tiempo, partiendo de un fragmento."
    ]
  },
  "rdfs:label": {
    "fr": [
      "CYNTHIA EVERS EXPOSE À L'USINE À UXEGNEY"
    ]
  },
  "hasBeenCreatedBy": {
    "@id": "https://data.datatourisme.fr/10/e0741335-4875-3e01-a996-dc560274708e",
    "dc:identifier": "778",
    "schema:legalName": "OT EPINAL ET SA REGION",
    "@type": [
      "schema:Organization",
      "foaf:Agent",
      "Agent"
    ]
  },
  "hasBeenPublishedBy": [
    {
      "@id": "https://data.datatourisme.fr/39f8abf8-1828-3176-97f2-cfb47d18656a",
      "schema:email": [
        "contact@sitlorpro.com"
      ],
      "schema:legalName": "Système d'information touristique Lorrain",
      "schema:logo": "http://www.sitlorpro.com/wp-content/uploads/sites/12/2016/03/logo-sitlor-blanc-fond-couleur.jpg",
      "@type": [
        "schema:Organization",
        "foaf:Agent",
        "Agent"
      ],
      "foaf:homepage": [
        "http://www.sitlorpro.com/"
      ]
    }
  ],
  "hasContact": [
    {
      "@id": "https://data.datatourisme.fr/555a8b9c-063b-3159-8527-c1b8a2f329fd",
      "schema:telephone": [
        "+33 6 35 19 10 00"
      ],
      "@type": [
        "foaf:Agent",
        "Agent"
      ],
      "foaf:homepage": [
        "https://grandangleepinal.fr/"
      ]
    }
  ],
  "hasDescription": [
    {
      "@id": "https://data.datatourisme.fr/f2125040-303f-3c6a-afc7-a9324a9a0c1e",
      "@type": [
        "Description"
      ],
      "hasTranslatedProperty": [
        {
          "@id": "https://data.datatourisme.fr/48cf4c13-1365-32e0-80a3-705f3b84aeef",
          "dc:contributor": [
            "https://api.deepl.com/v2/translate"
          ],
          "rdf:language": [
            "en"
          ],
          "rdf:predicate": [
            "shortDescription"
          ]
        },
        {
          "@id": "https://data.datatourisme.fr/6d75ca38-60f5-3380-a883-3d1c948d9854",
          "dc:contributor": [
            "https://api.deepl.com/v2/translate"
          ],
          "rdf:language": [
            "it"
          ],
          "rdf:predicate": [
            "shortDescription"
          ]
        },
        {
          "@id": "https://data.datatourisme.fr/b6534f7e-8199-3904-83b9-b5d880a26068",
          "dc:contributor": [
            "https://api.deepl.com/v2/translate"
          ],
          "rdf:language": [
            "de"
          ],
          "rdf:predicate": [
            "shortDescription"
          ]
        },
        {
          "@id": "https://data.datatourisme.fr/c833388b-7a66-3559-9cb1-7ab9511f0f17",
          "dc:contributor": [
            "https://api.deepl.com/v2/translate"
          ],
          "rdf:language": [
            "es"
          ],
          "rdf:predicate": [
            "shortDescription"
          ]
        },
        {
          "@id": "https://data.datatourisme.fr/e672ea6c-bd93-3f78-ae35-05d1048ead83",
          "dc:contributor": [
            "https://api.deepl.com/v2/translate"
          ],
          "rdf:language": [
            "nl"
          ],
          "rdf:predicate": [
            "shortDescription"
          ]
        }
      ],
      "isDedicatedTo": [
        {
          "@id": "kb:ForAll",
          "@type": [
            "PeopleAudience"
          ],
          "rdfs:label": {
            "de": [
              "Für alle"
            ],
            "pt": [
              "Para todos"
            ],
            "en": [
              "For all"
            ],
            "it": [
              "Per tutti"
            ],
            "fr": [
              "Tout public"
            ],
            "nl": [
              "Voor iedereen"
            ],
            "es": [
              "Todos los públicos"
            ]
          }
        }
      ],
      "shortDescription": {
        "de": [
          "Cynthia EVERS stellt in der Fabrik aus.\nAn den Wochenenden geöffnet. Der Eintritt ist frei.\nMit fast fotografischer Präzision, indem sie sich für bestimmte Körperteile entscheidet (Nacken, Hände, Füße, ein Stück Gesicht oder Körper), lenkt die Künstlerin das Auge auf Details wie einen Knopf, die Maschen eines Pullovers, die Adern, die Flüsse auf einem Handrücken zeichnen, eine Haarsträhne, die aus einem Dutt herausrutscht.\n\nUnter den Händen des Künstlers entstehen Figuren in ihrer intimen Einsamkeit, aber auch Paare, gebunden oder ungebunden, vereint oder getrennt, aber vor allem lebendig, die eine unendliche Bandbreite an Ausdrucksformen und Gemütszuständen ausstrahlen.\n\nDurch die Verwendung von Schwarz, Weiß und deren Zwischenwerte drücken die Bilder von Cynthia Evers mit Scham und Anmut die gesamte Palette der Emotionen und Gefühle aus, schwanken zwischen Ernsthaftigkeit und Leichtigkeit, fesseln unseren Blick und laden uns ein, uns einen gelebten Augenblick aus einem Fragment vorzustellen."
        ],
        "en": [
          "Cynthia EVERS exhibits at l'Usine.\nOpen weekends. Free admission.\nWith an almost photographic precision, choosing to frame certain parts of the body (a neck, hands, feet, a piece of face or body), the artist draws the eye to details such as a button, the stitching on a sweater, the veins that form rivers on the back of a hand, a lock of hair escaping from a bun.\n\nUnder the artist?s hands emerge characters depicted in the intimacy of their solitude, but also couples, linked or unlinked, united or disunited, but above all alive, from which emanate an infinite range of expressions and states of mind.\n\nUsing black, white and the values in between, Cynthia Evers?s paintings express the full range of emotions and feelings with modesty and grace, oscillating between gravity and lightness, captivating our gaze and inviting us to imagine a moment in time, starting with a fragment."
        ],
        "it": [
          "Cynthia EVERS espone all'Usine.\nAperto nei fine settimana. Ingresso libero.\nCon una precisione quasi fotografica, scegliendo di inquadrare alcune parti del corpo (un collo, le mani, i piedi, un pezzo di viso o di corpo), l'artista attira lo sguardo su dettagli come un bottone, la cucitura di un maglione, le vene che formano fiumi sul dorso di una mano, una ciocca di capelli che sfugge da uno chignon.\n\nSotto le mani dell'artista emergono personaggi raffigurati nell'intimità della loro solitudine, ma anche coppie, legate o slegate, unite o disunite, ma soprattutto vive, da cui si sprigiona un'infinita gamma di espressioni e stati d'animo.\n\nUtilizzando il nero, il bianco e i valori intermedi, i dipinti di Cynthia Evers trasmettono l'intera gamma di emozioni e sentimenti con pudore e grazia, oscillando tra gravità e leggerezza, catturando il nostro sguardo e invitandoci a immaginare un momento nel tempo, partendo da un frammento."
        ],
        "fr": [
          "Cynthia EVERS expose à l’Usine. \nOuverture les week-ends. Entrée libre.\nAvec une précision quasi photographique, faisant le choix de cadrer certaines parties du corps (une nuque, des mains, des pieds, un morceau de visage ou de corps), l’artiste attire l’œil sur des détails tels un bouton, les mailles d’un chandail, les veines qui dessinent des rivières sur le dos d’une main, une mèche de cheveux échappée d’un chignon. \n\nSous les mains de l’artiste surgissent des personnages représentés dans l’intimité de leur solitude mais aussi des couples, liés ou déliés, unis ou désunis, mais avant tout vivants, desquels émane une gamme infinie d’expressions et d’états d’âme.\n\nPar le biais du noir, du blanc et de leurs valeurs intermédiaires, les peintures de Cynthia Evers disent avec pudeur et grâce toute la palette des émotions et sentiments, oscillant entre gravité et légèreté, captivant notre regard et nous invitant à imaginer un instant vécu en partant d’un fragment."
        ],
        "nl": [
          "Cynthia EVERS exposeert in de Usine.\nOpen in het weekend. Gratis toegang.\nMet een bijna fotografische precisie, door te kiezen voor het inkaderen van bepaalde delen van het lichaam (een nek, handen, voeten, een stuk gezicht of lichaam), vestigt de kunstenaar de aandacht op details zoals een knoop, het stiksel op een trui, de aderen die rivieren vormen op de rug van een hand, een haarlok die ontsnapt uit een knot.\n\nOnder de handen van de kunstenaar komen personages tevoorschijn die in de intimiteit van hun eenzaamheid zijn afgebeeld, maar ook koppels, al dan niet verbonden, verenigd of verenigd, maar bovenal levend, van wie een oneindig scala aan uitdrukkingen en gemoedstoestanden uitgaat.\n\nDe schilderijen van Cynthia Evers maken gebruik van zwart, wit en de waarden daartussenin en brengen het volledige scala aan emoties en gevoelens over met bescheidenheid en gratie, schommelend tussen zwaarte en lichtheid, waarbij ze onze blik vangen en ons uitnodigen om ons een moment in de tijd voor te stellen, te beginnen met een fragment."
        ],
        "es": [
          "Cynthia EVERS expone en la Usine.\nAbierto los fines de semana. Entrada gratuita.\nCon una precisión casi fotográfica, eligiendo encuadrar determinadas partes del cuerpo (un cuello, las manos, los pies, un trozo de cara o de cuerpo), la artista atrae la mirada hacia detalles como un botón, las costuras de un jersey, las venas que forman ríos en el dorso de una mano, un mechón de pelo que se escapa de un moño.\n\nBajo las manos del artista surgen personajes representados en la intimidad de su soledad, pero también parejas, vinculadas o desvinculadas, unidas o desunidas, pero sobre todo vivas, de las que emana una infinita gama de expresiones y estados de ánimo.\n\nUtilizando el negro, el blanco y los valores intermedios, los cuadros de Cynthia Evers transmiten toda la gama de emociones y sentimientos con modestia y gracia, oscilando entre la gravedad y la ligereza, cautivando nuestra mirada e invitándonos a imaginar un momento en el tiempo, partiendo de un fragmento."
        ]
      }
    }
  ],
  "hasRepresentation": [
    {
      "@id": "https://data.datatourisme.fr/dcda1043-3f82-3401-a2da-5eaaa1487c7b",
      "ebucore:hasAnnotation": [
        {
          "@id": "https://data.datatourisme.fr/4a52b240-34fb-3010-b36c-8807b88df68c",
          "@type": [
            "ebucore:Annotation"
          ],
          "credits": [
            "Cynthia Evers"
          ]
        }
      ],
      "ebucore:hasRelatedResource": [
        {
          "@id": "https://data.datatourisme.fr/7cbaa3a2-5599-3bfc-9cf1-fd384110af65",
          "ebucore:locator": [
            "https://opendata.sitlor.fr/photos/778/778009377_4_800x600.jpeg"
          ],
          "@type": [
            "ebucore:Resource"
          ]
        }
      ],
      "@type": [
        "ebucore:EditorialObject"
      ]
    }
  ],
  "hasTranslatedProperty": [
    {
      "@id": "https://data.datatourisme.fr/7bdee492-a1e0-37f6-a2e7-092f172e2c49",
      "dc:contributor": [
        "https://api.deepl.com/v2/translate"
      ],
      "rdf:language": [
        "es"
      ],
      "rdf:predicate": [
        {
          "@id": "rdfs:comment"
        }
      ]
    },
    {
      "@id": "https://data.datatourisme.fr/974f3898-0bd7-3fe7-8b3a-5df49972d8b3",
      "dc:contributor": [
        "https://api.deepl.com/v2/translate"
      ],
      "rdf:language": [
        "nl"
      ],
      "rdf:predicate": [
        {
          "@id": "rdfs:comment"
        }
      ]
    },
    {
      "@id": "https://data.datatourisme.fr/9a345311-a093-339f-bc69-6c0c050bc9b1",
      "dc:contributor": [
        "https://api.deepl.com/v2/translate"
      ],
      "rdf:language": [
        "en"
      ],
      "rdf:predicate": [
        {
          "@id": "rdfs:comment"
        }
      ]
    },
    {
      "@id": "https://data.datatourisme.fr/a67133ba-c759-36bf-b34f-acffcdc24012",
      "dc:contributor": [
        "https://api.deepl.com/v2/translate"
      ],
      "rdf:language": [
        "it"
      ],
      "rdf:predicate": [
        {
          "@id": "rdfs:comment"
        }
      ]
    },
    {
      "@id": "https://data.datatourisme.fr/dccc59b2-9296-3435-885b-3bd01b70482f",
      "dc:contributor": [
        "https://api.deepl.com/v2/translate"
      ],
      "rdf:language": [
        "de"
      ],
      "rdf:predicate": [
        {
          "@id": "rdfs:comment"
        }
      ]
    }
  ],
  "isLocatedAt": [
    {
      "@id": "https://data.datatourisme.fr/bc779d12-5525-3611-a2dd-13554c230f66",
      "schema:address": [
        {
          "@id": "https://data.datatourisme.fr/b22543b4-69e2-37af-b04f-94fa793e4b48",
          "schema:addressLocality": "Uxegney",
          "schema:postalCode": "88390",
          "schema:streetAddress": [
            "L'USINE",
            "Rue Victor Perrin"
          ],
          "@type": [
            "schema:PostalAddress",
            "PostalAddress"
          ],
          "hasAddressCity": {
            "@id": "kb:88483",
            "@type": [
              "City"
            ],
            "rdfs:label": {
              "de": [
                "Uxegney"
              ],
              "pt": [
                "Uxegney"
              ],
              "en": [
                "Uxegney"
              ],
              "it": [
                "Uxegney"
              ],
              "fr": [
                "Uxegney"
              ],
              "nl": [
                "Uxegney"
              ],
              "es": [
                "Uxegney"
              ]
            },
            "insee": "88483",
            "isPartOfDepartment": {
              "@id": "kb:France4488",
              "@type": [
                "Department"
              ],
              "rdfs:label": {
                "de": [
                  "Vosges"
                ],
                "pt": [
                  "Vosges"
                ],
                "en": [
                  "Vosges"
                ],
                "it": [
                  "Vosges"
                ],
                "fr": [
                  "Vosges"
                ],
                "nl": [
                  "Vosges"
                ],
                "es": [
                  "Vosges"
                ]
              },
              "insee": "88",
              "isPartOfRegion": {
                "@id": "kb:France44",
                "@type": [
                  "Region"
                ],
                "rdfs:label": {
                  "de": [
                    "Grand Est"
                  ],
                  "pt": [
                    "Grand Est"
                  ],
                  "en": [
                    "Grand Est"
                  ],
                  "it": [
                    "Grand Est"
                  ],
                  "fr": [
                    "Grand Est"
                  ],
                  "nl": [
                    "Grand Est"
                  ],
                  "es": [
                    "Grand Est"
                  ]
                },
                "insee": "44",
                "isPartOfCountry": {
                  "@id": "kb:France",
                  "@type": [
                    "schema:Country"
                  ],
                  "rdfs:label": {
                    "de": [
                      "France",
                      "Frankreich"
                    ],
                    "pt": [
                      "França",
                      "France"
                    ],
                    "en": [
                      "France"
                    ],
                    "it": [
                      "France",
                      "Francia"
                    ],
                    "fr": [
                      "France"
                    ],
                    "nl": [
                      "France",
                      "Frankrijk"
                    ],
                    "es": [
                      "France",
                      "Francia"
                    ]
                  }
                }
              }
            }
          }
        }
      ],
      "schema:geo": {
        "@id": "https://data.datatourisme.fr/7fd98b85-b58d-3e3a-aceb-4ed7524d7fbf",
        "schema:latitude": "48.194419",
        "schema:longitude": "6.3674335",
        "@type": [
          "schema:GeoCoordinates"
        ]
      },
      "schema:openingHoursSpecification": [
        {
          "@id": "https://data.datatourisme.fr/3d36d213-2ba6-33d1-9280-1cdbe2a91235",
          "schema:closes": "18:30:00",
          "schema:dayOfWeek": [
            {
              "@id": "schema:Saturday",
              "@type": [
                "schema:DayOfWeek"
              ],
              "rdfs:label": {
                "de": [
                  "Samstag"
                ],
                "pt": [
                  "Sábado"
                ],
                "en": [
                  "Saturday"
                ],
                "it": [
                  "Sabato"
                ],
                "fr": [
                  "Samedi"
                ],
                "nl": [
                  "Zaterdag"
                ],
                "es": [
                  "Sábado"
                ]
              }
            },
            {
              "@id": "schema:Sunday",
              "@type": [
                "schema:DayOfWeek"
              ],
              "rdfs:label": {
                "de": [
                  "Sonntag"
                ],
                "pt": [
                  "Domingo"
                ],
                "en": [
                  "Sunday"
                ],
                "it": [
                  "Domenica"
                ],
                "fr": [
                  "Dimanche"
                ],
                "nl": [
                  "Zondag"
                ],
                "es": [
                  "Domingo"
                ]
              }
            }
          ],
          "schema:opens": "14:00:00",
          "schema:validFrom": "2023-09-09T00:00:00",
          "schema:validThrough": "2023-10-01T23:59:59",
          "@type": [
            "schema:OpeningHoursSpecification"
          ]
        }
      ],
      "@type": [
        "schema:Place",
        "Place"
      ],
      "petsAllowed": false
    }
  ],
  "lastUpdate": "2023-08-30",
  "lastUpdateDatatourisme": "2023-08-31T04:03:02.663Z",
  "offers": [
    {
      "@id": "https://data.datatourisme.fr/992aca1f-15ea-3081-825f-62c21f6b5391",
      "schema:priceSpecification": [
        {
          "@id": "https://data.datatourisme.fr/31fb540e-8005-32a4-b0d4-e3765f562904",
          "schema:price": "0",
          "schema:priceCurrency": "EUR",
          "@type": [
            "schema:PriceSpecification",
            "PriceSpecification"
          ],
          "hasAudience": [
            {
              "@id": "kb:ForAll",
              "@type": [
                "PeopleAudience"
              ],
              "rdfs:label": {
                "de": [
                  "Für alle"
                ],
                "pt": [
                  "Para todos"
                ],
                "en": [
                  "For all"
                ],
                "it": [
                  "Per tutti"
                ],
                "fr": [
                  "Tout public"
                ],
                "nl": [
                  "Voor iedereen"
                ],
                "es": [
                  "Todos los públicos"
                ]
              }
            }
          ],
          "hasEligibleAudience": [
            {
              "@id": "kb:ForAll",
              "@type": [
                "PeopleAudience"
              ],
              "rdfs:label": {
                "de": [
                  "Für alle"
                ],
                "pt": [
                  "Para todos"
                ],
                "en": [
                  "For all"
                ],
                "it": [
                  "Per tutti"
                ],
                "fr": [
                  "Tout public"
                ],
                "nl": [
                  "Voor iedereen"
                ],
                "es": [
                  "Todos los públicos"
                ]
              }
            }
          ],
          "hasEligiblePolicy": [
            {
              "@id": "kb:Free",
              "@type": [
                "PricingPolicy"
              ],
              "rdfs:label": {
                "de": [
                  "Kostenlos"
                ],
                "pt": [
                  "Gratuito"
                ],
                "en": [
                  "Free"
                ],
                "it": [
                  "Gratuito"
                ],
                "fr": [
                  "Gratuit"
                ],
                "es": [
                  "Gratuito"
                ],
                "nl": [
                  "Gratis"
                ]
              }
            }
          ],
          "hasPricingMode": [
            {
              "@id": "kb:PerPerson",
              "@type": [
                "PricingMode"
              ],
              "rdfs:label": {
                "de": [
                  "Pro Person"
                ],
                "pt": [
                  "Por pessoa"
                ],
                "en": [
                  "Per person"
                ],
                "it": [
                  "Per persona"
                ],
                "fr": [
                  "Par personne"
                ],
                "es": [
                  "Por persona"
                ],
                "nl": [
                  "Per persoon"
                ]
              }
            }
          ],
          "hasPricingOffer": [
            {
              "@id": "kb:Ticket",
              "@type": [
                "ActivityPricingOffer"
              ],
              "rdfs:label": {
                "de": [
                  "Eintrittskarte, Eintrittsgeld, Pauschale"
                ],
                "pt": [
                  "Bilhete, Direito de entrada, Preço fixo"
                ],
                "en": [
                  "Ticket, Entry fee, Pass"
                ],
                "it": [
                  "Biglietto, diritto d'ingresso, forfait"
                ],
                "fr": [
                  "Ticket, Droit d'entrée, Forfait"
                ],
                "nl": [
                  "Ticket, toegangsbewijs, pas"
                ],
                "es": [
                  "Billete, entrada, forfait"
                ]
              }
            }
          ]
        }
      ],
      "@type": [
        "schema:Offer",
        "Offer"
      ]
    }
  ],
  "takesPlaceAt": [
    {
      "@id": "https://data.datatourisme.fr/e6d08f15-f2a1-33a7-84b5-0d898362df92",
      "@type": [
        "Period",
        "RecurrentPeriod"
      ],
      "appliesOnDay": [
        {
          "@id": "schema:Saturday",
          "@type": [
            "schema:DayOfWeek"
          ],
          "rdfs:label": {
            "de": [
              "Samstag"
            ],
            "pt": [
              "Sábado"
            ],
            "en": [
              "Saturday"
            ],
            "it": [
              "Sabato"
            ],
            "fr": [
              "Samedi"
            ],
            "nl": [
              "Zaterdag"
            ],
            "es": [
              "Sábado"
            ]
          }
        },
        {
          "@id": "schema:Sunday",
          "@type": [
            "schema:DayOfWeek"
          ],
          "rdfs:label": {
            "de": [
              "Sonntag"
            ],
            "pt": [
              "Domingo"
            ],
            "en": [
              "Sunday"
            ],
            "it": [
              "Domenica"
            ],
            "fr": [
              "Dimanche"
            ],
            "nl": [
              "Zondag"
            ],
            "es": [
              "Domingo"
            ]
          }
        }
      ],
      "endDate": "2023-10-01",
      "endTime": "18:30:00",
      "startDate": "2023-09-09",
      "startTime": "14:00:00"
    }
  ]
}