{
  "@id": "https://data.datatourisme.fr/10/0016e4ef-68b7-3e79-87c4-5a277e1a43ac",
  "dc:identifier": "846146138",
  "@type": [
    "CulturalSite",
    "PlaceOfInterest",
    "PointOfInterest",
    "ReligiousSite"
  ],
  "rdfs:comment": {
    "de": [
      "Die Geburtskirche, die für die Aufnahme der Ritter des Deutschen Ordens bestimmt war (aufgrund einer Schenkungsurkunde, die im Februar 1236 von Matthäus II. Herzog von Lothringen ausgestellt wurde), wurde von Militärhospitaliers erbaut, denen ein Platz zugestanden worden war, um in der Stadt ein Haus und eine Kapelle zu errichten. Die Geburtskirche überrascht durch den Kontrast zwischen ihrem massiven, defensiv anmutenden Äußeren und der Eleganz ihrer gotischen Innenausstattung. Der Aspekt einer Festungskirche wird durch die mächtigen Strebepfeiler, die als Spitzbogen fungieren, und den Glockenturm unterstrichen."
    ],
    "en": [
      "Intended to receive the Knights of the Teutonic Order (following an act of donation made in February 1236 by Matthew II, Duke of Lorraine), the Church of the Nativity was built by military hospitallers who had been granted a place to build a house and a chapel in the city. The church of the Nativity surprises by the contrast between its massive defensive exterior and the elegance of its gothic interior decoration. The appearance of a fortified church is emphasized by its powerful buttresses that act as a buttress and by its bell tower."
    ],
    "it": [
      "Destinata ad accogliere i Cavalieri dell'Ordine Teutonico (a seguito di un atto di donazione fatto nel febbraio 1236 da Matteo II, duca di Lorena), la chiesa della Natività fu costruita da ospedalieri militari che avevano ottenuto un posto per costruire una casa e una cappella in città. La Chiesa della Natività colpisce per il contrasto tra il suo esterno massiccio e difensivo e l'eleganza della sua decorazione interna gotica. L'aspetto di chiesa fortificata è enfatizzato dai possenti contrafforti che fungono da contrafforte e dal campanile sporgente."
    ],
    "fr": [
      "Destinée à recevoir les Chevaliers de l'Ordre Teutonique (suite à un acte de donation fait en février 1236 par Matthieu II duc de Lorraine), l'église de la Nativité a été construite par des hospitaliers militaires qui s'étaient vu concéder une place pour bâtir une maison et une chapelle dans la ville. L'église de la Nativité étonne par le contraste entre son extérieur massif d'aspect défensif et l'élégance de son décor intérieur de type gothique. L'aspect d'église forte est soulignée par ses puissants contreforts qui font office d'arc boutant et par sa tour clocher hors oeuvre."
    ],
    "es": [
      "Destinada a acoger a los caballeros de la Orden Teutónica (tras un acto de donación realizado en febrero de 1236 por Mateo II, duque de Lorena), la iglesia de la Natividad fue construida por los hospitalarios militares a los que se les había concedido un lugar para construir una casa y una capilla en la ciudad. La iglesia de la Natividad llama la atención por el contraste entre su exterior macizo y defensivo y la elegancia de su decoración interior gótica. El aspecto de iglesia fortificada se ve acentuado por sus poderosos contrafuertes que actúan como arbotantes y por su campanario en voladizo."
    ],
    "nl": [
      "De Geboortekerk was bedoeld om de ridders van de Duitse Orde te ontvangen (na een schenkingsakte in februari 1236 door Mattheus II, hertog van Lotharingen) en werd gebouwd door militaire gastheren die in de stad een huis en een kapel mochten bouwen. De Geboortekerk valt op door het contrast tussen de massieve, defensieve buitenkant en de elegantie van het gotische interieur. Het uiterlijk van een versterkte kerk wordt benadrukt door de krachtige steunberen die als steunpilaar fungeren en door de overhangende klokkentoren."
    ]
  },
  "rdfs:label": {
    "fr": [
      "ÉGLISE PAROISSIALE DE LA NATIVITÉ"
    ]
  },
  "hasBeenCreatedBy": {
    "@id": "https://data.datatourisme.fr/10/84f7e699-69de-392a-9255-08f7c1f9579a",
    "dc:identifier": "846",
    "schema:legalName": "TROIS FRONTIERES TOURISME",
    "@type": [
      "schema:Organization",
      "foaf:Agent",
      "Agent"
    ]
  },
  "hasBeenPublishedBy": [
    {
      "@id": "https://data.datatourisme.fr/39f8abf8-1828-3176-97f2-cfb47d18656a",
      "schema:email": [
        "contact@sitlorpro.com"
      ],
      "schema:legalName": "Système d'information touristique Lorrain",
      "schema:logo": "http://www.sitlorpro.com/wp-content/uploads/sites/12/2016/03/logo-sitlor-blanc-fond-couleur.jpg",
      "@type": [
        "schema:Organization",
        "foaf:Agent",
        "Agent"
      ],
      "foaf:homepage": [
        "http://www.sitlorpro.com/"
      ]
    }
  ],
  "hasContact": [
    {
      "@id": "https://data.datatourisme.fr/0372a6ad-04c1-3078-810a-9bdfd5c314e1",
      "schema:email": [
        "contact@siercklesbains.fr"
      ],
      "schema:telephone": [
        "+33 3 82 83 82 15"
      ],
      "@type": [
        "foaf:Agent",
        "Agent"
      ],
      "foaf:homepage": [
        "http://www.siercklesbains.fr/"
      ]
    }
  ],
  "hasDescription": [
    {
      "@id": "https://data.datatourisme.fr/4b8a9979-7925-398b-985d-18e370c422b4",
      "@type": [
        "Description"
      ],
      "hasTranslatedProperty": [
        {
          "@id": "https://data.datatourisme.fr/14da8534-261c-3caa-80c8-d07a551c4522",
          "dc:contributor": [
            "https://api.deepl.com/v2/translate"
          ],
          "rdf:language": [
            "de"
          ],
          "rdf:predicate": [
            "shortDescription"
          ]
        },
        {
          "@id": "https://data.datatourisme.fr/2ae6b32e-59b3-35e5-9cb9-dcb415762116",
          "dc:contributor": [
            "https://api.deepl.com/v2/translate"
          ],
          "rdf:language": [
            "nl"
          ],
          "rdf:predicate": [
            "shortDescription"
          ]
        },
        {
          "@id": "https://data.datatourisme.fr/889e9e2a-bdfd-38c9-b859-2e8fc5ff44ec",
          "dc:contributor": [
            "https://api.deepl.com/v2/translate"
          ],
          "rdf:language": [
            "es"
          ],
          "rdf:predicate": [
            "shortDescription"
          ]
        },
        {
          "@id": "https://data.datatourisme.fr/aac59a27-67c3-3240-b71e-dd81348efff0",
          "dc:contributor": [
            "https://api.deepl.com/v2/translate"
          ],
          "rdf:language": [
            "it"
          ],
          "rdf:predicate": [
            "shortDescription"
          ]
        },
        {
          "@id": "https://data.datatourisme.fr/abf07b68-689e-326a-b77f-fc0426acaa80",
          "dc:contributor": [
            "https://api.deepl.com/v2/translate"
          ],
          "rdf:language": [
            "en"
          ],
          "rdf:predicate": [
            "shortDescription"
          ]
        }
      ],
      "shortDescription": {
        "de": [
          "Die Geburtskirche, die für die Aufnahme der Ritter des Deutschen Ordens bestimmt war (aufgrund einer Schenkungsurkunde, die im Februar 1236 von Matthäus II. Herzog von Lothringen ausgestellt wurde), wurde von Militärhospitaliers erbaut, denen ein Platz zugestanden worden war, um in der Stadt ein Haus und eine Kapelle zu errichten. Die Geburtskirche überrascht durch den Kontrast zwischen ihrem massiven, defensiv anmutenden Äußeren und der Eleganz ihrer gotischen Innenausstattung. Der Aspekt einer Festungskirche wird durch die mächtigen Strebepfeiler, die als Spitzbogen fungieren, und den Glockenturm unterstrichen."
        ],
        "en": [
          "Intended to receive the Knights of the Teutonic Order (following an act of donation made in February 1236 by Matthew II, Duke of Lorraine), the Church of the Nativity was built by military hospitallers who had been granted a place to build a house and a chapel in the city. The church of the Nativity surprises by the contrast between its massive defensive exterior and the elegance of its gothic interior decoration. The appearance of a fortified church is emphasized by its powerful buttresses that act as a buttress and by its bell tower."
        ],
        "it": [
          "Destinata ad accogliere i Cavalieri dell'Ordine Teutonico (a seguito di un atto di donazione fatto nel febbraio 1236 da Matteo II, duca di Lorena), la chiesa della Natività fu costruita da ospedalieri militari che avevano ottenuto un posto per costruire una casa e una cappella in città. La Chiesa della Natività colpisce per il contrasto tra il suo esterno massiccio e difensivo e l'eleganza della sua decorazione interna gotica. L'aspetto di chiesa fortificata è enfatizzato dai possenti contrafforti che fungono da contrafforte e dal campanile sporgente."
        ],
        "fr": [
          "Destinée à recevoir les Chevaliers de l'Ordre Teutonique (suite à un acte de donation fait en février 1236 par Matthieu II duc de Lorraine), l'église de la Nativité a été construite par des hospitaliers militaires qui s'étaient vu concéder une place pour bâtir une maison et une chapelle dans la ville. L'église de la Nativité étonne par le contraste entre son extérieur massif d'aspect défensif et l'élégance de son décor intérieur de type gothique. L'aspect d'église forte est soulignée par ses puissants contreforts qui font office d'arc boutant et par sa tour clocher hors oeuvre."
        ],
        "es": [
          "Destinada a acoger a los caballeros de la Orden Teutónica (tras un acto de donación realizado en febrero de 1236 por Mateo II, duque de Lorena), la iglesia de la Natividad fue construida por los hospitalarios militares a los que se les había concedido un lugar para construir una casa y una capilla en la ciudad. La iglesia de la Natividad llama la atención por el contraste entre su exterior macizo y defensivo y la elegancia de su decoración interior gótica. El aspecto de iglesia fortificada se ve acentuado por sus poderosos contrafuertes que actúan como arbotantes y por su campanario en voladizo."
        ],
        "nl": [
          "De Geboortekerk was bedoeld om de ridders van de Duitse Orde te ontvangen (na een schenkingsakte in februari 1236 door Mattheus II, hertog van Lotharingen) en werd gebouwd door militaire gastheren die in de stad een huis en een kapel mochten bouwen. De Geboortekerk valt op door het contrast tussen de massieve, defensieve buitenkant en de elegantie van het gotische interieur. Het uiterlijk van een versterkte kerk wordt benadrukt door de krachtige steunberen die als steunpilaar fungeren en door de overhangende klokkentoren."
        ]
      }
    }
  ],
  "hasTranslatedProperty": [
    {
      "@id": "https://data.datatourisme.fr/0a413a58-5693-32b7-997b-8b64725b42a5",
      "dc:contributor": [
        "https://api.deepl.com/v2/translate"
      ],
      "rdf:language": [
        "es"
      ],
      "rdf:predicate": [
        {
          "@id": "rdfs:comment"
        }
      ]
    },
    {
      "@id": "https://data.datatourisme.fr/1dbeb40a-6ec5-3f84-8645-15732c3de5f5",
      "dc:contributor": [
        "https://api.deepl.com/v2/translate"
      ],
      "rdf:language": [
        "en"
      ],
      "rdf:predicate": [
        {
          "@id": "rdfs:comment"
        }
      ]
    },
    {
      "@id": "https://data.datatourisme.fr/9de4a169-77d5-380c-9995-aab1c3a1aa4c",
      "dc:contributor": [
        "https://api.deepl.com/v2/translate"
      ],
      "rdf:language": [
        "de"
      ],
      "rdf:predicate": [
        {
          "@id": "rdfs:comment"
        }
      ]
    },
    {
      "@id": "https://data.datatourisme.fr/af55b372-264f-36ba-8580-b8fd03773008",
      "dc:contributor": [
        "https://api.deepl.com/v2/translate"
      ],
      "rdf:language": [
        "nl"
      ],
      "rdf:predicate": [
        {
          "@id": "rdfs:comment"
        }
      ]
    },
    {
      "@id": "https://data.datatourisme.fr/e6190eb0-b767-35d6-8f81-a8225be42de6",
      "dc:contributor": [
        "https://api.deepl.com/v2/translate"
      ],
      "rdf:language": [
        "it"
      ],
      "rdf:predicate": [
        {
          "@id": "rdfs:comment"
        }
      ]
    }
  ],
  "isLocatedAt": [
    {
      "@id": "https://data.datatourisme.fr/bc56c6e0-3f17-3f76-b06c-4d253fbe19bd",
      "schema:address": [
        {
          "@id": "https://data.datatourisme.fr/91bce7ea-c5a3-3855-bead-53d98032f53d",
          "schema:addressLocality": "Sierck-les-Bains",
          "schema:postalCode": "57480",
          "schema:streetAddress": [
            "rue de la Tour de l'Horloge"
          ],
          "@type": [
            "schema:PostalAddress",
            "PostalAddress"
          ],
          "hasAddressCity": {
            "@id": "kb:57650",
            "@type": [
              "City"
            ],
            "rdfs:label": {
              "de": [
                "Sierck-les-Bains"
              ],
              "pt": [
                "Sierck-les-Bains"
              ],
              "en": [
                "Sierck-les-Bains"
              ],
              "it": [
                "Sierck-les-Bains"
              ],
              "fr": [
                "Sierck-les-Bains"
              ],
              "nl": [
                "Sierck-les-Bains"
              ],
              "es": [
                "Sierck-les-Bains"
              ]
            },
            "insee": "57650",
            "isPartOfDepartment": {
              "@id": "kb:France4457",
              "@type": [
                "Department"
              ],
              "rdfs:label": {
                "de": [
                  "Moselle"
                ],
                "pt": [
                  "Moselle"
                ],
                "en": [
                  "Moselle"
                ],
                "it": [
                  "Moselle"
                ],
                "fr": [
                  "Moselle"
                ],
                "nl": [
                  "Moselle"
                ],
                "es": [
                  "Moselle"
                ]
              },
              "insee": "57",
              "isPartOfRegion": {
                "@id": "kb:France44",
                "@type": [
                  "Region"
                ],
                "rdfs:label": {
                  "de": [
                    "Grand Est"
                  ],
                  "pt": [
                    "Grand Est"
                  ],
                  "en": [
                    "Grand Est"
                  ],
                  "it": [
                    "Grand Est"
                  ],
                  "fr": [
                    "Grand Est"
                  ],
                  "nl": [
                    "Grand Est"
                  ],
                  "es": [
                    "Grand Est"
                  ]
                },
                "insee": "44",
                "isPartOfCountry": {
                  "@id": "kb:France",
                  "@type": [
                    "schema:Country"
                  ],
                  "rdfs:label": {
                    "de": [
                      "France",
                      "Frankreich"
                    ],
                    "pt": [
                      "França",
                      "France"
                    ],
                    "en": [
                      "France"
                    ],
                    "it": [
                      "France",
                      "Francia"
                    ],
                    "fr": [
                      "France"
                    ],
                    "nl": [
                      "France",
                      "Frankrijk"
                    ],
                    "es": [
                      "France",
                      "Francia"
                    ]
                  }
                }
              }
            }
          }
        }
      ],
      "schema:geo": {
        "@id": "https://data.datatourisme.fr/04856f57-6314-3431-93d3-b8465829a14e",
        "schema:latitude": "49.4412512",
        "schema:longitude": "6.3562249",
        "@type": [
          "schema:GeoCoordinates"
        ]
      },
      "schema:openingHoursSpecification": [
        {
          "@id": "https://data.datatourisme.fr/576fe819-eba5-333a-99c6-8bc85a0b2909",
          "schema:dayOfWeek": [
            {
              "@id": "schema:Friday",
              "@type": [
                "schema:DayOfWeek"
              ],
              "rdfs:label": {
                "de": [
                  "Freitag"
                ],
                "pt": [
                  "Sexta-feira"
                ],
                "en": [
                  "Friday"
                ],
                "it": [
                  "Venerdì"
                ],
                "fr": [
                  "Vendredi"
                ],
                "nl": [
                  "Vrijdag"
                ],
                "es": [
                  "Viernes"
                ]
              }
            },
            {
              "@id": "schema:Monday",
              "@type": [
                "schema:DayOfWeek"
              ],
              "rdfs:label": {
                "de": [
                  "Montag"
                ],
                "pt": [
                  "Segunda-feira"
                ],
                "en": [
                  "Monday"
                ],
                "it": [
                  "Lunedì"
                ],
                "fr": [
                  "Lundi"
                ],
                "nl": [
                  "Maandag"
                ],
                "es": [
                  "Lunes"
                ]
              }
            },
            {
              "@id": "schema:Saturday",
              "@type": [
                "schema:DayOfWeek"
              ],
              "rdfs:label": {
                "de": [
                  "Samstag"
                ],
                "pt": [
                  "Sábado"
                ],
                "en": [
                  "Saturday"
                ],
                "it": [
                  "Sabato"
                ],
                "fr": [
                  "Samedi"
                ],
                "nl": [
                  "Zaterdag"
                ],
                "es": [
                  "Sábado"
                ]
              }
            },
            {
              "@id": "schema:Sunday",
              "@type": [
                "schema:DayOfWeek"
              ],
              "rdfs:label": {
                "de": [
                  "Sonntag"
                ],
                "pt": [
                  "Domingo"
                ],
                "en": [
                  "Sunday"
                ],
                "it": [
                  "Domenica"
                ],
                "fr": [
                  "Dimanche"
                ],
                "nl": [
                  "Zondag"
                ],
                "es": [
                  "Domingo"
                ]
              }
            },
            {
              "@id": "schema:Thursday",
              "@type": [
                "schema:DayOfWeek"
              ],
              "rdfs:label": {
                "de": [
                  "Donnerstag"
                ],
                "pt": [
                  "Quinta-feira"
                ],
                "en": [
                  "Thursday"
                ],
                "it": [
                  "Giovedì"
                ],
                "fr": [
                  "Jeudi"
                ],
                "es": [
                  "Jueves"
                ],
                "nl": [
                  "Donderdag"
                ]
              }
            },
            {
              "@id": "schema:Tuesday",
              "@type": [
                "schema:DayOfWeek"
              ],
              "rdfs:label": {
                "de": [
                  "Dienstag"
                ],
                "pt": [
                  "Terça-feira"
                ],
                "en": [
                  "Tuesday"
                ],
                "it": [
                  "Martedì"
                ],
                "fr": [
                  "Mardi"
                ],
                "es": [
                  "Martes"
                ],
                "nl": [
                  "Dinsdag"
                ]
              }
            },
            {
              "@id": "schema:Wednesday",
              "@type": [
                "schema:DayOfWeek"
              ],
              "rdfs:label": {
                "de": [
                  "Mittwoch"
                ],
                "pt": [
                  "Quarta-feira"
                ],
                "en": [
                  "Wednesday"
                ],
                "it": [
                  "Mercoledì"
                ],
                "fr": [
                  "Mercredi"
                ],
                "nl": [
                  "Woensdag"
                ],
                "es": [
                  "Miércoles"
                ]
              }
            }
          ],
          "schema:validFrom": "2023-01-01T00:00:00",
          "schema:validThrough": "2023-12-31T23:59:59",
          "@type": [
            "schema:OpeningHoursSpecification"
          ]
        }
      ],
      "@type": [
        "schema:Place",
        "Place"
      ],
      "petsAllowed": false
    }
  ],
  "lastUpdate": "2023-04-29",
  "lastUpdateDatatourisme": "2023-04-30T04:04:08.405Z",
  "reducedMobilityAccess": false
}