{
  "@id": "https://data.datatourisme.fr/10/00fc4e12-2c4f-3e09-b305-69040aec4396",
  "dc:identifier": "848151837",
  "@type": [
    "CityHeritage",
    "CulturalSite",
    "PlaceOfInterest",
    "PointOfInterest"
  ],
  "rdfs:label": {
    "fr": [
      "COMMUNE DE LANGUIMBERG"
    ]
  },
  "owl:sameAs": [
    "http://www.wikidata.org/entity/Q22240"
  ],
  "hasBeenCreatedBy": {
    "@id": "https://data.datatourisme.fr/10/362e80d4-df43-303a-a6d3-f8540cd63626",
    "dc:identifier": "848",
    "schema:legalName": "TOURISME SARREBOURG MOSELLE SUD - SITE SARREBOURG",
    "@type": [
      "schema:Organization",
      "foaf:Agent",
      "Agent"
    ]
  },
  "hasBeenPublishedBy": [
    {
      "@id": "https://data.datatourisme.fr/20532ef0-d667-3379-a67a-acc084fad788",
      "schema:email": [
        "contact@sitlorpro.com"
      ],
      "schema:legalName": "Système d’information touristique Lorrain",
      "schema:logo": "http://www.sitlorpro.com/wp-content/uploads/sites/12/2016/03/logo-sitlor-blanc-fond-couleur.jpg",
      "@type": [
        "schema:Organization",
        "foaf:Agent",
        "Agent"
      ],
      "foaf:homepage": [
        "http://www.sitlorpro.com/"
      ]
    }
  ],
  "hasContact": [
    {
      "@id": "https://data.datatourisme.fr/6995186d-a5f3-36c0-9d70-0e83c4618e7e",
      "schema:email": [
        "commune.languimberg@laposte.net"
      ],
      "@type": [
        "foaf:Agent",
        "Agent"
      ]
    }
  ],
  "hasRepresentation": [
    {
      "@id": "https://data.datatourisme.fr/767f30ad-0966-3b1d-9453-365101ad2366",
      "ebucore:hasAnnotation": [
        {
          "@id": "https://data.datatourisme.fr/e7846a1d-0ca4-3da5-b08a-6d80305a6a6b",
          "ebucore:isCoveredBy": "CC BY-SA 4.0",
          "ebucore:title": {
            "fr": [
              "Languimberg. Eglise saint Adelphe. 2016-03-26"
            ]
          },
          "@type": [
            "ebucore:Annotation"
          ],
          "credits": [
            "Espirat (https://commons.wikimedia.org/wiki/User:Espirat)"
          ]
        }
      ],
      "ebucore:hasRelatedResource": [
        {
          "@id": "https://data.datatourisme.fr/ccd33f46-4211-3c78-bc8e-2d47a73b7214",
          "ebucore:fileSize": [
            1513140
          ],
          "ebucore:hasMimeType": [
            {
              "@id": "kb:JPEG",
              "@type": [
                "ebucore:MimeType"
              ],
              "rdfs:comment": {
                "de": [
                  "JPEG-Bild"
                ],
                "pt": [
                  "Imagem JPEG"
                ],
                "en": [
                  "JPEG image file"
                ],
                "it": [
                  "Immagine JPEG"
                ],
                "fr": [
                  "Image JPEG"
                ],
                "nl": [
                  "JPEG-afbeelding"
                ],
                "es": [
                  "Imagen JPEG"
                ]
              },
              "rdfs:label": {
                "de": [
                  "image/jpeg"
                ],
                "pt": [
                  "image/jpeg"
                ],
                "en": [
                  "image/jpeg"
                ],
                "it": [
                  "image/jpeg"
                ],
                "fr": [
                  "image/jpeg"
                ],
                "nl": [
                  "image/jpeg"
                ],
                "es": [
                  "image/jpeg"
                ]
              }
            }
          ],
          "ebucore:height": 4000,
          "ebucore:locator": [
            "https://upload.wikimedia.org/wikipedia/commons/e/ec/Languimberg._Eglise_saint_Adelphe._2016-03-26.JPG"
          ],
          "ebucore:width": 3000,
          "@type": [
            "ebucore:Resource"
          ]
        }
      ],
      "@type": [
        "ebucore:EditorialObject"
      ]
    }
  ],
  "hasReview": [
    {
      "@id": "https://data.datatourisme.fr/8b2033cb-a3a5-3ece-abc9-1cb2cf8e8cb6",
      "@type": [
        "Review"
      ],
      "hasReviewValue": {
        "@id": "kb:ScaleRating_2Fleurs",
        "schema:ratingValue": "2.0",
        "@type": [
          "ScaleRating"
        ],
        "rdfs:label": {
          "de": [
            "2 Blumen"
          ],
          "pt": [
            "2 flores"
          ],
          "en": [
            "2 Flowers"
          ],
          "it": [
            "2 fiori"
          ],
          "fr": [
            "2 fleurs"
          ],
          "es": [
            "2 flores"
          ],
          "nl": [
            "2 bloemen"
          ]
        },
        "isCompliantWith": [
          "City"
        ]
      }
    }
  ],
  "isLocatedAt": [
    {
      "@id": "https://data.datatourisme.fr/324cb13b-9202-35fd-80b2-4a6e165aab80",
      "schema:address": [
        {
          "@id": "https://data.datatourisme.fr/fb0db2bf-9f9f-3a2a-8dc0-b23b74875d41",
          "schema:addressLocality": "Languimberg",
          "schema:postalCode": "57810",
          "schema:streetAddress": [
            "13 rue Principale"
          ],
          "@type": [
            "schema:PostalAddress",
            "PostalAddress"
          ],
          "hasAddressCity": {
            "@id": "kb:57383",
            "@type": [
              "City"
            ],
            "rdfs:label": {
              "de": [
                "Languimberg"
              ],
              "pt": [
                "Languimberg"
              ],
              "en": [
                "Languimberg"
              ],
              "it": [
                "Languimberg"
              ],
              "fr": [
                "Languimberg"
              ],
              "nl": [
                "Languimberg"
              ],
              "es": [
                "Languimberg"
              ]
            },
            "insee": "57383",
            "isPartOfDepartment": {
              "@id": "kb:France4457",
              "@type": [
                "Department"
              ],
              "rdfs:label": {
                "de": [
                  "Moselle"
                ],
                "pt": [
                  "Moselle"
                ],
                "en": [
                  "Moselle"
                ],
                "it": [
                  "Moselle"
                ],
                "fr": [
                  "Moselle"
                ],
                "nl": [
                  "Moselle"
                ],
                "es": [
                  "Moselle"
                ]
              },
              "insee": "57",
              "isPartOfRegion": {
                "@id": "kb:France44",
                "@type": [
                  "Region"
                ],
                "rdfs:label": {
                  "de": [
                    "Grand Est"
                  ],
                  "pt": [
                    "Grand Est"
                  ],
                  "en": [
                    "Grand Est"
                  ],
                  "it": [
                    "Grand Est"
                  ],
                  "fr": [
                    "Grand Est"
                  ],
                  "nl": [
                    "Grand Est"
                  ],
                  "es": [
                    "Grand Est"
                  ]
                },
                "insee": "44",
                "isPartOfCountry": {
                  "@id": "kb:France",
                  "@type": [
                    "schema:Country"
                  ],
                  "rdfs:label": {
                    "de": [
                      "France",
                      "Frankreich"
                    ],
                    "pt": [
                      "França",
                      "France"
                    ],
                    "en": [
                      "France"
                    ],
                    "it": [
                      "France",
                      "Francia"
                    ],
                    "fr": [
                      "France"
                    ],
                    "nl": [
                      "France",
                      "Frankrijk"
                    ],
                    "es": [
                      "France",
                      "Francia"
                    ]
                  }
                }
              }
            }
          }
        }
      ],
      "schema:geo": {
        "@id": "https://data.datatourisme.fr/55fdb19d-7a7f-321c-8d7d-82a5210e08b8",
        "schema:latitude": "48.7462487",
        "schema:longitude": "6.8581464",
        "@type": [
          "schema:GeoCoordinates"
        ]
      },
      "@type": [
        "schema:Place",
        "Place"
      ]
    }
  ],
  "lastUpdate": "2022-11-29",
  "lastUpdateDatatourisme": "2022-12-01T10:27:07.954Z",
  "reducedMobilityAccess": false
}