{
  "@id": "https://data.datatourisme.fr/10/00be7815-2743-3431-a53d-355b970b4a5d",
  "dc:identifier": "940005648",
  "@type": [
    "olo:OrderedList",
    "PointOfInterest",
    "Tour",
    "WalkingTour"
  ],
  "rdfs:comment": {
    "de": [
      "Der Pfad auf der Höhe 627 rund um die Nekropole schlängelt sich durch die bemerkenswert gut erhaltenen französischen und deutschen Schützengräben. Ein Teil der Schützengräben ist für Personen mit eingeschränkter Mobilität eingerichtet und ermöglicht es, die Organisation des Schützengrabens zu verstehen (Unterstände, Eingänge zu den Sapes...)\nDer Rundgang beleuchtet die strategische Rolle des Hügels durch den Aussichtspunkt, die tragische Episode des Opfers von Oberstleutnant Dayet, die Erinnerungsfunktion des Denkmals und der Nekropole.\n\nKommentierte Besichtigungen nach Vereinbarung - Auskünfte beim Fremdenverkehrsamt"
    ],
    "en": [
      "The path, located on hill 627 around the necropolis, winds its way through the bottom of the remarkably preserved French and German trenches. Part of the trenches is equipped for people with reduced mobility and allows you to understand the organisation of the trench (shelters, sap entrances...)\nThe tour highlights the strategic role of the hill through the belvedere, the tragic episode of Lieutenant-Colonel Dayet's sacrifice, the memorial role of the monument and the necropolis.\n\nGuided tours on RV - rens à l'OT"
    ],
    "it": [
      "Il sentiero, situato sulla collina 627 intorno alla necropoli, si snoda attraverso le trincee francesi e tedesche, notevolmente ben conservate. Una parte delle trincee è stata adattata per le persone a mobilità ridotta e permette di capire l'organizzazione della trincea (ripari, ingressi alle linfe, ecc.)\nIl percorso evidenzia il ruolo strategico della collina attraverso il belvedere, il tragico episodio del sacrificio del tenente colonnello Dayet, il ruolo commemorativo del monumento e la necropoli.\n\nVisite guidate su appuntamento - contattare l'Ufficio del turismo"
    ],
    "fr": [
      "Le sentier, situé sur la cote 627 autour de la nécropole, sinue au fond des tranchées françaises et allemandes, remarquablement préservées. Une partie des tranchées est aménagée pour les personnes à mobilité réduite et permet de comprendre l’organisation de la tranchée (abris, entrées de sapes...). \nLe parcours met en lumière le rôle stratégique de la colline à travers le belvédère, l’épisode tragique du sacrifice du Lieutenant-Colonel Dayet, le rôle mémoriel du monument et de la nécropole.\n\nVisites commentées sur RV - rens à l'OT"
    ],
    "nl": [
      "Het pad, gelegen op heuvel 627 rond de necropolis, slingert zich door de opmerkelijk goed bewaarde Franse en Duitse loopgraven. Een deel van de loopgraven is aangepast voor mensen met beperkte mobiliteit en stelt u in staat om de organisatie van de loopgraaf te begrijpen (schuilplaatsen, sappen, enz.)\nDe rondleiding belicht de strategische rol van de heuvel door de belvedère, de tragische episode van het offer van luitenant-kolonel Dayet, de herdenkingsfunctie van het monument en de necropolis.\n\nRondleidingen op afspraak - neem contact op met het toeristenbureau"
    ],
    "es": [
      "El sendero, situado en la colina 627 alrededor de la necrópolis, serpentea a través de las trincheras francesas y alemanas notablemente bien conservadas. Una parte de las trincheras ha sido adaptada para personas con movilidad reducida y permite comprender la organización de las trincheras (refugios, entradas de los saps...)\nEl recorrido destaca el papel estratégico de la colina a través del mirador, el trágico episodio del sacrificio del teniente coronel Dayet, el papel conmemorativo del monumento y la necrópolis.\n\nVisitas guiadas con cita previa - póngase en contacto con la Oficina de Turismo"
    ]
  },
  "rdfs:label": {
    "fr": [
      "SENTIER DE MEMOIRE DE LA COTE 627"
    ]
  },
  "hasAudience": [
    {
      "@id": "kb:Groups",
      "@type": [
        "PeopleAudience"
      ],
      "rdfs:label": {
        "de": [
          "Gruppen"
        ],
        "pt": [
          "Grupos"
        ],
        "en": [
          "Groups"
        ],
        "it": [
          "Gruppi"
        ],
        "fr": [
          "Groupes"
        ],
        "es": [
          "Grupos"
        ],
        "nl": [
          "Groepen"
        ]
      }
    }
  ],
  "hasBeenCreatedBy": {
    "@id": "https://data.datatourisme.fr/10/8d6dc35e-506f-3233-89dd-10ee68dabb64",
    "dc:identifier": "940",
    "schema:legalName": "OT SAINT DIE DES VOSGES",
    "@type": [
      "schema:Organization",
      "foaf:Agent",
      "Agent"
    ]
  },
  "hasBeenPublishedBy": [
    {
      "@id": "https://data.datatourisme.fr/20532ef0-d667-3379-a67a-acc084fad788",
      "schema:email": [
        "contact@sitlorpro.com"
      ],
      "schema:legalName": "Système d’information touristique Lorrain",
      "schema:logo": "http://www.sitlorpro.com/wp-content/uploads/sites/12/2016/03/logo-sitlor-blanc-fond-couleur.jpg",
      "@type": [
        "schema:Organization",
        "foaf:Agent",
        "Agent"
      ],
      "foaf:homepage": [
        "http://www.sitlorpro.com/"
      ]
    }
  ],
  "hasClientTarget": [
    {
      "@id": "kb:Groups",
      "@type": [
        "PeopleAudience"
      ],
      "rdfs:label": {
        "de": [
          "Gruppen"
        ],
        "pt": [
          "Grupos"
        ],
        "en": [
          "Groups"
        ],
        "it": [
          "Gruppi"
        ],
        "fr": [
          "Groupes"
        ],
        "es": [
          "Grupos"
        ],
        "nl": [
          "Groepen"
        ]
      }
    }
  ],
  "hasContact": [
    {
      "@id": "https://data.datatourisme.fr/2db5b66b-6cae-3104-b188-2e91b3b82cae",
      "schema:email": [
        "accueil-senones@tourisme.ca-saintdie.fr"
      ],
      "schema:telephone": [
        "+33 3 29 57 91 03"
      ],
      "@type": [
        "foaf:Agent",
        "Agent"
      ],
      "foaf:homepage": [
        "http://www.vosges-portes-alsace.fr/"
      ]
    }
  ],
  "hasDescription": [
    {
      "@id": "https://data.datatourisme.fr/e5f3d6c2-c862-37f3-b086-72e2a1d3fd7b",
      "@type": [
        "Description"
      ],
      "hasTranslatedProperty": [
        {
          "@id": "https://data.datatourisme.fr/16fe30c3-800c-3974-b1a2-a269216ac56c",
          "dc:contributor": [
            "https://api.deepl.com/v2/translate"
          ],
          "rdf:language": [
            "it"
          ],
          "rdf:predicate": [
            "shortDescription"
          ]
        },
        {
          "@id": "https://data.datatourisme.fr/410ee784-bd58-35df-ab54-4cdf35175517",
          "dc:contributor": [
            "https://api.deepl.com/v2/translate"
          ],
          "rdf:language": [
            "nl"
          ],
          "rdf:predicate": [
            "shortDescription"
          ]
        },
        {
          "@id": "https://data.datatourisme.fr/44830e10-e6cd-3e64-bd3e-789c264a3419",
          "dc:contributor": [
            "https://api.deepl.com/v2/translate"
          ],
          "rdf:language": [
            "de"
          ],
          "rdf:predicate": [
            "shortDescription"
          ]
        },
        {
          "@id": "https://data.datatourisme.fr/bd3a1d17-55e4-3e0b-a33e-39b7d7eec029",
          "dc:contributor": [
            "https://api.deepl.com/v2/translate"
          ],
          "rdf:language": [
            "es"
          ],
          "rdf:predicate": [
            "shortDescription"
          ]
        },
        {
          "@id": "https://data.datatourisme.fr/e088f05e-177b-353b-a10f-8be9b347a043",
          "dc:contributor": [
            "https://api.deepl.com/v2/translate"
          ],
          "rdf:language": [
            "en"
          ],
          "rdf:predicate": [
            "shortDescription"
          ]
        }
      ],
      "shortDescription": {
        "de": [
          "Der Pfad auf der Höhe 627 rund um die Nekropole schlängelt sich durch die bemerkenswert gut erhaltenen französischen und deutschen Schützengräben. Ein Teil der Schützengräben ist für Personen mit eingeschränkter Mobilität eingerichtet und ermöglicht es, die Organisation des Schützengrabens zu verstehen (Unterstände, Eingänge zu den Sapes...)\nDer Rundgang beleuchtet die strategische Rolle des Hügels durch den Aussichtspunkt, die tragische Episode des Opfers von Oberstleutnant Dayet, die Erinnerungsfunktion des Denkmals und der Nekropole.\n\nKommentierte Besichtigungen nach Vereinbarung - Auskünfte beim Fremdenverkehrsamt"
        ],
        "en": [
          "The path, located on hill 627 around the necropolis, winds its way through the bottom of the remarkably preserved French and German trenches. Part of the trenches is equipped for people with reduced mobility and allows you to understand the organisation of the trench (shelters, sap entrances...)\nThe tour highlights the strategic role of the hill through the belvedere, the tragic episode of Lieutenant-Colonel Dayet's sacrifice, the memorial role of the monument and the necropolis.\n\nGuided tours on RV - rens à l'OT"
        ],
        "it": [
          "Il sentiero, situato sulla collina 627 intorno alla necropoli, si snoda attraverso le trincee francesi e tedesche, notevolmente ben conservate. Una parte delle trincee è stata adattata per le persone a mobilità ridotta e permette di capire l'organizzazione della trincea (ripari, ingressi alle linfe, ecc.)\nIl percorso evidenzia il ruolo strategico della collina attraverso il belvedere, il tragico episodio del sacrificio del tenente colonnello Dayet, il ruolo commemorativo del monumento e la necropoli.\n\nVisite guidate su appuntamento - contattare l'Ufficio del turismo"
        ],
        "fr": [
          "Le sentier, situé sur la cote 627 autour de la nécropole, sinue au fond des tranchées françaises et allemandes, remarquablement préservées. Une partie des tranchées est aménagée pour les personnes à mobilité réduite et permet de comprendre l’organisation de la tranchée (abris, entrées de sapes...). \nLe parcours met en lumière le rôle stratégique de la colline à travers le belvédère, l’épisode tragique du sacrifice du Lieutenant-Colonel Dayet, le rôle mémoriel du monument et de la nécropole.\n\nVisites commentées sur RV - rens à l'OT"
        ],
        "nl": [
          "Het pad, gelegen op heuvel 627 rond de necropolis, slingert zich door de opmerkelijk goed bewaarde Franse en Duitse loopgraven. Een deel van de loopgraven is aangepast voor mensen met beperkte mobiliteit en stelt u in staat om de organisatie van de loopgraaf te begrijpen (schuilplaatsen, sappen, enz.)\nDe rondleiding belicht de strategische rol van de heuvel door de belvedère, de tragische episode van het offer van luitenant-kolonel Dayet, de herdenkingsfunctie van het monument en de necropolis.\n\nRondleidingen op afspraak - neem contact op met het toeristenbureau"
        ],
        "es": [
          "El sendero, situado en la colina 627 alrededor de la necrópolis, serpentea a través de las trincheras francesas y alemanas notablemente bien conservadas. Una parte de las trincheras ha sido adaptada para personas con movilidad reducida y permite comprender la organización de las trincheras (refugios, entradas de los saps...)\nEl recorrido destaca el papel estratégico de la colina a través del mirador, el trágico episodio del sacrificio del teniente coronel Dayet, el papel conmemorativo del monumento y la necrópolis.\n\nVisitas guiadas con cita previa - póngase en contacto con la Oficina de Turismo"
        ]
      }
    }
  ],
  "hasPracticeCondition": [
    {
      "@id": "https://data.datatourisme.fr/938c3bbe-4310-3248-92a4-1f2636f74963",
      "@type": [
        "PracticeCondition"
      ],
      "hasLocomotionMode": [
        {
          "@id": "kb:WalkingMode",
          "@type": [
            "PedestrianLocomotionMode"
          ],
          "rdfs:label": {
            "de": [
              "Zu Fuß"
            ],
            "pt": [
              "Um pé"
            ],
            "en": [
              "Walking"
            ],
            "it": [
              "Un piede"
            ],
            "fr": [
              "A pieds"
            ],
            "es": [
              "Un pie"
            ],
            "nl": [
              "Een voet"
            ]
          }
        }
      ]
    }
  ],
  "hasTranslatedProperty": [
    {
      "@id": "https://data.datatourisme.fr/39634072-7428-369d-ba45-64c8396ed7f6",
      "dc:contributor": [
        "https://api.deepl.com/v2/translate"
      ],
      "rdf:language": [
        "nl"
      ],
      "rdf:predicate": [
        {
          "@id": "rdfs:comment"
        }
      ]
    },
    {
      "@id": "https://data.datatourisme.fr/40b627b4-81ff-3a03-b6cf-defcd67c6181",
      "dc:contributor": [
        "https://api.deepl.com/v2/translate"
      ],
      "rdf:language": [
        "en"
      ],
      "rdf:predicate": [
        {
          "@id": "rdfs:comment"
        }
      ]
    },
    {
      "@id": "https://data.datatourisme.fr/91bf6c52-50d1-32de-aed7-07f8d7d90520",
      "dc:contributor": [
        "https://api.deepl.com/v2/translate"
      ],
      "rdf:language": [
        "de"
      ],
      "rdf:predicate": [
        {
          "@id": "rdfs:comment"
        }
      ]
    },
    {
      "@id": "https://data.datatourisme.fr/9a473085-011b-3d32-87de-11bb7808d202",
      "dc:contributor": [
        "https://api.deepl.com/v2/translate"
      ],
      "rdf:language": [
        "es"
      ],
      "rdf:predicate": [
        {
          "@id": "rdfs:comment"
        }
      ]
    },
    {
      "@id": "https://data.datatourisme.fr/ca9aac48-ddfb-32af-8ae3-dfe36674cfb5",
      "dc:contributor": [
        "https://api.deepl.com/v2/translate"
      ],
      "rdf:language": [
        "it"
      ],
      "rdf:predicate": [
        {
          "@id": "rdfs:comment"
        }
      ]
    }
  ],
  "isLocatedAt": [
    {
      "@id": "https://data.datatourisme.fr/a3e01e18-5407-3a29-9515-76d51be6195e",
      "schema:address": [
        {
          "@id": "https://data.datatourisme.fr/cf909c77-d6a4-30b2-be62-e1ae3fe3446c",
          "schema:addressLocality": "Ban-de-Sapt",
          "schema:postalCode": "88210",
          "schema:streetAddress": [
            "Nécropole de la Fontenelle"
          ],
          "@type": [
            "schema:PostalAddress",
            "PostalAddress"
          ],
          "hasAddressCity": {
            "@id": "kb:88033",
            "@type": [
              "City"
            ],
            "rdfs:label": {
              "de": [
                "Ban-de-Sapt"
              ],
              "pt": [
                "Ban-de-Sapt"
              ],
              "en": [
                "Ban-de-Sapt"
              ],
              "it": [
                "Ban-de-Sapt"
              ],
              "fr": [
                "Ban-de-Sapt"
              ],
              "nl": [
                "Ban-de-Sapt"
              ],
              "es": [
                "Ban-de-Sapt"
              ]
            },
            "insee": "88033",
            "isPartOfDepartment": {
              "@id": "kb:France4488",
              "@type": [
                "Department"
              ],
              "rdfs:label": {
                "de": [
                  "Vosges"
                ],
                "pt": [
                  "Vosges"
                ],
                "en": [
                  "Vosges"
                ],
                "it": [
                  "Vosges"
                ],
                "fr": [
                  "Vosges"
                ],
                "nl": [
                  "Vosges"
                ],
                "es": [
                  "Vosges"
                ]
              },
              "insee": "88",
              "isPartOfRegion": {
                "@id": "kb:France44",
                "@type": [
                  "Region"
                ],
                "rdfs:label": {
                  "de": [
                    "Grand Est"
                  ],
                  "pt": [
                    "Grand Est"
                  ],
                  "en": [
                    "Grand Est"
                  ],
                  "it": [
                    "Grand Est"
                  ],
                  "fr": [
                    "Grand Est"
                  ],
                  "nl": [
                    "Grand Est"
                  ],
                  "es": [
                    "Grand Est"
                  ]
                },
                "insee": "44",
                "isPartOfCountry": {
                  "@id": "kb:France",
                  "@type": [
                    "schema:Country"
                  ],
                  "rdfs:label": {
                    "de": [
                      "France",
                      "Frankreich"
                    ],
                    "pt": [
                      "França",
                      "France"
                    ],
                    "en": [
                      "France"
                    ],
                    "it": [
                      "France",
                      "Francia"
                    ],
                    "fr": [
                      "France"
                    ],
                    "nl": [
                      "France",
                      "Frankrijk"
                    ],
                    "es": [
                      "France",
                      "Francia"
                    ]
                  }
                }
              }
            }
          }
        }
      ],
      "schema:geo": {
        "@id": "https://data.datatourisme.fr/bfcc955a-9fd2-3378-b847-64f3fbdaca1c",
        "schema:latitude": "48.347818",
        "schema:longitude": "7.0001525",
        "@type": [
          "schema:GeoCoordinates"
        ]
      },
      "@type": [
        "schema:Place",
        "Place"
      ],
      "petsAllowed": true
    }
  ],
  "lastUpdate": "2021-06-10",
  "lastUpdateDatatourisme": "2023-09-28T03:06:22.816Z",
  "offers": [
    {
      "@id": "https://data.datatourisme.fr/228804b3-02aa-3c40-9410-82328eedd462",
      "schema:priceSpecification": [
        {
          "@id": "https://data.datatourisme.fr/32e2262b-564d-3c01-b386-7705cf18dc5d",
          "schema:priceCurrency": "EUR",
          "@type": [
            "schema:PriceSpecification",
            "PriceSpecification"
          ],
          "hasAudience": [
            {
              "@id": "kb:Adults",
              "@type": [
                "PeopleAudience"
              ],
              "rdfs:label": {
                "de": [
                  "Erwachsene"
                ],
                "pt": [
                  "Adultos"
                ],
                "en": [
                  "Adults"
                ],
                "it": [
                  "Adulti"
                ],
                "fr": [
                  "Adultes"
                ],
                "nl": [
                  "Volwassenen"
                ],
                "es": [
                  "Adultos"
                ]
              }
            }
          ],
          "hasEligibleAudience": [
            {
              "@id": "kb:Adults",
              "@type": [
                "PeopleAudience"
              ],
              "rdfs:label": {
                "de": [
                  "Erwachsene"
                ],
                "pt": [
                  "Adultos"
                ],
                "en": [
                  "Adults"
                ],
                "it": [
                  "Adulti"
                ],
                "fr": [
                  "Adultes"
                ],
                "nl": [
                  "Volwassenen"
                ],
                "es": [
                  "Adultos"
                ]
              }
            }
          ]
        }
      ],
      "@type": [
        "schema:Offer",
        "Offer"
      ]
    }
  ],
  "reducedMobilityAccess": false
}