{
  "@id": "https://data.datatourisme.fr/10/00882a10-839b-3d65-8457-a8ff3ad3938d",
  "dc:identifier": "855145331",
  "@type": [
    "olo:OrderedList",
    "CyclingTour",
    "PointOfInterest",
    "Tour"
  ],
  "rdfs:comment": {
    "de": [
      "Jahrhundert herrschte an den Ufern der Mosel und der Seille aufgrund zahlreicher Konflikte zwischen der Republik Metz und den Herzogtümern Lothringen und Bar, die versuchten, sich dieses reiche Land unter den Nagel zu reißen, ein Klima der Unsicherheit. Im Herzen der alten Weinbaudörfer, die sich an die Hänge klammern, zeugen die befestigten Kirchen, die als Verteidigungsanlagen dienten, von der damaligen Unsicherheit. Die Kirche von Sillegny ist ein Beispiel: Sie wurde im 15. Jahrhundert erbaut und beherbergt bemerkenswerte Fresken in perfektem Erhaltungszustand. Diese Rundreise vor den Toren von Metz zwischen den Moselküsten und dem Seille-Tal ist eine gelungene Mischung aus Geschichte, Bodenständigkeit und Moderne."
    ],
    "en": [
      "Between the 14th and 16th centuries, a climate of insecurity reigned on the banks of the Moselle and Seille rivers, due to numerous conflicts between the Republic of Metz and the dukedoms of Lorraine and Bar, which tried to take over this rich country. In the heart of ancient wine-producing villages clinging to the hillsides, the fortified churches that served as defensive works bear witness to the insecurity of the past. The church of Sillegny is an example: Built in the 15th century, it houses remarkable frescoes in perfect condition. This tour at the gates of Metz between the Moselle coast and the Seille valley is a clever mix of history, terroir and modernity."
    ],
    "it": [
      "Tra il XIV e il XVI secolo, sulle rive dei fiumi Mosella e Seille regnava un clima di insicurezza, a causa dei numerosi conflitti tra la Repubblica di Metz e i ducati di Lorena e Bar, che cercavano di impadronirsi di questo ricco paese. Nel cuore degli antichi villaggi vinicoli aggrappati alle colline, le chiese fortificate che fungevano da strutture difensive testimoniano l'insicurezza del passato. La chiesa di Sillegny ne è un esempio: costruita nel XV secolo, ospita notevoli affreschi in perfetto stato di conservazione. Questo tour alle porte di Metz, tra la costa della Mosella e la valle della Seille, è un sapiente mix di storia, prodotti locali e modernità."
    ],
    "fr": [
      "Entre le XIV° et le XVI° siècle, régnait un climat d’insécurité sur les rives de la Moselle et de la Seille, en raison de nombreux conflits entre la République de Metz et les duchés de Lorraine et de Bar qui tentèrent de s’accaparer ce riche pays. Au cœur d’anciens villages viticoles accrochés aux coteaux, les églises fortifiées qui servaient d’ouvrages de défenses témoignent de l’insécurité d’autrefois. L’église de Sillegny est un exemple : Edifiée au XV° siècle, elle  abrite de remarquables fresques en parfait état de conservation. Ce circuit aux portes de Metz entre côtes de Moselle et vallée de la Seille est un savant mélange d’histoire, de terroir et de modernité."
    ],
    "nl": [
      "Tussen de 14e en de 16e eeuw heerste er een klimaat van onveiligheid aan de oevers van de Moezel en de Seille, als gevolg van talrijke conflicten tussen de Republiek Metz en de hertogdommen Lotharingen en Bar, die probeerden dit rijke land in te nemen. In het hart van de oude wijndorpen die zich vastklampen aan de heuvels, getuigen de versterkte kerken die als verdedigingswerken dienden van de onveiligheid uit het verleden. De kerk van Sillegny is een voorbeeld: gebouwd in de 15e eeuw, herbergt ze opmerkelijke fresco's die perfect bewaard zijn gebleven. Deze rondleiding aan de poorten van Metz, tussen de Moezelkust en de Seillevallei, is een vakkundige mix van geschiedenis, streekproducten en moderniteit."
    ],
    "es": [
      "Entre los siglos XIV y XVI, se vivió un clima de inseguridad en las orillas de los ríos Mosela y Seille, debido a los numerosos conflictos entre la República de Metz y los ducados de Lorena y Bar, que intentaron apoderarse de este rico país. En el corazón de los antiguos pueblos vitivinícolas aferrados a las laderas, las iglesias fortificadas que sirvieron de estructuras defensivas son testigos de la inseguridad del pasado. La iglesia de Sillegny es un ejemplo: construida en el siglo XV, alberga notables frescos en perfecto estado de conservación. Este recorrido a las puertas de Metz, entre la costa del Mosela y el valle del Seille, es una hábil mezcla de historia, productos locales y modernidad."
    ]
  },
  "rdfs:label": {
    "fr": [
      "ENTRE SEILLE ET CÔTES DE MOSELLE"
    ]
  },
  "duration": "210",
  "hasBeenCreatedBy": {
    "@id": "https://data.datatourisme.fr/10/addfa9b7-e234-354d-a6e9-c7f2af1005cb",
    "dc:identifier": "855",
    "schema:legalName": "MOSELLE ATTRACTIVITE",
    "@type": [
      "schema:Organization",
      "foaf:Agent",
      "Agent"
    ]
  },
  "hasBeenPublishedBy": [
    {
      "@id": "https://data.datatourisme.fr/20532ef0-d667-3379-a67a-acc084fad788",
      "schema:email": [
        "contact@sitlorpro.com"
      ],
      "schema:legalName": "Système d’information touristique Lorrain",
      "schema:logo": "http://www.sitlorpro.com/wp-content/uploads/sites/12/2016/03/logo-sitlor-blanc-fond-couleur.jpg",
      "@type": [
        "schema:Organization",
        "foaf:Agent",
        "Agent"
      ],
      "foaf:homepage": [
        "http://www.sitlorpro.com/"
      ]
    }
  ],
  "hasContact": [
    {
      "@id": "https://data.datatourisme.fr/9214af8f-64c0-3900-b358-881974cc86b0",
      "schema:email": [
        "j.p.metzinger@orange.fr"
      ],
      "schema:telephone": [
        "+33 3 87 92 21 09"
      ],
      "@type": [
        "foaf:Agent",
        "Agent"
      ],
      "foaf:homepage": [
        "https://www.ffct-moselle.org/"
      ]
    }
  ],
  "hasDescription": [
    {
      "@id": "https://data.datatourisme.fr/4bcf94c9-d876-35e1-9a41-113cf29c17da",
      "@type": [
        "Description"
      ],
      "hasTranslatedProperty": [
        {
          "@id": "https://data.datatourisme.fr/306ae258-9cdb-3dfd-956f-b10e23a804d2",
          "dc:contributor": [
            "https://api.deepl.com/v2/translate"
          ],
          "rdf:language": [
            "es"
          ],
          "rdf:predicate": [
            "shortDescription"
          ]
        },
        {
          "@id": "https://data.datatourisme.fr/360f8a90-6e19-3c11-ae2a-1dc8e78d73a3",
          "dc:contributor": [
            "https://api.deepl.com/v2/translate"
          ],
          "rdf:language": [
            "nl"
          ],
          "rdf:predicate": [
            "shortDescription"
          ]
        },
        {
          "@id": "https://data.datatourisme.fr/7e08e1cb-dda4-379e-90a9-918565148f26",
          "dc:contributor": [
            "https://api.deepl.com/v2/translate"
          ],
          "rdf:language": [
            "it"
          ],
          "rdf:predicate": [
            "shortDescription"
          ]
        },
        {
          "@id": "https://data.datatourisme.fr/f4f4119f-3f22-3fd0-ae03-415dd2a2c279",
          "dc:contributor": [
            "https://api.deepl.com/v2/translate"
          ],
          "rdf:language": [
            "de"
          ],
          "rdf:predicate": [
            "shortDescription"
          ]
        },
        {
          "@id": "https://data.datatourisme.fr/fa33742f-fa60-3c95-a57d-4ab9bd17e593",
          "dc:contributor": [
            "https://api.deepl.com/v2/translate"
          ],
          "rdf:language": [
            "en"
          ],
          "rdf:predicate": [
            "shortDescription"
          ]
        }
      ],
      "shortDescription": {
        "de": [
          "Jahrhundert herrschte an den Ufern der Mosel und der Seille aufgrund zahlreicher Konflikte zwischen der Republik Metz und den Herzogtümern Lothringen und Bar, die versuchten, sich dieses reiche Land unter den Nagel zu reißen, ein Klima der Unsicherheit. Im Herzen der alten Weinbaudörfer, die sich an die Hänge klammern, zeugen die befestigten Kirchen, die als Verteidigungsanlagen dienten, von der damaligen Unsicherheit. Die Kirche von Sillegny ist ein Beispiel: Sie wurde im 15. Jahrhundert erbaut und beherbergt bemerkenswerte Fresken in perfektem Erhaltungszustand. Diese Rundreise vor den Toren von Metz zwischen den Moselküsten und dem Seille-Tal ist eine gelungene Mischung aus Geschichte, Bodenständigkeit und Moderne."
        ],
        "en": [
          "Between the 14th and 16th centuries, a climate of insecurity reigned on the banks of the Moselle and Seille rivers, due to numerous conflicts between the Republic of Metz and the dukedoms of Lorraine and Bar, which tried to take over this rich country. In the heart of ancient wine-producing villages clinging to the hillsides, the fortified churches that served as defensive works bear witness to the insecurity of the past. The church of Sillegny is an example: Built in the 15th century, it houses remarkable frescoes in perfect condition. This tour at the gates of Metz between the Moselle coast and the Seille valley is a clever mix of history, terroir and modernity."
        ],
        "it": [
          "Tra il XIV e il XVI secolo, sulle rive dei fiumi Mosella e Seille regnava un clima di insicurezza, a causa dei numerosi conflitti tra la Repubblica di Metz e i ducati di Lorena e Bar, che cercavano di impadronirsi di questo ricco paese. Nel cuore degli antichi villaggi vinicoli aggrappati alle colline, le chiese fortificate che fungevano da strutture difensive testimoniano l'insicurezza del passato. La chiesa di Sillegny ne è un esempio: costruita nel XV secolo, ospita notevoli affreschi in perfetto stato di conservazione. Questo tour alle porte di Metz, tra la costa della Mosella e la valle della Seille, è un sapiente mix di storia, prodotti locali e modernità."
        ],
        "fr": [
          "Entre le XIV° et le XVI° siècle, régnait un climat d’insécurité sur les rives de la Moselle et de la Seille, en raison de nombreux conflits entre la République de Metz et les duchés de Lorraine et de Bar qui tentèrent de s’accaparer ce riche pays. Au cœur d’anciens villages viticoles accrochés aux coteaux, les églises fortifiées qui servaient d’ouvrages de défenses témoignent de l’insécurité d’autrefois. L’église de Sillegny est un exemple : Edifiée au XV° siècle, elle  abrite de remarquables fresques en parfait état de conservation. Ce circuit aux portes de Metz entre côtes de Moselle et vallée de la Seille est un savant mélange d’histoire, de terroir et de modernité."
        ],
        "nl": [
          "Tussen de 14e en de 16e eeuw heerste er een klimaat van onveiligheid aan de oevers van de Moezel en de Seille, als gevolg van talrijke conflicten tussen de Republiek Metz en de hertogdommen Lotharingen en Bar, die probeerden dit rijke land in te nemen. In het hart van de oude wijndorpen die zich vastklampen aan de heuvels, getuigen de versterkte kerken die als verdedigingswerken dienden van de onveiligheid uit het verleden. De kerk van Sillegny is een voorbeeld: gebouwd in de 15e eeuw, herbergt ze opmerkelijke fresco's die perfect bewaard zijn gebleven. Deze rondleiding aan de poorten van Metz, tussen de Moezelkust en de Seillevallei, is een vakkundige mix van geschiedenis, streekproducten en moderniteit."
        ],
        "es": [
          "Entre los siglos XIV y XVI, se vivió un clima de inseguridad en las orillas de los ríos Mosela y Seille, debido a los numerosos conflictos entre la República de Metz y los ducados de Lorena y Bar, que intentaron apoderarse de este rico país. En el corazón de los antiguos pueblos vitivinícolas aferrados a las laderas, las iglesias fortificadas que sirvieron de estructuras defensivas son testigos de la inseguridad del pasado. La iglesia de Sillegny es un ejemplo: construida en el siglo XV, alberga notables frescos en perfecto estado de conservación. Este recorrido a las puertas de Metz, entre la costa del Mosela y el valle del Seille, es una hábil mezcla de historia, productos locales y modernidad."
        ]
      }
    }
  ],
  "hasMainRepresentation": [
    {
      "@id": "https://data.datatourisme.fr/40cf77b6-a054-353d-99c4-a0e4633581e4",
      "ebucore:hasAnnotation": [
        {
          "@id": "https://data.datatourisme.fr/ef762b91-ebb7-3990-98ad-ded81aaa1e59",
          "@type": [
            "ebucore:Annotation"
          ],
          "credits": [
            "Emmanuel Stourm 2020\nLicence Open Data"
          ]
        }
      ],
      "ebucore:hasRelatedResource": [
        {
          "@id": "https://data.datatourisme.fr/9b3cd895-578e-3f4b-aede-c7950b0cf006",
          "ebucore:locator": [
            "https://opendata.sitlor.fr/photos/855/855145331_5_800x600.jpg"
          ],
          "@type": [
            "ebucore:Resource"
          ]
        }
      ],
      "@type": [
        "ebucore:EditorialObject"
      ]
    }
  ],
  "hasPracticeCondition": [
    {
      "@id": "https://data.datatourisme.fr/db4d9175-fb5b-3357-a817-8470dceb50a5",
      "@type": [
        "PracticeCondition"
      ],
      "duration": "210",
      "hasDifficultyLevel": [
        {
          "@id": "kb:DifficultTour",
          "@type": [
            "DifficultyLevel"
          ],
          "rdfs:label": {
            "de": [
              "Schwierig"
            ],
            "pt": [
              "Difícil"
            ],
            "en": [
              "Difficult"
            ],
            "it": [
              "Difficile"
            ],
            "fr": [
              "Difficile"
            ],
            "nl": [
              "Moeilijk"
            ],
            "es": [
              "Difícil"
            ]
          }
        }
      ],
      "hasLocomotionMode": [
        {
          "@id": "kb:RoadbikeMode",
          "@type": [
            "BicycleLocomotionMode"
          ],
          "rdfs:label": {
            "de": [
              "Rennrad"
            ],
            "pt": [
              "Ciclismo rodoviário"
            ],
            "en": [
              "With road bike"
            ],
            "it": [
              "Ciclismo su strada"
            ],
            "fr": [
              "Vélo de route"
            ],
            "nl": [
              "Fietsen op de weg"
            ],
            "es": [
              "Ciclismo de carretera"
            ]
          }
        }
      ]
    }
  ],
  "hasRepresentation": [
    {
      "@id": "https://data.datatourisme.fr/40cf77b6-a054-353d-99c4-a0e4633581e4",
      "ebucore:hasAnnotation": [
        {
          "@id": "https://data.datatourisme.fr/ef762b91-ebb7-3990-98ad-ded81aaa1e59",
          "@type": [
            "ebucore:Annotation"
          ],
          "credits": [
            "Emmanuel Stourm 2020\nLicence Open Data"
          ]
        }
      ],
      "ebucore:hasRelatedResource": [
        {
          "@id": "https://data.datatourisme.fr/9b3cd895-578e-3f4b-aede-c7950b0cf006",
          "ebucore:locator": [
            "https://opendata.sitlor.fr/photos/855/855145331_5_800x600.jpg"
          ],
          "@type": [
            "ebucore:Resource"
          ]
        }
      ],
      "@type": [
        "ebucore:EditorialObject"
      ]
    },
    {
      "@id": "https://data.datatourisme.fr/7eccf0ca-d555-3d90-9105-81d754778072",
      "ebucore:hasAnnotation": [
        {
          "@id": "https://data.datatourisme.fr/ce7a4942-2081-37a3-8ff6-fd979237cc06",
          "@type": [
            "ebucore:Annotation"
          ],
          "credits": [
            "MOSELLE ATTRACTIVITE"
          ]
        }
      ],
      "ebucore:hasRelatedResource": [
        {
          "@id": "https://data.datatourisme.fr/b87cdd8f-69b9-38e7-a99f-c19b5b037578",
          "ebucore:hasMimeType": [
            {
              "@id": "kb:KML",
              "@type": [
                "ebucore:MimeType"
              ],
              "rdfs:comment": {
                "de": [
                  "KML-Datei"
                ],
                "pt": [
                  "Ficheiro XML"
                ],
                "en": [
                  "KML file"
                ],
                "it": [
                  "File KML"
                ],
                "fr": [
                  "Fichier KML"
                ],
                "nl": [
                  "KML-bestand"
                ],
                "es": [
                  "Archivo KML"
                ]
              },
              "rdfs:label": {
                "de": [
                  "application/vnd.google-earth.kml+xml"
                ],
                "pt": [
                  "application/vnd.google-earth.kml+xml"
                ],
                "en": [
                  "application/vnd.google-earth.kml+xml"
                ],
                "it": [
                  "application/vnd.google-earth.kml+xml"
                ],
                "fr": [
                  "application/vnd.google-earth.kml+xml"
                ],
                "nl": [
                  "application/vnd.google-earth.kml+xml"
                ],
                "es": [
                  "application/vnd.google-earth.kml+xml"
                ]
              }
            }
          ],
          "ebucore:locator": [
            "https://www.sitlor.fr/traces/855145331.kml"
          ],
          "@type": [
            "ebucore:Resource"
          ]
        }
      ],
      "@type": [
        "ebucore:EditorialObject"
      ]
    },
    {
      "@id": "https://data.datatourisme.fr/fc48023a-f3c9-38be-96af-2e3e127d3f16",
      "ebucore:hasAnnotation": [
        {
          "@id": "https://data.datatourisme.fr/ef762b91-ebb7-3990-98ad-ded81aaa1e59",
          "@type": [
            "ebucore:Annotation"
          ],
          "credits": [
            "Emmanuel Stourm 2020\nLicence Open Data"
          ]
        }
      ],
      "ebucore:hasRelatedResource": [
        {
          "@id": "https://data.datatourisme.fr/c3d540c6-bea0-31af-8104-38c70a56983f",
          "ebucore:locator": [
            "https://opendata.sitlor.fr/photos/855/855145331_4_800x600.jpg"
          ],
          "@type": [
            "ebucore:Resource"
          ]
        }
      ],
      "@type": [
        "ebucore:EditorialObject"
      ]
    }
  ],
  "hasTheme": [
    {
      "@id": "kb:History",
      "@type": [
        "CulturalTheme"
      ],
      "rdfs:label": {
        "de": [
          "Geschichte"
        ],
        "pt": [
          "História"
        ],
        "en": [
          "History"
        ],
        "it": [
          "Storia"
        ],
        "fr": [
          "Histoire"
        ],
        "es": [
          "Historia"
        ],
        "nl": [
          "Geschiedenis"
        ]
      }
    }
  ],
  "hasTourType": [
    {
      "@id": "kb:Loop",
      "@type": [
        "TourType"
      ],
      "rdfs:label": {
        "de": [
          "Schleifenroute"
        ],
        "pt": [
          "Circular"
        ],
        "en": [
          "Loop itinerary"
        ],
        "it": [
          "Ad anello"
        ],
        "fr": [
          "En boucle"
        ],
        "nl": [
          "In een lus"
        ],
        "es": [
          "Circuito"
        ]
      }
    }
  ],
  "hasTranslatedProperty": [
    {
      "@id": "https://data.datatourisme.fr/09eeb8da-9962-3864-8049-41c5e4450d56",
      "dc:contributor": [
        "https://api.deepl.com/v2/translate"
      ],
      "rdf:language": [
        "es"
      ],
      "rdf:predicate": [
        {
          "@id": "rdfs:comment"
        }
      ]
    },
    {
      "@id": "https://data.datatourisme.fr/0ee77488-2f93-3ee3-ac88-9d66720d481a",
      "dc:contributor": [
        "https://api.deepl.com/v2/translate"
      ],
      "rdf:language": [
        "nl"
      ],
      "rdf:predicate": [
        {
          "@id": "rdfs:comment"
        }
      ]
    },
    {
      "@id": "https://data.datatourisme.fr/1294739b-7419-35b0-ade9-58e3beadb92a",
      "dc:contributor": [
        "https://api.deepl.com/v2/translate"
      ],
      "rdf:language": [
        "it"
      ],
      "rdf:predicate": [
        {
          "@id": "rdfs:comment"
        }
      ]
    },
    {
      "@id": "https://data.datatourisme.fr/1db258cc-8a7c-3e8f-8b9d-002c94f7ca27",
      "dc:contributor": [
        "https://api.deepl.com/v2/translate"
      ],
      "rdf:language": [
        "en"
      ],
      "rdf:predicate": [
        {
          "@id": "rdfs:comment"
        }
      ]
    },
    {
      "@id": "https://data.datatourisme.fr/bff81607-900d-3364-a999-d6c6aba28611",
      "dc:contributor": [
        "https://api.deepl.com/v2/translate"
      ],
      "rdf:language": [
        "de"
      ],
      "rdf:predicate": [
        {
          "@id": "rdfs:comment"
        }
      ]
    }
  ],
  "isLocatedAt": [
    {
      "@id": "https://data.datatourisme.fr/8ad5b390-3e03-3431-b8c0-baeff39d6631",
      "schema:address": [
        {
          "@id": "https://data.datatourisme.fr/aba30c8f-67ae-3bb8-a522-a6076b0cbc37",
          "schema:addressLocality": "Augny",
          "schema:postalCode": "57685",
          "schema:streetAddress": [
            "Mairie de Augny"
          ],
          "@type": [
            "schema:PostalAddress",
            "PostalAddress"
          ],
          "hasAddressCity": {
            "@id": "kb:57039",
            "@type": [
              "City"
            ],
            "rdfs:label": {
              "de": [
                "Augny"
              ],
              "pt": [
                "Augny"
              ],
              "en": [
                "Augny"
              ],
              "it": [
                "Augny"
              ],
              "fr": [
                "Augny"
              ],
              "nl": [
                "Augny"
              ],
              "es": [
                "Augny"
              ]
            },
            "insee": "57039",
            "isPartOfDepartment": {
              "@id": "kb:France4457",
              "@type": [
                "Department"
              ],
              "rdfs:label": {
                "de": [
                  "Moselle"
                ],
                "pt": [
                  "Moselle"
                ],
                "en": [
                  "Moselle"
                ],
                "it": [
                  "Moselle"
                ],
                "fr": [
                  "Moselle"
                ],
                "nl": [
                  "Moselle"
                ],
                "es": [
                  "Moselle"
                ]
              },
              "insee": "57",
              "isPartOfRegion": {
                "@id": "kb:France44",
                "@type": [
                  "Region"
                ],
                "rdfs:label": {
                  "de": [
                    "Grand Est"
                  ],
                  "pt": [
                    "Grand Est"
                  ],
                  "en": [
                    "Grand Est"
                  ],
                  "it": [
                    "Grand Est"
                  ],
                  "fr": [
                    "Grand Est"
                  ],
                  "nl": [
                    "Grand Est"
                  ],
                  "es": [
                    "Grand Est"
                  ]
                },
                "insee": "44",
                "isPartOfCountry": {
                  "@id": "kb:France",
                  "@type": [
                    "schema:Country"
                  ],
                  "rdfs:label": {
                    "de": [
                      "France",
                      "Frankreich"
                    ],
                    "pt": [
                      "França",
                      "France"
                    ],
                    "en": [
                      "France"
                    ],
                    "it": [
                      "France",
                      "Francia"
                    ],
                    "fr": [
                      "France"
                    ],
                    "nl": [
                      "France",
                      "Frankrijk"
                    ],
                    "es": [
                      "France",
                      "Francia"
                    ]
                  }
                }
              }
            }
          }
        }
      ],
      "schema:geo": {
        "@id": "https://data.datatourisme.fr/344a9311-c128-3a55-863e-a16ab5b61bf4",
        "schema:latitude": "49.0587578124813",
        "schema:longitude": "6.1218016348945",
        "@type": [
          "schema:GeoCoordinates"
        ]
      },
      "schema:openingHoursSpecification": [
        {
          "@id": "https://data.datatourisme.fr/218c549f-a274-34e6-accf-7645ba27e247",
          "schema:closes": "18:00:00",
          "schema:dayOfWeek": [
            {
              "@id": "schema:Friday",
              "@type": [
                "schema:DayOfWeek"
              ],
              "rdfs:label": {
                "de": [
                  "Freitag"
                ],
                "pt": [
                  "Sexta-feira"
                ],
                "en": [
                  "Friday"
                ],
                "it": [
                  "Venerdì"
                ],
                "fr": [
                  "Vendredi"
                ],
                "nl": [
                  "Vrijdag"
                ],
                "es": [
                  "Viernes"
                ]
              }
            },
            {
              "@id": "schema:Monday",
              "@type": [
                "schema:DayOfWeek"
              ],
              "rdfs:label": {
                "de": [
                  "Montag"
                ],
                "pt": [
                  "Segunda-feira"
                ],
                "en": [
                  "Monday"
                ],
                "it": [
                  "Lunedì"
                ],
                "fr": [
                  "Lundi"
                ],
                "nl": [
                  "Maandag"
                ],
                "es": [
                  "Lunes"
                ]
              }
            },
            {
              "@id": "schema:Saturday",
              "@type": [
                "schema:DayOfWeek"
              ],
              "rdfs:label": {
                "de": [
                  "Samstag"
                ],
                "pt": [
                  "Sábado"
                ],
                "en": [
                  "Saturday"
                ],
                "it": [
                  "Sabato"
                ],
                "fr": [
                  "Samedi"
                ],
                "nl": [
                  "Zaterdag"
                ],
                "es": [
                  "Sábado"
                ]
              }
            },
            {
              "@id": "schema:Sunday",
              "@type": [
                "schema:DayOfWeek"
              ],
              "rdfs:label": {
                "de": [
                  "Sonntag"
                ],
                "pt": [
                  "Domingo"
                ],
                "en": [
                  "Sunday"
                ],
                "it": [
                  "Domenica"
                ],
                "fr": [
                  "Dimanche"
                ],
                "nl": [
                  "Zondag"
                ],
                "es": [
                  "Domingo"
                ]
              }
            },
            {
              "@id": "schema:Thursday",
              "@type": [
                "schema:DayOfWeek"
              ],
              "rdfs:label": {
                "de": [
                  "Donnerstag"
                ],
                "pt": [
                  "Quinta-feira"
                ],
                "en": [
                  "Thursday"
                ],
                "it": [
                  "Giovedì"
                ],
                "fr": [
                  "Jeudi"
                ],
                "es": [
                  "Jueves"
                ],
                "nl": [
                  "Donderdag"
                ]
              }
            },
            {
              "@id": "schema:Tuesday",
              "@type": [
                "schema:DayOfWeek"
              ],
              "rdfs:label": {
                "de": [
                  "Dienstag"
                ],
                "pt": [
                  "Terça-feira"
                ],
                "en": [
                  "Tuesday"
                ],
                "it": [
                  "Martedì"
                ],
                "fr": [
                  "Mardi"
                ],
                "es": [
                  "Martes"
                ],
                "nl": [
                  "Dinsdag"
                ]
              }
            },
            {
              "@id": "schema:Wednesday",
              "@type": [
                "schema:DayOfWeek"
              ],
              "rdfs:label": {
                "de": [
                  "Mittwoch"
                ],
                "pt": [
                  "Quarta-feira"
                ],
                "en": [
                  "Wednesday"
                ],
                "it": [
                  "Mercoledì"
                ],
                "fr": [
                  "Mercredi"
                ],
                "nl": [
                  "Woensdag"
                ],
                "es": [
                  "Miércoles"
                ]
              }
            }
          ],
          "schema:opens": "08:00:00",
          "schema:validFrom": "2023-01-01T00:00:00",
          "schema:validThrough": "2023-12-31T23:59:59",
          "@type": [
            "schema:OpeningHoursSpecification"
          ]
        }
      ],
      "@type": [
        "schema:Place",
        "Place"
      ],
      "petsAllowed": false
    }
  ],
  "lastUpdate": "2022-12-07",
  "lastUpdateDatatourisme": "2023-02-21T09:48:19.463Z",
  "offers": [
    {
      "@id": "https://data.datatourisme.fr/228804b3-02aa-3c40-9410-82328eedd462",
      "schema:priceSpecification": [
        {
          "@id": "https://data.datatourisme.fr/32e2262b-564d-3c01-b386-7705cf18dc5d",
          "schema:priceCurrency": "EUR",
          "@type": [
            "schema:PriceSpecification",
            "PriceSpecification"
          ],
          "hasAudience": [
            {
              "@id": "kb:Adults",
              "@type": [
                "PeopleAudience"
              ],
              "rdfs:label": {
                "de": [
                  "Erwachsene"
                ],
                "pt": [
                  "Adultos"
                ],
                "en": [
                  "Adults"
                ],
                "it": [
                  "Adulti"
                ],
                "fr": [
                  "Adultes"
                ],
                "nl": [
                  "Volwassenen"
                ],
                "es": [
                  "Adultos"
                ]
              }
            }
          ],
          "hasEligibleAudience": [
            {
              "@id": "kb:Adults",
              "@type": [
                "PeopleAudience"
              ],
              "rdfs:label": {
                "de": [
                  "Erwachsene"
                ],
                "pt": [
                  "Adultos"
                ],
                "en": [
                  "Adults"
                ],
                "it": [
                  "Adulti"
                ],
                "fr": [
                  "Adultes"
                ],
                "nl": [
                  "Volwassenen"
                ],
                "es": [
                  "Adultos"
                ]
              }
            }
          ]
        }
      ],
      "@type": [
        "schema:Offer",
        "Offer"
      ]
    }
  ],
  "reducedMobilityAccess": false,
  "tourDistance": "57000.0"
}