{
  "@id": "https://data.datatourisme.fr/10/0037c361-4662-3bde-b1b3-6ac17d4e404d",
  "dc:identifier": "737000233",
  "@type": [
    "schema:Park",
    "CulturalSite",
    "ParkAndGarden",
    "PlaceOfInterest",
    "PointOfInterest"
  ],
  "rdfs:comment": {
    "de": [
      "Mit mehr als 12 000 Arten in Kultur ist der Botanische Garten Jean-Marie Pelt ein wahres Pflanzenmuseum, das den außergewöhnlichen Reichtum der Pflanzenwelt belegt.\n\nEr wurde ab 1975 im Südwesten des Großraums Nancy initiiert und hat sich zu einer der bedeutendsten botanischen Einrichtungen Frankreichs entwickelt.\n\nIm Herzen des 35 Hektar großen, hügeligen Parks bieten die verschiedenen Sammlungen zahlreiche Themen zum Entdecken und Staunen, von den gewöhnlichen Pflanzen unserer Gärten bis hin zu Arten, die aus den entferntesten Ländern stammen (Alpinum, Arboretum, Rosengarten, Heilpflanzen, historische und systematische Sammlungen ...).\n\nIn den 2 500 m² großen tropischen Gewächshäusern sorgt die üppige Vegetation für einen ständigen Tapetenwechsel. Ein einfacher Besuch verwandelt sich schnell in eine wahre Entdeckungsreise.\n\nEine neue Besuchs-App ermöglicht es, den Botanischen Garten auf spielerische und innovative Weise zu entdecken, indem sie Spiele, Videos und Augmented Reality auf vier verschiedenen Wegen (für Erwachsene und Kinder) kombiniert. Sie kann kostenlos auf Ihr Smartphone heruntergeladen werden oder ist auf Tablets verfügbar, die an der Rezeption des Gartens ausgeliehen werden können.\n\nMehrere Spezialsammlungen (Araceae, Orchidaceae, Sukkulenten, insekten- und myrmekophilen Pflanzen, Bromelien...) sind aufgrund ihrer Bedeutung und ihres Reichtums von der internationalen wissenschaftlichen Gemeinschaft anerkannt.\n\nGarten frei zugänglich - Zugang zu den tropischen Gewächshäusern kostenpflichtig"
    ],
    "en": [
      "With more than 12,000 species in cultivation, the Jean-Marie Pelt Botanical Garden is a veritable museum of plants that bears witness to the extraordinary richness of the plant world.\n\nInitiated in 1975 in the southwest of Nancy, it has become one of the most important botanical facilities in France.\n\nIn the heart of the 35-hectare hilly park, the various collections offer numerous themes of discovery and wonder, from the common plants of our gardens to species from the most distant lands (alpinum, arboretum, rose garden, medicinal plants, historical and systematic collections, etc.).\n\nIn the tropical greenhouses of 2,500 m², the exuberant vegetation offers a permanent change of scenery. A simple visit is quickly transformed into a real explorer's journey.\n\nA new visitor's application allows you to discover the Botanical Garden in a fun and innovative way by combining games, videos and augmented reality around 4 routes (adults and children). It can be downloaded for free on your smartphone or available on tablets for rent at the garden reception.\n\nSeveral specialized collections (Araceae, Orchidaceae, succulents, insectivorous and myrmecophilous plants, Bromeliads...) are recognized for their importance and richness by the international scientific community.\n\nFree access to the garden - access to the tropical greenhouses at a charge"
    ],
    "it": [
      "Con oltre 12.000 specie in coltivazione, il Giardino Botanico Jean-Marie Pelt è un vero e proprio museo di piante che testimonia la straordinaria ricchezza del mondo vegetale.\n\nIniziata nel 1975 a sud-ovest di Nancy, è diventata una delle strutture botaniche più importanti di Francia.\n\nNel cuore del parco collinare di 35 ettari, le varie collezioni offrono numerosi temi di scoperta e meraviglia, dalle piante comuni dei nostri giardini alle specie provenienti dalle terre più lontane (alpinum, arboreto, roseto, piante medicinali, collezioni storiche e sistematiche, ecc.)\n\nNelle serre tropicali di 2.500 m², l'esuberante vegetazione offre un cambio di scena permanente. Una semplice visita si trasforma rapidamente in un vero e proprio viaggio di esplorazione.\n\nUna nuova applicazione per i visitatori permette di scoprire l'Orto Botanico in modo divertente e innovativo, combinando giochi, video e realtà aumentata intorno a 4 percorsi (adulti e bambini). Può essere scaricato gratuitamente sul proprio smartphone o noleggiato su tablet alla reception del giardino.\n\nDiverse collezioni specializzate (Araceae, Orchidaceae, succulente, piante insettivore e mirmecofile, Bromelie, ecc.) sono riconosciute per la loro importanza e ricchezza dalla comunità scientifica internazionale.\n\nAccesso gratuito al giardino - accesso alle serre tropicali a pagamento"
    ],
    "fr": [
      "Avec plus de 12 000 espèces en culture, le Jardin Botanique Jean-Marie Pelt est un véritable musée des plantes qui témoigne de l’extraordinaire richesse du monde végétal.\n\nInitié à partir de 1975 au sud-ouest de l’agglomération nancéienne, il est devenu un des plus importants équipements botaniques français.\n\nAu cœur du parc vallonné de 35 hectares, les différentes collections proposent de nombreux thèmes de découverte et d’émerveillement, des plantes communes de nos jardins aux espèces originaires des contrées les plus lointaines (alpinum, arboretum, roseraie, plantes médicinales, collections historique et systématique ...).\n\nDans les serres tropicales de 2 500 m², la végétation exubérante offre un dépaysement permanent. Une simple visite se transforme vite en un véritable parcours d’explorateur.\n\nUne nouvelle application de visite permet de découvrir le Jardin Botanique de façon ludique et innovante en associant jeux, vidéos, et réalité augmentée autour de 4 parcours (adultes et enfants). Elle est téléchargeable gratuitement sur votre smartphone ou disponible sur des tablettes en location à l’accueil du jardin.\n\nPlusieurs collections spécialisées (Aracées, Orchidacées, plantes succulentes, insectivores et myrmécophiles, Broméliacées...) sont reconnues pour leur importance et leur richesse par la communauté scientifique internationale.\n\nJardin accessible gratuitement - accès aux serres tropicales payant"
    ],
    "nl": [
      "Met meer dan 12.000 soorten in cultuur is de botanische tuin Jean-Marie Pelt een waar plantenmuseum dat getuigt van de buitengewone rijkdom van de plantenwereld.\n\nIn 1975 begonnen in het zuidwesten van Nancy, is het uitgegroeid tot een van de belangrijkste botanische faciliteiten in Frankrijk.\n\nIn het hart van het 35 ha grote heuvelachtige park bieden de verschillende collecties talrijke thema's van ontdekking en verwondering, van de gewone planten van onze tuinen tot soorten uit de meest verre landen (alpinum, arboretum, rozentuin, geneeskrachtige planten, historische en systematische collecties, enz.)\n\nIn de 2.500 m² tropische serres biedt de uitbundige vegetatie een permanente verandering van omgeving. Een eenvoudig bezoek wordt al snel een echte ontdekkingsreis.\n\nMet een nieuwe bezoekersapplicatie kunt u de Botanische Tuin op een leuke en innovatieve manier ontdekken door spelletjes, video's en augmented reality te combineren rond 4 routes (volwassenen en kinderen). Het kan gratis worden gedownload op uw smartphone of gehuurd op tablets bij de tuinreceptie.\n\nVerschillende gespecialiseerde collecties (Araceae, Orchidaceae, vetplanten, insectenetende en myrmecofiele planten, Bromelia's, enz.) worden door de internationale wetenschappelijke gemeenschap erkend om hun belang en hun rijkdom.\n\nGratis toegang tot de tuin - toegang tot de tropische kassen tegen betaling"
    ],
    "es": [
      "Con más de 12.000 especies cultivadas, el Jardín Botánico Jean-Marie Pelt es un verdadero museo de plantas que da testimonio de la extraordinaria riqueza del mundo vegetal.\n\nIniciado en 1975 en el suroeste de Nancy, se ha convertido en una de las instalaciones botánicas más importantes de Francia.\n\nEn el corazón del parque de 35 hectáreas de colinas, las diferentes colecciones ofrecen numerosos temas de descubrimiento y asombro, desde las plantas comunes de nuestros jardines hasta las especies de las tierras más lejanas (alpinum, arboreto, rosaleda, plantas medicinales, colecciones históricas y sistemáticas, etc.).\n\nEn los invernaderos tropicales de 2.500 m², la exuberante vegetación ofrece un cambio de escenario permanente. Una simple visita se transforma rápidamente en un auténtico viaje de exploración.\n\nUna nueva aplicación para visitantes permite descubrir el Jardín Botánico de forma divertida e innovadora combinando juegos, vídeos y realidad aumentada en torno a 4 rutas (adultos y niños). Puede descargarse gratuitamente en su smartphone o alquilarse en tabletas en la recepción del jardín.\n\nVarias colecciones especializadas (Araceae, Orchidaceae, suculentas, plantas insectívoras y mirmecófilas, Bromelias, etc.) son reconocidas por su importancia y riqueza por la comunidad científica internacional.\n\nAcceso gratuito al jardín - acceso a los invernaderos tropicales con cargo"
    ]
  },
  "rdfs:label": {
    "fr": [
      "JARDIN BOTANIQUE JEAN MARIE PELT"
    ]
  },
  "owl:sameAs": [
    "http://www.wikidata.org/entity/Q3162424"
  ],
  "availableLanguage": [
    "en"
  ],
  "hasAudience": [
    {
      "@id": "kb:ForAll",
      "@type": [
        "PeopleAudience"
      ],
      "rdfs:label": {
        "de": [
          "Für alle"
        ],
        "pt": [
          "Para todos"
        ],
        "en": [
          "For all"
        ],
        "it": [
          "Per tutti"
        ],
        "fr": [
          "Tout public"
        ],
        "nl": [
          "Voor iedereen"
        ],
        "es": [
          "Todos los públicos"
        ]
      }
    },
    {
      "@id": "kb:Groups",
      "@type": [
        "PeopleAudience"
      ],
      "rdfs:label": {
        "de": [
          "Gruppen"
        ],
        "pt": [
          "Grupos"
        ],
        "en": [
          "Groups"
        ],
        "it": [
          "Gruppi"
        ],
        "fr": [
          "Groupes"
        ],
        "es": [
          "Grupos"
        ],
        "nl": [
          "Groepen"
        ]
      }
    }
  ],
  "hasBeenCreatedBy": {
    "@id": "https://data.datatourisme.fr/10/a5cdd4aa-0048-3187-b718-2f1b9ce7a6a7",
    "dc:identifier": "737",
    "schema:legalName": "DESTINATION NANCY",
    "@type": [
      "schema:Organization",
      "foaf:Agent",
      "Agent"
    ]
  },
  "hasBeenPublishedBy": [
    {
      "@id": "https://data.datatourisme.fr/39f8abf8-1828-3176-97f2-cfb47d18656a",
      "schema:email": [
        "contact@sitlorpro.com"
      ],
      "schema:legalName": "Système d'information touristique Lorrain",
      "schema:logo": "http://www.sitlorpro.com/wp-content/uploads/sites/12/2016/03/logo-sitlor-blanc-fond-couleur.jpg",
      "@type": [
        "schema:Organization",
        "foaf:Agent",
        "Agent"
      ],
      "foaf:homepage": [
        "http://www.sitlorpro.com/"
      ]
    }
  ],
  "hasClientTarget": [
    {
      "@id": "kb:ForAll",
      "@type": [
        "PeopleAudience"
      ],
      "rdfs:label": {
        "de": [
          "Für alle"
        ],
        "pt": [
          "Para todos"
        ],
        "en": [
          "For all"
        ],
        "it": [
          "Per tutti"
        ],
        "fr": [
          "Tout public"
        ],
        "nl": [
          "Voor iedereen"
        ],
        "es": [
          "Todos los públicos"
        ]
      }
    },
    {
      "@id": "kb:Groups",
      "@type": [
        "PeopleAudience"
      ],
      "rdfs:label": {
        "de": [
          "Gruppen"
        ],
        "pt": [
          "Grupos"
        ],
        "en": [
          "Groups"
        ],
        "it": [
          "Gruppi"
        ],
        "fr": [
          "Groupes"
        ],
        "es": [
          "Grupos"
        ],
        "nl": [
          "Groepen"
        ]
      }
    }
  ],
  "hasContact": [
    {
      "@id": "https://data.datatourisme.fr/4bd8c137-a1fb-37cb-97de-687150f98863",
      "schema:email": [
        "accueilcjbn@grand-nancy.org"
      ],
      "schema:telephone": [
        "+33 3 83 41 47 47"
      ],
      "@type": [
        "foaf:Agent",
        "Agent"
      ],
      "foaf:homepage": [
        "http://www.jardinbotaniquedenancy.eu/"
      ]
    }
  ],
  "hasDescription": [
    {
      "@id": "https://data.datatourisme.fr/34cabf86-2d97-39e7-bb1e-7bfe74eeabfb",
      "@type": [
        "Description"
      ],
      "hasTranslatedProperty": [
        {
          "@id": "https://data.datatourisme.fr/7855825d-44d7-3b8f-a14c-4c3f77eb2df1",
          "dc:contributor": [
            "https://api.deepl.com/v2/translate"
          ],
          "rdf:language": [
            "de"
          ],
          "rdf:predicate": [
            "shortDescription"
          ]
        },
        {
          "@id": "https://data.datatourisme.fr/7ea8f6ff-77fd-371d-8a57-8128b85f4174",
          "dc:contributor": [
            "https://api.deepl.com/v2/translate"
          ],
          "rdf:language": [
            "es"
          ],
          "rdf:predicate": [
            "shortDescription"
          ]
        },
        {
          "@id": "https://data.datatourisme.fr/ab983a60-1e08-30cf-9c82-6bf9dc76234d",
          "dc:contributor": [
            "https://api.deepl.com/v2/translate"
          ],
          "rdf:language": [
            "nl"
          ],
          "rdf:predicate": [
            "shortDescription"
          ]
        },
        {
          "@id": "https://data.datatourisme.fr/b9f5f1bf-958f-3e04-b899-c99e0e69a5de",
          "dc:contributor": [
            "https://api.deepl.com/v2/translate"
          ],
          "rdf:language": [
            "it"
          ],
          "rdf:predicate": [
            "shortDescription"
          ]
        },
        {
          "@id": "https://data.datatourisme.fr/ece069c9-7d66-325d-9711-0c179240ed87",
          "dc:contributor": [
            "https://api.deepl.com/v2/translate"
          ],
          "rdf:language": [
            "en"
          ],
          "rdf:predicate": [
            "shortDescription"
          ]
        }
      ],
      "shortDescription": {
        "de": [
          "Mit mehr als 12 000 Arten in Kultur ist der Botanische Garten Jean-Marie Pelt ein wahres Pflanzenmuseum, das den außergewöhnlichen Reichtum der Pflanzenwelt belegt.\n\nEr wurde ab 1975 im Südwesten des Großraums Nancy initiiert und hat sich zu einer der bedeutendsten botanischen Einrichtungen Frankreichs entwickelt.\n\nIm Herzen des 35 Hektar großen, hügeligen Parks bieten die verschiedenen Sammlungen zahlreiche Themen zum Entdecken und Staunen, von den gewöhnlichen Pflanzen unserer Gärten bis hin zu Arten, die aus den entferntesten Ländern stammen (Alpinum, Arboretum, Rosengarten, Heilpflanzen, historische und systematische Sammlungen ...).\n\nIn den 2 500 m² großen tropischen Gewächshäusern sorgt die üppige Vegetation für einen ständigen Tapetenwechsel. Ein einfacher Besuch verwandelt sich schnell in eine wahre Entdeckungsreise.\n\nEine neue Besuchs-App ermöglicht es, den Botanischen Garten auf spielerische und innovative Weise zu entdecken, indem sie Spiele, Videos und Augmented Reality auf vier verschiedenen Wegen (für Erwachsene und Kinder) kombiniert. Sie kann kostenlos auf Ihr Smartphone heruntergeladen werden oder ist auf Tablets verfügbar, die an der Rezeption des Gartens ausgeliehen werden können.\n\nMehrere Spezialsammlungen (Araceae, Orchidaceae, Sukkulenten, insekten- und myrmekophilen Pflanzen, Bromelien...) sind aufgrund ihrer Bedeutung und ihres Reichtums von der internationalen wissenschaftlichen Gemeinschaft anerkannt.\n\nGarten frei zugänglich - Zugang zu den tropischen Gewächshäusern kostenpflichtig"
        ],
        "en": [
          "With more than 12,000 species in cultivation, the Jean-Marie Pelt Botanical Garden is a veritable museum of plants that bears witness to the extraordinary richness of the plant world.\n\nInitiated in 1975 in the southwest of Nancy, it has become one of the most important botanical facilities in France.\n\nIn the heart of the 35-hectare hilly park, the various collections offer numerous themes of discovery and wonder, from the common plants of our gardens to species from the most distant lands (alpinum, arboretum, rose garden, medicinal plants, historical and systematic collections, etc.).\n\nIn the tropical greenhouses of 2,500 m², the exuberant vegetation offers a permanent change of scenery. A simple visit is quickly transformed into a real explorer's journey.\n\nA new visitor's application allows you to discover the Botanical Garden in a fun and innovative way by combining games, videos and augmented reality around 4 routes (adults and children). It can be downloaded for free on your smartphone or available on tablets for rent at the garden reception.\n\nSeveral specialized collections (Araceae, Orchidaceae, succulents, insectivorous and myrmecophilous plants, Bromeliads...) are recognized for their importance and richness by the international scientific community.\n\nFree access to the garden - access to the tropical greenhouses at a charge"
        ],
        "it": [
          "Con oltre 12.000 specie in coltivazione, il Giardino Botanico Jean-Marie Pelt è un vero e proprio museo di piante che testimonia la straordinaria ricchezza del mondo vegetale.\n\nIniziata nel 1975 a sud-ovest di Nancy, è diventata una delle strutture botaniche più importanti di Francia.\n\nNel cuore del parco collinare di 35 ettari, le varie collezioni offrono numerosi temi di scoperta e meraviglia, dalle piante comuni dei nostri giardini alle specie provenienti dalle terre più lontane (alpinum, arboreto, roseto, piante medicinali, collezioni storiche e sistematiche, ecc.)\n\nNelle serre tropicali di 2.500 m², l'esuberante vegetazione offre un cambio di scena permanente. Una semplice visita si trasforma rapidamente in un vero e proprio viaggio di esplorazione.\n\nUna nuova applicazione per i visitatori permette di scoprire l'Orto Botanico in modo divertente e innovativo, combinando giochi, video e realtà aumentata intorno a 4 percorsi (adulti e bambini). Può essere scaricato gratuitamente sul proprio smartphone o noleggiato su tablet alla reception del giardino.\n\nDiverse collezioni specializzate (Araceae, Orchidaceae, succulente, piante insettivore e mirmecofile, Bromelie, ecc.) sono riconosciute per la loro importanza e ricchezza dalla comunità scientifica internazionale.\n\nAccesso gratuito al giardino - accesso alle serre tropicali a pagamento"
        ],
        "fr": [
          "Avec plus de 12 000 espèces en culture, le Jardin Botanique Jean-Marie Pelt est un véritable musée des plantes qui témoigne de l’extraordinaire richesse du monde végétal.\n\nInitié à partir de 1975 au sud-ouest de l’agglomération nancéienne, il est devenu un des plus importants équipements botaniques français.\n\nAu cœur du parc vallonné de 35 hectares, les différentes collections proposent de nombreux thèmes de découverte et d’émerveillement, des plantes communes de nos jardins aux espèces originaires des contrées les plus lointaines (alpinum, arboretum, roseraie, plantes médicinales, collections historique et systématique ...).\n\nDans les serres tropicales de 2 500 m², la végétation exubérante offre un dépaysement permanent. Une simple visite se transforme vite en un véritable parcours d’explorateur.\n\nUne nouvelle application de visite permet de découvrir le Jardin Botanique de façon ludique et innovante en associant jeux, vidéos, et réalité augmentée autour de 4 parcours (adultes et enfants). Elle est téléchargeable gratuitement sur votre smartphone ou disponible sur des tablettes en location à l’accueil du jardin.\n\nPlusieurs collections spécialisées (Aracées, Orchidacées, plantes succulentes, insectivores et myrmécophiles, Broméliacées...) sont reconnues pour leur importance et leur richesse par la communauté scientifique internationale.\n\nJardin accessible gratuitement - accès aux serres tropicales payant"
        ],
        "nl": [
          "Met meer dan 12.000 soorten in cultuur is de botanische tuin Jean-Marie Pelt een waar plantenmuseum dat getuigt van de buitengewone rijkdom van de plantenwereld.\n\nIn 1975 begonnen in het zuidwesten van Nancy, is het uitgegroeid tot een van de belangrijkste botanische faciliteiten in Frankrijk.\n\nIn het hart van het 35 ha grote heuvelachtige park bieden de verschillende collecties talrijke thema's van ontdekking en verwondering, van de gewone planten van onze tuinen tot soorten uit de meest verre landen (alpinum, arboretum, rozentuin, geneeskrachtige planten, historische en systematische collecties, enz.)\n\nIn de 2.500 m² tropische serres biedt de uitbundige vegetatie een permanente verandering van omgeving. Een eenvoudig bezoek wordt al snel een echte ontdekkingsreis.\n\nMet een nieuwe bezoekersapplicatie kunt u de Botanische Tuin op een leuke en innovatieve manier ontdekken door spelletjes, video's en augmented reality te combineren rond 4 routes (volwassenen en kinderen). Het kan gratis worden gedownload op uw smartphone of gehuurd op tablets bij de tuinreceptie.\n\nVerschillende gespecialiseerde collecties (Araceae, Orchidaceae, vetplanten, insectenetende en myrmecofiele planten, Bromelia's, enz.) worden door de internationale wetenschappelijke gemeenschap erkend om hun belang en hun rijkdom.\n\nGratis toegang tot de tuin - toegang tot de tropische kassen tegen betaling"
        ],
        "es": [
          "Con más de 12.000 especies cultivadas, el Jardín Botánico Jean-Marie Pelt es un verdadero museo de plantas que da testimonio de la extraordinaria riqueza del mundo vegetal.\n\nIniciado en 1975 en el suroeste de Nancy, se ha convertido en una de las instalaciones botánicas más importantes de Francia.\n\nEn el corazón del parque de 35 hectáreas de colinas, las diferentes colecciones ofrecen numerosos temas de descubrimiento y asombro, desde las plantas comunes de nuestros jardines hasta las especies de las tierras más lejanas (alpinum, arboreto, rosaleda, plantas medicinales, colecciones históricas y sistemáticas, etc.).\n\nEn los invernaderos tropicales de 2.500 m², la exuberante vegetación ofrece un cambio de escenario permanente. Una simple visita se transforma rápidamente en un auténtico viaje de exploración.\n\nUna nueva aplicación para visitantes permite descubrir el Jardín Botánico de forma divertida e innovadora combinando juegos, vídeos y realidad aumentada en torno a 4 rutas (adultos y niños). Puede descargarse gratuitamente en su smartphone o alquilarse en tabletas en la recepción del jardín.\n\nVarias colecciones especializadas (Araceae, Orchidaceae, suculentas, plantas insectívoras y mirmecófilas, Bromelias, etc.) son reconocidas por su importancia y riqueza por la comunidad científica internacional.\n\nAcceso gratuito al jardín - acceso a los invernaderos tropicales con cargo"
        ]
      }
    }
  ],
  "hasFeature": [
    {
      "@id": "https://data.datatourisme.fr/75a0123d-886a-3aa7-b825-df8ce4f16210",
      "@type": [
        "schema:PropertyValue",
        "FeatureSpecification"
      ],
      "features": [
        {
          "@id": "kb:Shop",
          "@type": [
            "CommonAmenity"
          ],
          "rdfs:label": {
            "de": [
              "Laden"
            ],
            "pt": [
              "Loja"
            ],
            "en": [
              "Shop"
            ],
            "it": [
              "Negozio"
            ],
            "fr": [
              "Boutique"
            ],
            "nl": [
              "Winkel"
            ],
            "es": [
              "Tienda"
            ]
          }
        }
      ]
    }
  ],
  "hasRepresentation": [
    {
      "@id": "https://data.datatourisme.fr/5b855a9f-17af-3963-916f-afd65a715fc6",
      "ebucore:hasAnnotation": [
        {
          "@id": "https://data.datatourisme.fr/e28eddc0-058a-359b-90f4-34c73b1744c8",
          "ebucore:isCoveredBy": "CC BY-SA 2.0",
          "ebucore:title": {
            "fr": [
              "Jardin botanique du Montet - chapelle Sainte-Valérie et alpinum"
            ]
          },
          "@type": [
            "ebucore:Annotation"
          ],
          "credits": [
            "<a rel=\"nofollow\" class=\"external text\" href=\"https://www.flickr.com/people/32569229@N06\">Alexandre Prévot</a> from Nancy, France"
          ]
        }
      ],
      "ebucore:hasRelatedResource": [
        {
          "@id": "https://data.datatourisme.fr/ab17027d-54fb-3bc7-ab02-8b1ea256b054",
          "ebucore:fileSize": [
            5791179
          ],
          "ebucore:hasMimeType": [
            {
              "@id": "kb:JPEG",
              "@type": [
                "ebucore:MimeType"
              ],
              "rdfs:comment": {
                "de": [
                  "JPEG-Bild"
                ],
                "pt": [
                  "Imagem JPEG"
                ],
                "en": [
                  "JPEG image file"
                ],
                "it": [
                  "Immagine JPEG"
                ],
                "fr": [
                  "Image JPEG"
                ],
                "nl": [
                  "JPEG-afbeelding"
                ],
                "es": [
                  "Imagen JPEG"
                ]
              },
              "rdfs:label": {
                "de": [
                  "image/jpeg"
                ],
                "pt": [
                  "image/jpeg"
                ],
                "en": [
                  "image/jpeg"
                ],
                "it": [
                  "image/jpeg"
                ],
                "fr": [
                  "image/jpeg"
                ],
                "nl": [
                  "image/jpeg"
                ],
                "es": [
                  "image/jpeg"
                ]
              }
            }
          ],
          "ebucore:height": 3072,
          "ebucore:locator": [
            "https://upload.wikimedia.org/wikipedia/commons/a/af/Jardin_botanique_du_Montet_-_chapelle_Sainte-Val%C3%A9rie_et_alpinum.jpg"
          ],
          "ebucore:width": 4608,
          "@type": [
            "ebucore:Resource"
          ]
        }
      ],
      "@type": [
        "ebucore:EditorialObject"
      ]
    }
  ],
  "hasReview": [
    {
      "@id": "https://data.datatourisme.fr/223dc7e9-0f4d-3f25-85f2-a605c9c059d3",
      "@type": [
        "Review"
      ],
      "hasReviewValue": {
        "@id": "kb:LabelRating_OutstandingGarden",
        "@type": [
          "LabelRating"
        ],
        "rdfs:label": {
          "de": [
            "Jardin remarquable (Bemerkenswerter Garten)"
          ],
          "pt": [
            "Jardim emblemático"
          ],
          "en": [
            "Outstanding garden"
          ],
          "it": [
            "Giardino d'interesse"
          ],
          "fr": [
            "Jardin remarquable"
          ],
          "es": [
            "Jardín emblemático"
          ],
          "nl": [
            "Bijzondere tuin"
          ]
        },
        "isCompliantWith": [
          "CulturalSite"
        ]
      }
    }
  ],
  "hasTheme": [
    {
      "@id": "kb:Arboretum",
      "@type": [
        "ParkAndGardenTheme"
      ],
      "rdfs:label": {
        "de": [
          "Arboretum"
        ],
        "pt": [
          "Arboreto"
        ],
        "en": [
          "Arboretum"
        ],
        "it": [
          "Arboreto"
        ],
        "fr": [
          "Arboretum"
        ],
        "nl": [
          "Arboretum"
        ],
        "es": [
          "Arboreto"
        ]
      }
    },
    {
      "@id": "kb:BotanicalGarden",
      "@type": [
        "ParkAndGardenTheme"
      ],
      "rdfs:label": {
        "de": [
          "Botanischer Garten"
        ],
        "pt": [
          "Jardim botânico"
        ],
        "en": [
          "Botanical garden"
        ],
        "it": [
          "Giardino botanico"
        ],
        "fr": [
          "Jardin botanique"
        ],
        "es": [
          "Jardín botánico"
        ],
        "nl": [
          "Botanische tuin"
        ]
      }
    }
  ],
  "hasTranslatedProperty": [
    {
      "@id": "https://data.datatourisme.fr/27c3be4b-0afb-34be-b3c8-da8d55b0bbf3",
      "dc:contributor": [
        "https://api.deepl.com/v2/translate"
      ],
      "rdf:language": [
        "es"
      ],
      "rdf:predicate": [
        {
          "@id": "rdfs:comment"
        }
      ]
    },
    {
      "@id": "https://data.datatourisme.fr/28add7ee-9e03-3878-bf43-fbd3162d8cb5",
      "dc:contributor": [
        "https://api.deepl.com/v2/translate"
      ],
      "rdf:language": [
        "it"
      ],
      "rdf:predicate": [
        {
          "@id": "rdfs:comment"
        }
      ]
    },
    {
      "@id": "https://data.datatourisme.fr/78f171c2-5514-3c7c-863e-f34d5c289b05",
      "dc:contributor": [
        "https://api.deepl.com/v2/translate"
      ],
      "rdf:language": [
        "nl"
      ],
      "rdf:predicate": [
        {
          "@id": "rdfs:comment"
        }
      ]
    },
    {
      "@id": "https://data.datatourisme.fr/863c1f3f-af65-3986-aba9-5ed155c50aca",
      "dc:contributor": [
        "https://api.deepl.com/v2/translate"
      ],
      "rdf:language": [
        "de"
      ],
      "rdf:predicate": [
        {
          "@id": "rdfs:comment"
        }
      ]
    },
    {
      "@id": "https://data.datatourisme.fr/9b7748e7-a05d-3d7b-98b6-58f29366774d",
      "dc:contributor": [
        "https://api.deepl.com/v2/translate"
      ],
      "rdf:language": [
        "en"
      ],
      "rdf:predicate": [
        {
          "@id": "rdfs:comment"
        }
      ]
    }
  ],
  "isLocatedAt": [
    {
      "@id": "https://data.datatourisme.fr/a2c58391-5266-3948-841b-703cfe345f6a",
      "schema:address": [
        {
          "@id": "https://data.datatourisme.fr/4a73d8c3-1d7b-3bcd-989a-02788ce61440",
          "schema:addressLocality": "Villers-lès-Nancy",
          "schema:postalCode": "54600",
          "schema:streetAddress": [
            "100 Rue du Jardin Botanique"
          ],
          "@type": [
            "schema:PostalAddress",
            "PostalAddress"
          ],
          "hasAddressCity": {
            "@id": "kb:54578",
            "@type": [
              "City"
            ],
            "rdfs:label": {
              "de": [
                "Villers-lès-Nancy"
              ],
              "pt": [
                "Villers-lès-Nancy"
              ],
              "en": [
                "Villers-lès-Nancy"
              ],
              "it": [
                "Villers-lès-Nancy"
              ],
              "fr": [
                "Villers-lès-Nancy"
              ],
              "nl": [
                "Villers-lès-Nancy"
              ],
              "es": [
                "Villers-lès-Nancy"
              ]
            },
            "insee": "54578",
            "isPartOfDepartment": {
              "@id": "kb:France4454",
              "@type": [
                "Department"
              ],
              "rdfs:label": {
                "de": [
                  "Meurthe-et-Moselle"
                ],
                "pt": [
                  "Meurthe-et-Moselle"
                ],
                "en": [
                  "Meurthe-et-Moselle"
                ],
                "it": [
                  "Meurthe-et-Moselle"
                ],
                "fr": [
                  "Meurthe-et-Moselle"
                ],
                "nl": [
                  "Meurthe-et-Moselle"
                ],
                "es": [
                  "Meurthe-et-Moselle"
                ]
              },
              "insee": "54",
              "isPartOfRegion": {
                "@id": "kb:France44",
                "@type": [
                  "Region"
                ],
                "rdfs:label": {
                  "de": [
                    "Grand Est"
                  ],
                  "pt": [
                    "Grand Est"
                  ],
                  "en": [
                    "Grand Est"
                  ],
                  "it": [
                    "Grand Est"
                  ],
                  "fr": [
                    "Grand Est"
                  ],
                  "nl": [
                    "Grand Est"
                  ],
                  "es": [
                    "Grand Est"
                  ]
                },
                "insee": "44",
                "isPartOfCountry": {
                  "@id": "kb:France",
                  "@type": [
                    "schema:Country"
                  ],
                  "rdfs:label": {
                    "de": [
                      "France",
                      "Frankreich"
                    ],
                    "pt": [
                      "França",
                      "France"
                    ],
                    "en": [
                      "France"
                    ],
                    "it": [
                      "France",
                      "Francia"
                    ],
                    "fr": [
                      "France"
                    ],
                    "nl": [
                      "France",
                      "Frankrijk"
                    ],
                    "es": [
                      "France",
                      "Francia"
                    ]
                  }
                }
              }
            }
          }
        }
      ],
      "schema:geo": {
        "@id": "https://data.datatourisme.fr/caf751a5-191a-32bc-936f-4223eeb9986c",
        "schema:latitude": "48.66289762",
        "schema:longitude": "6.1553688",
        "@type": [
          "schema:GeoCoordinates"
        ]
      },
      "schema:openingHoursSpecification": [
        {
          "@id": "https://data.datatourisme.fr/1fc7a5ba-0ee0-3a06-a081-131a373586f6",
          "schema:closes": "12:00:00",
          "schema:dayOfWeek": [
            {
              "@id": "schema:Friday",
              "@type": [
                "schema:DayOfWeek"
              ],
              "rdfs:label": {
                "de": [
                  "Freitag"
                ],
                "pt": [
                  "Sexta-feira"
                ],
                "en": [
                  "Friday"
                ],
                "it": [
                  "Venerdì"
                ],
                "fr": [
                  "Vendredi"
                ],
                "nl": [
                  "Vrijdag"
                ],
                "es": [
                  "Viernes"
                ]
              }
            },
            {
              "@id": "schema:Monday",
              "@type": [
                "schema:DayOfWeek"
              ],
              "rdfs:label": {
                "de": [
                  "Montag"
                ],
                "pt": [
                  "Segunda-feira"
                ],
                "en": [
                  "Monday"
                ],
                "it": [
                  "Lunedì"
                ],
                "fr": [
                  "Lundi"
                ],
                "nl": [
                  "Maandag"
                ],
                "es": [
                  "Lunes"
                ]
              }
            },
            {
              "@id": "schema:Saturday",
              "@type": [
                "schema:DayOfWeek"
              ],
              "rdfs:label": {
                "de": [
                  "Samstag"
                ],
                "pt": [
                  "Sábado"
                ],
                "en": [
                  "Saturday"
                ],
                "it": [
                  "Sabato"
                ],
                "fr": [
                  "Samedi"
                ],
                "nl": [
                  "Zaterdag"
                ],
                "es": [
                  "Sábado"
                ]
              }
            },
            {
              "@id": "schema:Sunday",
              "@type": [
                "schema:DayOfWeek"
              ],
              "rdfs:label": {
                "de": [
                  "Sonntag"
                ],
                "pt": [
                  "Domingo"
                ],
                "en": [
                  "Sunday"
                ],
                "it": [
                  "Domenica"
                ],
                "fr": [
                  "Dimanche"
                ],
                "nl": [
                  "Zondag"
                ],
                "es": [
                  "Domingo"
                ]
              }
            },
            {
              "@id": "schema:Thursday",
              "@type": [
                "schema:DayOfWeek"
              ],
              "rdfs:label": {
                "de": [
                  "Donnerstag"
                ],
                "pt": [
                  "Quinta-feira"
                ],
                "en": [
                  "Thursday"
                ],
                "it": [
                  "Giovedì"
                ],
                "fr": [
                  "Jeudi"
                ],
                "es": [
                  "Jueves"
                ],
                "nl": [
                  "Donderdag"
                ]
              }
            },
            {
              "@id": "schema:Tuesday",
              "@type": [
                "schema:DayOfWeek"
              ],
              "rdfs:label": {
                "de": [
                  "Dienstag"
                ],
                "pt": [
                  "Terça-feira"
                ],
                "en": [
                  "Tuesday"
                ],
                "it": [
                  "Martedì"
                ],
                "fr": [
                  "Mardi"
                ],
                "es": [
                  "Martes"
                ],
                "nl": [
                  "Dinsdag"
                ]
              }
            },
            {
              "@id": "schema:Wednesday",
              "@type": [
                "schema:DayOfWeek"
              ],
              "rdfs:label": {
                "de": [
                  "Mittwoch"
                ],
                "pt": [
                  "Quarta-feira"
                ],
                "en": [
                  "Wednesday"
                ],
                "it": [
                  "Mercoledì"
                ],
                "fr": [
                  "Mercredi"
                ],
                "nl": [
                  "Woensdag"
                ],
                "es": [
                  "Miércoles"
                ]
              }
            }
          ],
          "schema:opens": "09:30:00",
          "schema:validFrom": "2023-11-01T00:00:00",
          "schema:validThrough": "2024-03-31T23:59:59",
          "@type": [
            "schema:OpeningHoursSpecification"
          ]
        },
        {
          "@id": "https://data.datatourisme.fr/c170a86d-24a3-3468-ba37-3062355cd7e1",
          "schema:closes": "18:00:00",
          "schema:dayOfWeek": [
            {
              "@id": "schema:Friday",
              "@type": [
                "schema:DayOfWeek"
              ],
              "rdfs:label": {
                "de": [
                  "Freitag"
                ],
                "pt": [
                  "Sexta-feira"
                ],
                "en": [
                  "Friday"
                ],
                "it": [
                  "Venerdì"
                ],
                "fr": [
                  "Vendredi"
                ],
                "nl": [
                  "Vrijdag"
                ],
                "es": [
                  "Viernes"
                ]
              }
            },
            {
              "@id": "schema:Monday",
              "@type": [
                "schema:DayOfWeek"
              ],
              "rdfs:label": {
                "de": [
                  "Montag"
                ],
                "pt": [
                  "Segunda-feira"
                ],
                "en": [
                  "Monday"
                ],
                "it": [
                  "Lunedì"
                ],
                "fr": [
                  "Lundi"
                ],
                "nl": [
                  "Maandag"
                ],
                "es": [
                  "Lunes"
                ]
              }
            },
            {
              "@id": "schema:Saturday",
              "@type": [
                "schema:DayOfWeek"
              ],
              "rdfs:label": {
                "de": [
                  "Samstag"
                ],
                "pt": [
                  "Sábado"
                ],
                "en": [
                  "Saturday"
                ],
                "it": [
                  "Sabato"
                ],
                "fr": [
                  "Samedi"
                ],
                "nl": [
                  "Zaterdag"
                ],
                "es": [
                  "Sábado"
                ]
              }
            },
            {
              "@id": "schema:Sunday",
              "@type": [
                "schema:DayOfWeek"
              ],
              "rdfs:label": {
                "de": [
                  "Sonntag"
                ],
                "pt": [
                  "Domingo"
                ],
                "en": [
                  "Sunday"
                ],
                "it": [
                  "Domenica"
                ],
                "fr": [
                  "Dimanche"
                ],
                "nl": [
                  "Zondag"
                ],
                "es": [
                  "Domingo"
                ]
              }
            },
            {
              "@id": "schema:Thursday",
              "@type": [
                "schema:DayOfWeek"
              ],
              "rdfs:label": {
                "de": [
                  "Donnerstag"
                ],
                "pt": [
                  "Quinta-feira"
                ],
                "en": [
                  "Thursday"
                ],
                "it": [
                  "Giovedì"
                ],
                "fr": [
                  "Jeudi"
                ],
                "es": [
                  "Jueves"
                ],
                "nl": [
                  "Donderdag"
                ]
              }
            },
            {
              "@id": "schema:Tuesday",
              "@type": [
                "schema:DayOfWeek"
              ],
              "rdfs:label": {
                "de": [
                  "Dienstag"
                ],
                "pt": [
                  "Terça-feira"
                ],
                "en": [
                  "Tuesday"
                ],
                "it": [
                  "Martedì"
                ],
                "fr": [
                  "Mardi"
                ],
                "es": [
                  "Martes"
                ],
                "nl": [
                  "Dinsdag"
                ]
              }
            },
            {
              "@id": "schema:Wednesday",
              "@type": [
                "schema:DayOfWeek"
              ],
              "rdfs:label": {
                "de": [
                  "Mittwoch"
                ],
                "pt": [
                  "Quarta-feira"
                ],
                "en": [
                  "Wednesday"
                ],
                "it": [
                  "Mercoledì"
                ],
                "fr": [
                  "Mercredi"
                ],
                "nl": [
                  "Woensdag"
                ],
                "es": [
                  "Miércoles"
                ]
              }
            }
          ],
          "schema:opens": "09:30:00",
          "schema:validFrom": "2023-04-01T00:00:00",
          "schema:validThrough": "2023-10-31T23:59:59",
          "@type": [
            "schema:OpeningHoursSpecification"
          ]
        },
        {
          "@id": "https://data.datatourisme.fr/c301b3ab-be38-3131-943d-a8e16a4ca85e",
          "schema:closes": "17:00:00",
          "schema:dayOfWeek": [
            {
              "@id": "schema:Friday",
              "@type": [
                "schema:DayOfWeek"
              ],
              "rdfs:label": {
                "de": [
                  "Freitag"
                ],
                "pt": [
                  "Sexta-feira"
                ],
                "en": [
                  "Friday"
                ],
                "it": [
                  "Venerdì"
                ],
                "fr": [
                  "Vendredi"
                ],
                "nl": [
                  "Vrijdag"
                ],
                "es": [
                  "Viernes"
                ]
              }
            },
            {
              "@id": "schema:Monday",
              "@type": [
                "schema:DayOfWeek"
              ],
              "rdfs:label": {
                "de": [
                  "Montag"
                ],
                "pt": [
                  "Segunda-feira"
                ],
                "en": [
                  "Monday"
                ],
                "it": [
                  "Lunedì"
                ],
                "fr": [
                  "Lundi"
                ],
                "nl": [
                  "Maandag"
                ],
                "es": [
                  "Lunes"
                ]
              }
            },
            {
              "@id": "schema:Saturday",
              "@type": [
                "schema:DayOfWeek"
              ],
              "rdfs:label": {
                "de": [
                  "Samstag"
                ],
                "pt": [
                  "Sábado"
                ],
                "en": [
                  "Saturday"
                ],
                "it": [
                  "Sabato"
                ],
                "fr": [
                  "Samedi"
                ],
                "nl": [
                  "Zaterdag"
                ],
                "es": [
                  "Sábado"
                ]
              }
            },
            {
              "@id": "schema:Sunday",
              "@type": [
                "schema:DayOfWeek"
              ],
              "rdfs:label": {
                "de": [
                  "Sonntag"
                ],
                "pt": [
                  "Domingo"
                ],
                "en": [
                  "Sunday"
                ],
                "it": [
                  "Domenica"
                ],
                "fr": [
                  "Dimanche"
                ],
                "nl": [
                  "Zondag"
                ],
                "es": [
                  "Domingo"
                ]
              }
            },
            {
              "@id": "schema:Thursday",
              "@type": [
                "schema:DayOfWeek"
              ],
              "rdfs:label": {
                "de": [
                  "Donnerstag"
                ],
                "pt": [
                  "Quinta-feira"
                ],
                "en": [
                  "Thursday"
                ],
                "it": [
                  "Giovedì"
                ],
                "fr": [
                  "Jeudi"
                ],
                "es": [
                  "Jueves"
                ],
                "nl": [
                  "Donderdag"
                ]
              }
            },
            {
              "@id": "schema:Tuesday",
              "@type": [
                "schema:DayOfWeek"
              ],
              "rdfs:label": {
                "de": [
                  "Dienstag"
                ],
                "pt": [
                  "Terça-feira"
                ],
                "en": [
                  "Tuesday"
                ],
                "it": [
                  "Martedì"
                ],
                "fr": [
                  "Mardi"
                ],
                "es": [
                  "Martes"
                ],
                "nl": [
                  "Dinsdag"
                ]
              }
            },
            {
              "@id": "schema:Wednesday",
              "@type": [
                "schema:DayOfWeek"
              ],
              "rdfs:label": {
                "de": [
                  "Mittwoch"
                ],
                "pt": [
                  "Quarta-feira"
                ],
                "en": [
                  "Wednesday"
                ],
                "it": [
                  "Mercoledì"
                ],
                "fr": [
                  "Mercredi"
                ],
                "nl": [
                  "Woensdag"
                ],
                "es": [
                  "Miércoles"
                ]
              }
            }
          ],
          "schema:opens": "13:00:00",
          "schema:validFrom": "2023-11-01T00:00:00",
          "schema:validThrough": "2024-03-31T23:59:59",
          "@type": [
            "schema:OpeningHoursSpecification"
          ]
        }
      ],
      "@type": [
        "schema:Place",
        "Place"
      ],
      "petsAllowed": false
    }
  ],
  "lastUpdate": "2022-12-05",
  "lastUpdateDatatourisme": "2023-04-21T15:55:23.856Z",
  "offers": [
    {
      "@id": "https://data.datatourisme.fr/d986e0e5-8d73-3e81-a5fd-714298916aa2",
      "schema:acceptedPaymentMethod": [
        {
          "@id": "kb:Cash",
          "@type": [
            "schema:PaymentMethod"
          ],
          "rdfs:label": {
            "de": [
              "Art"
            ],
            "pt": [
              "Espécie"
            ],
            "en": [
              "Cash"
            ],
            "it": [
              "Contanti"
            ],
            "fr": [
              "Espèce"
            ],
            "es": [
              "Especie"
            ],
            "nl": [
              "Contant"
            ]
          }
        },
        {
          "@id": "kb:Check",
          "@type": [
            "schema:PaymentMethod"
          ],
          "rdfs:label": {
            "de": [
              "Scheck"
            ],
            "pt": [
              "Cheque"
            ],
            "en": [
              "Check"
            ],
            "it": [
              "Assegno"
            ],
            "fr": [
              "Chèque"
            ],
            "nl": [
              "Cheque"
            ],
            "es": [
              "Cheque"
            ]
          }
        },
        {
          "@id": "kb:FrenchBonsCAF",
          "@type": [
            "schema:PaymentMethod"
          ],
          "rdfs:label": {
            "de": [
              "Familiengutscheine"
            ],
            "pt": [
              "Vales CAF (caixa de abonos de família)"
            ],
            "en": [
              "French bons caf"
            ],
            "it": [
              "Buoni CAF"
            ],
            "fr": [
              "Bons caf"
            ],
            "nl": [
              "Vakantiesubsidie in Frankrijk (CAF)"
            ],
            "es": [
              "Fondos de asignaciones familiares"
            ]
          }
        },
        {
          "@id": "kb:HolidayVouchers",
          "@type": [
            "schema:PaymentMethod"
          ],
          "rdfs:label": {
            "de": [
              "Urlaubsschecks"
            ],
            "pt": [
              "Vales de férias"
            ],
            "en": [
              "Holiday vouchers"
            ],
            "it": [
              "Buoni vacanza"
            ],
            "fr": [
              "Chèques vacances"
            ],
            "nl": [
              "Vakantiecheques"
            ],
            "es": [
              "Cheques de vacaciones"
            ]
          }
        },
        {
          "@id": "kb:Transfers",
          "@type": [
            "schema:PaymentMethod"
          ],
          "rdfs:label": {
            "de": [
              "Überweisungen"
            ],
            "pt": [
              "Transferências"
            ],
            "en": [
              "Transfers"
            ],
            "it": [
              "Bonifici"
            ],
            "fr": [
              "Virements"
            ],
            "es": [
              "Transferencias"
            ],
            "nl": [
              "Overschrijvingen"
            ]
          }
        }
      ],
      "@type": [
        "schema:Offer",
        "Offer"
      ]
    }
  ],
  "reducedMobilityAccess": false
}