{
  "@id": "https://data.datatourisme.fr/10/0092bb19-0a62-3909-ab6c-75fa01e63b19",
  "dc:identifier": "751000842",
  "@type": [
    "olo:OrderedList",
    "CyclingTour",
    "PointOfInterest",
    "Tour",
    "WalkingTour"
  ],
  "rdfs:comment": {
    "de": [
      "Dieser interaktive historische Rundgang befindet sich auf dem ehemaligen Gelände des Pompey-Werks und führt die Besucher in die Welt aus Eisen und Feuer der Stahlwerke ein. Durch diesen Spaziergang entlang des Moselufers können Neugierige die Geschichte des 1986 geschlossenen Stahlwerks entdecken, aus dem das berühmteste Monument der Welt hervorging: der Eiffelturm. Für einen noch immersiveren Besuch laden Sie unsere Smartphone-App herunter und erleben Sie die Stahlwerke von Pompey mithilfe von Audio-Zeugnissen und einer Augmented-Reality-Erfahrung."
    ],
    "en": [
      "Located on the former site of the Pompey plant, this interactive historical tour introduces visitors to the world of iron and fire of the steelworks. Through this walk along the banks of the Moselle, the curious can discover the history of the steel factory that closed its doors in 1986 and gave birth to the most famous monument in the world: the Eiffel Tower. For an even more immersive visit, download our smartphone application and experience the Pompey steelworks through audio testimonials and an augmented reality experience."
    ],
    "it": [
      "Situato nell'ex sito della fabbrica Pompeo, questo tour storico interattivo conduce i visitatori in un viaggio attraverso il mondo del ferro e del fuoco dell'acciaieria. Attraverso questa passeggiata lungo le rive della Mosella, i curiosi potranno scoprire la storia dell'acciaieria, chiusa nel 1986, che ha dato vita al monumento più famoso del mondo: la Torre Eiffel. Per una visita ancora più coinvolgente, scaricate la nostra applicazione per smartphone e vivete l'acciaieria Pompeo attraverso testimonianze audio e un'esperienza di realtà aumentata."
    ],
    "fr": [
      "Situé sur l’ancien emplacement de l’usine de Pompey, ce parcours historique interactif fait découvrir aux visiteurs le monde de fer et de feu des aciéries. À travers cette promenade le long des berges de la Moselle, les curieux pourront découvrir l'histoire de l’usine sidérurgique qui a fermé ses portes en 1986 et qui a donné naissance au monument le plus célèbre du monde : la Tour Eiffel. Pour une visite encore plus immersive, téléchargez notre application smartphone et vivez les aciéries de Pompey à travers des témoignages audios et une expérience de réalité augmentée."
    ],
    "es": [
      "Situado en el antiguo emplazamiento de la fábrica Pompey, este recorrido histórico interactivo adentra a los visitantes en el mundo del hierro y el fuego de la siderurgia. A través de este paseo por las orillas del Mosela, los curiosos podrán descubrir la historia de la acería que cerró en 1986 y que dio origen al monumento más famoso del mundo: la Torre Eiffel. Para una visita aún más envolvente, descargue nuestra aplicación para teléfonos inteligentes y experimente la acería de Pompey a través de testimonios de audio y una experiencia de realidad aumentada."
    ],
    "nl": [
      "Gelegen op het voormalige terrein van de Pompey-fabriek, neemt deze interactieve historische rondleiding bezoekers mee op een reis door de wereld van ijzer en vuur van de staalfabriek. Tijdens deze wandeling langs de oevers van de Moezel kunnen nieuwsgierigen de geschiedenis ontdekken van de staalfabriek die in 1986 werd gesloten en waaruit het beroemdste monument ter wereld is voortgekomen: de Eiffeltoren. Download voor een nog meeslepender bezoek onze smartphone-applicatie en beleef de Pompey staalfabriek via audiogetuigenissen en een augmented reality ervaring."
    ]
  },
  "rdfs:label": {
    "fr": [
      "CIRCUIT POMPEY DE LA FONTE À L'ACIER, 100 ANS DE SAVOIR-FAIRE"
    ]
  },
  "duration": "120",
  "hasAudience": [
    {
      "@id": "kb:Groups",
      "@type": [
        "PeopleAudience"
      ],
      "rdfs:label": {
        "de": [
          "Gruppen"
        ],
        "pt": [
          "Grupos"
        ],
        "en": [
          "Groups"
        ],
        "it": [
          "Gruppi"
        ],
        "fr": [
          "Groupes"
        ],
        "es": [
          "Grupos"
        ],
        "nl": [
          "Groepen"
        ]
      }
    }
  ],
  "hasBeenCreatedBy": {
    "@id": "https://data.datatourisme.fr/10/912d2b1c-7b28-36ca-b996-87388d2e8f7c",
    "dc:identifier": "751",
    "schema:legalName": "TOURISME BASSIN de POMPEY",
    "@type": [
      "schema:Organization",
      "foaf:Agent",
      "Agent"
    ]
  },
  "hasBeenPublishedBy": [
    {
      "@id": "https://data.datatourisme.fr/20532ef0-d667-3379-a67a-acc084fad788",
      "schema:email": [
        "contact@sitlorpro.com"
      ],
      "schema:legalName": "Système d’information touristique Lorrain",
      "schema:logo": "http://www.sitlorpro.com/wp-content/uploads/sites/12/2016/03/logo-sitlor-blanc-fond-couleur.jpg",
      "@type": [
        "schema:Organization",
        "foaf:Agent",
        "Agent"
      ],
      "foaf:homepage": [
        "http://www.sitlorpro.com/"
      ]
    }
  ],
  "hasClientTarget": [
    {
      "@id": "kb:Groups",
      "@type": [
        "PeopleAudience"
      ],
      "rdfs:label": {
        "de": [
          "Gruppen"
        ],
        "pt": [
          "Grupos"
        ],
        "en": [
          "Groups"
        ],
        "it": [
          "Gruppi"
        ],
        "fr": [
          "Groupes"
        ],
        "es": [
          "Grupos"
        ],
        "nl": [
          "Groepen"
        ]
      }
    }
  ],
  "hasContact": [
    {
      "@id": "https://data.datatourisme.fr/64995e2a-729c-39dd-9f7a-58ae9d00f9a5",
      "schema:email": [
        "tourisme@bassinpompey.fr"
      ],
      "schema:telephone": [
        "+33 3 83 24 40 40"
      ],
      "@type": [
        "foaf:Agent",
        "Agent"
      ],
      "foaf:homepage": [
        "https://tourisme.bassinpompey.fr/1/informations-transversales/actualites/bassin-de-pompey-de-la-fonte-a-lacier-100-ans-de-savoir-faire-nouveaute-2019-parcours-en-realite-augmentee-538"
      ]
    }
  ],
  "hasDescription": [
    {
      "@id": "https://data.datatourisme.fr/78def4fa-90eb-35b4-9c9d-29dbddb4bf8b",
      "@type": [
        "Description"
      ],
      "hasTranslatedProperty": [
        {
          "@id": "https://data.datatourisme.fr/0f536197-053f-372b-889d-35ea6c6e432f",
          "dc:contributor": [
            "https://api.deepl.com/v2/translate"
          ],
          "rdf:language": [
            "de"
          ],
          "rdf:predicate": [
            "shortDescription"
          ]
        },
        {
          "@id": "https://data.datatourisme.fr/111528cd-3d2b-3a28-bda2-94de2f981061",
          "dc:contributor": [
            "https://api.deepl.com/v2/translate"
          ],
          "rdf:language": [
            "it"
          ],
          "rdf:predicate": [
            "shortDescription"
          ]
        },
        {
          "@id": "https://data.datatourisme.fr/97622a21-e767-3832-8281-88d7e8167822",
          "dc:contributor": [
            "https://api.deepl.com/v2/translate"
          ],
          "rdf:language": [
            "en"
          ],
          "rdf:predicate": [
            "shortDescription"
          ]
        },
        {
          "@id": "https://data.datatourisme.fr/9d281e8d-270e-3995-8564-cd95b8eeb357",
          "dc:contributor": [
            "https://api.deepl.com/v2/translate"
          ],
          "rdf:language": [
            "nl"
          ],
          "rdf:predicate": [
            "shortDescription"
          ]
        },
        {
          "@id": "https://data.datatourisme.fr/9fc419ca-d05c-382c-b9c8-65c50c1b87f4",
          "dc:contributor": [
            "https://api.deepl.com/v2/translate"
          ],
          "rdf:language": [
            "es"
          ],
          "rdf:predicate": [
            "shortDescription"
          ]
        }
      ],
      "shortDescription": {
        "de": [
          "Dieser interaktive historische Rundgang befindet sich auf dem ehemaligen Gelände des Pompey-Werks und führt die Besucher in die Welt aus Eisen und Feuer der Stahlwerke ein. Durch diesen Spaziergang entlang des Moselufers können Neugierige die Geschichte des 1986 geschlossenen Stahlwerks entdecken, aus dem das berühmteste Monument der Welt hervorging: der Eiffelturm. Für einen noch immersiveren Besuch laden Sie unsere Smartphone-App herunter und erleben Sie die Stahlwerke von Pompey mithilfe von Audio-Zeugnissen und einer Augmented-Reality-Erfahrung."
        ],
        "en": [
          "Located on the former site of the Pompey plant, this interactive historical tour introduces visitors to the world of iron and fire of the steelworks. Through this walk along the banks of the Moselle, the curious can discover the history of the steel factory that closed its doors in 1986 and gave birth to the most famous monument in the world: the Eiffel Tower. For an even more immersive visit, download our smartphone application and experience the Pompey steelworks through audio testimonials and an augmented reality experience."
        ],
        "it": [
          "Situato nell'ex sito della fabbrica Pompeo, questo tour storico interattivo conduce i visitatori in un viaggio attraverso il mondo del ferro e del fuoco dell'acciaieria. Attraverso questa passeggiata lungo le rive della Mosella, i curiosi potranno scoprire la storia dell'acciaieria, chiusa nel 1986, che ha dato vita al monumento più famoso del mondo: la Torre Eiffel. Per una visita ancora più coinvolgente, scaricate la nostra applicazione per smartphone e vivete l'acciaieria Pompeo attraverso testimonianze audio e un'esperienza di realtà aumentata."
        ],
        "fr": [
          "Situé sur l’ancien emplacement de l’usine de Pompey, ce parcours historique interactif fait découvrir aux visiteurs le monde de fer et de feu des aciéries. À travers cette promenade le long des berges de la Moselle, les curieux pourront découvrir l'histoire de l’usine sidérurgique qui a fermé ses portes en 1986 et qui a donné naissance au monument le plus célèbre du monde : la Tour Eiffel. Pour une visite encore plus immersive, téléchargez notre application smartphone et vivez les aciéries de Pompey à travers des témoignages audios et une expérience de réalité augmentée."
        ],
        "es": [
          "Situado en el antiguo emplazamiento de la fábrica Pompey, este recorrido histórico interactivo adentra a los visitantes en el mundo del hierro y el fuego de la siderurgia. A través de este paseo por las orillas del Mosela, los curiosos podrán descubrir la historia de la acería que cerró en 1986 y que dio origen al monumento más famoso del mundo: la Torre Eiffel. Para una visita aún más envolvente, descargue nuestra aplicación para teléfonos inteligentes y experimente la acería de Pompey a través de testimonios de audio y una experiencia de realidad aumentada."
        ],
        "nl": [
          "Gelegen op het voormalige terrein van de Pompey-fabriek, neemt deze interactieve historische rondleiding bezoekers mee op een reis door de wereld van ijzer en vuur van de staalfabriek. Tijdens deze wandeling langs de oevers van de Moezel kunnen nieuwsgierigen de geschiedenis ontdekken van de staalfabriek die in 1986 werd gesloten en waaruit het beroemdste monument ter wereld is voortgekomen: de Eiffeltoren. Download voor een nog meeslepender bezoek onze smartphone-applicatie en beleef de Pompey staalfabriek via audiogetuigenissen en een augmented reality ervaring."
        ]
      }
    }
  ],
  "hasNeighborhood": [
    {
      "@id": "kb:NearARiverOrStream",
      "@type": [
        "SpatialEnvironmentTheme"
      ],
      "rdfs:label": {
        "de": [
          "Am Ufer eines Flusses oder eines Stroms"
        ],
        "pt": [
          "Na borda de um rio ou ribeira"
        ],
        "en": [
          "Near a river or stream"
        ],
        "it": [
          "Lungo il fiume"
        ],
        "fr": [
          "En bord de fleuve ou rivière"
        ],
        "nl": [
          "Aan de oever van een stroompje of rivier"
        ],
        "es": [
          "A orillas de un río"
        ]
      }
    }
  ],
  "hasPracticeCondition": [
    {
      "@id": "https://data.datatourisme.fr/77bb0d83-c4f6-3c2d-b926-d4158f30446d",
      "@type": [
        "PracticeCondition"
      ],
      "duration": "120",
      "hasDifficultyLevel": [
        {
          "@id": "kb:EasyTour",
          "@type": [
            "DifficultyLevel"
          ],
          "rdfs:label": {
            "de": [
              "Einfach"
            ],
            "pt": [
              "Fácil"
            ],
            "en": [
              "Easy"
            ],
            "it": [
              "Facile"
            ],
            "fr": [
              "Facile"
            ],
            "nl": [
              "Gemakkelijk"
            ],
            "es": [
              "Fácil"
            ]
          }
        }
      ],
      "hasLocomotionMode": [
        {
          "@id": "kb:RoadbikeMode",
          "@type": [
            "BicycleLocomotionMode"
          ],
          "rdfs:label": {
            "de": [
              "Rennrad"
            ],
            "pt": [
              "Ciclismo rodoviário"
            ],
            "en": [
              "With road bike"
            ],
            "it": [
              "Ciclismo su strada"
            ],
            "fr": [
              "Vélo de route"
            ],
            "nl": [
              "Fietsen op de weg"
            ],
            "es": [
              "Ciclismo de carretera"
            ]
          }
        },
        {
          "@id": "kb:WalkingMode",
          "@type": [
            "PedestrianLocomotionMode"
          ],
          "rdfs:label": {
            "de": [
              "Zu Fuß"
            ],
            "pt": [
              "Um pé"
            ],
            "en": [
              "Walking"
            ],
            "it": [
              "Un piede"
            ],
            "fr": [
              "A pieds"
            ],
            "es": [
              "Un pie"
            ],
            "nl": [
              "Een voet"
            ]
          }
        }
      ]
    }
  ],
  "hasRepresentation": [
    {
      "@id": "https://data.datatourisme.fr/71b44077-8be0-30f9-b220-b9906debcdbb",
      "ebucore:hasAnnotation": [
        {
          "@id": "https://data.datatourisme.fr/b888e9ae-ff0c-3a79-8120-97bf7ce01311",
          "@type": [
            "ebucore:Annotation"
          ],
          "credits": [
            "TOURISME BASSIN de POMPEY"
          ]
        }
      ],
      "ebucore:hasRelatedResource": [
        {
          "@id": "https://data.datatourisme.fr/64eb27ca-5faf-35a7-9b65-7125ef6cdeca",
          "ebucore:hasMimeType": [
            {
              "@id": "kb:KML",
              "@type": [
                "ebucore:MimeType"
              ],
              "rdfs:comment": {
                "de": [
                  "KML-Datei"
                ],
                "pt": [
                  "Ficheiro XML"
                ],
                "en": [
                  "KML file"
                ],
                "it": [
                  "File KML"
                ],
                "fr": [
                  "Fichier KML"
                ],
                "nl": [
                  "KML-bestand"
                ],
                "es": [
                  "Archivo KML"
                ]
              },
              "rdfs:label": {
                "de": [
                  "application/vnd.google-earth.kml+xml"
                ],
                "pt": [
                  "application/vnd.google-earth.kml+xml"
                ],
                "en": [
                  "application/vnd.google-earth.kml+xml"
                ],
                "it": [
                  "application/vnd.google-earth.kml+xml"
                ],
                "fr": [
                  "application/vnd.google-earth.kml+xml"
                ],
                "nl": [
                  "application/vnd.google-earth.kml+xml"
                ],
                "es": [
                  "application/vnd.google-earth.kml+xml"
                ]
              }
            }
          ],
          "ebucore:locator": [
            "https://www.sitlor.fr/traces/751000842.kml"
          ],
          "@type": [
            "ebucore:Resource"
          ]
        }
      ],
      "@type": [
        "ebucore:EditorialObject"
      ]
    }
  ],
  "hasTheme": [
    {
      "@id": "kb:Culture",
      "@type": [
        "CulturalTheme"
      ],
      "rdfs:label": {
        "de": [
          "Kultur"
        ],
        "pt": [
          "Cultura"
        ],
        "en": [
          "Culture"
        ],
        "it": [
          "Cultura"
        ],
        "fr": [
          "Culture"
        ],
        "nl": [
          "Cultuur"
        ],
        "es": [
          "Cultura"
        ]
      }
    },
    {
      "@id": "kb:History",
      "@type": [
        "CulturalTheme"
      ],
      "rdfs:label": {
        "de": [
          "Geschichte"
        ],
        "pt": [
          "História"
        ],
        "en": [
          "History"
        ],
        "it": [
          "Storia"
        ],
        "fr": [
          "Histoire"
        ],
        "es": [
          "Historia"
        ],
        "nl": [
          "Geschiedenis"
        ]
      }
    },
    {
      "@id": "kb:NearARiverOrStream",
      "@type": [
        "SpatialEnvironmentTheme"
      ],
      "rdfs:label": {
        "de": [
          "Am Ufer eines Flusses oder eines Stroms"
        ],
        "pt": [
          "Na borda de um rio ou ribeira"
        ],
        "en": [
          "Near a river or stream"
        ],
        "it": [
          "Lungo il fiume"
        ],
        "fr": [
          "En bord de fleuve ou rivière"
        ],
        "nl": [
          "Aan de oever van een stroompje of rivier"
        ],
        "es": [
          "A orillas de un río"
        ]
      }
    }
  ],
  "hasTourType": [
    {
      "@id": "kb:Loop",
      "@type": [
        "TourType"
      ],
      "rdfs:label": {
        "de": [
          "Schleifenroute"
        ],
        "pt": [
          "Circular"
        ],
        "en": [
          "Loop itinerary"
        ],
        "it": [
          "Ad anello"
        ],
        "fr": [
          "En boucle"
        ],
        "nl": [
          "In een lus"
        ],
        "es": [
          "Circuito"
        ]
      }
    }
  ],
  "hasTranslatedProperty": [
    {
      "@id": "https://data.datatourisme.fr/0614d588-f029-364b-a214-d9de478cb938",
      "dc:contributor": [
        "https://api.deepl.com/v2/translate"
      ],
      "rdf:language": [
        "nl"
      ],
      "rdf:predicate": [
        {
          "@id": "rdfs:comment"
        }
      ]
    },
    {
      "@id": "https://data.datatourisme.fr/1b35e5c2-76d2-3410-9375-9411618d26ad",
      "dc:contributor": [
        "https://api.deepl.com/v2/translate"
      ],
      "rdf:language": [
        "de"
      ],
      "rdf:predicate": [
        {
          "@id": "rdfs:comment"
        }
      ]
    },
    {
      "@id": "https://data.datatourisme.fr/95fe6ff7-49a4-35a4-8b6d-f8583481cc03",
      "dc:contributor": [
        "https://api.deepl.com/v2/translate"
      ],
      "rdf:language": [
        "es"
      ],
      "rdf:predicate": [
        {
          "@id": "rdfs:comment"
        }
      ]
    },
    {
      "@id": "https://data.datatourisme.fr/a2473869-7879-3db0-9485-886d4fb2af11",
      "dc:contributor": [
        "https://api.deepl.com/v2/translate"
      ],
      "rdf:language": [
        "en"
      ],
      "rdf:predicate": [
        {
          "@id": "rdfs:comment"
        }
      ]
    },
    {
      "@id": "https://data.datatourisme.fr/d41fd993-5d31-33f4-be59-3b038eab3067",
      "dc:contributor": [
        "https://api.deepl.com/v2/translate"
      ],
      "rdf:language": [
        "it"
      ],
      "rdf:predicate": [
        {
          "@id": "rdfs:comment"
        }
      ]
    }
  ],
  "isLocatedAt": [
    {
      "@id": "https://data.datatourisme.fr/ed5668d0-062e-3ad8-8f97-060b5155c741",
      "schema:address": [
        {
          "@id": "https://data.datatourisme.fr/1cf45efd-6250-3c37-beb3-0f63f399cadd",
          "schema:addressLocality": "Pompey",
          "schema:postalCode": "54340",
          "schema:streetAddress": [
            "rue des 4 éléments"
          ],
          "@type": [
            "schema:PostalAddress",
            "PostalAddress"
          ],
          "hasAddressCity": {
            "@id": "kb:54430",
            "@type": [
              "City"
            ],
            "rdfs:label": {
              "de": [
                "Pompey"
              ],
              "pt": [
                "Pompey"
              ],
              "en": [
                "Pompey"
              ],
              "it": [
                "Pompey"
              ],
              "fr": [
                "Pompey"
              ],
              "nl": [
                "Pompey"
              ],
              "es": [
                "Pompey"
              ]
            },
            "insee": "54430",
            "isPartOfDepartment": {
              "@id": "kb:France4454",
              "@type": [
                "Department"
              ],
              "rdfs:label": {
                "de": [
                  "Meurthe-et-Moselle"
                ],
                "pt": [
                  "Meurthe-et-Moselle"
                ],
                "en": [
                  "Meurthe-et-Moselle"
                ],
                "it": [
                  "Meurthe-et-Moselle"
                ],
                "fr": [
                  "Meurthe-et-Moselle"
                ],
                "nl": [
                  "Meurthe-et-Moselle"
                ],
                "es": [
                  "Meurthe-et-Moselle"
                ]
              },
              "insee": "54",
              "isPartOfRegion": {
                "@id": "kb:France44",
                "@type": [
                  "Region"
                ],
                "rdfs:label": {
                  "de": [
                    "Grand Est"
                  ],
                  "pt": [
                    "Grand Est"
                  ],
                  "en": [
                    "Grand Est"
                  ],
                  "it": [
                    "Grand Est"
                  ],
                  "fr": [
                    "Grand Est"
                  ],
                  "nl": [
                    "Grand Est"
                  ],
                  "es": [
                    "Grand Est"
                  ]
                },
                "insee": "44",
                "isPartOfCountry": {
                  "@id": "kb:France",
                  "@type": [
                    "schema:Country"
                  ],
                  "rdfs:label": {
                    "de": [
                      "France",
                      "Frankreich"
                    ],
                    "pt": [
                      "França",
                      "France"
                    ],
                    "en": [
                      "France"
                    ],
                    "it": [
                      "France",
                      "Francia"
                    ],
                    "fr": [
                      "France"
                    ],
                    "nl": [
                      "France",
                      "Frankrijk"
                    ],
                    "es": [
                      "France",
                      "Francia"
                    ]
                  }
                }
              }
            }
          }
        }
      ],
      "schema:geo": {
        "@id": "https://data.datatourisme.fr/cc74509a-3df6-38a9-9ff5-59c8b3198ecf",
        "schema:latitude": "48.7722199",
        "schema:longitude": "6.132184",
        "@type": [
          "schema:GeoCoordinates"
        ]
      },
      "schema:openingHoursSpecification": [
        {
          "@id": "https://data.datatourisme.fr/58c4b721-58ff-3350-b0a2-3b8b867d4169",
          "schema:dayOfWeek": [
            {
              "@id": "schema:Friday",
              "@type": [
                "schema:DayOfWeek"
              ],
              "rdfs:label": {
                "de": [
                  "Freitag"
                ],
                "pt": [
                  "Sexta-feira"
                ],
                "en": [
                  "Friday"
                ],
                "it": [
                  "Venerdì"
                ],
                "fr": [
                  "Vendredi"
                ],
                "nl": [
                  "Vrijdag"
                ],
                "es": [
                  "Viernes"
                ]
              }
            },
            {
              "@id": "schema:Monday",
              "@type": [
                "schema:DayOfWeek"
              ],
              "rdfs:label": {
                "de": [
                  "Montag"
                ],
                "pt": [
                  "Segunda-feira"
                ],
                "en": [
                  "Monday"
                ],
                "it": [
                  "Lunedì"
                ],
                "fr": [
                  "Lundi"
                ],
                "nl": [
                  "Maandag"
                ],
                "es": [
                  "Lunes"
                ]
              }
            },
            {
              "@id": "schema:Saturday",
              "@type": [
                "schema:DayOfWeek"
              ],
              "rdfs:label": {
                "de": [
                  "Samstag"
                ],
                "pt": [
                  "Sábado"
                ],
                "en": [
                  "Saturday"
                ],
                "it": [
                  "Sabato"
                ],
                "fr": [
                  "Samedi"
                ],
                "nl": [
                  "Zaterdag"
                ],
                "es": [
                  "Sábado"
                ]
              }
            },
            {
              "@id": "schema:Sunday",
              "@type": [
                "schema:DayOfWeek"
              ],
              "rdfs:label": {
                "de": [
                  "Sonntag"
                ],
                "pt": [
                  "Domingo"
                ],
                "en": [
                  "Sunday"
                ],
                "it": [
                  "Domenica"
                ],
                "fr": [
                  "Dimanche"
                ],
                "nl": [
                  "Zondag"
                ],
                "es": [
                  "Domingo"
                ]
              }
            },
            {
              "@id": "schema:Thursday",
              "@type": [
                "schema:DayOfWeek"
              ],
              "rdfs:label": {
                "de": [
                  "Donnerstag"
                ],
                "pt": [
                  "Quinta-feira"
                ],
                "en": [
                  "Thursday"
                ],
                "it": [
                  "Giovedì"
                ],
                "fr": [
                  "Jeudi"
                ],
                "es": [
                  "Jueves"
                ],
                "nl": [
                  "Donderdag"
                ]
              }
            },
            {
              "@id": "schema:Tuesday",
              "@type": [
                "schema:DayOfWeek"
              ],
              "rdfs:label": {
                "de": [
                  "Dienstag"
                ],
                "pt": [
                  "Terça-feira"
                ],
                "en": [
                  "Tuesday"
                ],
                "it": [
                  "Martedì"
                ],
                "fr": [
                  "Mardi"
                ],
                "es": [
                  "Martes"
                ],
                "nl": [
                  "Dinsdag"
                ]
              }
            },
            {
              "@id": "schema:Wednesday",
              "@type": [
                "schema:DayOfWeek"
              ],
              "rdfs:label": {
                "de": [
                  "Mittwoch"
                ],
                "pt": [
                  "Quarta-feira"
                ],
                "en": [
                  "Wednesday"
                ],
                "it": [
                  "Mercoledì"
                ],
                "fr": [
                  "Mercredi"
                ],
                "nl": [
                  "Woensdag"
                ],
                "es": [
                  "Miércoles"
                ]
              }
            }
          ],
          "schema:validFrom": "2022-01-01T00:00:00",
          "schema:validThrough": "2023-12-31T23:59:59",
          "@type": [
            "schema:OpeningHoursSpecification"
          ]
        }
      ],
      "@type": [
        "schema:Place",
        "Place"
      ],
      "petsAllowed": true
    }
  ],
  "lastUpdate": "2023-01-18",
  "lastUpdateDatatourisme": "2023-02-21T09:48:19.458Z",
  "offers": [
    {
      "@id": "https://data.datatourisme.fr/228804b3-02aa-3c40-9410-82328eedd462",
      "schema:priceSpecification": [
        {
          "@id": "https://data.datatourisme.fr/32e2262b-564d-3c01-b386-7705cf18dc5d",
          "schema:priceCurrency": "EUR",
          "@type": [
            "schema:PriceSpecification",
            "PriceSpecification"
          ],
          "hasAudience": [
            {
              "@id": "kb:Adults",
              "@type": [
                "PeopleAudience"
              ],
              "rdfs:label": {
                "de": [
                  "Erwachsene"
                ],
                "pt": [
                  "Adultos"
                ],
                "en": [
                  "Adults"
                ],
                "it": [
                  "Adulti"
                ],
                "fr": [
                  "Adultes"
                ],
                "nl": [
                  "Volwassenen"
                ],
                "es": [
                  "Adultos"
                ]
              }
            }
          ],
          "hasEligibleAudience": [
            {
              "@id": "kb:Adults",
              "@type": [
                "PeopleAudience"
              ],
              "rdfs:label": {
                "de": [
                  "Erwachsene"
                ],
                "pt": [
                  "Adultos"
                ],
                "en": [
                  "Adults"
                ],
                "it": [
                  "Adulti"
                ],
                "fr": [
                  "Adultes"
                ],
                "nl": [
                  "Volwassenen"
                ],
                "es": [
                  "Adultos"
                ]
              }
            }
          ]
        }
      ],
      "@type": [
        "schema:Offer",
        "Offer"
      ]
    }
  ],
  "reducedMobilityAccess": false
}