{
  "@id": "https://data.datatourisme.fr/10/009a4864-fbe4-3385-986a-1f1ea2522453",
  "dc:identifier": "947003966",
  "schema:endDate": [
    "2024-05-25"
  ],
  "schema:startDate": [
    "2024-05-25"
  ],
  "@type": [
    "schema:Event",
    "schema:TheaterEvent",
    "CulturalEvent",
    "EntertainmentAndEvent",
    "PointOfInterest",
    "ShowEvent",
    "TheaterEvent"
  ],
  "rdfs:comment": {
    "de": [
      "Aufführung in französischer Sprache mit deutschen Übertiteln.\n\nTaylor versucht, Michel vom kometenhaften - und unerwarteten - Aufstieg der unwahrscheinlichen politischen Partei zu erzählen, die er mit ein paar Freunden aus Spaß gegründet hat. Michel hingegen kehrt von einem zweijährigen spirituellen Rückzug in den Wald zurück. Die beiden Freunde diskutieren über Waldtherapie, demokratische Debatten, Placebo-Effekte und die Theorie der Pokémons, wobei es immer wieder zu Missverständnissen kommt.\nPolitische Fiktion, ein bisschen verrückt, aber immer noch sehr realitätsbezogen. Elles vivent ist ein philosophisches Märchen und eine burleske Satire in einem, es ist schrecklich komisch und von einer verrückten Relevanz. Ein völlig unberechenbares UFO mit bemerkenswertem Humor und Intelligenz.\n\nKonzept: Antoine Defoort, l'Amicale, Künstlerische Mitarbeit: Lorette Moreau, Mit : Sofia Teillet, Alexandre Le Nours, Antoine Defoort und Arnaud Boulogne.\nProduktion: L'Amicale."
    ],
    "en": [
      "Show in French, with German surtitles.\n\nTaylor tries to tell Michel about the meteoric - and unexpected - rise of the improbable political party he founded with friends as a joke. Michel, for his part, has just returned from a two-year spiritual retreat in the forest. From digressions to misunderstandings, the two friends discuss sylvotherapy, democratic debate, the placebo effect and Pokémon theory...\nPolitical fiction with a touch of madness, but always firmly rooted in reality. Terribly funny and wildly relevant, Elles vivent is as much a philosophical tale as a burlesque satire. A perfectly unconventional UFO show of remarkable humor and intelligence.\n\nConcept: Antoine Defoort, l'Amicale, Artistic collaboration: Lorette Moreau, With : Sofia Teillet, Alexandre Le Nours, Antoine Defoort and Arnaud Boulogne.\nProduction: L?Amicale."
    ],
    "it": [
      "Spettacolo in francese, con sottotitoli in tedesco.\n\nTaylor cerca di raccontare a Michel la fulminea - e inaspettata - ascesa dell'improbabile partito politico che ha fondato per gioco con gli amici. Michel è appena tornato da un ritiro spirituale di due anni nella foresta. Tra divagazioni ed equivoci, i due amici discutono di silvoterapia, dibattito democratico, effetto placebo e teoria dei Pokémon...\nÈ una fiction politica con un tocco di follia, ma sempre saldamente radicata nella realtà. Terribilmente divertente e di grande attualità, Elles vivent è tanto un racconto filosofico quanto una satira burlesca. Uno spettacolo sugli UFO perfettamente anticonvenzionale, di notevole umorismo e intelligenza.\n\nIdeazione: Antoine Defoort, l'Amicale, Collaborazione artistica: Lorette Moreau, Con : Sofia Teillet, Alexandre Le Nours, Antoine Defoort e Arnaud Boulogne.\nProduzione: L'Amicale."
    ],
    "fr": [
      "Spectacle en français, surtitré allemand.\n\nTaylor essaie de raconter à Michel l’ascension fulgurante – et inattendue – de l’improbable parti politique qu’il a fondé avec des ami(e)s pour rigoler. Michel, lui, revient de deux années de retraite spirituelle en pleine forêt. De digressions en malentendus, les deux copains vont discuter sylvothérapie, débat démocratique, effet placebo et théorie des Pokémons ...\nDe la politique-fiction un brin déjantée, toujours très ancrée dans le réel. Terriblement drôle et d’une pertinence folle, Elles vivent tient autant du conte philosophique que de la satire burlesque. Un spectacle ovni parfaitement inracontable d’un humour et d’une intelligence remarquables.\n\nConception : Antoine Defoort, l'Amicale, Collaboration artistique : Lorette Moreau, Avec : Sofia Teillet, Alexandre Le Nours, Antoine Defoort et Arnaud Boulogne.\nProduction : L’Amicale."
    ],
    "nl": [
      "Voorstelling in het Frans, met Duitse ondertiteling.\n\nTaylor probeert Michel te vertellen over de razendsnelle - en onverwachte - opkomst van de onwaarschijnlijke politieke partij die hij als grap met vrienden heeft opgericht. Michel is net terug van een twee jaar durende spirituele retraite in het bos. Van uitweidingen tot misverstanden, de twee vrienden bespreken sylvotherapie, democratisch debat, het placebo-effect en Pokémon theorie...\nHet is politieke fictie met een vleugje waanzin, maar altijd stevig geworteld in de realiteit. Elles vivent is vreselijk grappig en uiterst relevant, en zowel een filosofische vertelling als een burleske satire. Een perfect onconventionele UFO-show met opmerkelijke humor en intelligentie.\n\nConcept: Antoine Defoort, l'Amicale, Artistieke samenwerking: Lorette Moreau, Met : Sofia Teillet, Alexandre Le Nours, Antoine Defoort en Arnaud Boulogne.\nProductie: L'Amicale."
    ],
    "es": [
      "Espectáculo en francés, con sobretítulos en alemán.\n\nTaylor intenta contarle a Michel el meteórico -e inesperado- ascenso del improbable partido político que fundó con unos amigos a modo de broma. Michel acaba de regresar de un retiro espiritual de dos años en el bosque. De divagaciones a malentendidos, los dos amigos discuten sobre la silvoterapia, el debate democrático, el efecto placebo y la teoría Pokémon...\nEs política ficción con un toque de locura, pero siempre firmemente enraizada en la realidad. Terriblemente divertida y salvajemente actual, Elles vivent es tanto un relato filosófico como una sátira burlesca. Un espectáculo ovni perfectamente poco convencional, de un humor y una inteligencia notables.\n\nConcepto: Antoine Defoort, l'Amicale, Colaboración artística: Lorette Moreau, Con : Sofia Teillet, Alexandre Le Nours, Antoine Defoort y Arnaud Boulogne.\nProducción: L'Amicale."
    ]
  },
  "rdfs:label": {
    "fr": [
      "FESTIVAL PERSPECTIVE - THÉÂTRE : ELLES VIVENT"
    ]
  },
  "hasBeenCreatedBy": {
    "@id": "https://data.datatourisme.fr/10/c4b31ce7-d95c-35ca-b0d5-0c19aef08bf1",
    "dc:identifier": "947",
    "schema:legalName": "OT COMMUNAUTAIRE SARREGUEMINES CONFLUENCES",
    "@type": [
      "schema:Organization",
      "foaf:Agent",
      "Agent"
    ]
  },
  "hasBeenPublishedBy": [
    {
      "@id": "https://data.datatourisme.fr/39f8abf8-1828-3176-97f2-cfb47d18656a",
      "schema:email": [
        "contact@sitlorpro.com"
      ],
      "schema:legalName": "Système d'information touristique Lorrain",
      "schema:logo": "http://www.sitlorpro.com/wp-content/uploads/sites/12/2016/03/logo-sitlor-blanc-fond-couleur.jpg",
      "@type": [
        "schema:Organization",
        "foaf:Agent",
        "Agent"
      ],
      "foaf:homepage": [
        "http://www.sitlorpro.com/"
      ]
    }
  ],
  "hasContact": [
    {
      "@id": "https://data.datatourisme.fr/2f3382fc-d3ca-3fc4-b77c-893b9f8fbdf4",
      "schema:email": [
        "culture@mairie-sarreguemines.fr"
      ],
      "schema:telephone": [
        "+33 3 87 98 93 58"
      ],
      "@type": [
        "foaf:Agent",
        "Agent"
      ],
      "foaf:homepage": [
        "http://www.sarreguemines.fr/"
      ]
    }
  ],
  "hasDescription": [
    {
      "@id": "https://data.datatourisme.fr/522abcaf-8a1d-31b7-8135-7e519c588cec",
      "@type": [
        "Description"
      ],
      "hasTranslatedProperty": [
        {
          "@id": "https://data.datatourisme.fr/522de263-9269-3fc0-b8ef-0b5aad0321f4",
          "dc:contributor": [
            "https://api.deepl.com/v2/translate"
          ],
          "rdf:language": [
            "en"
          ],
          "rdf:predicate": [
            "shortDescription"
          ]
        },
        {
          "@id": "https://data.datatourisme.fr/5d10c176-2d3e-3346-b7ec-323639a51aee",
          "dc:contributor": [
            "https://api.deepl.com/v2/translate"
          ],
          "rdf:language": [
            "nl"
          ],
          "rdf:predicate": [
            "shortDescription"
          ]
        },
        {
          "@id": "https://data.datatourisme.fr/895e7363-fa26-3153-befb-db72c0f7414c",
          "dc:contributor": [
            "https://api.deepl.com/v2/translate"
          ],
          "rdf:language": [
            "de"
          ],
          "rdf:predicate": [
            "shortDescription"
          ]
        },
        {
          "@id": "https://data.datatourisme.fr/a03c19f5-e8c2-3d54-a8d6-fd7466ff150b",
          "dc:contributor": [
            "https://api.deepl.com/v2/translate"
          ],
          "rdf:language": [
            "es"
          ],
          "rdf:predicate": [
            "shortDescription"
          ]
        },
        {
          "@id": "https://data.datatourisme.fr/fd8a0bef-47eb-35b2-b05b-61f028913097",
          "dc:contributor": [
            "https://api.deepl.com/v2/translate"
          ],
          "rdf:language": [
            "it"
          ],
          "rdf:predicate": [
            "shortDescription"
          ]
        }
      ],
      "isDedicatedTo": [
        {
          "@id": "kb:ForAll",
          "@type": [
            "PeopleAudience"
          ],
          "rdfs:label": {
            "de": [
              "Für alle"
            ],
            "pt": [
              "Para todos"
            ],
            "en": [
              "For all"
            ],
            "it": [
              "Per tutti"
            ],
            "fr": [
              "Tout public"
            ],
            "nl": [
              "Voor iedereen"
            ],
            "es": [
              "Todos los públicos"
            ]
          }
        }
      ],
      "shortDescription": {
        "de": [
          "Aufführung in französischer Sprache mit deutschen Übertiteln.\n\nTaylor versucht, Michel vom kometenhaften - und unerwarteten - Aufstieg der unwahrscheinlichen politischen Partei zu erzählen, die er mit ein paar Freunden aus Spaß gegründet hat. Michel hingegen kehrt von einem zweijährigen spirituellen Rückzug in den Wald zurück. Die beiden Freunde diskutieren über Waldtherapie, demokratische Debatten, Placebo-Effekte und die Theorie der Pokémons, wobei es immer wieder zu Missverständnissen kommt.\nPolitische Fiktion, ein bisschen verrückt, aber immer noch sehr realitätsbezogen. Elles vivent ist ein philosophisches Märchen und eine burleske Satire in einem, es ist schrecklich komisch und von einer verrückten Relevanz. Ein völlig unberechenbares UFO mit bemerkenswertem Humor und Intelligenz.\n\nKonzept: Antoine Defoort, l'Amicale, Künstlerische Mitarbeit: Lorette Moreau, Mit : Sofia Teillet, Alexandre Le Nours, Antoine Defoort und Arnaud Boulogne.\nProduktion: L'Amicale."
        ],
        "en": [
          "Show in French, with German surtitles.\n\nTaylor tries to tell Michel about the meteoric - and unexpected - rise of the improbable political party he founded with friends as a joke. Michel, for his part, has just returned from a two-year spiritual retreat in the forest. From digressions to misunderstandings, the two friends discuss sylvotherapy, democratic debate, the placebo effect and Pokémon theory...\nPolitical fiction with a touch of madness, but always firmly rooted in reality. Terribly funny and wildly relevant, Elles vivent is as much a philosophical tale as a burlesque satire. A perfectly unconventional UFO show of remarkable humor and intelligence.\n\nConcept: Antoine Defoort, l'Amicale, Artistic collaboration: Lorette Moreau, With : Sofia Teillet, Alexandre Le Nours, Antoine Defoort and Arnaud Boulogne.\nProduction: L?Amicale."
        ],
        "it": [
          "Spettacolo in francese, con sottotitoli in tedesco.\n\nTaylor cerca di raccontare a Michel la fulminea - e inaspettata - ascesa dell'improbabile partito politico che ha fondato per gioco con gli amici. Michel è appena tornato da un ritiro spirituale di due anni nella foresta. Tra divagazioni ed equivoci, i due amici discutono di silvoterapia, dibattito democratico, effetto placebo e teoria dei Pokémon...\nÈ una fiction politica con un tocco di follia, ma sempre saldamente radicata nella realtà. Terribilmente divertente e di grande attualità, Elles vivent è tanto un racconto filosofico quanto una satira burlesca. Uno spettacolo sugli UFO perfettamente anticonvenzionale, di notevole umorismo e intelligenza.\n\nIdeazione: Antoine Defoort, l'Amicale, Collaborazione artistica: Lorette Moreau, Con : Sofia Teillet, Alexandre Le Nours, Antoine Defoort e Arnaud Boulogne.\nProduzione: L'Amicale."
        ],
        "fr": [
          "Spectacle en français, surtitré allemand.\n\nTaylor essaie de raconter à Michel l’ascension fulgurante – et inattendue – de l’improbable parti politique qu’il a fondé avec des ami(e)s pour rigoler. Michel, lui, revient de deux années de retraite spirituelle en pleine forêt. De digressions en malentendus, les deux copains vont discuter sylvothérapie, débat démocratique, effet placebo et théorie des Pokémons ...\nDe la politique-fiction un brin déjantée, toujours très ancrée dans le réel. Terriblement drôle et d’une pertinence folle, Elles vivent tient autant du conte philosophique que de la satire burlesque. Un spectacle ovni parfaitement inracontable d’un humour et d’une intelligence remarquables.\n\nConception : Antoine Defoort, l'Amicale, Collaboration artistique : Lorette Moreau, Avec : Sofia Teillet, Alexandre Le Nours, Antoine Defoort et Arnaud Boulogne.\nProduction : L’Amicale."
        ],
        "nl": [
          "Voorstelling in het Frans, met Duitse ondertiteling.\n\nTaylor probeert Michel te vertellen over de razendsnelle - en onverwachte - opkomst van de onwaarschijnlijke politieke partij die hij als grap met vrienden heeft opgericht. Michel is net terug van een twee jaar durende spirituele retraite in het bos. Van uitweidingen tot misverstanden, de twee vrienden bespreken sylvotherapie, democratisch debat, het placebo-effect en Pokémon theorie...\nHet is politieke fictie met een vleugje waanzin, maar altijd stevig geworteld in de realiteit. Elles vivent is vreselijk grappig en uiterst relevant, en zowel een filosofische vertelling als een burleske satire. Een perfect onconventionele UFO-show met opmerkelijke humor en intelligentie.\n\nConcept: Antoine Defoort, l'Amicale, Artistieke samenwerking: Lorette Moreau, Met : Sofia Teillet, Alexandre Le Nours, Antoine Defoort en Arnaud Boulogne.\nProductie: L'Amicale."
        ],
        "es": [
          "Espectáculo en francés, con sobretítulos en alemán.\n\nTaylor intenta contarle a Michel el meteórico -e inesperado- ascenso del improbable partido político que fundó con unos amigos a modo de broma. Michel acaba de regresar de un retiro espiritual de dos años en el bosque. De divagaciones a malentendidos, los dos amigos discuten sobre la silvoterapia, el debate democrático, el efecto placebo y la teoría Pokémon...\nEs política ficción con un toque de locura, pero siempre firmemente enraizada en la realidad. Terriblemente divertida y salvajemente actual, Elles vivent es tanto un relato filosófico como una sátira burlesca. Un espectáculo ovni perfectamente poco convencional, de un humor y una inteligencia notables.\n\nConcepto: Antoine Defoort, l'Amicale, Colaboración artística: Lorette Moreau, Con : Sofia Teillet, Alexandre Le Nours, Antoine Defoort y Arnaud Boulogne.\nProducción: L'Amicale."
        ]
      }
    }
  ],
  "hasMainRepresentation": [
    {
      "@id": "https://data.datatourisme.fr/d605ee3b-a140-3a0e-a30c-90dd2d2daf22",
      "ebucore:hasAnnotation": [
        {
          "@id": "https://data.datatourisme.fr/e36fe1ae-0c52-39c1-ba00-b363a343dcaf",
          "@type": [
            "ebucore:Annotation"
          ],
          "credits": [
            "Matthieu Edet"
          ]
        }
      ],
      "ebucore:hasRelatedResource": [
        {
          "@id": "https://data.datatourisme.fr/3beff665-e7a7-3673-9804-7f2cf07052db",
          "ebucore:locator": [
            "https://opendata.sitlor.fr/photos/947/947003966_4_800x600.jpeg"
          ],
          "@type": [
            "ebucore:Resource"
          ]
        }
      ],
      "@type": [
        "ebucore:EditorialObject"
      ]
    }
  ],
  "hasRepresentation": [
    {
      "@id": "https://data.datatourisme.fr/d605ee3b-a140-3a0e-a30c-90dd2d2daf22",
      "ebucore:hasAnnotation": [
        {
          "@id": "https://data.datatourisme.fr/e36fe1ae-0c52-39c1-ba00-b363a343dcaf",
          "@type": [
            "ebucore:Annotation"
          ],
          "credits": [
            "Matthieu Edet"
          ]
        }
      ],
      "ebucore:hasRelatedResource": [
        {
          "@id": "https://data.datatourisme.fr/3beff665-e7a7-3673-9804-7f2cf07052db",
          "ebucore:locator": [
            "https://opendata.sitlor.fr/photos/947/947003966_4_800x600.jpeg"
          ],
          "@type": [
            "ebucore:Resource"
          ]
        }
      ],
      "@type": [
        "ebucore:EditorialObject"
      ]
    }
  ],
  "hasTranslatedProperty": [
    {
      "@id": "https://data.datatourisme.fr/0ef2bf37-2ed8-3b5f-b0cc-fd2fa46d5e6e",
      "dc:contributor": [
        "https://api.deepl.com/v2/translate"
      ],
      "rdf:language": [
        "nl"
      ],
      "rdf:predicate": [
        {
          "@id": "rdfs:comment"
        }
      ]
    },
    {
      "@id": "https://data.datatourisme.fr/5950e014-a95f-343f-b965-df62e001fc05",
      "dc:contributor": [
        "https://api.deepl.com/v2/translate"
      ],
      "rdf:language": [
        "it"
      ],
      "rdf:predicate": [
        {
          "@id": "rdfs:comment"
        }
      ]
    },
    {
      "@id": "https://data.datatourisme.fr/a96a4fcf-ad08-34db-af3f-a3fcff69769f",
      "dc:contributor": [
        "https://api.deepl.com/v2/translate"
      ],
      "rdf:language": [
        "de"
      ],
      "rdf:predicate": [
        {
          "@id": "rdfs:comment"
        }
      ]
    },
    {
      "@id": "https://data.datatourisme.fr/c4a44ed8-273b-3bf9-adcb-fb247dab35dd",
      "dc:contributor": [
        "https://api.deepl.com/v2/translate"
      ],
      "rdf:language": [
        "en"
      ],
      "rdf:predicate": [
        {
          "@id": "rdfs:comment"
        }
      ]
    },
    {
      "@id": "https://data.datatourisme.fr/f1d5e7fc-6c03-383c-8298-71b049f52616",
      "dc:contributor": [
        "https://api.deepl.com/v2/translate"
      ],
      "rdf:language": [
        "es"
      ],
      "rdf:predicate": [
        {
          "@id": "rdfs:comment"
        }
      ]
    }
  ],
  "isLocatedAt": [
    {
      "@id": "https://data.datatourisme.fr/929db8dc-1962-3d9c-b603-4c56491a7116",
      "schema:address": [
        {
          "@id": "https://data.datatourisme.fr/f1333ce1-94c1-3386-ac72-60aea8c45835",
          "schema:addressLocality": "Sarreguemines",
          "schema:postalCode": "57200",
          "schema:streetAddress": [
            "2 rue du Maire Massing"
          ],
          "@type": [
            "schema:PostalAddress",
            "PostalAddress"
          ],
          "hasAddressCity": {
            "@id": "kb:57631",
            "@type": [
              "City"
            ],
            "rdfs:label": {
              "de": [
                "Sarreguemines"
              ],
              "pt": [
                "Sarreguemines"
              ],
              "en": [
                "Sarreguemines"
              ],
              "it": [
                "Sarreguemines"
              ],
              "fr": [
                "Sarreguemines"
              ],
              "nl": [
                "Sarreguemines"
              ],
              "es": [
                "Sarreguemines"
              ]
            },
            "insee": "57631",
            "isPartOfDepartment": {
              "@id": "kb:France4457",
              "@type": [
                "Department"
              ],
              "rdfs:label": {
                "de": [
                  "Moselle"
                ],
                "pt": [
                  "Moselle"
                ],
                "en": [
                  "Moselle"
                ],
                "it": [
                  "Moselle"
                ],
                "fr": [
                  "Moselle"
                ],
                "nl": [
                  "Moselle"
                ],
                "es": [
                  "Moselle"
                ]
              },
              "insee": "57",
              "isPartOfRegion": {
                "@id": "kb:France44",
                "@type": [
                  "Region"
                ],
                "rdfs:label": {
                  "de": [
                    "Grand Est"
                  ],
                  "pt": [
                    "Grand Est"
                  ],
                  "en": [
                    "Grand Est"
                  ],
                  "it": [
                    "Grand Est"
                  ],
                  "fr": [
                    "Grand Est"
                  ],
                  "nl": [
                    "Grand Est"
                  ],
                  "es": [
                    "Grand Est"
                  ]
                },
                "insee": "44",
                "isPartOfCountry": {
                  "@id": "kb:France",
                  "@type": [
                    "schema:Country"
                  ],
                  "rdfs:label": {
                    "de": [
                      "France",
                      "Frankreich"
                    ],
                    "pt": [
                      "França",
                      "France"
                    ],
                    "en": [
                      "France"
                    ],
                    "it": [
                      "France",
                      "Francia"
                    ],
                    "fr": [
                      "France"
                    ],
                    "nl": [
                      "France",
                      "Frankrijk"
                    ],
                    "es": [
                      "France",
                      "Francia"
                    ]
                  }
                }
              }
            }
          }
        }
      ],
      "schema:geo": {
        "@id": "https://data.datatourisme.fr/f09d9840-ebb7-3533-b622-ea475a348710",
        "schema:latitude": "49.1099688498719",
        "schema:longitude": "7.07101608042603",
        "@type": [
          "schema:GeoCoordinates"
        ]
      },
      "schema:openingHoursSpecification": [
        {
          "@id": "https://data.datatourisme.fr/6cf5f9ee-b1f0-3e93-b091-64d98b201188",
          "schema:closes": "21:30:00",
          "schema:dayOfWeek": [
            {
              "@id": "schema:Saturday",
              "@type": [
                "schema:DayOfWeek"
              ],
              "rdfs:label": {
                "de": [
                  "Samstag"
                ],
                "pt": [
                  "Sábado"
                ],
                "en": [
                  "Saturday"
                ],
                "it": [
                  "Sabato"
                ],
                "fr": [
                  "Samedi"
                ],
                "nl": [
                  "Zaterdag"
                ],
                "es": [
                  "Sábado"
                ]
              }
            }
          ],
          "schema:opens": "20:00:00",
          "schema:validFrom": "2024-05-25T00:00:00",
          "schema:validThrough": "2024-05-25T23:59:59",
          "@type": [
            "schema:OpeningHoursSpecification"
          ]
        }
      ],
      "@type": [
        "schema:Place",
        "Place"
      ],
      "petsAllowed": false
    }
  ],
  "lastUpdate": "2023-09-08",
  "lastUpdateDatatourisme": "2023-09-09T04:01:29.006Z",
  "offers": [
    {
      "@id": "https://data.datatourisme.fr/c81c43d5-2e1c-3643-9780-aaaae5d34b6f",
      "schema:priceSpecification": [
        {
          "@id": "https://data.datatourisme.fr/906379f4-a173-3634-97c4-04cdf87ee6c2",
          "schema:price": "20",
          "schema:priceCurrency": "EUR",
          "@type": [
            "schema:PriceSpecification",
            "PriceSpecification"
          ],
          "hasAudience": [
            {
              "@id": "kb:Adults",
              "@type": [
                "PeopleAudience"
              ],
              "rdfs:label": {
                "de": [
                  "Erwachsene"
                ],
                "pt": [
                  "Adultos"
                ],
                "en": [
                  "Adults"
                ],
                "it": [
                  "Adulti"
                ],
                "fr": [
                  "Adultes"
                ],
                "nl": [
                  "Volwassenen"
                ],
                "es": [
                  "Adultos"
                ]
              }
            }
          ],
          "hasEligibleAudience": [
            {
              "@id": "kb:Adults",
              "@type": [
                "PeopleAudience"
              ],
              "rdfs:label": {
                "de": [
                  "Erwachsene"
                ],
                "pt": [
                  "Adultos"
                ],
                "en": [
                  "Adults"
                ],
                "it": [
                  "Adulti"
                ],
                "fr": [
                  "Adultes"
                ],
                "nl": [
                  "Volwassenen"
                ],
                "es": [
                  "Adultos"
                ]
              }
            }
          ],
          "hasEligiblePolicy": [
            {
              "@id": "kb:BaseRateFullRate",
              "@type": [
                "PricingPolicy"
              ],
              "rdfs:label": {
                "de": [
                  "Basistarif – voller Tarif"
                ],
                "pt": [
                  "Preço de base — preço total"
                ],
                "en": [
                  "Base rate - full rate"
                ],
                "it": [
                  "Tariffa di base — tariffa intera"
                ],
                "fr": [
                  "Tarif de base - plein tarif"
                ],
                "es": [
                  "Tarifa básica - tarifa completa"
                ],
                "nl": [
                  "Basistarief - vol tarief"
                ]
              }
            }
          ],
          "hasPricingMode": [
            {
              "@id": "kb:PerPerson",
              "@type": [
                "PricingMode"
              ],
              "rdfs:label": {
                "de": [
                  "Pro Person"
                ],
                "pt": [
                  "Por pessoa"
                ],
                "en": [
                  "Per person"
                ],
                "it": [
                  "Per persona"
                ],
                "fr": [
                  "Par personne"
                ],
                "es": [
                  "Por persona"
                ],
                "nl": [
                  "Per persoon"
                ]
              }
            }
          ],
          "hasPricingOffer": [
            {
              "@id": "kb:Ticket",
              "@type": [
                "ActivityPricingOffer"
              ],
              "rdfs:label": {
                "de": [
                  "Eintrittskarte, Eintrittsgeld, Pauschale"
                ],
                "pt": [
                  "Bilhete, Direito de entrada, Preço fixo"
                ],
                "en": [
                  "Ticket, Entry fee, Pass"
                ],
                "it": [
                  "Biglietto, diritto d'ingresso, forfait"
                ],
                "fr": [
                  "Ticket, Droit d'entrée, Forfait"
                ],
                "nl": [
                  "Ticket, toegangsbewijs, pas"
                ],
                "es": [
                  "Billete, entrada, forfait"
                ]
              }
            }
          ]
        }
      ],
      "@type": [
        "schema:Offer",
        "Offer"
      ]
    },
    {
      "@id": "https://data.datatourisme.fr/d00b9586-8bcc-3b3e-a930-50d311a54d60",
      "schema:priceSpecification": [
        {
          "@id": "https://data.datatourisme.fr/4e8c7616-6f82-386b-b4b4-c5f87ebb55ac",
          "schema:price": "15",
          "schema:priceCurrency": "EUR",
          "@type": [
            "schema:PriceSpecification",
            "PriceSpecification"
          ],
          "hasAudience": [
            {
              "@id": "kb:Adults",
              "@type": [
                "PeopleAudience"
              ],
              "rdfs:label": {
                "de": [
                  "Erwachsene"
                ],
                "pt": [
                  "Adultos"
                ],
                "en": [
                  "Adults"
                ],
                "it": [
                  "Adulti"
                ],
                "fr": [
                  "Adultes"
                ],
                "nl": [
                  "Volwassenen"
                ],
                "es": [
                  "Adultos"
                ]
              }
            }
          ],
          "hasEligibleAudience": [
            {
              "@id": "kb:Adults",
              "@type": [
                "PeopleAudience"
              ],
              "rdfs:label": {
                "de": [
                  "Erwachsene"
                ],
                "pt": [
                  "Adultos"
                ],
                "en": [
                  "Adults"
                ],
                "it": [
                  "Adulti"
                ],
                "fr": [
                  "Adultes"
                ],
                "nl": [
                  "Volwassenen"
                ],
                "es": [
                  "Adultos"
                ]
              }
            }
          ],
          "hasEligiblePolicy": [
            {
              "@id": "kb:ReducedRate",
              "@type": [
                "PricingPolicy"
              ],
              "rdfs:label": {
                "de": [
                  "Ermäßigter Tarif"
                ],
                "pt": [
                  "Preço reduzido"
                ],
                "en": [
                  "Reduced rate"
                ],
                "it": [
                  "Prezzo ridotto"
                ],
                "fr": [
                  "Tarif réduit"
                ],
                "es": [
                  "Tarifa reducida"
                ],
                "nl": [
                  "Gereduceerd tarief"
                ]
              }
            }
          ],
          "hasPricingMode": [
            {
              "@id": "kb:PerPerson",
              "@type": [
                "PricingMode"
              ],
              "rdfs:label": {
                "de": [
                  "Pro Person"
                ],
                "pt": [
                  "Por pessoa"
                ],
                "en": [
                  "Per person"
                ],
                "it": [
                  "Per persona"
                ],
                "fr": [
                  "Par personne"
                ],
                "es": [
                  "Por persona"
                ],
                "nl": [
                  "Per persoon"
                ]
              }
            }
          ],
          "hasPricingOffer": [
            {
              "@id": "kb:Ticket",
              "@type": [
                "ActivityPricingOffer"
              ],
              "rdfs:label": {
                "de": [
                  "Eintrittskarte, Eintrittsgeld, Pauschale"
                ],
                "pt": [
                  "Bilhete, Direito de entrada, Preço fixo"
                ],
                "en": [
                  "Ticket, Entry fee, Pass"
                ],
                "it": [
                  "Biglietto, diritto d'ingresso, forfait"
                ],
                "fr": [
                  "Ticket, Droit d'entrée, Forfait"
                ],
                "nl": [
                  "Ticket, toegangsbewijs, pas"
                ],
                "es": [
                  "Billete, entrada, forfait"
                ]
              }
            }
          ]
        }
      ],
      "@type": [
        "schema:Offer",
        "Offer"
      ]
    }
  ],
  "takesPlaceAt": [
    {
      "@id": "https://data.datatourisme.fr/3a2e343e-3210-3c55-bff9-605826356449",
      "@type": [
        "Period",
        "RecurrentPeriod"
      ],
      "appliesOnDay": [
        {
          "@id": "schema:Saturday",
          "@type": [
            "schema:DayOfWeek"
          ],
          "rdfs:label": {
            "de": [
              "Samstag"
            ],
            "pt": [
              "Sábado"
            ],
            "en": [
              "Saturday"
            ],
            "it": [
              "Sabato"
            ],
            "fr": [
              "Samedi"
            ],
            "nl": [
              "Zaterdag"
            ],
            "es": [
              "Sábado"
            ]
          }
        }
      ],
      "endDate": "2024-05-25",
      "endTime": "21:30:00",
      "startDate": "2024-05-25",
      "startTime": "20:00:00"
    }
  ]
}