{
  "@id": "https://data.datatourisme.fr/13/009f6dc9-52b8-304f-813e-1c297774c3b9",
  "dc:identifier": "6047442",
  "@type": [
    "schema:Landform",
    "NaturalHeritage",
    "PlaceOfInterest",
    "PointOfInterest",
    "PointOfView"
  ],
  "rdfs:comment": {
    "de": [
      "Hoch gelegenes Dorf."
    ],
    "en": [
      "Perched village."
    ],
    "it": [
      "Villaggio arroccato."
    ],
    "fr": [
      "Village perché."
    ],
    "es": [
      "Pueblo encaramado."
    ],
    "nl": [
      "Hooggelegen dorp."
    ]
  },
  "rdfs:label": {
    "fr": [
      "Panorama - Village de Saint-Bonnet de Rochefort"
    ]
  },
  "hasBeenCreatedBy": {
    "@id": "https://data.datatourisme.fr/13/a1d50185-e742-3cbb-8aca-d1e6ca74b9aa",
    "dc:identifier": "1147",
    "schema:email": [
      "c.allix@allier-tourisme.net",
      "i.robin@allier-tourisme.net",
      "robin.i@allier-bourbonnais.fr"
    ],
    "schema:legalName": "ALLIER BOURBONNAIS ATTRACTIVITÉ",
    "@type": [
      "schema:Organization",
      "foaf:Agent",
      "Agent"
    ],
    "foaf:homepage": [
      "https://allier-bourbonnais.fr/"
    ]
  },
  "hasBeenPublishedBy": [
    {
      "@id": "https://data.datatourisme.fr/c55300f9-494b-38ba-adff-d663c77ad33a",
      "schema:legalName": "ALLIER BOURBONNAIS ATTRACTIVITÉ - source : Apidae Tourisme",
      "@type": [
        "schema:Organization",
        "foaf:Agent",
        "Agent"
      ],
      "foaf:homepage": [
        "https://www.apidae-tourisme.com/"
      ]
    }
  ],
  "hasContact": [
    {
      "@id": "https://data.datatourisme.fr/e20ead4f-d3a8-3732-934f-a70e854d7016",
      "schema:email": [
        "accueil@vdstourisme.com",
        "mairie-st-bonnet-rochefort@orange.fr"
      ],
      "schema:telephone": [
        "+33 4 70 45 32 73",
        "+33 4 70 58 50 67"
      ],
      "@type": [
        "foaf:Agent",
        "Agent"
      ]
    }
  ],
  "hasDescription": [
    {
      "@id": "https://data.datatourisme.fr/50d5df41-9311-31e9-b62b-615b0709f7a5",
      "@type": [
        "Description"
      ],
      "hasTranslatedProperty": [
        {
          "@id": "https://data.datatourisme.fr/077c5cb5-bdc8-3dfe-adfa-84ef62c53ebb",
          "dc:contributor": [
            "https://api.deepl.com/v2/translate"
          ],
          "rdf:language": [
            "it"
          ],
          "rdf:predicate": [
            "shortDescription"
          ]
        },
        {
          "@id": "https://data.datatourisme.fr/0935e3cb-d525-360a-ac01-f6482f958690",
          "dc:contributor": [
            "https://api.deepl.com/v2/translate"
          ],
          "rdf:language": [
            "es"
          ],
          "rdf:predicate": [
            "shortDescription"
          ]
        },
        {
          "@id": "https://data.datatourisme.fr/1c4a1e56-09d4-3945-8e06-5ce52fb2c506",
          "dc:contributor": [
            "https://api.deepl.com/v2/translate"
          ],
          "rdf:language": [
            "nl"
          ],
          "rdf:predicate": [
            "shortDescription"
          ]
        },
        {
          "@id": "https://data.datatourisme.fr/2606bbcd-4577-352a-8696-3696d1f827f0",
          "dc:contributor": [
            "https://api.deepl.com/v2/translate"
          ],
          "rdf:language": [
            "de"
          ],
          "rdf:predicate": [
            "shortDescription"
          ]
        },
        {
          "@id": "https://data.datatourisme.fr/e33c9270-ed38-3d2e-a837-573da3c8be70",
          "dc:contributor": [
            "https://api.deepl.com/v2/translate"
          ],
          "rdf:language": [
            "en"
          ],
          "rdf:predicate": [
            "shortDescription"
          ]
        }
      ],
      "shortDescription": {
        "de": [
          "Hoch gelegenes Dorf."
        ],
        "en": [
          "Perched village."
        ],
        "it": [
          "Villaggio arroccato."
        ],
        "fr": [
          "Village perché."
        ],
        "es": [
          "Pueblo encaramado."
        ],
        "nl": [
          "Hooggelegen dorp."
        ]
      }
    }
  ],
  "hasTranslatedProperty": [
    {
      "@id": "https://data.datatourisme.fr/4ddfc107-5a9e-370a-8c72-b1a1a661dd82",
      "dc:contributor": [
        "https://api.deepl.com/v2/translate"
      ],
      "rdf:language": [
        "nl"
      ],
      "rdf:predicate": [
        {
          "@id": "rdfs:comment"
        }
      ]
    },
    {
      "@id": "https://data.datatourisme.fr/6ede5e0d-5393-38f2-906f-d95b5570fa44",
      "dc:contributor": [
        "https://api.deepl.com/v2/translate"
      ],
      "rdf:language": [
        "es"
      ],
      "rdf:predicate": [
        {
          "@id": "rdfs:comment"
        }
      ]
    },
    {
      "@id": "https://data.datatourisme.fr/7624183e-a111-39a6-b742-f33871c7b4c9",
      "dc:contributor": [
        "https://api.deepl.com/v2/translate"
      ],
      "rdf:language": [
        "it"
      ],
      "rdf:predicate": [
        {
          "@id": "rdfs:comment"
        }
      ]
    },
    {
      "@id": "https://data.datatourisme.fr/b39fca6f-0c73-392e-afcb-b9ba9788dc07",
      "dc:contributor": [
        "https://api.deepl.com/v2/translate"
      ],
      "rdf:language": [
        "en"
      ],
      "rdf:predicate": [
        {
          "@id": "rdfs:comment"
        }
      ]
    },
    {
      "@id": "https://data.datatourisme.fr/e536a27d-6702-39e1-ad00-d08fe9d6a613",
      "dc:contributor": [
        "https://api.deepl.com/v2/translate"
      ],
      "rdf:language": [
        "de"
      ],
      "rdf:predicate": [
        {
          "@id": "rdfs:comment"
        }
      ]
    }
  ],
  "isLocatedAt": [
    {
      "@id": "https://data.datatourisme.fr/05defc9d-45e0-3284-939c-1f043f287611",
      "schema:address": [
        {
          "@id": "https://data.datatourisme.fr/e6032031-7388-337a-9a9c-c1aa9d0ae555",
          "schema:addressLocality": "Saint-Bonnet-de-Rochefort",
          "schema:postalCode": "03800",
          "schema:streetAddress": [
            "Le Bourg"
          ],
          "@type": [
            "schema:PostalAddress",
            "PostalAddress"
          ],
          "hasAddressCity": {
            "@id": "kb:03220",
            "@type": [
              "City"
            ],
            "rdfs:label": {
              "de": [
                "Saint-Bonnet-de-Rochefort"
              ],
              "pt": [
                "Saint-Bonnet-de-Rochefort"
              ],
              "en": [
                "Saint-Bonnet-de-Rochefort"
              ],
              "it": [
                "Saint-Bonnet-de-Rochefort"
              ],
              "fr": [
                "Saint-Bonnet-de-Rochefort"
              ],
              "nl": [
                "Saint-Bonnet-de-Rochefort"
              ],
              "es": [
                "Saint-Bonnet-de-Rochefort"
              ]
            },
            "insee": "03220",
            "isPartOfDepartment": {
              "@id": "kb:France8403",
              "@type": [
                "Department"
              ],
              "rdfs:label": {
                "de": [
                  "Allier"
                ],
                "pt": [
                  "Allier"
                ],
                "en": [
                  "Allier"
                ],
                "it": [
                  "Allier"
                ],
                "fr": [
                  "Allier"
                ],
                "nl": [
                  "Allier"
                ],
                "es": [
                  "Allier"
                ]
              },
              "insee": "03",
              "isPartOfRegion": {
                "@id": "kb:France84",
                "@type": [
                  "Region"
                ],
                "rdfs:label": {
                  "de": [
                    "Auvergne-Rhône-Alpes"
                  ],
                  "pt": [
                    "Auvergne-Rhône-Alpes"
                  ],
                  "en": [
                    "Auvergne-Rhône-Alpes"
                  ],
                  "it": [
                    "Auvergne-Rhône-Alpes"
                  ],
                  "fr": [
                    "Auvergne-Rhône-Alpes"
                  ],
                  "nl": [
                    "Auvergne-Rhône-Alpes"
                  ],
                  "es": [
                    "Auvergne-Rhône-Alpes"
                  ]
                },
                "insee": "84",
                "isPartOfCountry": {
                  "@id": "kb:France",
                  "@type": [
                    "schema:Country"
                  ],
                  "rdfs:label": {
                    "de": [
                      "France",
                      "Frankreich"
                    ],
                    "pt": [
                      "França",
                      "France"
                    ],
                    "en": [
                      "France"
                    ],
                    "it": [
                      "France",
                      "Francia"
                    ],
                    "fr": [
                      "France"
                    ],
                    "nl": [
                      "France",
                      "Frankrijk"
                    ],
                    "es": [
                      "France",
                      "Francia"
                    ]
                  }
                }
              }
            }
          }
        }
      ],
      "schema:geo": {
        "@id": "https://data.datatourisme.fr/2ebd2392-50c4-3246-be40-520c7d490bf7",
        "schema:latitude": "46.147729",
        "schema:longitude": "3.136874",
        "@type": [
          "schema:GeoCoordinates"
        ]
      },
      "schema:openingHoursSpecification": [
        {
          "@id": "https://data.datatourisme.fr/f87e535a-636d-3343-ad63-8a03392e7511",
          "schema:validFrom": "2023-01-01T00:00:00",
          "schema:validThrough": "2023-12-31T23:59:59",
          "@type": [
            "schema:OpeningHoursSpecification"
          ]
        }
      ],
      "@type": [
        "schema:Place",
        "Place"
      ]
    }
  ],
  "isOwnedBy": [
    {
      "@id": "https://data.datatourisme.fr/17c484da-b53e-3c2f-b77f-352ac61ed336",
      "schema:email": [
        "robin.i@allier-bourbonnais.fr"
      ],
      "schema:legalName": "ALLIER BOURBONNAIS ATTRACTIVITÉ",
      "@type": [
        "schema:Organization",
        "foaf:Agent",
        "Agent"
      ],
      "foaf:homepage": [
        "https://allier-bourbonnais.fr/"
      ]
    }
  ],
  "lastUpdate": "2023-02-21",
  "lastUpdateDatatourisme": "2023-06-22T05:53:28.735Z"
}