{
  "@id": "https://data.datatourisme.fr/13/00cc7965-ca52-3022-afd5-ec6769744c3e",
  "dc:identifier": "921740",
  "@type": [
    "schema:LocalBusiness",
    "PlaceOfInterest",
    "PointOfInterest",
    "TastingProvider"
  ],
  "rdfs:comment": {
    "de": [
      "Lokale Produktion von Safran, Früchten und Nebenprodukten: Konfitüren aus der Region, Safran, Geschenksets, Lämmer, Sirup und Essig mit Safran."
    ],
    "en": [
      "Local production of saffron, fruits and derived products: local jams, saffron, gift boxes, lambs, syrups and vinegars with saffron."
    ],
    "it": [
      "Produzione locale di zafferano, frutta e prodotti derivati: marmellate locali, zafferano, confezioni regalo, agnello, sciroppi e aceti allo zafferano."
    ],
    "fr": [
      "Production locale de safran, fruits et produits dérivés : confitures du pays, safran, coffrets cadeaux, agneaux, sirops et vinaigres au safran."
    ],
    "es": [
      "Producción local de azafrán, frutas y productos derivados: mermeladas locales, azafrán, cajas de regalo, cordero, jarabes y vinagres con azafrán."
    ],
    "nl": [
      "Lokale productie van saffraan, fruit en afgeleide producten: lokale jam, saffraan, geschenkdozen, lamsvlees, siropen en azijn met saffraan."
    ]
  },
  "rdfs:label": {
    "en": [
      "Les trésors de nos montagnes - The treasures of our mountains"
    ],
    "fr": [
      "Les trésors de nos montagnes"
    ]
  },
  "hasBeenCreatedBy": {
    "@id": "https://data.datatourisme.fr/13/3fe78a8a-cf5f-3a99-9e95-303940a2420c",
    "dc:identifier": "1128",
    "schema:email": [
      "contact@hautesterresprovence.com",
      "hautesterresprovence@gmail.com",
      "infos@collegiensdumonde.com"
    ],
    "schema:legalName": "Office de tourisme Les Hautes Terres de Provence®",
    "@type": [
      "schema:Organization",
      "foaf:Agent",
      "Agent"
    ],
    "foaf:homepage": [
      "http://www.sisteron-a-serreponcon.com/"
    ]
  },
  "hasBeenPublishedBy": [
    {
      "@id": "https://data.datatourisme.fr/8a9feb4b-2cbd-3d2c-b507-bd6c6776b23b",
      "schema:legalName": "Apidae Tourisme Scic SA - source : Apidae Tourisme",
      "@type": [
        "schema:Organization",
        "foaf:Agent",
        "Agent"
      ],
      "foaf:homepage": [
        "https://www.apidae-tourisme.com/"
      ]
    }
  ],
  "hasContact": [
    {
      "@id": "https://data.datatourisme.fr/f8a7e7ce-d453-3b11-b868-b94f5df80134",
      "schema:email": [
        "rosemariegarcin@gmail.com"
      ],
      "schema:telephone": [
        "+33 9 54 96 15 56"
      ],
      "@type": [
        "foaf:Agent",
        "Agent"
      ],
      "foaf:homepage": [
        "http://rosemariegarcin.wixsite.com/safrandesmontagnes"
      ]
    }
  ],
  "hasDescription": [
    {
      "@id": "https://data.datatourisme.fr/7a3b7f25-c1f6-3066-95c2-0daa7c540dd9",
      "@type": [
        "Description"
      ],
      "hasTranslatedProperty": [
        {
          "@id": "https://data.datatourisme.fr/3861bb64-8629-3858-b8a4-d51130dfba78",
          "dc:contributor": [
            "https://api.deepl.com/v2/translate"
          ],
          "rdf:language": [
            "es"
          ],
          "rdf:predicate": [
            "shortDescription"
          ]
        },
        {
          "@id": "https://data.datatourisme.fr/38e68bc7-0a38-3635-812b-69a9373efe8c",
          "dc:contributor": [
            "https://api.deepl.com/v2/translate"
          ],
          "rdf:language": [
            "it"
          ],
          "rdf:predicate": [
            "shortDescription"
          ]
        },
        {
          "@id": "https://data.datatourisme.fr/6d8952fe-b599-31e4-a260-b7b07262ea71",
          "dc:contributor": [
            "https://api.deepl.com/v2/translate"
          ],
          "rdf:language": [
            "nl"
          ],
          "rdf:predicate": [
            "shortDescription"
          ]
        },
        {
          "@id": "https://data.datatourisme.fr/71d4d5c3-fb27-334c-a614-cc891af15a6d",
          "dc:contributor": [
            "https://api.deepl.com/v2/translate"
          ],
          "rdf:language": [
            "de"
          ],
          "rdf:predicate": [
            "shortDescription"
          ]
        }
      ],
      "shortDescription": {
        "de": [
          "Lokale Produktion von Safran, Früchten und Nebenprodukten: Konfitüren aus der Region, Safran, Geschenksets, Lämmer, Sirup und Essig mit Safran."
        ],
        "en": [
          "Local production of saffron, fruits and derived products: local jams, saffron, gift boxes, lambs, syrups and vinegars with saffron."
        ],
        "it": [
          "Produzione locale di zafferano, frutta e prodotti derivati: marmellate locali, zafferano, confezioni regalo, agnello, sciroppi e aceti allo zafferano."
        ],
        "fr": [
          "Production locale de safran, fruits et produits dérivés : confitures du pays, safran, coffrets cadeaux, agneaux, sirops et vinaigres au safran."
        ],
        "es": [
          "Producción local de azafrán, frutas y productos derivados: mermeladas locales, azafrán, cajas de regalo, cordero, jarabes y vinagres con azafrán."
        ],
        "nl": [
          "Lokale productie van saffraan, fruit en afgeleide producten: lokale jam, saffraan, geschenkdozen, lamsvlees, siropen en azijn met saffraan."
        ]
      }
    }
  ],
  "hasTranslatedProperty": [
    {
      "@id": "https://data.datatourisme.fr/1be561f1-179d-386e-9cfe-1f364771f4ea",
      "dc:contributor": [
        "https://api.deepl.com/v2/translate"
      ],
      "rdf:language": [
        "es"
      ],
      "rdf:predicate": [
        {
          "@id": "rdfs:comment"
        }
      ]
    },
    {
      "@id": "https://data.datatourisme.fr/87e26b98-ee44-3991-bdb2-802368b1e0d6",
      "dc:contributor": [
        "https://api.deepl.com/v2/translate"
      ],
      "rdf:language": [
        "it"
      ],
      "rdf:predicate": [
        {
          "@id": "rdfs:comment"
        }
      ]
    },
    {
      "@id": "https://data.datatourisme.fr/9cbfa17a-10e3-3fba-b046-9944b9a4e7b8",
      "dc:contributor": [
        "https://api.deepl.com/v2/translate"
      ],
      "rdf:language": [
        "nl"
      ],
      "rdf:predicate": [
        {
          "@id": "rdfs:comment"
        }
      ]
    },
    {
      "@id": "https://data.datatourisme.fr/d29d1698-5193-3d4d-8435-d0f15620b20f",
      "dc:contributor": [
        "https://api.deepl.com/v2/translate"
      ],
      "rdf:language": [
        "de"
      ],
      "rdf:predicate": [
        {
          "@id": "rdfs:comment"
        }
      ]
    }
  ],
  "isLocatedAt": [
    {
      "@id": "https://data.datatourisme.fr/7bed0240-f405-3f86-a70b-b961ae3fde69",
      "schema:address": [
        {
          "@id": "https://data.datatourisme.fr/0dee8d13-23c7-3f6c-a05e-44b7d148ccd9",
          "schema:addressLocality": "Bayons",
          "schema:postalCode": "04250",
          "schema:streetAddress": [
            "Le Forest-Lacour",
            "Rue de l'Antône"
          ],
          "@type": [
            "schema:PostalAddress",
            "PostalAddress"
          ],
          "hasAddressCity": {
            "@id": "kb:04023",
            "@type": [
              "City"
            ],
            "rdfs:label": {
              "de": [
                "Bayons"
              ],
              "pt": [
                "Bayons"
              ],
              "en": [
                "Bayons"
              ],
              "it": [
                "Bayons"
              ],
              "fr": [
                "Bayons"
              ],
              "nl": [
                "Bayons"
              ],
              "es": [
                "Bayons"
              ]
            },
            "insee": "04023",
            "isPartOfDepartment": {
              "@id": "kb:France9304",
              "@type": [
                "Department"
              ],
              "rdfs:label": {
                "de": [
                  "Alpes-de-Haute-Provence"
                ],
                "pt": [
                  "Alpes-de-Haute-Provence"
                ],
                "en": [
                  "Alpes-de-Haute-Provence"
                ],
                "it": [
                  "Alpes-de-Haute-Provence"
                ],
                "fr": [
                  "Alpes-de-Haute-Provence"
                ],
                "nl": [
                  "Alpes-de-Haute-Provence"
                ],
                "es": [
                  "Alpes-de-Haute-Provence"
                ]
              },
              "insee": "04",
              "isPartOfRegion": {
                "@id": "kb:France93",
                "@type": [
                  "Region"
                ],
                "rdfs:label": {
                  "de": [
                    "Provence-Alpes-Côte d'Azur"
                  ],
                  "pt": [
                    "Provence-Alpes-Côte d'Azur"
                  ],
                  "en": [
                    "Provence-Alpes-Côte d'Azur"
                  ],
                  "it": [
                    "Provence-Alpes-Côte d'Azur"
                  ],
                  "fr": [
                    "Provence-Alpes-Côte d'Azur"
                  ],
                  "nl": [
                    "Provence-Alpes-Côte d'Azur"
                  ],
                  "es": [
                    "Provence-Alpes-Côte d'Azur"
                  ]
                },
                "insee": "93",
                "isPartOfCountry": {
                  "@id": "kb:France",
                  "@type": [
                    "schema:Country"
                  ],
                  "rdfs:label": {
                    "de": [
                      "France",
                      "Frankreich"
                    ],
                    "pt": [
                      "França",
                      "France"
                    ],
                    "en": [
                      "France"
                    ],
                    "it": [
                      "France",
                      "Francia"
                    ],
                    "fr": [
                      "France"
                    ],
                    "nl": [
                      "France",
                      "Frankrijk"
                    ],
                    "es": [
                      "France",
                      "Francia"
                    ]
                  }
                }
              }
            }
          }
        }
      ],
      "schema:geo": {
        "@id": "https://data.datatourisme.fr/5a706eec-f46c-3ea1-b4ee-aaa393849acc",
        "schema:elevation": "801",
        "schema:latitude": "44.331022",
        "schema:longitude": "6.133136",
        "@type": [
          "schema:GeoCoordinates"
        ]
      },
      "schema:openingHoursSpecification": [
        {
          "@id": "https://data.datatourisme.fr/f87e535a-636d-3343-ad63-8a03392e7511",
          "schema:validFrom": "2023-01-01T00:00:00",
          "schema:validThrough": "2023-12-31T23:59:59",
          "@type": [
            "schema:OpeningHoursSpecification"
          ]
        }
      ],
      "@type": [
        "schema:Place",
        "Place"
      ]
    }
  ],
  "isOwnedBy": [
    {
      "@id": "https://data.datatourisme.fr/192cf978-ea7f-332c-a17f-52fd194485b0",
      "schema:email": [
        "contact@hautesterresprovence.com",
        "hautesterresprovence@gmail.com",
        "infos@collegiensdumonde.com"
      ],
      "schema:legalName": "Office de tourisme Les Hautes Terres de Provence®",
      "@type": [
        "schema:Organization",
        "foaf:Agent",
        "Agent"
      ],
      "foaf:homepage": [
        "http://www.sisteron-a-serreponcon.com/"
      ]
    }
  ],
  "lastUpdate": "2021-04-29",
  "lastUpdateDatatourisme": "2023-02-01T18:07:36.154Z"
}