{
  "@id": "https://data.datatourisme.fr/13/001a657b-f796-3355-a2be-94827e21d388",
  "dc:identifier": "6499874",
  "schema:endDate": [
    "2023-10-08"
  ],
  "schema:startDate": [
    "2023-10-07"
  ],
  "@type": [
    "schema:Event",
    "schema:ExhibitionEvent",
    "CulturalEvent",
    "EntertainmentAndEvent",
    "Exhibition",
    "PointOfInterest"
  ],
  "rdfs:comment": {
    "de": [
      "Im Rahmen des Sommerprogramms der Agora: Ausstellung von Thierry Pignot , am 7. und 8. Oktober 2023- Bleistift- und Pastellzeichnungen- in der Kapelle Saint-Mayeul in Le Brethon."
    ],
    "en": [
      "Within the framework of the summer program of the Agora: exhibition of Thierry Pignot, on October 7 and 8, 2023 - Drawings with pencils and pastels - in the Chapel Saint-Mayeul of Le Brethon."
    ],
    "it": [
      "Nell'ambito del programma estivo dell'Agorà, il 7 e 8 ottobre 2023 si terrà la mostra di Thierry Pignot - Disegni con matite e pastelli - presso la Chapelle Saint-Mayeul a Le Brethon."
    ],
    "fr": [
      "Dans le cadre de la programmation estivale de l'Agora : exposition de Thierry Pignot , les 7 et 8 Octobre 2023- Dessins aux crayons et pastels- à la Chapelle Saint-Mayeul de Le Brethon."
    ],
    "nl": [
      "In het kader van het zomerprogramma van de Agora, de tentoonstelling van Thierry Pignot op 7 en 8 oktober 2023 - Tekeningen met potloden en pastels - in de Chapelle Saint-Mayeul in Le Brethon."
    ],
    "es": [
      "En el marco de la programación estival del Ágora, los días 7 y 8 de octubre de 2023, exposición de Thierry Pignot - Dibujos a lápiz y pastel - en la Chapelle Saint-Mayeul de Le Brethon."
    ]
  },
  "rdfs:label": {
    "fr": [
      "Exposition de Thierry Pignot"
    ]
  },
  "hasBeenCreatedBy": {
    "@id": "https://data.datatourisme.fr/13/71a58e8c-b759-34f2-8cde-464161c3e766",
    "dc:identifier": "1615",
    "schema:email": [
      "c.avignon@valleecoeurdefrance.fr",
      "j.goutaudier@valleecoeurdefrance.fr",
      "ml.flouzat@valleecoeurdefrance.fr",
      "vcdf@allier-bourbonnais.fr",
      "vcdf@allier-tourisme.net"
    ],
    "schema:legalName": "OTI Vallée du Coeur de France",
    "@type": [
      "schema:Organization",
      "foaf:Agent",
      "Agent"
    ],
    "foaf:homepage": [
      "http://www.valleecoeurdefrance.fr/"
    ]
  },
  "hasBeenPublishedBy": [
    {
      "@id": "https://data.datatourisme.fr/c55300f9-494b-38ba-adff-d663c77ad33a",
      "schema:legalName": "ALLIER BOURBONNAIS ATTRACTIVITÉ - source : Apidae Tourisme",
      "@type": [
        "schema:Organization",
        "foaf:Agent",
        "Agent"
      ],
      "foaf:homepage": [
        "https://www.apidae-tourisme.com/"
      ]
    }
  ],
  "hasContact": [
    {
      "@id": "https://data.datatourisme.fr/90add4dc-b066-33b0-9025-7276a5a0f04f",
      "schema:telephone": [
        "+33 4 70 06 87 97"
      ],
      "@type": [
        "foaf:Agent",
        "Agent"
      ]
    }
  ],
  "hasDescription": [
    {
      "@id": "https://data.datatourisme.fr/fc4c72c0-8f98-3648-a78b-71b22fd8e5f8",
      "@type": [
        "Description"
      ],
      "hasTranslatedProperty": [
        {
          "@id": "https://data.datatourisme.fr/69d2d57d-74be-3fd1-a69f-b28859d4e8cf",
          "dc:contributor": [
            "https://api.deepl.com/v2/translate"
          ],
          "rdf:language": [
            "en"
          ],
          "rdf:predicate": [
            "shortDescription"
          ]
        },
        {
          "@id": "https://data.datatourisme.fr/71e1eacc-7912-39f0-894c-56d924a2fb33",
          "dc:contributor": [
            "https://api.deepl.com/v2/translate"
          ],
          "rdf:language": [
            "es"
          ],
          "rdf:predicate": [
            "shortDescription"
          ]
        },
        {
          "@id": "https://data.datatourisme.fr/7c999575-4ccc-36bf-afe3-1ab2a914e72a",
          "dc:contributor": [
            "https://api.deepl.com/v2/translate"
          ],
          "rdf:language": [
            "de"
          ],
          "rdf:predicate": [
            "shortDescription"
          ]
        },
        {
          "@id": "https://data.datatourisme.fr/839c8684-f476-3652-b08b-750210707ccb",
          "dc:contributor": [
            "https://api.deepl.com/v2/translate"
          ],
          "rdf:language": [
            "it"
          ],
          "rdf:predicate": [
            "shortDescription"
          ]
        },
        {
          "@id": "https://data.datatourisme.fr/dbe2664b-dfb8-3a51-b56f-e9e3c0c4b880",
          "dc:contributor": [
            "https://api.deepl.com/v2/translate"
          ],
          "rdf:language": [
            "nl"
          ],
          "rdf:predicate": [
            "shortDescription"
          ]
        }
      ],
      "shortDescription": {
        "de": [
          "Im Rahmen des Sommerprogramms der Agora: Ausstellung von Thierry Pignot , am 7. und 8. Oktober 2023- Bleistift- und Pastellzeichnungen- in der Kapelle Saint-Mayeul in Le Brethon."
        ],
        "en": [
          "Within the framework of the summer program of the Agora: exhibition of Thierry Pignot, on October 7 and 8, 2023 - Drawings with pencils and pastels - in the Chapel Saint-Mayeul of Le Brethon."
        ],
        "it": [
          "Nell'ambito del programma estivo dell'Agorà, il 7 e 8 ottobre 2023 si terrà la mostra di Thierry Pignot - Disegni con matite e pastelli - presso la Chapelle Saint-Mayeul a Le Brethon."
        ],
        "fr": [
          "Dans le cadre de la programmation estivale de l'Agora : exposition de Thierry Pignot , les 7 et 8 Octobre 2023- Dessins aux crayons et pastels- à la Chapelle Saint-Mayeul de Le Brethon."
        ],
        "nl": [
          "In het kader van het zomerprogramma van de Agora, de tentoonstelling van Thierry Pignot op 7 en 8 oktober 2023 - Tekeningen met potloden en pastels - in de Chapelle Saint-Mayeul in Le Brethon."
        ],
        "es": [
          "En el marco de la programación estival del Ágora, los días 7 y 8 de octubre de 2023, exposición de Thierry Pignot - Dibujos a lápiz y pastel - en la Chapelle Saint-Mayeul de Le Brethon."
        ]
      }
    }
  ],
  "hasTranslatedProperty": [
    {
      "@id": "https://data.datatourisme.fr/19431d54-979f-30d5-9a81-28cdbb208432",
      "dc:contributor": [
        "https://api.deepl.com/v2/translate"
      ],
      "rdf:language": [
        "en"
      ],
      "rdf:predicate": [
        {
          "@id": "rdfs:comment"
        }
      ]
    },
    {
      "@id": "https://data.datatourisme.fr/21bd1ddb-b638-327c-9ec7-291cfc86cabb",
      "dc:contributor": [
        "https://api.deepl.com/v2/translate"
      ],
      "rdf:language": [
        "it"
      ],
      "rdf:predicate": [
        {
          "@id": "rdfs:comment"
        }
      ]
    },
    {
      "@id": "https://data.datatourisme.fr/38ae3bb7-5c9b-3c24-90ac-83e15bdd3cb3",
      "dc:contributor": [
        "https://api.deepl.com/v2/translate"
      ],
      "rdf:language": [
        "de"
      ],
      "rdf:predicate": [
        {
          "@id": "rdfs:comment"
        }
      ]
    },
    {
      "@id": "https://data.datatourisme.fr/517f87dd-e1e8-32b6-b13c-67eb2a0fb2ed",
      "dc:contributor": [
        "https://api.deepl.com/v2/translate"
      ],
      "rdf:language": [
        "nl"
      ],
      "rdf:predicate": [
        {
          "@id": "rdfs:comment"
        }
      ]
    },
    {
      "@id": "https://data.datatourisme.fr/738bba20-c325-35dc-9e94-aef30f6df14e",
      "dc:contributor": [
        "https://api.deepl.com/v2/translate"
      ],
      "rdf:language": [
        "es"
      ],
      "rdf:predicate": [
        {
          "@id": "rdfs:comment"
        }
      ]
    }
  ],
  "isLocatedAt": [
    {
      "@id": "https://data.datatourisme.fr/3f95a587-764b-381e-99f7-eff02309b0ac",
      "schema:address": [
        {
          "@id": "https://data.datatourisme.fr/01a7a5cb-e93b-3a24-b5f3-957ee3f3fe2e",
          "schema:addressLocality": "Le Brethon",
          "schema:postalCode": "03350",
          "schema:streetAddress": [
            "Chapelle Saint-Mayeul",
            "La Bouteille"
          ],
          "@type": [
            "schema:PostalAddress",
            "PostalAddress"
          ],
          "hasAddressCity": {
            "@id": "kb:03041",
            "@type": [
              "City"
            ],
            "rdfs:label": {
              "de": [
                "Le Brethon"
              ],
              "pt": [
                "Le Brethon"
              ],
              "en": [
                "Le Brethon"
              ],
              "it": [
                "Le Brethon"
              ],
              "fr": [
                "Le Brethon"
              ],
              "nl": [
                "Le Brethon"
              ],
              "es": [
                "Le Brethon"
              ]
            },
            "insee": "03041",
            "isPartOfDepartment": {
              "@id": "kb:France8403",
              "@type": [
                "Department"
              ],
              "rdfs:label": {
                "de": [
                  "Allier"
                ],
                "pt": [
                  "Allier"
                ],
                "en": [
                  "Allier"
                ],
                "it": [
                  "Allier"
                ],
                "fr": [
                  "Allier"
                ],
                "nl": [
                  "Allier"
                ],
                "es": [
                  "Allier"
                ]
              },
              "insee": "03",
              "isPartOfRegion": {
                "@id": "kb:France84",
                "@type": [
                  "Region"
                ],
                "rdfs:label": {
                  "de": [
                    "Auvergne-Rhône-Alpes"
                  ],
                  "pt": [
                    "Auvergne-Rhône-Alpes"
                  ],
                  "en": [
                    "Auvergne-Rhône-Alpes"
                  ],
                  "it": [
                    "Auvergne-Rhône-Alpes"
                  ],
                  "fr": [
                    "Auvergne-Rhône-Alpes"
                  ],
                  "nl": [
                    "Auvergne-Rhône-Alpes"
                  ],
                  "es": [
                    "Auvergne-Rhône-Alpes"
                  ]
                },
                "insee": "84",
                "isPartOfCountry": {
                  "@id": "kb:France",
                  "@type": [
                    "schema:Country"
                  ],
                  "rdfs:label": {
                    "de": [
                      "France",
                      "Frankreich"
                    ],
                    "pt": [
                      "França",
                      "France"
                    ],
                    "en": [
                      "France"
                    ],
                    "it": [
                      "France",
                      "Francia"
                    ],
                    "fr": [
                      "France"
                    ],
                    "nl": [
                      "France",
                      "Frankrijk"
                    ],
                    "es": [
                      "France",
                      "Francia"
                    ]
                  }
                }
              }
            }
          }
        }
      ],
      "schema:geo": {
        "@id": "https://data.datatourisme.fr/d927bee0-16b2-3199-bd76-501438a2c960",
        "schema:latitude": "46.572617",
        "schema:longitude": "2.68877",
        "@type": [
          "schema:GeoCoordinates"
        ]
      },
      "schema:openingHoursSpecification": [
        {
          "@id": "https://data.datatourisme.fr/fd717106-ef5e-3adb-ac32-95c931d0e9dd",
          "schema:validFrom": "2023-10-07T00:00:00",
          "schema:validThrough": "2023-10-08T23:59:59",
          "@type": [
            "schema:OpeningHoursSpecification"
          ],
          "additionalInformation": {
            "de": [
              "Samstag von 14:00 bis 19:00 Uhr und Sonntag von 10:00 bis 19:00 Uhr"
            ],
            "en": [
              "Saturday from 14h to 19h and Sunday from 10h to 19h"
            ],
            "it": [
              "Sabato dalle 14.00 alle 19.00 e domenica dalle 10.00 alle 19.00"
            ],
            "fr": [
              "Samedi de 14h à 19h et dimanche de 10h à 19h"
            ],
            "nl": [
              "Zaterdag van 14 tot 19 uur en zondag van 10 tot 19 uur"
            ],
            "es": [
              "Sábado de 14.00 a 19.00 h. y domingo de 10.00 a 19.00 h"
            ]
          },
          "hasTranslatedProperty": [
            {
              "@id": "https://data.datatourisme.fr/1e18a98b-9b23-3d07-9383-9cf780a7dc55",
              "dc:contributor": [
                "https://api.deepl.com/v2/translate"
              ],
              "rdf:language": [
                "nl"
              ],
              "rdf:predicate": [
                "additionalInformation"
              ]
            },
            {
              "@id": "https://data.datatourisme.fr/1f55de06-e366-3c70-bcc6-9eafec5a2a96",
              "dc:contributor": [
                "https://api.deepl.com/v2/translate"
              ],
              "rdf:language": [
                "it"
              ],
              "rdf:predicate": [
                "additionalInformation"
              ]
            },
            {
              "@id": "https://data.datatourisme.fr/6cdbdb9a-6040-34d1-a215-9e83f5086e9d",
              "dc:contributor": [
                "https://api.deepl.com/v2/translate"
              ],
              "rdf:language": [
                "en"
              ],
              "rdf:predicate": [
                "additionalInformation"
              ]
            },
            {
              "@id": "https://data.datatourisme.fr/7a6d3a38-6535-3a3c-b077-9c1d14960e2e",
              "dc:contributor": [
                "https://api.deepl.com/v2/translate"
              ],
              "rdf:language": [
                "es"
              ],
              "rdf:predicate": [
                "additionalInformation"
              ]
            },
            {
              "@id": "https://data.datatourisme.fr/9742507e-0563-351b-84bd-ee470c7fcc00",
              "dc:contributor": [
                "https://api.deepl.com/v2/translate"
              ],
              "rdf:language": [
                "de"
              ],
              "rdf:predicate": [
                "additionalInformation"
              ]
            }
          ]
        }
      ],
      "@type": [
        "schema:Place",
        "Place"
      ]
    }
  ],
  "isOwnedBy": [
    {
      "@id": "https://data.datatourisme.fr/b987b2bc-ad8d-33a7-af7e-3080d86613d2",
      "schema:email": [
        "c.avignon@valleecoeurdefrance.fr",
        "j.goutaudier@valleecoeurdefrance.fr",
        "ml.flouzat@valleecoeurdefrance.fr",
        "vcdf@allier-tourisme.net"
      ],
      "schema:legalName": "OTI Vallée du Coeur de France",
      "@type": [
        "schema:Organization",
        "foaf:Agent",
        "Agent"
      ],
      "foaf:homepage": [
        "http://www.valleecoeurdefrance.fr/"
      ]
    }
  ],
  "lastUpdate": "2023-04-24",
  "lastUpdateDatatourisme": "2023-04-25T05:43:15.289Z",
  "takesPlaceAt": [
    {
      "@id": "https://data.datatourisme.fr/c1b8849a-49e6-3083-9dc9-dde81bde7bcb",
      "@type": [
        "Period"
      ],
      "endDate": "2023-10-08",
      "startDate": "2023-10-07"
    }
  ]
}