{
  "@id": "https://data.datatourisme.fr/13/001ff6b8-4086-37ba-8756-170d4e3f5be6",
  "dc:identifier": "5633871",
  "@type": [
    "PlaceOfInterest",
    "PointOfInterest",
    "SportsAndLeisurePlace"
  ],
  "rdfs:comment": {
    "de": [
      "Scène 55, das sind 3.057 m², die der Kultur gewidmet sind, mit einem Theater, einer Musikschule, Workshops für künstlerische Praxis, einem Wohnort, der der Marionette gewidmet ist.."
    ],
    "en": [
      "Stage 55 is 3,057 m² dedicated to culture with a theater, a music school, artistic practice workshops, a place of residence dedicated to puppetry ..."
    ],
    "it": [
      "Stage 55 è 3.057 mq dedicati alla cultura con un teatro, una scuola di musica, laboratori di pratica artistica, un luogo di residenza dedicato al teatro di figura ..."
    ],
    "fr": [
      "Scène 55, c’est 3 057 m² dédiés à la culture avec un théâtre, une école de musique, des ateliers de pratique artistique, un lieu de résidence dédié à la marionnette…"
    ],
    "es": [
      "Scène 55 tiene 3.057 m² dedicados a la cultura con un teatro, una escuela de música, talleres de práctica artística, un lugar de residencia dedicado a los títeres.."
    ],
    "nl": [
      "Scène 55 is 3.057 m² gewijd aan cultuur met een theater, een muziekschool, ateliers voor kunstbeoefening, een woonplaats gewijd aan poppenspel.."
    ]
  },
  "rdfs:label": {
    "de": [
      "Scène 55"
    ],
    "ru": [
      "Scène 55"
    ],
    "en": [
      "Scène 55"
    ],
    "it": [
      "Scène 55"
    ],
    "fr": [
      "Scène 55"
    ],
    "zh": [
      "Scène 55"
    ],
    "nl": [
      "Scène 55"
    ],
    "es": [
      "Scène 55"
    ]
  },
  "hasBeenCreatedBy": {
    "@id": "https://data.datatourisme.fr/13/b56a18e0-eacd-351a-a2a5-306b0f533204",
    "dc:identifier": "911",
    "schema:email": [
      "e.runfola@cotedazurfrance.fr",
      "y.fromental@cotedazur-tourisme.com"
    ],
    "schema:legalName": "Comité Régional du Tourisme Côte d'Azur France",
    "@type": [
      "schema:Organization",
      "foaf:Agent",
      "Agent"
    ],
    "foaf:homepage": [
      "https://cotedazurfrance.fr/"
    ]
  },
  "hasBeenPublishedBy": [
    {
      "@id": "https://data.datatourisme.fr/8a9feb4b-2cbd-3d2c-b507-bd6c6776b23b",
      "schema:legalName": "Apidae Tourisme Scic SA - source : Apidae Tourisme",
      "@type": [
        "schema:Organization",
        "foaf:Agent",
        "Agent"
      ],
      "foaf:homepage": [
        "https://www.apidae-tourisme.com/"
      ]
    }
  ],
  "hasContact": [
    {
      "@id": "https://data.datatourisme.fr/3dca6012-493f-3541-bc8b-6d0a25d71c29",
      "schema:email": [
        "contact@scene55.fr"
      ],
      "schema:telephone": [
        "+33 4 92 92 55 67"
      ],
      "@type": [
        "foaf:Agent",
        "Agent"
      ],
      "foaf:homepage": [
        "https://scene55.fr/"
      ]
    }
  ],
  "hasDescription": [
    {
      "@id": "https://data.datatourisme.fr/12ac0359-736d-39ed-b629-2f67a47dd276",
      "@type": [
        "Description"
      ],
      "hasTranslatedProperty": [
        {
          "@id": "https://data.datatourisme.fr/00f29cde-ccb1-34d8-9610-da70794d368a",
          "dc:contributor": [
            "https://api.deepl.com/v2/translate"
          ],
          "rdf:language": [
            "de"
          ],
          "rdf:predicate": [
            "shortDescription"
          ]
        },
        {
          "@id": "https://data.datatourisme.fr/bc241b66-dfe1-3ce3-99e3-16124d2079b2",
          "dc:contributor": [
            "https://api.deepl.com/v2/translate"
          ],
          "rdf:language": [
            "nl"
          ],
          "rdf:predicate": [
            "shortDescription"
          ]
        },
        {
          "@id": "https://data.datatourisme.fr/e60f279f-932a-33d9-8a00-acef3d6b1f8e",
          "dc:contributor": [
            "https://api.deepl.com/v2/translate"
          ],
          "rdf:language": [
            "es"
          ],
          "rdf:predicate": [
            "shortDescription"
          ]
        }
      ],
      "shortDescription": {
        "de": [
          "Scène 55, das sind 3.057 m², die der Kultur gewidmet sind, mit einem Theater, einer Musikschule, Workshops für künstlerische Praxis, einem Wohnort, der der Marionette gewidmet ist.."
        ],
        "en": [
          "Stage 55 is 3,057 m² dedicated to culture with a theater, a music school, artistic practice workshops, a place of residence dedicated to puppetry ..."
        ],
        "it": [
          "Stage 55 è 3.057 mq dedicati alla cultura con un teatro, una scuola di musica, laboratori di pratica artistica, un luogo di residenza dedicato al teatro di figura ..."
        ],
        "fr": [
          "Scène 55, c’est 3 057 m² dédiés à la culture avec un théâtre, une école de musique, des ateliers de pratique artistique, un lieu de résidence dédié à la marionnette…"
        ],
        "es": [
          "Scène 55 tiene 3.057 m² dedicados a la cultura con un teatro, una escuela de música, talleres de práctica artística, un lugar de residencia dedicado a los títeres.."
        ],
        "nl": [
          "Scène 55 is 3.057 m² gewijd aan cultuur met een theater, een muziekschool, ateliers voor kunstbeoefening, een woonplaats gewijd aan poppenspel.."
        ]
      }
    }
  ],
  "hasTranslatedProperty": [
    {
      "@id": "https://data.datatourisme.fr/85eaf259-243a-3cc4-a604-c3f2ff4dc06c",
      "dc:contributor": [
        "https://api.deepl.com/v2/translate"
      ],
      "rdf:language": [
        "de"
      ],
      "rdf:predicate": [
        {
          "@id": "rdfs:comment"
        }
      ]
    },
    {
      "@id": "https://data.datatourisme.fr/cf8bf583-3505-3874-9693-aea0e8f35b11",
      "dc:contributor": [
        "https://api.deepl.com/v2/translate"
      ],
      "rdf:language": [
        "nl"
      ],
      "rdf:predicate": [
        {
          "@id": "rdfs:comment"
        }
      ]
    },
    {
      "@id": "https://data.datatourisme.fr/d8144a18-7f14-355d-8051-97bd0d519382",
      "dc:contributor": [
        "https://api.deepl.com/v2/translate"
      ],
      "rdf:language": [
        "es"
      ],
      "rdf:predicate": [
        {
          "@id": "rdfs:comment"
        }
      ]
    }
  ],
  "isLocatedAt": [
    {
      "@id": "https://data.datatourisme.fr/98a1c3b7-d9d2-3b8a-b457-86cbd333123a",
      "schema:address": [
        {
          "@id": "https://data.datatourisme.fr/6fc6ecd8-b7ff-37bc-b8ce-3ade69586a8c",
          "schema:addressLocality": "Mougins",
          "schema:postalCode": "06250",
          "schema:streetAddress": [
            "55, chemin de Faissole"
          ],
          "@type": [
            "schema:PostalAddress",
            "PostalAddress"
          ],
          "hasAddressCity": {
            "@id": "kb:06085",
            "@type": [
              "City"
            ],
            "rdfs:label": {
              "de": [
                "Mougins"
              ],
              "pt": [
                "Mougins"
              ],
              "en": [
                "Mougins"
              ],
              "it": [
                "Mougins"
              ],
              "fr": [
                "Mougins"
              ],
              "nl": [
                "Mougins"
              ],
              "es": [
                "Mougins"
              ]
            },
            "insee": "06085",
            "isPartOfDepartment": {
              "@id": "kb:France9306",
              "@type": [
                "Department"
              ],
              "rdfs:label": {
                "de": [
                  "Alpes-Maritimes"
                ],
                "pt": [
                  "Alpes-Maritimes"
                ],
                "en": [
                  "Alpes-Maritimes"
                ],
                "it": [
                  "Alpes-Maritimes"
                ],
                "fr": [
                  "Alpes-Maritimes"
                ],
                "nl": [
                  "Alpes-Maritimes"
                ],
                "es": [
                  "Alpes-Maritimes"
                ]
              },
              "insee": "06",
              "isPartOfRegion": {
                "@id": "kb:France93",
                "@type": [
                  "Region"
                ],
                "rdfs:label": {
                  "de": [
                    "Provence-Alpes-Côte d'Azur"
                  ],
                  "pt": [
                    "Provence-Alpes-Côte d'Azur"
                  ],
                  "en": [
                    "Provence-Alpes-Côte d'Azur"
                  ],
                  "it": [
                    "Provence-Alpes-Côte d'Azur"
                  ],
                  "fr": [
                    "Provence-Alpes-Côte d'Azur"
                  ],
                  "nl": [
                    "Provence-Alpes-Côte d'Azur"
                  ],
                  "es": [
                    "Provence-Alpes-Côte d'Azur"
                  ]
                },
                "insee": "93",
                "isPartOfCountry": {
                  "@id": "kb:France",
                  "@type": [
                    "schema:Country"
                  ],
                  "rdfs:label": {
                    "de": [
                      "France",
                      "Frankreich"
                    ],
                    "pt": [
                      "França",
                      "France"
                    ],
                    "en": [
                      "France"
                    ],
                    "it": [
                      "France",
                      "Francia"
                    ],
                    "fr": [
                      "France"
                    ],
                    "nl": [
                      "France",
                      "Frankrijk"
                    ],
                    "es": [
                      "France",
                      "Francia"
                    ]
                  }
                }
              }
            }
          }
        }
      ],
      "schema:geo": {
        "@id": "https://data.datatourisme.fr/203e83df-de39-392b-8e6d-7ff8d3c9a0d0",
        "schema:latitude": "43.58484",
        "schema:longitude": "6.998125",
        "@type": [
          "schema:GeoCoordinates"
        ]
      },
      "schema:openingHoursSpecification": [
        {
          "@id": "https://data.datatourisme.fr/f87e535a-636d-3343-ad63-8a03392e7511",
          "schema:validFrom": "2023-01-01T00:00:00",
          "schema:validThrough": "2023-12-31T23:59:59",
          "@type": [
            "schema:OpeningHoursSpecification"
          ]
        }
      ],
      "@type": [
        "schema:Place",
        "Place"
      ]
    }
  ],
  "isOwnedBy": [
    {
      "@id": "https://data.datatourisme.fr/94af26bc-1550-39ee-bde1-d4b830427fe1",
      "schema:email": [
        "e.runfola@cotedazurfrance.fr",
        "y.fromental@cotedazur-tourisme.com"
      ],
      "schema:legalName": "Comité Régional du Tourisme Côte d'Azur France",
      "@type": [
        "schema:Organization",
        "foaf:Agent",
        "Agent"
      ],
      "foaf:homepage": [
        "https://cotedazurfrance.fr/"
      ]
    }
  ],
  "lastUpdate": "2021-06-03",
  "lastUpdateDatatourisme": "2023-02-01T18:07:36.128Z"
}