{
  "@id": "https://data.datatourisme.fr/13/00b23ce8-6915-3a4e-aa26-211b73e05d56",
  "dc:identifier": "5151133",
  "@type": [
    "CulturalSite",
    "PlaceOfInterest",
    "PointOfInterest"
  ],
  "rdfs:comment": {
    "de": [
      "Die Kirche Sainte-Croix wurde 1537 erbaut. Sie wurde anstelle einer Kapelle aus dem 14. Jahrhundert errichtet. Der Giebel und der Glockenturm wurden im 17. Jahrhundert hinzugefügt."
    ],
    "en": [
      "The Church of the Holy Cross was built in 1537. It was built in place of a 14th century chapel. The pediment and the bell tower were added in the 17th century."
    ],
    "it": [
      "La chiesa della Santa Croce fu costruita nel 1537. È stata costruita al posto di una cappella del XIV secolo. Il frontone e il campanile furono aggiunti nel XVII secolo."
    ],
    "fr": [
      "L'église Sainte-Croix a été construite en 1537. Elle fut édifiée en lieu et place d’une chapelle du XIVe siècle. Le fronton et le clocher ont été ajoutés au XVIIe siècle."
    ],
    "es": [
      "La iglesia de la Santa Cruz se construyó en 1537. Se construyó en lugar de una capilla del siglo XIV. El frontón y el campanario se añadieron en el siglo XVII."
    ],
    "nl": [
      "De Heilige Kruis Kerk werd gebouwd in 1537. Het werd gebouwd op de plaats van een 14e eeuwse kapel. Het fronton en de klokkentoren werden in de 17e eeuw toegevoegd."
    ]
  },
  "rdfs:label": {
    "fr": [
      "Église Sainte-Croix"
    ]
  },
  "owl:sameAs": [
    "http://www.wikidata.org/entity/Q38379444"
  ],
  "hasBeenCreatedBy": {
    "@id": "https://data.datatourisme.fr/13/6b180037-abbe-3ea9-91d8-b1232f8a8ca9",
    "dc:identifier": "1013",
    "schema:email": [
      "ca.gicquel@essonnetourisme.com",
      "d.senoalves@essonnetourisme.com"
    ],
    "schema:legalName": "Comité départemental du tourisme de l'Essonne",
    "@type": [
      "schema:Organization",
      "foaf:Agent",
      "Agent"
    ],
    "foaf:homepage": [
      "http://essonnetourisme.com/"
    ]
  },
  "hasBeenPublishedBy": [
    {
      "@id": "https://data.datatourisme.fr/8a9feb4b-2cbd-3d2c-b507-bd6c6776b23b",
      "schema:legalName": "Apidae Tourisme Scic SA - source : Apidae Tourisme",
      "@type": [
        "schema:Organization",
        "foaf:Agent",
        "Agent"
      ],
      "foaf:homepage": [
        "https://www.apidae-tourisme.com/"
      ]
    }
  ],
  "hasContact": [
    {
      "@id": "https://data.datatourisme.fr/ab5df296-1857-30e8-b02f-9f7b162f442e",
      "schema:telephone": [
        "+33 016971"
      ],
      "@type": [
        "foaf:Agent",
        "Agent"
      ],
      "foaf:homepage": [
        "https://www.patrimoine-religieux.fr/eglises_edifices/91-Essonne/91514-Quincy-sous-Senart/172963-EgliseSainte-Croix"
      ]
    }
  ],
  "hasDescription": [
    {
      "@id": "https://data.datatourisme.fr/dcfe6012-40b8-31ba-a9bb-04d86e351dfa",
      "@type": [
        "Description"
      ],
      "hasTranslatedProperty": [
        {
          "@id": "https://data.datatourisme.fr/1589003d-f5b5-36d3-bbf3-13a9c5d5bfac",
          "dc:contributor": [
            "https://api.deepl.com/v2/translate"
          ],
          "rdf:language": [
            "de"
          ],
          "rdf:predicate": [
            "shortDescription"
          ]
        },
        {
          "@id": "https://data.datatourisme.fr/36f7a4b1-7816-35e9-8058-b508e1c3b85b",
          "dc:contributor": [
            "https://api.deepl.com/v2/translate"
          ],
          "rdf:language": [
            "en"
          ],
          "rdf:predicate": [
            "shortDescription"
          ]
        },
        {
          "@id": "https://data.datatourisme.fr/438667d7-fedb-31ef-81ff-c329d27e34f1",
          "dc:contributor": [
            "https://api.deepl.com/v2/translate"
          ],
          "rdf:language": [
            "it"
          ],
          "rdf:predicate": [
            "shortDescription"
          ]
        },
        {
          "@id": "https://data.datatourisme.fr/cff6d900-8ea2-387a-9272-dc871f070651",
          "dc:contributor": [
            "https://api.deepl.com/v2/translate"
          ],
          "rdf:language": [
            "es"
          ],
          "rdf:predicate": [
            "shortDescription"
          ]
        },
        {
          "@id": "https://data.datatourisme.fr/e2be996f-7345-39e6-a6de-d7d8d2a932c5",
          "dc:contributor": [
            "https://api.deepl.com/v2/translate"
          ],
          "rdf:language": [
            "nl"
          ],
          "rdf:predicate": [
            "shortDescription"
          ]
        }
      ],
      "shortDescription": {
        "de": [
          "Die Kirche Sainte-Croix wurde 1537 erbaut. Sie wurde anstelle einer Kapelle aus dem 14. Jahrhundert errichtet. Der Giebel und der Glockenturm wurden im 17. Jahrhundert hinzugefügt."
        ],
        "en": [
          "The Church of the Holy Cross was built in 1537. It was built in place of a 14th century chapel. The pediment and the bell tower were added in the 17th century."
        ],
        "it": [
          "La chiesa della Santa Croce fu costruita nel 1537. È stata costruita al posto di una cappella del XIV secolo. Il frontone e il campanile furono aggiunti nel XVII secolo."
        ],
        "fr": [
          "L'église Sainte-Croix a été construite en 1537. Elle fut édifiée en lieu et place d’une chapelle du XIVe siècle. Le fronton et le clocher ont été ajoutés au XVIIe siècle."
        ],
        "es": [
          "La iglesia de la Santa Cruz se construyó en 1537. Se construyó en lugar de una capilla del siglo XIV. El frontón y el campanario se añadieron en el siglo XVII."
        ],
        "nl": [
          "De Heilige Kruis Kerk werd gebouwd in 1537. Het werd gebouwd op de plaats van een 14e eeuwse kapel. Het fronton en de klokkentoren werden in de 17e eeuw toegevoegd."
        ]
      }
    }
  ],
  "hasRepresentation": [
    {
      "@id": "https://data.datatourisme.fr/df9e55f2-0b97-3ff8-9f1a-6c06cde72e8c",
      "ebucore:hasAnnotation": [
        {
          "@id": "https://data.datatourisme.fr/64aa5244-1460-34ab-b289-a651fef79140",
          "ebucore:isCoveredBy": "CC BY-SA 3.0",
          "ebucore:title": {
            "fr": [
              "Quincy-sous-Sénart Église Sainte-Croix 304"
            ]
          },
          "@type": [
            "ebucore:Annotation"
          ],
          "credits": [
            "GFreihalter (https://commons.wikimedia.org/wiki/User:GFreihalter)"
          ]
        }
      ],
      "ebucore:hasRelatedResource": [
        {
          "@id": "https://data.datatourisme.fr/5ce490fe-f31a-3878-8aef-698a8f4f57cc",
          "ebucore:fileSize": [
            10366593
          ],
          "ebucore:hasMimeType": [
            {
              "@id": "kb:JPEG",
              "@type": [
                "ebucore:MimeType"
              ],
              "rdfs:comment": {
                "de": [
                  "JPEG-Bild"
                ],
                "pt": [
                  "Imagem JPEG"
                ],
                "en": [
                  "JPEG image file"
                ],
                "it": [
                  "Immagine JPEG"
                ],
                "fr": [
                  "Image JPEG"
                ],
                "nl": [
                  "JPEG-afbeelding"
                ],
                "es": [
                  "Imagen JPEG"
                ]
              },
              "rdfs:label": {
                "de": [
                  "image/jpeg"
                ],
                "pt": [
                  "image/jpeg"
                ],
                "en": [
                  "image/jpeg"
                ],
                "it": [
                  "image/jpeg"
                ],
                "fr": [
                  "image/jpeg"
                ],
                "nl": [
                  "image/jpeg"
                ],
                "es": [
                  "image/jpeg"
                ]
              }
            }
          ],
          "ebucore:height": 4896,
          "ebucore:locator": [
            "https://upload.wikimedia.org/wikipedia/commons/7/70/Quincy-sous-S%C3%A9nart_%C3%89glise_Sainte-Croix_304.jpg"
          ],
          "ebucore:width": 3264,
          "@type": [
            "ebucore:Resource"
          ]
        }
      ],
      "@type": [
        "ebucore:EditorialObject"
      ]
    }
  ],
  "hasTheme": [
    {
      "@id": "kb:Culture",
      "@type": [
        "CulturalTheme"
      ],
      "rdfs:label": {
        "de": [
          "Kultur"
        ],
        "pt": [
          "Cultura"
        ],
        "en": [
          "Culture"
        ],
        "it": [
          "Cultura"
        ],
        "fr": [
          "Culture"
        ],
        "nl": [
          "Cultuur"
        ],
        "es": [
          "Cultura"
        ]
      }
    }
  ],
  "hasTranslatedProperty": [
    {
      "@id": "https://data.datatourisme.fr/36bc87ab-ef57-36f1-a432-7f5ff0c5fabc",
      "dc:contributor": [
        "https://api.deepl.com/v2/translate"
      ],
      "rdf:language": [
        "de"
      ],
      "rdf:predicate": [
        {
          "@id": "rdfs:comment"
        }
      ]
    },
    {
      "@id": "https://data.datatourisme.fr/59858172-882e-3146-85ed-5ed56eb02d31",
      "dc:contributor": [
        "https://api.deepl.com/v2/translate"
      ],
      "rdf:language": [
        "es"
      ],
      "rdf:predicate": [
        {
          "@id": "rdfs:comment"
        }
      ]
    },
    {
      "@id": "https://data.datatourisme.fr/9a4f8eff-d60f-3493-a084-8855ccf3e2fe",
      "dc:contributor": [
        "https://api.deepl.com/v2/translate"
      ],
      "rdf:language": [
        "nl"
      ],
      "rdf:predicate": [
        {
          "@id": "rdfs:comment"
        }
      ]
    },
    {
      "@id": "https://data.datatourisme.fr/d3f63efe-af68-375b-b620-3c67b243a1e1",
      "dc:contributor": [
        "https://api.deepl.com/v2/translate"
      ],
      "rdf:language": [
        "it"
      ],
      "rdf:predicate": [
        {
          "@id": "rdfs:comment"
        }
      ]
    },
    {
      "@id": "https://data.datatourisme.fr/e90c515a-8b87-3c74-aa07-0c65f9cc5b9d",
      "dc:contributor": [
        "https://api.deepl.com/v2/translate"
      ],
      "rdf:language": [
        "en"
      ],
      "rdf:predicate": [
        {
          "@id": "rdfs:comment"
        }
      ]
    }
  ],
  "isLocatedAt": [
    {
      "@id": "https://data.datatourisme.fr/671e9130-d762-3d95-ab14-d0c6c886fcd1",
      "schema:address": [
        {
          "@id": "https://data.datatourisme.fr/c970a73f-c451-3964-baee-55aa5c2973a8",
          "schema:addressLocality": "Quincy-sous-Sénart",
          "schema:postalCode": "91480",
          "schema:streetAddress": [
            "2 rue de l'église"
          ],
          "@type": [
            "schema:PostalAddress",
            "PostalAddress"
          ],
          "hasAddressCity": {
            "@id": "kb:91514",
            "@type": [
              "City"
            ],
            "rdfs:label": {
              "de": [
                "Quincy-sous-Sénart"
              ],
              "pt": [
                "Quincy-sous-Sénart"
              ],
              "en": [
                "Quincy-sous-Sénart"
              ],
              "it": [
                "Quincy-sous-Sénart"
              ],
              "fr": [
                "Quincy-sous-Sénart"
              ],
              "nl": [
                "Quincy-sous-Sénart"
              ],
              "es": [
                "Quincy-sous-Sénart"
              ]
            },
            "insee": "91514",
            "isPartOfDepartment": {
              "@id": "kb:France1191",
              "@type": [
                "Department"
              ],
              "rdfs:label": {
                "de": [
                  "Essonne"
                ],
                "pt": [
                  "Essonne"
                ],
                "en": [
                  "Essonne"
                ],
                "it": [
                  "Essonne"
                ],
                "fr": [
                  "Essonne"
                ],
                "nl": [
                  "Essonne"
                ],
                "es": [
                  "Essonne"
                ]
              },
              "insee": "91",
              "isPartOfRegion": {
                "@id": "kb:France11",
                "@type": [
                  "Region"
                ],
                "rdfs:label": {
                  "de": [
                    "Île-de-France"
                  ],
                  "pt": [
                    "Île-de-France"
                  ],
                  "en": [
                    "Île-de-France"
                  ],
                  "it": [
                    "Île-de-France"
                  ],
                  "fr": [
                    "Île-de-France"
                  ],
                  "nl": [
                    "Île-de-France"
                  ],
                  "es": [
                    "Île-de-France"
                  ]
                },
                "insee": "11",
                "isPartOfCountry": {
                  "@id": "kb:France",
                  "@type": [
                    "schema:Country"
                  ],
                  "rdfs:label": {
                    "de": [
                      "France",
                      "Frankreich"
                    ],
                    "pt": [
                      "França",
                      "France"
                    ],
                    "en": [
                      "France"
                    ],
                    "it": [
                      "France",
                      "Francia"
                    ],
                    "fr": [
                      "France"
                    ],
                    "nl": [
                      "France",
                      "Frankrijk"
                    ],
                    "es": [
                      "France",
                      "Francia"
                    ]
                  }
                }
              }
            }
          }
        }
      ],
      "schema:geo": {
        "@id": "https://data.datatourisme.fr/bea44624-21da-3d1f-be5d-58bda4ca766a",
        "schema:latitude": "48.672809",
        "schema:longitude": "2.542395",
        "@type": [
          "schema:GeoCoordinates"
        ]
      },
      "schema:openingHoursSpecification": [
        {
          "@id": "https://data.datatourisme.fr/f87e535a-636d-3343-ad63-8a03392e7511",
          "schema:validFrom": "2023-01-01T00:00:00",
          "schema:validThrough": "2023-12-31T23:59:59",
          "@type": [
            "schema:OpeningHoursSpecification"
          ]
        }
      ],
      "@type": [
        "schema:Place",
        "Place"
      ]
    }
  ],
  "isOwnedBy": [
    {
      "@id": "https://data.datatourisme.fr/df1ed81c-2924-3bf0-aaab-557628e84eab",
      "schema:email": [
        "ca.gicquel@essonnetourisme.com",
        "d.senoalves@essonnetourisme.com"
      ],
      "schema:legalName": "Comité départemental du tourisme de l'Essonne",
      "@type": [
        "schema:Organization",
        "foaf:Agent",
        "Agent"
      ],
      "foaf:homepage": [
        "http://essonnetourisme.com/"
      ]
    }
  ],
  "lastUpdate": "2020-03-02",
  "lastUpdateDatatourisme": "2023-02-22T06:42:37.842Z"
}