{
  "@id": "https://data.datatourisme.fr/13/00dbd7e6-b25d-340f-ac0e-20c355c23dbd",
  "dc:identifier": "3947482",
  "@type": [
    "PlaceOfInterest",
    "PointOfInterest",
    "SportsAndLeisurePlace"
  ],
  "rdfs:comment": {
    "de": [
      "Das Stadttheater von Moulins ist ein neoklassizistischer Bau aus dem Jahr 1847. Hier werden zahlreiche Theaterstücke, Varietévorstellungen, Opern und Vorstellungen für junges Publikum aufgeführt."
    ],
    "en": [
      "The municipal theater of Moulins is a neo-classical building from 1847. The hall hosts numerous plays, variety shows, operas, and shows for young audiences."
    ],
    "it": [
      "Il teatro comunale di Moulins è un edificio neoclassico del 1847. Il teatro ospita numerose opere teatrali, spettacoli di varietà, opere liriche e spettacoli per il pubblico giovane."
    ],
    "fr": [
      "Le théâtre municipal de Moulins est une construction néo-classique de 1847. La salle accueille de nombreuses pièces de théâtre, des spectacles de variétés, des opéras, des spectacles jeune public."
    ],
    "es": [
      "El teatro municipal de Moulins es un edificio neoclásico de 1847. El teatro acoge numerosas obras de teatro, espectáculos de variedades, óperas y espectáculos para el público joven."
    ],
    "nl": [
      "De stadsschouwburg van Moulins is een neoklassiek gebouw uit 1847. In het theater worden talrijke toneelstukken, variétévoorstellingen, opera's en voorstellingen voor een jong publiek opgevoerd."
    ]
  },
  "rdfs:label": {
    "fr": [
      "Théâtre municipal"
    ]
  },
  "hasBeenCreatedBy": {
    "@id": "https://data.datatourisme.fr/13/3d779cae-2d46-3f6a-8a99-a35ba4167977",
    "dc:identifier": "1336",
    "schema:email": [
      "office-moulins@allier-tourisme.net",
      "p.forichon@moulins-tourisme.com"
    ],
    "schema:legalName": "Office du tourisme de Moulins & sa région",
    "@type": [
      "schema:Organization",
      "foaf:Agent",
      "Agent"
    ],
    "foaf:homepage": [
      "http://www.moulins-tourisme.com/"
    ]
  },
  "hasBeenPublishedBy": [
    {
      "@id": "https://data.datatourisme.fr/8a9feb4b-2cbd-3d2c-b507-bd6c6776b23b",
      "schema:legalName": "Apidae Tourisme Scic SA - source : Apidae Tourisme",
      "@type": [
        "schema:Organization",
        "foaf:Agent",
        "Agent"
      ],
      "foaf:homepage": [
        "https://www.apidae-tourisme.com/"
      ]
    },
    {
      "@id": "https://data.datatourisme.fr/c55300f9-494b-38ba-adff-d663c77ad33a",
      "schema:legalName": "ALLIER BOURBONNAIS ATTRACTIVITÉ - source : Apidae Tourisme",
      "@type": [
        "schema:Organization",
        "foaf:Agent",
        "Agent"
      ],
      "foaf:homepage": [
        "https://www.apidae-tourisme.com/"
      ]
    }
  ],
  "hasContact": [
    {
      "@id": "https://data.datatourisme.fr/ed3f7348-05be-3375-a87f-fb9d0955f010",
      "schema:email": [
        "alexia.marsoni@ville-moulins.fr"
      ],
      "schema:telephone": [
        "+33 4 70 48 01 05",
        "+33 4 70 48 01 07"
      ],
      "@type": [
        "foaf:Agent",
        "Agent"
      ],
      "foaf:homepage": [
        "http://www.ville-moulins.fr/"
      ]
    }
  ],
  "hasDescription": [
    {
      "@id": "https://data.datatourisme.fr/a5d914d3-555f-3cd5-adf1-cff19728e919",
      "@type": [
        "Description"
      ],
      "hasTranslatedProperty": [
        {
          "@id": "https://data.datatourisme.fr/349a154d-4000-38a0-87a4-1e3c944107f9",
          "dc:contributor": [
            "https://api.deepl.com/v2/translate"
          ],
          "rdf:language": [
            "nl"
          ],
          "rdf:predicate": [
            "shortDescription"
          ]
        },
        {
          "@id": "https://data.datatourisme.fr/62792ed5-db83-36f4-8fa7-bac706de8f89",
          "dc:contributor": [
            "https://api.deepl.com/v2/translate"
          ],
          "rdf:language": [
            "it"
          ],
          "rdf:predicate": [
            "shortDescription"
          ]
        },
        {
          "@id": "https://data.datatourisme.fr/63d78f5c-074d-3328-b790-cb677f2edf1b",
          "dc:contributor": [
            "https://api.deepl.com/v2/translate"
          ],
          "rdf:language": [
            "en"
          ],
          "rdf:predicate": [
            "shortDescription"
          ]
        },
        {
          "@id": "https://data.datatourisme.fr/bfa9f739-9712-3b86-8f17-22e98ecd89af",
          "dc:contributor": [
            "https://api.deepl.com/v2/translate"
          ],
          "rdf:language": [
            "de"
          ],
          "rdf:predicate": [
            "shortDescription"
          ]
        },
        {
          "@id": "https://data.datatourisme.fr/c39a7fd2-cb79-3a92-808b-1c6986ab9406",
          "dc:contributor": [
            "https://api.deepl.com/v2/translate"
          ],
          "rdf:language": [
            "es"
          ],
          "rdf:predicate": [
            "shortDescription"
          ]
        }
      ],
      "shortDescription": {
        "de": [
          "Das Stadttheater von Moulins ist ein neoklassizistischer Bau aus dem Jahr 1847. Hier werden zahlreiche Theaterstücke, Varietévorstellungen, Opern und Vorstellungen für junges Publikum aufgeführt."
        ],
        "en": [
          "The municipal theater of Moulins is a neo-classical building from 1847. The hall hosts numerous plays, variety shows, operas, and shows for young audiences."
        ],
        "it": [
          "Il teatro comunale di Moulins è un edificio neoclassico del 1847. Il teatro ospita numerose opere teatrali, spettacoli di varietà, opere liriche e spettacoli per il pubblico giovane."
        ],
        "fr": [
          "Le théâtre municipal de Moulins est une construction néo-classique de 1847. La salle accueille de nombreuses pièces de théâtre, des spectacles de variétés, des opéras, des spectacles jeune public."
        ],
        "es": [
          "El teatro municipal de Moulins es un edificio neoclásico de 1847. El teatro acoge numerosas obras de teatro, espectáculos de variedades, óperas y espectáculos para el público joven."
        ],
        "nl": [
          "De stadsschouwburg van Moulins is een neoklassiek gebouw uit 1847. In het theater worden talrijke toneelstukken, variétévoorstellingen, opera's en voorstellingen voor een jong publiek opgevoerd."
        ]
      }
    }
  ],
  "hasTranslatedProperty": [
    {
      "@id": "https://data.datatourisme.fr/025b8f97-43d5-3f13-a792-98dffa8f89f9",
      "dc:contributor": [
        "https://api.deepl.com/v2/translate"
      ],
      "rdf:language": [
        "nl"
      ],
      "rdf:predicate": [
        {
          "@id": "rdfs:comment"
        }
      ]
    },
    {
      "@id": "https://data.datatourisme.fr/13b60d53-687d-39b5-bf4a-fbd1682006ac",
      "dc:contributor": [
        "https://api.deepl.com/v2/translate"
      ],
      "rdf:language": [
        "it"
      ],
      "rdf:predicate": [
        {
          "@id": "rdfs:comment"
        }
      ]
    },
    {
      "@id": "https://data.datatourisme.fr/79b9b330-f523-38c0-9155-ade8a90e20c9",
      "dc:contributor": [
        "https://api.deepl.com/v2/translate"
      ],
      "rdf:language": [
        "en"
      ],
      "rdf:predicate": [
        {
          "@id": "rdfs:comment"
        }
      ]
    },
    {
      "@id": "https://data.datatourisme.fr/d9af553c-b5f6-3e49-b1f5-fa659be10e7b",
      "dc:contributor": [
        "https://api.deepl.com/v2/translate"
      ],
      "rdf:language": [
        "es"
      ],
      "rdf:predicate": [
        {
          "@id": "rdfs:comment"
        }
      ]
    },
    {
      "@id": "https://data.datatourisme.fr/edb2a2ff-549a-3371-99d9-6d194bc41c64",
      "dc:contributor": [
        "https://api.deepl.com/v2/translate"
      ],
      "rdf:language": [
        "de"
      ],
      "rdf:predicate": [
        {
          "@id": "rdfs:comment"
        }
      ]
    }
  ],
  "isLocatedAt": [
    {
      "@id": "https://data.datatourisme.fr/aaf49e55-178b-3415-b3b7-dc0902e450bd",
      "schema:address": [
        {
          "@id": "https://data.datatourisme.fr/9ddc3799-3e71-3692-988c-0a08c70839a3",
          "schema:addressLocality": "Moulins",
          "schema:postalCode": "03000",
          "schema:streetAddress": [
            "13 rue Candie"
          ],
          "@type": [
            "schema:PostalAddress",
            "PostalAddress"
          ],
          "hasAddressCity": {
            "@id": "kb:03190",
            "@type": [
              "City"
            ],
            "rdfs:label": {
              "de": [
                "Moulins"
              ],
              "pt": [
                "Moulins"
              ],
              "en": [
                "Moulins"
              ],
              "it": [
                "Moulins"
              ],
              "fr": [
                "Moulins"
              ],
              "nl": [
                "Moulins"
              ],
              "es": [
                "Moulins"
              ]
            },
            "insee": "03190",
            "isPartOfDepartment": {
              "@id": "kb:France8403",
              "@type": [
                "Department"
              ],
              "rdfs:label": {
                "de": [
                  "Allier"
                ],
                "pt": [
                  "Allier"
                ],
                "en": [
                  "Allier"
                ],
                "it": [
                  "Allier"
                ],
                "fr": [
                  "Allier"
                ],
                "nl": [
                  "Allier"
                ],
                "es": [
                  "Allier"
                ]
              },
              "insee": "03",
              "isPartOfRegion": {
                "@id": "kb:France84",
                "@type": [
                  "Region"
                ],
                "rdfs:label": {
                  "de": [
                    "Auvergne-Rhône-Alpes"
                  ],
                  "pt": [
                    "Auvergne-Rhône-Alpes"
                  ],
                  "en": [
                    "Auvergne-Rhône-Alpes"
                  ],
                  "it": [
                    "Auvergne-Rhône-Alpes"
                  ],
                  "fr": [
                    "Auvergne-Rhône-Alpes"
                  ],
                  "nl": [
                    "Auvergne-Rhône-Alpes"
                  ],
                  "es": [
                    "Auvergne-Rhône-Alpes"
                  ]
                },
                "insee": "84",
                "isPartOfCountry": {
                  "@id": "kb:France",
                  "@type": [
                    "schema:Country"
                  ],
                  "rdfs:label": {
                    "de": [
                      "France",
                      "Frankreich"
                    ],
                    "pt": [
                      "França",
                      "France"
                    ],
                    "en": [
                      "France"
                    ],
                    "it": [
                      "France",
                      "Francia"
                    ],
                    "fr": [
                      "France"
                    ],
                    "nl": [
                      "France",
                      "Frankrijk"
                    ],
                    "es": [
                      "France",
                      "Francia"
                    ]
                  }
                }
              }
            }
          }
        }
      ],
      "schema:geo": {
        "@id": "https://data.datatourisme.fr/363a4c06-b6d3-3bce-8f3d-03745fa4f524",
        "schema:latitude": "46.564704",
        "schema:longitude": "3.333966",
        "@type": [
          "schema:GeoCoordinates"
        ]
      },
      "schema:openingHoursSpecification": [
        {
          "@id": "https://data.datatourisme.fr/0e048bff-3147-3163-b4d4-34db87ce0954",
          "schema:validFrom": "2023-01-01T00:00:00",
          "schema:validThrough": "2023-12-31T23:59:59",
          "@type": [
            "schema:OpeningHoursSpecification"
          ],
          "additionalInformation": {
            "de": [
              "Nach Programmierung"
            ],
            "en": [
              "According to programming"
            ],
            "it": [
              "Come programmato"
            ],
            "fr": [
              "Selon programmation"
            ],
            "nl": [
              "Zoals geprogrammeerd"
            ],
            "es": [
              "Según lo programado"
            ]
          },
          "hasTranslatedProperty": [
            {
              "@id": "https://data.datatourisme.fr/24edc179-1219-3ddc-9fa4-995da9d333cd",
              "dc:contributor": [
                "https://api.deepl.com/v2/translate"
              ],
              "rdf:language": [
                "it"
              ],
              "rdf:predicate": [
                "additionalInformation"
              ]
            },
            {
              "@id": "https://data.datatourisme.fr/2549943e-ef33-3188-a666-92a38fe1c40b",
              "dc:contributor": [
                "https://api.deepl.com/v2/translate"
              ],
              "rdf:language": [
                "nl"
              ],
              "rdf:predicate": [
                "additionalInformation"
              ]
            },
            {
              "@id": "https://data.datatourisme.fr/4df1249e-ec2d-3748-9511-e56d74a5dfa7",
              "dc:contributor": [
                "https://api.deepl.com/v2/translate"
              ],
              "rdf:language": [
                "es"
              ],
              "rdf:predicate": [
                "additionalInformation"
              ]
            },
            {
              "@id": "https://data.datatourisme.fr/8eacf17b-217d-36eb-80fb-099ba6c6f84b",
              "dc:contributor": [
                "https://api.deepl.com/v2/translate"
              ],
              "rdf:language": [
                "de"
              ],
              "rdf:predicate": [
                "additionalInformation"
              ]
            },
            {
              "@id": "https://data.datatourisme.fr/d961994f-4d15-3d48-8783-4a94b1b11f18",
              "dc:contributor": [
                "https://api.deepl.com/v2/translate"
              ],
              "rdf:language": [
                "en"
              ],
              "rdf:predicate": [
                "additionalInformation"
              ]
            }
          ]
        }
      ],
      "@type": [
        "schema:Place",
        "Place"
      ]
    }
  ],
  "isOwnedBy": [
    {
      "@id": "https://data.datatourisme.fr/88c77baf-badc-3a87-9305-38cb34e1ee31",
      "schema:email": [
        "office-moulins@allier-tourisme.net",
        "p.forichon@moulins-tourisme.com"
      ],
      "schema:legalName": "Office du tourisme de Moulins & sa région",
      "@type": [
        "schema:Organization",
        "foaf:Agent",
        "Agent"
      ],
      "foaf:homepage": [
        "http://www.moulins-tourisme.com/"
      ]
    }
  ],
  "lastUpdate": "2023-01-24",
  "lastUpdateDatatourisme": "2023-02-01T18:07:35.604Z"
}