{
  "@id": "https://data.datatourisme.fr/13/0036d273-c60e-3971-b0e3-e436bfc3b6ec",
  "dc:identifier": "510698",
  "@type": [
    "CulturalSite",
    "PlaceOfInterest",
    "PointOfInterest"
  ],
  "rdfs:comment": {
    "de": [
      "Wie in vielen Städten verdankt der Place Grenette seinen Namen dem Getreide, das hier auf dem Wochenmarkt gehandelt wurde, und eine Zeit lang standen hier Markthallen. Seit 1978 trägt der Platz wieder den Namen, den er im 18."
    ],
    "en": [
      "As in many towns, the square known as Place Grenette owes its name to the weekly grain market that used to take place under the market building that once stood here. The square was re-baptised in 1978 with its original name, which dates from the 18th century."
    ],
    "it": [
      "Come in molte città, la Place Grenette deve il suo nome ai cereali che vi venivano scambiati durante il mercato settimanale, e per un certo periodo vi furono costruite le sale del mercato. Nel 1978, alla piazza è stato restituito il nome che aveva nel XVIII secolo."
    ],
    "fr": [
      "Comme dans de nombreuses villes, la place Grenette doit son nom aux grains qu’on y échangeait lors du marché hebdomadaire, des halles s’y dressèrent un temps. Cette place a retrouvé en 1978 le nom qui lui était attribué au XVIII° siècle."
    ],
    "nl": [
      "Zoals in veel steden dankt de Place Grenette zijn naam aan de granen die er tijdens de wekelijkse markt werden verhandeld. In 1978 kreeg het plein de naam terug die het in de 18e eeuw had."
    ],
    "es": [
      "Como en muchas ciudades, la plaza Grenette debe su nombre a los granos que se comercializaban en ella durante el mercado semanal, y durante un tiempo se construyeron allí las salas del mercado. En 1978, la plaza recuperó el nombre que tenía en el siglo XVIII."
    ]
  },
  "rdfs:label": {
    "en": [
      "Place Grenette"
    ],
    "fr": [
      "Place Grenette"
    ]
  },
  "hasBeenCreatedBy": {
    "@id": "https://data.datatourisme.fr/13/db8e1af0-cb3a-3a1a-a2d0-018624204529",
    "dc:identifier": "276",
    "schema:email": [
      "christele.prat-maurin@balconsdudauphine.fr",
      "claire.trillat@balconsdudauphine.fr",
      "severine.poete@balconsdudauphine.fr"
    ],
    "schema:legalName": "Office du Tourisme Les Balcons du Dauphiné",
    "@type": [
      "schema:Organization",
      "foaf:Agent",
      "Agent"
    ],
    "foaf:homepage": [
      "https://www.balconsdudauphine-tourisme.com/"
    ]
  },
  "hasBeenPublishedBy": [
    {
      "@id": "https://data.datatourisme.fr/8a9feb4b-2cbd-3d2c-b507-bd6c6776b23b",
      "schema:legalName": "Apidae Tourisme Scic SA - source : Apidae Tourisme",
      "@type": [
        "schema:Organization",
        "foaf:Agent",
        "Agent"
      ],
      "foaf:homepage": [
        "https://www.apidae-tourisme.com/"
      ]
    }
  ],
  "hasContact": [
    {
      "@id": "https://data.datatourisme.fr/bf3ff7ea-c833-3053-803f-47a6500333de",
      "schema:telephone": [
        "+33 4 74 80 19 59"
      ],
      "@type": [
        "foaf:Agent",
        "Agent"
      ]
    }
  ],
  "hasDescription": [
    {
      "@id": "https://data.datatourisme.fr/423dc079-4650-3724-a499-4eff4f131b59",
      "@type": [
        "Description"
      ],
      "hasTranslatedProperty": [
        {
          "@id": "https://data.datatourisme.fr/02792e76-a4b9-30a5-8b3b-23f4306bc63f",
          "dc:contributor": [
            "https://api.deepl.com/v2/translate"
          ],
          "rdf:language": [
            "de"
          ],
          "rdf:predicate": [
            "shortDescription"
          ]
        },
        {
          "@id": "https://data.datatourisme.fr/47df43d8-52ed-342e-a05b-b8db065dcb87",
          "dc:contributor": [
            "https://api.deepl.com/v2/translate"
          ],
          "rdf:language": [
            "es"
          ],
          "rdf:predicate": [
            "shortDescription"
          ]
        },
        {
          "@id": "https://data.datatourisme.fr/db6650ab-8781-3113-92b2-5fdd13d38d58",
          "dc:contributor": [
            "https://api.deepl.com/v2/translate"
          ],
          "rdf:language": [
            "it"
          ],
          "rdf:predicate": [
            "shortDescription"
          ]
        },
        {
          "@id": "https://data.datatourisme.fr/f54a0519-e804-3284-9fdf-fb906df1b46a",
          "dc:contributor": [
            "https://api.deepl.com/v2/translate"
          ],
          "rdf:language": [
            "nl"
          ],
          "rdf:predicate": [
            "shortDescription"
          ]
        }
      ],
      "shortDescription": {
        "de": [
          "Wie in vielen Städten verdankt der Place Grenette seinen Namen dem Getreide, das hier auf dem Wochenmarkt gehandelt wurde, und eine Zeit lang standen hier Markthallen. Seit 1978 trägt der Platz wieder den Namen, den er im 18."
        ],
        "en": [
          "As in many towns, the square known as Place Grenette owes its name to the weekly grain market that used to take place under the market building that once stood here. The square was re-baptised in 1978 with its original name, which dates from the 18th century."
        ],
        "it": [
          "Come in molte città, la Place Grenette deve il suo nome ai cereali che vi venivano scambiati durante il mercato settimanale, e per un certo periodo vi furono costruite le sale del mercato. Nel 1978, alla piazza è stato restituito il nome che aveva nel XVIII secolo."
        ],
        "fr": [
          "Comme dans de nombreuses villes, la place Grenette doit son nom aux grains qu’on y échangeait lors du marché hebdomadaire, des halles s’y dressèrent un temps. Cette place a retrouvé en 1978 le nom qui lui était attribué au XVIII° siècle."
        ],
        "nl": [
          "Zoals in veel steden dankt de Place Grenette zijn naam aan de granen die er tijdens de wekelijkse markt werden verhandeld. In 1978 kreeg het plein de naam terug die het in de 18e eeuw had."
        ],
        "es": [
          "Como en muchas ciudades, la plaza Grenette debe su nombre a los granos que se comercializaban en ella durante el mercado semanal, y durante un tiempo se construyeron allí las salas del mercado. En 1978, la plaza recuperó el nombre que tenía en el siglo XVIII."
        ]
      }
    }
  ],
  "hasTheme": [
    {
      "@id": "kb:Culture",
      "@type": [
        "CulturalTheme"
      ],
      "rdfs:label": {
        "de": [
          "Kultur"
        ],
        "pt": [
          "Cultura"
        ],
        "en": [
          "Culture"
        ],
        "it": [
          "Cultura"
        ],
        "fr": [
          "Culture"
        ],
        "nl": [
          "Cultuur"
        ],
        "es": [
          "Cultura"
        ]
      }
    }
  ],
  "hasTranslatedProperty": [
    {
      "@id": "https://data.datatourisme.fr/09d1b212-8601-3140-ab64-cf12aae9e4bf",
      "dc:contributor": [
        "https://api.deepl.com/v2/translate"
      ],
      "rdf:language": [
        "de"
      ],
      "rdf:predicate": [
        {
          "@id": "rdfs:comment"
        }
      ]
    },
    {
      "@id": "https://data.datatourisme.fr/729644b1-835c-32bf-9067-48d549907674",
      "dc:contributor": [
        "https://api.deepl.com/v2/translate"
      ],
      "rdf:language": [
        "es"
      ],
      "rdf:predicate": [
        {
          "@id": "rdfs:comment"
        }
      ]
    },
    {
      "@id": "https://data.datatourisme.fr/ab1809f2-a208-37c0-b92e-6a0239e8fc7d",
      "dc:contributor": [
        "https://api.deepl.com/v2/translate"
      ],
      "rdf:language": [
        "nl"
      ],
      "rdf:predicate": [
        {
          "@id": "rdfs:comment"
        }
      ]
    },
    {
      "@id": "https://data.datatourisme.fr/bd6ee203-c330-3e0c-bf35-dd9b59acb418",
      "dc:contributor": [
        "https://api.deepl.com/v2/translate"
      ],
      "rdf:language": [
        "it"
      ],
      "rdf:predicate": [
        {
          "@id": "rdfs:comment"
        }
      ]
    }
  ],
  "isLocatedAt": [
    {
      "@id": "https://data.datatourisme.fr/3c461034-a4ae-39b8-8c2e-09f5fb4b1091",
      "schema:address": [
        {
          "@id": "https://data.datatourisme.fr/ddfe5736-edb6-37dd-844f-d526406c3699",
          "schema:addressLocality": "Morestel",
          "schema:postalCode": "38510",
          "@type": [
            "schema:PostalAddress",
            "PostalAddress"
          ],
          "hasAddressCity": {
            "@id": "kb:38261",
            "@type": [
              "City"
            ],
            "rdfs:label": {
              "de": [
                "Morestel"
              ],
              "pt": [
                "Morestel"
              ],
              "en": [
                "Morestel"
              ],
              "it": [
                "Morestel"
              ],
              "fr": [
                "Morestel"
              ],
              "nl": [
                "Morestel"
              ],
              "es": [
                "Morestel"
              ]
            },
            "insee": "38261",
            "isPartOfDepartment": {
              "@id": "kb:France8438",
              "@type": [
                "Department"
              ],
              "rdfs:label": {
                "de": [
                  "Isère"
                ],
                "pt": [
                  "Isère"
                ],
                "en": [
                  "Isère"
                ],
                "it": [
                  "Isère"
                ],
                "fr": [
                  "Isère"
                ],
                "nl": [
                  "Isère"
                ],
                "es": [
                  "Isère"
                ]
              },
              "insee": "38",
              "isPartOfRegion": {
                "@id": "kb:France84",
                "@type": [
                  "Region"
                ],
                "rdfs:label": {
                  "de": [
                    "Auvergne-Rhône-Alpes"
                  ],
                  "pt": [
                    "Auvergne-Rhône-Alpes"
                  ],
                  "en": [
                    "Auvergne-Rhône-Alpes"
                  ],
                  "it": [
                    "Auvergne-Rhône-Alpes"
                  ],
                  "fr": [
                    "Auvergne-Rhône-Alpes"
                  ],
                  "nl": [
                    "Auvergne-Rhône-Alpes"
                  ],
                  "es": [
                    "Auvergne-Rhône-Alpes"
                  ]
                },
                "insee": "84",
                "isPartOfCountry": {
                  "@id": "kb:France",
                  "@type": [
                    "schema:Country"
                  ],
                  "rdfs:label": {
                    "de": [
                      "France",
                      "Frankreich"
                    ],
                    "pt": [
                      "França",
                      "France"
                    ],
                    "en": [
                      "France"
                    ],
                    "it": [
                      "France",
                      "Francia"
                    ],
                    "fr": [
                      "France"
                    ],
                    "nl": [
                      "France",
                      "Frankrijk"
                    ],
                    "es": [
                      "France",
                      "Francia"
                    ]
                  }
                }
              }
            }
          }
        }
      ],
      "schema:geo": {
        "@id": "https://data.datatourisme.fr/b09ae0ca-6364-36d6-9ae3-7d7ab8e082ae",
        "schema:latitude": "45.675673",
        "schema:longitude": "5.470214",
        "@type": [
          "schema:GeoCoordinates"
        ]
      },
      "schema:openingHoursSpecification": [
        {
          "@id": "https://data.datatourisme.fr/f87e535a-636d-3343-ad63-8a03392e7511",
          "schema:validFrom": "2023-01-01T00:00:00",
          "schema:validThrough": "2023-12-31T23:59:59",
          "@type": [
            "schema:OpeningHoursSpecification"
          ]
        }
      ],
      "@type": [
        "schema:Place",
        "Place"
      ]
    }
  ],
  "isOwnedBy": [
    {
      "@id": "https://data.datatourisme.fr/e78e9f36-d7f2-363a-bc50-9bea93c9c8b1",
      "schema:email": [
        "christele.prat-maurin@balconsdudauphine.fr",
        "claire.trillat@balconsdudauphine.fr",
        "severine.poete@balconsdudauphine.fr"
      ],
      "schema:legalName": "Office du Tourisme Les Balcons du Dauphiné",
      "@type": [
        "schema:Organization",
        "foaf:Agent",
        "Agent"
      ],
      "foaf:homepage": [
        "https://www.balconsdudauphine-tourisme.com/"
      ]
    }
  ],
  "lastUpdate": "2018-02-23",
  "lastUpdateDatatourisme": "2023-02-22T06:42:37.637Z"
}