{
  "@id": "https://data.datatourisme.fr/13/003f9277-58df-39a0-a4ea-4822979f7364",
  "dc:identifier": "4668307",
  "@type": [
    "schema:LocalBusiness",
    "PlaceOfInterest",
    "PointOfInterest",
    "SportsAndLeisurePlace",
    "TrackRollerOrSkateBoard"
  ],
  "rdfs:comment": {
    "de": [
      "Im Freizeitpark von Vic sur Cère, in der Nähe der Sporthalle, gibt es eine Skateboard-, Rollerblade- und BMX-Strecke für alle Sportbegeisterten. Der Zugang ist das ganze Jahr über frei."
    ],
    "en": [
      "In the Vic sur Cère amusement park, located near the gymnasium, a skateboarding, rollerblading and BMX track is available for the fans of this sport. Access is free all year round."
    ],
    "it": [
      "Nel parco divertimenti di Vic sur Cère, situato vicino alla palestra, sono a disposizione degli appassionati di skateboard, rollerblade e BMX. L'accesso è gratuito tutto l'anno."
    ],
    "fr": [
      "Dans le parc de loisirs de Vic sur Cère, située près du gymnase, une piste de skate board , de roller et une piste de BMX sont à la disposition des adeptes de ce sport. L'accès est libre tout au long de l'année."
    ],
    "nl": [
      "In het recreatiepark Vic sur Cère, vlakbij de sportzaal, kunnen skateboarders gebruik maken van een skateboard-, skeeler- en BMX-baan. De toegang is het hele jaar door gratis."
    ],
    "es": [
      "En el parque de ocio de Vic sur Cère, situado cerca del gimnasio, hay una pista de monopatín, de patines y de BMX a disposición de los patinadores. El acceso es gratuito durante todo el año."
    ]
  },
  "rdfs:label": {
    "fr": [
      "Piste de Skate Board de Vic sur Cère"
    ]
  },
  "hasBeenCreatedBy": {
    "@id": "https://data.datatourisme.fr/13/372d3f30-9fef-3619-b7fb-2f7ba36d74d2",
    "dc:identifier": "1465",
    "schema:email": [
      "virginie.linard@carlades.fr"
    ],
    "schema:legalName": "Office de Tourisme du Carladès",
    "@type": [
      "schema:Organization",
      "foaf:Agent",
      "Agent"
    ],
    "foaf:homepage": [
      "http://www.carlades.fr/"
    ]
  },
  "hasBeenPublishedBy": [
    {
      "@id": "https://data.datatourisme.fr/8a9feb4b-2cbd-3d2c-b507-bd6c6776b23b",
      "schema:legalName": "Apidae Tourisme Scic SA - source : Apidae Tourisme",
      "@type": [
        "schema:Organization",
        "foaf:Agent",
        "Agent"
      ],
      "foaf:homepage": [
        "https://www.apidae-tourisme.com/"
      ]
    }
  ],
  "hasContact": [
    {
      "@id": "https://data.datatourisme.fr/aee8cf6b-8ba9-3fe5-8005-4e3ee4a80ae6",
      "schema:email": [
        "mairie@vicsurcere.fr"
      ],
      "schema:telephone": [
        "+33 4 71 47 51 75"
      ],
      "@type": [
        "foaf:Agent",
        "Agent"
      ]
    }
  ],
  "hasDescription": [
    {
      "@id": "https://data.datatourisme.fr/588e4789-f7b9-375b-bb11-b52464a551ca",
      "@type": [
        "Description"
      ],
      "hasTranslatedProperty": [
        {
          "@id": "https://data.datatourisme.fr/17772098-9255-3783-8e59-3d303c7c86a3",
          "dc:contributor": [
            "https://api.deepl.com/v2/translate"
          ],
          "rdf:language": [
            "es"
          ],
          "rdf:predicate": [
            "shortDescription"
          ]
        },
        {
          "@id": "https://data.datatourisme.fr/77c4c608-6163-3d7c-be46-a4562bf53f17",
          "dc:contributor": [
            "https://api.deepl.com/v2/translate"
          ],
          "rdf:language": [
            "it"
          ],
          "rdf:predicate": [
            "shortDescription"
          ]
        },
        {
          "@id": "https://data.datatourisme.fr/88115f66-c758-3363-ad19-cce74de8a090",
          "dc:contributor": [
            "https://api.deepl.com/v2/translate"
          ],
          "rdf:language": [
            "de"
          ],
          "rdf:predicate": [
            "shortDescription"
          ]
        },
        {
          "@id": "https://data.datatourisme.fr/b80a7bdb-04ba-3662-819a-18cda909af98",
          "dc:contributor": [
            "https://api.deepl.com/v2/translate"
          ],
          "rdf:language": [
            "nl"
          ],
          "rdf:predicate": [
            "shortDescription"
          ]
        },
        {
          "@id": "https://data.datatourisme.fr/fa2e5e31-84ee-3960-857d-74c71104fcc6",
          "dc:contributor": [
            "https://api.deepl.com/v2/translate"
          ],
          "rdf:language": [
            "en"
          ],
          "rdf:predicate": [
            "shortDescription"
          ]
        }
      ],
      "shortDescription": {
        "de": [
          "Im Freizeitpark von Vic sur Cère, in der Nähe der Sporthalle, gibt es eine Skateboard-, Rollerblade- und BMX-Strecke für alle Sportbegeisterten. Der Zugang ist das ganze Jahr über frei."
        ],
        "en": [
          "In the Vic sur Cère amusement park, located near the gymnasium, a skateboarding, rollerblading and BMX track is available for the fans of this sport. Access is free all year round."
        ],
        "it": [
          "Nel parco divertimenti di Vic sur Cère, situato vicino alla palestra, sono a disposizione degli appassionati di skateboard, rollerblade e BMX. L'accesso è gratuito tutto l'anno."
        ],
        "fr": [
          "Dans le parc de loisirs de Vic sur Cère, située près du gymnase, une piste de skate board , de roller et une piste de BMX sont à la disposition des adeptes de ce sport. L'accès est libre tout au long de l'année."
        ],
        "nl": [
          "In het recreatiepark Vic sur Cère, vlakbij de sportzaal, kunnen skateboarders gebruik maken van een skateboard-, skeeler- en BMX-baan. De toegang is het hele jaar door gratis."
        ],
        "es": [
          "En el parque de ocio de Vic sur Cère, situado cerca del gimnasio, hay una pista de monopatín, de patines y de BMX a disposición de los patinadores. El acceso es gratuito durante todo el año."
        ]
      }
    }
  ],
  "hasTheme": [
    {
      "@id": "kb:Rollerblades",
      "@type": [
        "SportsTheme"
      ],
      "rdfs:label": {
        "de": [
          "Rollerblades"
        ],
        "pt": [
          "Patins"
        ],
        "en": [
          "Rollerblades"
        ],
        "it": [
          "Rollerblade"
        ],
        "fr": [
          "Roller"
        ],
        "nl": [
          "Rollerblade"
        ],
        "es": [
          "Patines"
        ]
      }
    }
  ],
  "hasTranslatedProperty": [
    {
      "@id": "https://data.datatourisme.fr/13e0eef9-1a0f-3e1f-8a2d-90db18745341",
      "dc:contributor": [
        "https://api.deepl.com/v2/translate"
      ],
      "rdf:language": [
        "en"
      ],
      "rdf:predicate": [
        {
          "@id": "rdfs:comment"
        }
      ]
    },
    {
      "@id": "https://data.datatourisme.fr/188ddfd8-2e30-3d3f-a8dd-bf6068d7d214",
      "dc:contributor": [
        "https://api.deepl.com/v2/translate"
      ],
      "rdf:language": [
        "es"
      ],
      "rdf:predicate": [
        {
          "@id": "rdfs:comment"
        }
      ]
    },
    {
      "@id": "https://data.datatourisme.fr/4500c33c-e1ff-3b5a-ab2d-6c01b099db90",
      "dc:contributor": [
        "https://api.deepl.com/v2/translate"
      ],
      "rdf:language": [
        "it"
      ],
      "rdf:predicate": [
        {
          "@id": "rdfs:comment"
        }
      ]
    },
    {
      "@id": "https://data.datatourisme.fr/8e674eb4-94e8-3afe-b26c-8bf292ab09a4",
      "dc:contributor": [
        "https://api.deepl.com/v2/translate"
      ],
      "rdf:language": [
        "de"
      ],
      "rdf:predicate": [
        {
          "@id": "rdfs:comment"
        }
      ]
    },
    {
      "@id": "https://data.datatourisme.fr/9b1f8032-66d8-3100-9488-5a923a58a688",
      "dc:contributor": [
        "https://api.deepl.com/v2/translate"
      ],
      "rdf:language": [
        "nl"
      ],
      "rdf:predicate": [
        {
          "@id": "rdfs:comment"
        }
      ]
    }
  ],
  "isLocatedAt": [
    {
      "@id": "https://data.datatourisme.fr/7713742f-9cb7-3250-870c-8663074ac50c",
      "schema:address": [
        {
          "@id": "https://data.datatourisme.fr/2b343646-aad3-3286-803f-17db8caabcc9",
          "schema:addressLocality": "Vic-sur-Cère",
          "schema:postalCode": "15800",
          "schema:streetAddress": [
            "Parc de Loisirs"
          ],
          "@type": [
            "schema:PostalAddress",
            "PostalAddress"
          ],
          "hasAddressCity": {
            "@id": "kb:15258",
            "@type": [
              "City"
            ],
            "rdfs:label": {
              "de": [
                "Vic-sur-Cère"
              ],
              "pt": [
                "Vic-sur-Cère"
              ],
              "en": [
                "Vic-sur-Cère"
              ],
              "it": [
                "Vic-sur-Cère"
              ],
              "fr": [
                "Vic-sur-Cère"
              ],
              "nl": [
                "Vic-sur-Cère"
              ],
              "es": [
                "Vic-sur-Cère"
              ]
            },
            "insee": "15258",
            "isPartOfDepartment": {
              "@id": "kb:France8415",
              "@type": [
                "Department"
              ],
              "rdfs:label": {
                "de": [
                  "Cantal"
                ],
                "pt": [
                  "Cantal"
                ],
                "en": [
                  "Cantal"
                ],
                "it": [
                  "Cantal"
                ],
                "fr": [
                  "Cantal"
                ],
                "nl": [
                  "Cantal"
                ],
                "es": [
                  "Cantal"
                ]
              },
              "insee": "15",
              "isPartOfRegion": {
                "@id": "kb:France84",
                "@type": [
                  "Region"
                ],
                "rdfs:label": {
                  "de": [
                    "Auvergne-Rhône-Alpes"
                  ],
                  "pt": [
                    "Auvergne-Rhône-Alpes"
                  ],
                  "en": [
                    "Auvergne-Rhône-Alpes"
                  ],
                  "it": [
                    "Auvergne-Rhône-Alpes"
                  ],
                  "fr": [
                    "Auvergne-Rhône-Alpes"
                  ],
                  "nl": [
                    "Auvergne-Rhône-Alpes"
                  ],
                  "es": [
                    "Auvergne-Rhône-Alpes"
                  ]
                },
                "insee": "84",
                "isPartOfCountry": {
                  "@id": "kb:France",
                  "@type": [
                    "schema:Country"
                  ],
                  "rdfs:label": {
                    "de": [
                      "France",
                      "Frankreich"
                    ],
                    "pt": [
                      "França",
                      "France"
                    ],
                    "en": [
                      "France"
                    ],
                    "it": [
                      "France",
                      "Francia"
                    ],
                    "fr": [
                      "France"
                    ],
                    "nl": [
                      "France",
                      "Frankrijk"
                    ],
                    "es": [
                      "France",
                      "Francia"
                    ]
                  }
                }
              }
            }
          }
        }
      ],
      "schema:geo": {
        "@id": "https://data.datatourisme.fr/76da80f6-5eff-32d9-be75-1a14f5996d65",
        "schema:latitude": "44.977291",
        "schema:longitude": "2.625818",
        "@type": [
          "schema:GeoCoordinates"
        ]
      },
      "schema:openingHoursSpecification": [
        {
          "@id": "https://data.datatourisme.fr/675f4547-ceb7-3a0a-9c83-383fdb1ed6ed",
          "schema:validFrom": "2023-01-01T00:00:00",
          "schema:validThrough": "2023-12-31T23:59:59",
          "@type": [
            "schema:OpeningHoursSpecification"
          ],
          "additionalInformation": {
            "de": [
              "frei zugänglich"
            ],
            "en": [
              "open to the public"
            ],
            "it": [
              "accesso libero"
            ],
            "fr": [
              "en accès libre"
            ],
            "nl": [
              "open toegang"
            ],
            "es": [
              "acceso abierto"
            ]
          },
          "hasTranslatedProperty": [
            {
              "@id": "https://data.datatourisme.fr/194d7b71-7a5a-3370-b996-b5bc02a4c2bc",
              "dc:contributor": [
                "https://api.deepl.com/v2/translate"
              ],
              "rdf:language": [
                "en"
              ],
              "rdf:predicate": [
                "additionalInformation"
              ]
            },
            {
              "@id": "https://data.datatourisme.fr/5f5f142d-5703-34da-a873-63b697440691",
              "dc:contributor": [
                "https://api.deepl.com/v2/translate"
              ],
              "rdf:language": [
                "de"
              ],
              "rdf:predicate": [
                "additionalInformation"
              ]
            },
            {
              "@id": "https://data.datatourisme.fr/650e74b8-2ba7-3de8-af15-d7dabd1ed346",
              "dc:contributor": [
                "https://api.deepl.com/v2/translate"
              ],
              "rdf:language": [
                "nl"
              ],
              "rdf:predicate": [
                "additionalInformation"
              ]
            },
            {
              "@id": "https://data.datatourisme.fr/82dd222e-1190-3988-a020-b39bcb325693",
              "dc:contributor": [
                "https://api.deepl.com/v2/translate"
              ],
              "rdf:language": [
                "es"
              ],
              "rdf:predicate": [
                "additionalInformation"
              ]
            },
            {
              "@id": "https://data.datatourisme.fr/bcd9b158-5e3a-38eb-b59d-fdbec5a06480",
              "dc:contributor": [
                "https://api.deepl.com/v2/translate"
              ],
              "rdf:language": [
                "it"
              ],
              "rdf:predicate": [
                "additionalInformation"
              ]
            }
          ]
        }
      ],
      "@type": [
        "schema:Place",
        "Place"
      ]
    }
  ],
  "isOwnedBy": [
    {
      "@id": "https://data.datatourisme.fr/86d97338-9846-32b4-a2e6-86d12eb5af0e",
      "schema:email": [
        "virginie.linard@carlades.fr"
      ],
      "schema:legalName": "Office de Tourisme du Carladès",
      "@type": [
        "schema:Organization",
        "foaf:Agent",
        "Agent"
      ],
      "foaf:homepage": [
        "http://www.carlades.fr/"
      ]
    }
  ],
  "lastUpdate": "2017-07-04",
  "lastUpdateDatatourisme": "2023-02-21T15:04:42.468Z"
}