{
  "@id": "https://data.datatourisme.fr/13/00ad5d6d-e3c1-37fa-a232-1254da349b79",
  "dc:identifier": "109027",
  "@type": [
    "schema:LocalBusiness",
    "BoulesPitch",
    "PlaceOfInterest",
    "PointOfInterest",
    "SportsAndLeisurePlace"
  ],
  "rdfs:comment": {
    "de": [
      "Überdachte Einrichtung, in der Boule- und Pétanquespieler empfangen werden und Sportwettkämpfe in diesem Bereich stattfinden."
    ],
    "en": [
      "Covered equipment, where boules and pétanque players are welcome, and sports competitions in this area."
    ],
    "it": [
      "Struttura coperta, dove si svolgono gare di bocce e pétanque."
    ],
    "fr": [
      "Equipement couvert, où sont accueillis les joueurs de boules et pétanques, et les compétitions sportives dans ce domaine."
    ],
    "nl": [
      "Overdekte faciliteit, waar jeu de boules en jeu de boules wedstrijden worden gehouden."
    ],
    "es": [
      "Instalación cubierta, en la que se celebran competiciones de petanca y bolos."
    ]
  },
  "rdfs:label": {
    "fr": [
      "Boulodrome de Vongy"
    ]
  },
  "hasBeenCreatedBy": {
    "@id": "https://data.datatourisme.fr/13/e2c420d9-28d4-3f8c-a0ff-2ec19b371514",
    "dc:identifier": "71",
    "schema:email": [
      "alice@thononlesbains.com",
      "amelie@thononlesbains.com",
      "julie@thononlesbains.com",
      "perrine@thononlesbains.com",
      "vanessa@thononlesbains.com"
    ],
    "schema:legalName": "Office de Tourisme de Thonon-les-Bains",
    "@type": [
      "schema:Organization",
      "foaf:Agent",
      "Agent"
    ],
    "foaf:homepage": [
      "http://www.thononlesbains.com/"
    ]
  },
  "hasBeenPublishedBy": [
    {
      "@id": "https://data.datatourisme.fr/8a9feb4b-2cbd-3d2c-b507-bd6c6776b23b",
      "schema:legalName": "Apidae Tourisme Scic SA - source : Apidae Tourisme",
      "@type": [
        "schema:Organization",
        "foaf:Agent",
        "Agent"
      ],
      "foaf:homepage": [
        "https://www.apidae-tourisme.com/"
      ]
    }
  ],
  "hasContact": [
    {
      "@id": "https://data.datatourisme.fr/eb2af328-28f3-3b0b-a836-61bf49be1ceb",
      "schema:telephone": [
        "+33 4 50 26 35 74"
      ],
      "@type": [
        "foaf:Agent",
        "Agent"
      ]
    }
  ],
  "hasDescription": [
    {
      "@id": "https://data.datatourisme.fr/d67c54da-1e26-33e6-bd6c-e543c7a4ef7f",
      "@type": [
        "Description"
      ],
      "hasTranslatedProperty": [
        {
          "@id": "https://data.datatourisme.fr/21680030-a38d-3994-9686-780ee673d223",
          "dc:contributor": [
            "https://api.deepl.com/v2/translate"
          ],
          "rdf:language": [
            "es"
          ],
          "rdf:predicate": [
            "shortDescription"
          ]
        },
        {
          "@id": "https://data.datatourisme.fr/26cd1d2c-b4d6-30f5-9498-716ba07a854f",
          "dc:contributor": [
            "https://api.deepl.com/v2/translate"
          ],
          "rdf:language": [
            "nl"
          ],
          "rdf:predicate": [
            "shortDescription"
          ]
        },
        {
          "@id": "https://data.datatourisme.fr/2b7acc1d-0150-3a87-8020-804d76d721f3",
          "dc:contributor": [
            "https://api.deepl.com/v2/translate"
          ],
          "rdf:language": [
            "en"
          ],
          "rdf:predicate": [
            "shortDescription"
          ]
        },
        {
          "@id": "https://data.datatourisme.fr/3c35f237-3e17-3f6b-8e62-af6084ff34aa",
          "dc:contributor": [
            "https://api.deepl.com/v2/translate"
          ],
          "rdf:language": [
            "de"
          ],
          "rdf:predicate": [
            "shortDescription"
          ]
        },
        {
          "@id": "https://data.datatourisme.fr/5aabb629-fa24-32f0-9e88-3fa8e40c61e1",
          "dc:contributor": [
            "https://api.deepl.com/v2/translate"
          ],
          "rdf:language": [
            "it"
          ],
          "rdf:predicate": [
            "shortDescription"
          ]
        }
      ],
      "shortDescription": {
        "de": [
          "Überdachte Einrichtung, in der Boule- und Pétanquespieler empfangen werden und Sportwettkämpfe in diesem Bereich stattfinden."
        ],
        "en": [
          "Covered equipment, where boules and pétanque players are welcome, and sports competitions in this area."
        ],
        "it": [
          "Struttura coperta, dove si svolgono gare di bocce e pétanque."
        ],
        "fr": [
          "Equipement couvert, où sont accueillis les joueurs de boules et pétanques, et les compétitions sportives dans ce domaine."
        ],
        "nl": [
          "Overdekte faciliteit, waar jeu de boules en jeu de boules wedstrijden worden gehouden."
        ],
        "es": [
          "Instalación cubierta, en la que se celebran competiciones de petanca y bolos."
        ]
      }
    }
  ],
  "hasTheme": [
    {
      "@id": "kb:Boules",
      "@type": [
        "SportsTheme"
      ],
      "rdfs:label": {
        "de": [
          "Pétanque"
        ],
        "pt": [
          "Petanca"
        ],
        "en": [
          "Boules"
        ],
        "it": [
          "Bocce"
        ],
        "fr": [
          "Pétanque"
        ],
        "es": [
          "Petanca"
        ],
        "nl": [
          "Jeu de boules"
        ]
      }
    }
  ],
  "hasTranslatedProperty": [
    {
      "@id": "https://data.datatourisme.fr/0ef86c62-05c0-3886-a115-fa5b2a66070f",
      "dc:contributor": [
        "https://api.deepl.com/v2/translate"
      ],
      "rdf:language": [
        "en"
      ],
      "rdf:predicate": [
        {
          "@id": "rdfs:comment"
        }
      ]
    },
    {
      "@id": "https://data.datatourisme.fr/360facd6-10ce-3d2d-a974-b299563919dc",
      "dc:contributor": [
        "https://api.deepl.com/v2/translate"
      ],
      "rdf:language": [
        "it"
      ],
      "rdf:predicate": [
        {
          "@id": "rdfs:comment"
        }
      ]
    },
    {
      "@id": "https://data.datatourisme.fr/5897fb9c-1e74-3d6b-8f37-909fa6e3d2e7",
      "dc:contributor": [
        "https://api.deepl.com/v2/translate"
      ],
      "rdf:language": [
        "es"
      ],
      "rdf:predicate": [
        {
          "@id": "rdfs:comment"
        }
      ]
    },
    {
      "@id": "https://data.datatourisme.fr/787aa60e-8e03-3ee4-a8fb-98e645f59a23",
      "dc:contributor": [
        "https://api.deepl.com/v2/translate"
      ],
      "rdf:language": [
        "de"
      ],
      "rdf:predicate": [
        {
          "@id": "rdfs:comment"
        }
      ]
    },
    {
      "@id": "https://data.datatourisme.fr/9d627d2f-a7b6-3446-b7b0-aa473ac75828",
      "dc:contributor": [
        "https://api.deepl.com/v2/translate"
      ],
      "rdf:language": [
        "nl"
      ],
      "rdf:predicate": [
        {
          "@id": "rdfs:comment"
        }
      ]
    }
  ],
  "isLocatedAt": [
    {
      "@id": "https://data.datatourisme.fr/1d3beb72-8f30-3f95-b726-1734e8573b0d",
      "schema:address": [
        {
          "@id": "https://data.datatourisme.fr/0e3214ed-6f18-3674-a2b7-9d24e25c7609",
          "schema:addressLocality": "Thonon-les-Bains",
          "schema:postalCode": "74200",
          "schema:streetAddress": [
            "Vongy"
          ],
          "@type": [
            "schema:PostalAddress",
            "PostalAddress"
          ],
          "hasAddressCity": {
            "@id": "kb:74281",
            "@type": [
              "City"
            ],
            "rdfs:label": {
              "de": [
                "Thonon-les-Bains"
              ],
              "pt": [
                "Thonon-les-Bains"
              ],
              "en": [
                "Thonon-les-Bains"
              ],
              "it": [
                "Thonon-les-Bains"
              ],
              "fr": [
                "Thonon-les-Bains"
              ],
              "nl": [
                "Thonon-les-Bains"
              ],
              "es": [
                "Thonon-les-Bains"
              ]
            },
            "insee": "74281",
            "isPartOfDepartment": {
              "@id": "kb:France8474",
              "@type": [
                "Department"
              ],
              "rdfs:label": {
                "de": [
                  "Haute-Savoie"
                ],
                "pt": [
                  "Haute-Savoie"
                ],
                "en": [
                  "Haute-Savoie"
                ],
                "it": [
                  "Haute-Savoie"
                ],
                "fr": [
                  "Haute-Savoie"
                ],
                "nl": [
                  "Haute-Savoie"
                ],
                "es": [
                  "Haute-Savoie"
                ]
              },
              "insee": "74",
              "isPartOfRegion": {
                "@id": "kb:France84",
                "@type": [
                  "Region"
                ],
                "rdfs:label": {
                  "de": [
                    "Auvergne-Rhône-Alpes"
                  ],
                  "pt": [
                    "Auvergne-Rhône-Alpes"
                  ],
                  "en": [
                    "Auvergne-Rhône-Alpes"
                  ],
                  "it": [
                    "Auvergne-Rhône-Alpes"
                  ],
                  "fr": [
                    "Auvergne-Rhône-Alpes"
                  ],
                  "nl": [
                    "Auvergne-Rhône-Alpes"
                  ],
                  "es": [
                    "Auvergne-Rhône-Alpes"
                  ]
                },
                "insee": "84",
                "isPartOfCountry": {
                  "@id": "kb:France",
                  "@type": [
                    "schema:Country"
                  ],
                  "rdfs:label": {
                    "de": [
                      "France",
                      "Frankreich"
                    ],
                    "pt": [
                      "França",
                      "France"
                    ],
                    "en": [
                      "France"
                    ],
                    "it": [
                      "France",
                      "Francia"
                    ],
                    "fr": [
                      "France"
                    ],
                    "nl": [
                      "France",
                      "Frankrijk"
                    ],
                    "es": [
                      "France",
                      "Francia"
                    ]
                  }
                }
              }
            }
          }
        }
      ],
      "schema:geo": {
        "@id": "https://data.datatourisme.fr/30947fad-ee64-314e-b65c-bea6639ef518",
        "schema:elevation": "403",
        "schema:latitude": "46.379416",
        "schema:longitude": "6.502318",
        "@type": [
          "schema:GeoCoordinates"
        ]
      },
      "schema:openingHoursSpecification": [
        {
          "@id": "https://data.datatourisme.fr/f87e535a-636d-3343-ad63-8a03392e7511",
          "schema:validFrom": "2023-01-01T00:00:00",
          "schema:validThrough": "2023-12-31T23:59:59",
          "@type": [
            "schema:OpeningHoursSpecification"
          ]
        }
      ],
      "@type": [
        "schema:Place",
        "Place"
      ]
    }
  ],
  "isOwnedBy": [
    {
      "@id": "https://data.datatourisme.fr/ba47c0fc-30aa-3dac-b5ab-7983cf760e70",
      "schema:email": [
        "alice@thononlesbains.com",
        "amelie@thononlesbains.com",
        "julie@thononlesbains.com",
        "perrine@thononlesbains.com",
        "vanessa@thononlesbains.com"
      ],
      "schema:legalName": "Office de Tourisme de Thonon-les-Bains",
      "@type": [
        "schema:Organization",
        "foaf:Agent",
        "Agent"
      ],
      "foaf:homepage": [
        "http://www.thononlesbains.com/"
      ]
    }
  ],
  "lastUpdate": "2015-03-25",
  "lastUpdateDatatourisme": "2023-02-11T06:38:49.072Z"
}