{
  "@id": "https://data.datatourisme.fr/13/005c5abd-125d-308e-83dd-3b4490cb59d5",
  "dc:identifier": "4930218",
  "@type": [
    "ClimbingWall",
    "PlaceOfInterest",
    "PointOfInterest",
    "SportsAndLeisurePlace"
  ],
  "rdfs:comment": {
    "de": [
      "Das Portal Saint Jean ist ein merkwürdiger Felsen, eine Kalksteinkonkretion, die auf der Straße liegt, die zum Gipfel des Ventoux führt. Es ist auch ein Klettergebiet mit einem recht umfassenden Angebot für qualitativ hochwertiges Klettern."
    ],
    "en": [
      "The Portail Saint Jean is a curious rock, a limestone concretion, located on the road leading to the summit of the Ventoux. It's also a rock-climbing site, with a fairly complete range of quality climbs."
    ],
    "it": [
      "Il Portail Saint Jean è una curiosa roccia, una concrezione calcarea, situata sulla strada che porta alla vetta del Ventoux. È anche un sito di arrampicata con una gamma abbastanza completa di salite di qualità."
    ],
    "fr": [
      "Le Portail Saint Jean est un curieux rocher, une concrétion calcaire, situé sur la route qui mène au sommet du Ventoux. C'est aussi un site d'escalade avec un éventail assez complet pour une escalade de qualité."
    ],
    "es": [
      "El Portail Saint Jean es una curiosa roca, una concreción calcárea, situada en el camino hacia la cumbre del Ventoux. También es un sitio de escalada con una gama bastante completa de escaladas de calidad."
    ],
    "nl": [
      "De Portail Saint Jean is een merkwaardige rots, een kalkstenen concretie, gelegen op de weg naar de top van de Ventoux. Het is ook een klimlocatie met een vrij compleet aanbod van kwaliteitsbeklimmingen."
    ]
  },
  "rdfs:label": {
    "fr": [
      "Site d'escalade du Groseau et Portail Saint Jean"
    ]
  },
  "hasBeenCreatedBy": {
    "@id": "https://data.datatourisme.fr/13/020c8bfa-c8de-360d-8c55-43b96d1fdede",
    "dc:identifier": "1559",
    "schema:email": [
      "conseil@ventouxprovence.fr",
      "web@ventouxprovence.fr"
    ],
    "schema:legalName": "Office de tourisme  Ventoux Provence Tourisme",
    "@type": [
      "schema:Organization",
      "foaf:Agent",
      "Agent"
    ],
    "foaf:homepage": [
      "https://www.ventouxprovence.fr/"
    ]
  },
  "hasBeenPublishedBy": [
    {
      "@id": "https://data.datatourisme.fr/8a9feb4b-2cbd-3d2c-b507-bd6c6776b23b",
      "schema:legalName": "Apidae Tourisme Scic SA - source : Apidae Tourisme",
      "@type": [
        "schema:Organization",
        "foaf:Agent",
        "Agent"
      ],
      "foaf:homepage": [
        "https://www.apidae-tourisme.com/"
      ]
    }
  ],
  "hasContact": [
    {
      "@id": "https://data.datatourisme.fr/3c9a3f38-1ccc-350e-be14-4f79c0aba95d",
      "@type": [
        "foaf:Agent",
        "Agent"
      ],
      "foaf:homepage": [
        "https://www.ffme.fr/ffme/carte-interactive/"
      ]
    }
  ],
  "hasDescription": [
    {
      "@id": "https://data.datatourisme.fr/7321a447-eb76-33ff-85bf-195be031219c",
      "@type": [
        "Description"
      ],
      "hasTranslatedProperty": [
        {
          "@id": "https://data.datatourisme.fr/57b9d11f-9895-322c-a1d8-302682bd46b3",
          "dc:contributor": [
            "https://api.deepl.com/v2/translate"
          ],
          "rdf:language": [
            "it"
          ],
          "rdf:predicate": [
            "shortDescription"
          ]
        },
        {
          "@id": "https://data.datatourisme.fr/78de59be-33e0-3568-9cef-88b1afc1071d",
          "dc:contributor": [
            "https://api.deepl.com/v2/translate"
          ],
          "rdf:language": [
            "de"
          ],
          "rdf:predicate": [
            "shortDescription"
          ]
        },
        {
          "@id": "https://data.datatourisme.fr/af311702-37d3-3820-9a25-c75ccd373b44",
          "dc:contributor": [
            "https://api.deepl.com/v2/translate"
          ],
          "rdf:language": [
            "es"
          ],
          "rdf:predicate": [
            "shortDescription"
          ]
        },
        {
          "@id": "https://data.datatourisme.fr/e72f8440-9ec8-3bb9-9e3b-f83f0aa22c58",
          "dc:contributor": [
            "https://api.deepl.com/v2/translate"
          ],
          "rdf:language": [
            "nl"
          ],
          "rdf:predicate": [
            "shortDescription"
          ]
        }
      ],
      "shortDescription": {
        "de": [
          "Das Portal Saint Jean ist ein merkwürdiger Felsen, eine Kalksteinkonkretion, die auf der Straße liegt, die zum Gipfel des Ventoux führt. Es ist auch ein Klettergebiet mit einem recht umfassenden Angebot für qualitativ hochwertiges Klettern."
        ],
        "en": [
          "The Portail Saint Jean is a curious rock, a limestone concretion, located on the road leading to the summit of the Ventoux. It's also a rock-climbing site, with a fairly complete range of quality climbs."
        ],
        "it": [
          "Il Portail Saint Jean è una curiosa roccia, una concrezione calcarea, situata sulla strada che porta alla vetta del Ventoux. È anche un sito di arrampicata con una gamma abbastanza completa di salite di qualità."
        ],
        "fr": [
          "Le Portail Saint Jean est un curieux rocher, une concrétion calcaire, situé sur la route qui mène au sommet du Ventoux. C'est aussi un site d'escalade avec un éventail assez complet pour une escalade de qualité."
        ],
        "es": [
          "El Portail Saint Jean es una curiosa roca, una concreción calcárea, situada en el camino hacia la cumbre del Ventoux. También es un sitio de escalada con una gama bastante completa de escaladas de calidad."
        ],
        "nl": [
          "De Portail Saint Jean is een merkwaardige rots, een kalkstenen concretie, gelegen op de weg naar de top van de Ventoux. Het is ook een klimlocatie met een vrij compleet aanbod van kwaliteitsbeklimmingen."
        ]
      }
    }
  ],
  "hasTheme": [
    {
      "@id": "kb:Climbing",
      "@type": [
        "SportsTheme"
      ],
      "rdfs:label": {
        "de": [
          "Klettern"
        ],
        "pt": [
          "Escalada"
        ],
        "en": [
          "Climbing"
        ],
        "it": [
          "Arrampicata"
        ],
        "fr": [
          "Escalade"
        ],
        "nl": [
          "Klimmen"
        ],
        "es": [
          "Escalada"
        ]
      }
    }
  ],
  "hasTranslatedProperty": [
    {
      "@id": "https://data.datatourisme.fr/88474dfc-a136-39ce-8f81-e614c9aa23e2",
      "dc:contributor": [
        "https://api.deepl.com/v2/translate"
      ],
      "rdf:language": [
        "nl"
      ],
      "rdf:predicate": [
        {
          "@id": "rdfs:comment"
        }
      ]
    },
    {
      "@id": "https://data.datatourisme.fr/b92d0e23-5d9e-32a9-9c9e-1ff7e739f15e",
      "dc:contributor": [
        "https://api.deepl.com/v2/translate"
      ],
      "rdf:language": [
        "de"
      ],
      "rdf:predicate": [
        {
          "@id": "rdfs:comment"
        }
      ]
    },
    {
      "@id": "https://data.datatourisme.fr/e608f916-93f1-38d3-a5c8-6239ef72eb34",
      "dc:contributor": [
        "https://api.deepl.com/v2/translate"
      ],
      "rdf:language": [
        "it"
      ],
      "rdf:predicate": [
        {
          "@id": "rdfs:comment"
        }
      ]
    },
    {
      "@id": "https://data.datatourisme.fr/fa2d41b2-2536-3cd6-a51f-2dfcc47ea8f3",
      "dc:contributor": [
        "https://api.deepl.com/v2/translate"
      ],
      "rdf:language": [
        "es"
      ],
      "rdf:predicate": [
        {
          "@id": "rdfs:comment"
        }
      ]
    }
  ],
  "isLocatedAt": [
    {
      "@id": "https://data.datatourisme.fr/5b00e013-d41e-3d98-b469-27c43e0d1be8",
      "schema:address": [
        {
          "@id": "https://data.datatourisme.fr/33b985d1-2f49-3376-a985-fb53e1691fea",
          "schema:addressLocality": "Malaucène",
          "schema:postalCode": "84340",
          "schema:streetAddress": [
            "Route du Mont Ventoux"
          ],
          "@type": [
            "schema:PostalAddress",
            "PostalAddress"
          ],
          "hasAddressCity": {
            "@id": "kb:84069",
            "@type": [
              "City"
            ],
            "rdfs:label": {
              "de": [
                "Malaucène"
              ],
              "pt": [
                "Malaucène"
              ],
              "en": [
                "Malaucène"
              ],
              "it": [
                "Malaucène"
              ],
              "fr": [
                "Malaucène"
              ],
              "nl": [
                "Malaucène"
              ],
              "es": [
                "Malaucène"
              ]
            },
            "insee": "84069",
            "isPartOfDepartment": {
              "@id": "kb:France9384",
              "@type": [
                "Department"
              ],
              "rdfs:label": {
                "de": [
                  "Vaucluse"
                ],
                "pt": [
                  "Vaucluse"
                ],
                "en": [
                  "Vaucluse"
                ],
                "it": [
                  "Vaucluse"
                ],
                "fr": [
                  "Vaucluse"
                ],
                "nl": [
                  "Vaucluse"
                ],
                "es": [
                  "Vaucluse"
                ]
              },
              "insee": "84",
              "isPartOfRegion": {
                "@id": "kb:France93",
                "@type": [
                  "Region"
                ],
                "rdfs:label": {
                  "de": [
                    "Provence-Alpes-Côte d'Azur"
                  ],
                  "pt": [
                    "Provence-Alpes-Côte d'Azur"
                  ],
                  "en": [
                    "Provence-Alpes-Côte d'Azur"
                  ],
                  "it": [
                    "Provence-Alpes-Côte d'Azur"
                  ],
                  "fr": [
                    "Provence-Alpes-Côte d'Azur"
                  ],
                  "nl": [
                    "Provence-Alpes-Côte d'Azur"
                  ],
                  "es": [
                    "Provence-Alpes-Côte d'Azur"
                  ]
                },
                "insee": "93",
                "isPartOfCountry": {
                  "@id": "kb:France",
                  "@type": [
                    "schema:Country"
                  ],
                  "rdfs:label": {
                    "de": [
                      "France",
                      "Frankreich"
                    ],
                    "pt": [
                      "França",
                      "France"
                    ],
                    "en": [
                      "France"
                    ],
                    "it": [
                      "France",
                      "Francia"
                    ],
                    "fr": [
                      "France"
                    ],
                    "nl": [
                      "France",
                      "Frankrijk"
                    ],
                    "es": [
                      "France",
                      "Francia"
                    ]
                  }
                }
              }
            }
          }
        }
      ],
      "schema:geo": {
        "@id": "https://data.datatourisme.fr/6e789a12-8c17-3c37-ba50-d96b287ff888",
        "schema:latitude": "44.166019",
        "schema:longitude": "5.148298",
        "@type": [
          "schema:GeoCoordinates"
        ]
      },
      "schema:openingHoursSpecification": [
        {
          "@id": "https://data.datatourisme.fr/f87e535a-636d-3343-ad63-8a03392e7511",
          "schema:validFrom": "2023-01-01T00:00:00",
          "schema:validThrough": "2023-12-31T23:59:59",
          "@type": [
            "schema:OpeningHoursSpecification"
          ]
        }
      ],
      "@type": [
        "schema:Place",
        "Place"
      ]
    }
  ],
  "isOwnedBy": [
    {
      "@id": "https://data.datatourisme.fr/ce0e0745-fce4-3ffe-99c2-f2a8e22020b1",
      "schema:email": [
        "conseil@ventouxprovence.fr",
        "web@ventouxprovence.fr"
      ],
      "schema:legalName": "Office de tourisme  Ventoux Provence Tourisme",
      "@type": [
        "schema:Organization",
        "foaf:Agent",
        "Agent"
      ],
      "foaf:homepage": [
        "https://www.ventouxprovence.fr/"
      ]
    }
  ],
  "lastUpdate": "2020-07-16",
  "lastUpdateDatatourisme": "2023-07-20T05:54:46.24Z"
}