{
  "@id": "https://data.datatourisme.fr/13/00c4617f-0bdd-389d-afa2-efd3108d872f",
  "dc:identifier": "5346397",
  "schema:endDate": [
    "2023-10-11"
  ],
  "schema:startDate": [
    "2023-10-11"
  ],
  "@type": [
    "schema:Event",
    "schema:SaleEvent",
    "Conference",
    "CulturalEvent",
    "EntertainmentAndEvent",
    "OpenDay",
    "PointOfInterest",
    "SaleEvent"
  ],
  "rdfs:comment": {
    "de": [
      "Fast 20 Stände zu den Themen soziale Begleitung, Gesundheit, digitale Nutzung, Zugang zu Rechten, Leistungen... Organisiert im Rahmen der Woche der \"Maisons de Services au Public\"."
    ],
    "en": [
      "Nearly 20 stands on social support, health, digital uses, access to rights and benefits... Organized as part of Maisons de Services au Public week."
    ],
    "it": [
      "Quasi 20 stand su assistenza sociale, salute, usi digitali, accesso a diritti e benefici, ecc. Organizzato nell'ambito della settimana delle \"Maisons de Services au Public\"."
    ],
    "fr": [
      "Près de 20 stands sur l'accompagnement social, la santé, les usages du numérique, l'accès aux droits, prestations... Organisé dans le cadre de la semaine des Maisons de Services au Public."
    ],
    "es": [
      "Cerca de 20 stands sobre ayuda social, salud, usos digitales, acceso a derechos y prestaciones, etc. Organizado en el marco de la semana \"Maisons de Services au Public\"."
    ],
    "nl": [
      "Bijna 20 stands over sociale ondersteuning, gezondheid, digitaal gebruik, toegang tot rechten en voordelen, enz. Georganiseerd in het kader van de week van de \"Maisons de Services au Public\"."
    ]
  },
  "rdfs:label": {
    "fr": [
      "Forum Bien Vivre"
    ]
  },
  "hasBeenCreatedBy": {
    "@id": "https://data.datatourisme.fr/13/17e23e50-bedc-33b4-895e-3d8204ce063b",
    "dc:identifier": "1539",
    "schema:email": [
      "animation@cc-paysdelapalisse.fr",
      "contact@lapalissetourisme.com",
      "lapalisse@allier-bourbonnais.fr",
      "lapalisse@allier-tourisme.net"
    ],
    "schema:legalName": "Office de tourisme du pays de Lapalisse",
    "@type": [
      "schema:Organization",
      "foaf:Agent",
      "Agent"
    ],
    "foaf:homepage": [
      "https://www.lapalisse-tourisme.com/"
    ]
  },
  "hasBeenPublishedBy": [
    {
      "@id": "https://data.datatourisme.fr/c55300f9-494b-38ba-adff-d663c77ad33a",
      "schema:legalName": "ALLIER BOURBONNAIS ATTRACTIVITÉ - source : Apidae Tourisme",
      "@type": [
        "schema:Organization",
        "foaf:Agent",
        "Agent"
      ],
      "foaf:homepage": [
        "https://www.apidae-tourisme.com/"
      ]
    }
  ],
  "hasContact": [
    {
      "@id": "https://data.datatourisme.fr/69641cc9-096e-38b0-8cfa-50a5649fa4f4",
      "schema:email": [
        "rsp@cc-paysdelapalisse.fr"
      ],
      "schema:telephone": [
        "+33 4 70 99 76 17"
      ],
      "@type": [
        "foaf:Agent",
        "Agent"
      ]
    }
  ],
  "hasDescription": [
    {
      "@id": "https://data.datatourisme.fr/164d7689-e7ec-321b-957b-50ae16c73ab3",
      "@type": [
        "Description"
      ],
      "hasTranslatedProperty": [
        {
          "@id": "https://data.datatourisme.fr/0377f039-bd84-3679-ba6f-c2f5e0104830",
          "dc:contributor": [
            "https://api.deepl.com/v2/translate"
          ],
          "rdf:language": [
            "de"
          ],
          "rdf:predicate": [
            "shortDescription"
          ]
        },
        {
          "@id": "https://data.datatourisme.fr/1557daca-5116-3347-b3c1-5088ee0e5f80",
          "dc:contributor": [
            "https://api.deepl.com/v2/translate"
          ],
          "rdf:language": [
            "nl"
          ],
          "rdf:predicate": [
            "shortDescription"
          ]
        },
        {
          "@id": "https://data.datatourisme.fr/23c5bae1-853a-339e-9c93-12f978f9584a",
          "dc:contributor": [
            "https://api.deepl.com/v2/translate"
          ],
          "rdf:language": [
            "it"
          ],
          "rdf:predicate": [
            "shortDescription"
          ]
        },
        {
          "@id": "https://data.datatourisme.fr/8914c9de-abeb-3d50-9cb9-8a019752ff96",
          "dc:contributor": [
            "https://api.deepl.com/v2/translate"
          ],
          "rdf:language": [
            "es"
          ],
          "rdf:predicate": [
            "shortDescription"
          ]
        },
        {
          "@id": "https://data.datatourisme.fr/f025faef-d195-3a37-9ae2-b8b06b4d435c",
          "dc:contributor": [
            "https://api.deepl.com/v2/translate"
          ],
          "rdf:language": [
            "en"
          ],
          "rdf:predicate": [
            "shortDescription"
          ]
        }
      ],
      "shortDescription": {
        "de": [
          "Fast 20 Stände zu den Themen soziale Begleitung, Gesundheit, digitale Nutzung, Zugang zu Rechten, Leistungen... Organisiert im Rahmen der Woche der \"Maisons de Services au Public\"."
        ],
        "en": [
          "Nearly 20 stands on social support, health, digital uses, access to rights and benefits... Organized as part of Maisons de Services au Public week."
        ],
        "it": [
          "Quasi 20 stand su assistenza sociale, salute, usi digitali, accesso a diritti e benefici, ecc. Organizzato nell'ambito della settimana delle \"Maisons de Services au Public\"."
        ],
        "fr": [
          "Près de 20 stands sur l'accompagnement social, la santé, les usages du numérique, l'accès aux droits, prestations... Organisé dans le cadre de la semaine des Maisons de Services au Public."
        ],
        "es": [
          "Cerca de 20 stands sobre ayuda social, salud, usos digitales, acceso a derechos y prestaciones, etc. Organizado en el marco de la semana \"Maisons de Services au Public\"."
        ],
        "nl": [
          "Bijna 20 stands over sociale ondersteuning, gezondheid, digitaal gebruik, toegang tot rechten en voordelen, enz. Georganiseerd in het kader van de week van de \"Maisons de Services au Public\"."
        ]
      }
    }
  ],
  "hasTranslatedProperty": [
    {
      "@id": "https://data.datatourisme.fr/026af9df-d348-3891-9be7-84856f20e04c",
      "dc:contributor": [
        "https://api.deepl.com/v2/translate"
      ],
      "rdf:language": [
        "es"
      ],
      "rdf:predicate": [
        {
          "@id": "rdfs:comment"
        }
      ]
    },
    {
      "@id": "https://data.datatourisme.fr/2d587af4-7c3d-3976-9d2c-c1f3934534f0",
      "dc:contributor": [
        "https://api.deepl.com/v2/translate"
      ],
      "rdf:language": [
        "it"
      ],
      "rdf:predicate": [
        {
          "@id": "rdfs:comment"
        }
      ]
    },
    {
      "@id": "https://data.datatourisme.fr/4b65ad53-7b4b-35b1-88f4-43a21f95be4d",
      "dc:contributor": [
        "https://api.deepl.com/v2/translate"
      ],
      "rdf:language": [
        "de"
      ],
      "rdf:predicate": [
        {
          "@id": "rdfs:comment"
        }
      ]
    },
    {
      "@id": "https://data.datatourisme.fr/a7166e63-e8cc-318f-b36c-8908e79c626a",
      "dc:contributor": [
        "https://api.deepl.com/v2/translate"
      ],
      "rdf:language": [
        "nl"
      ],
      "rdf:predicate": [
        {
          "@id": "rdfs:comment"
        }
      ]
    },
    {
      "@id": "https://data.datatourisme.fr/e918fca9-afab-3431-879c-91a209fff187",
      "dc:contributor": [
        "https://api.deepl.com/v2/translate"
      ],
      "rdf:language": [
        "en"
      ],
      "rdf:predicate": [
        {
          "@id": "rdfs:comment"
        }
      ]
    }
  ],
  "isLocatedAt": [
    {
      "@id": "https://data.datatourisme.fr/ffdfa7dc-b8e2-33ff-a43e-3df5e97134f9",
      "schema:address": [
        {
          "@id": "https://data.datatourisme.fr/53db29d7-de0d-33a2-a7de-4da368be2224",
          "schema:addressLocality": "Lapalisse",
          "schema:postalCode": "03120",
          "schema:streetAddress": [
            "Salle de la Grenette"
          ],
          "@type": [
            "schema:PostalAddress",
            "PostalAddress"
          ],
          "hasAddressCity": {
            "@id": "kb:03138",
            "@type": [
              "City"
            ],
            "rdfs:label": {
              "de": [
                "Lapalisse"
              ],
              "pt": [
                "Lapalisse"
              ],
              "en": [
                "Lapalisse"
              ],
              "it": [
                "Lapalisse"
              ],
              "fr": [
                "Lapalisse"
              ],
              "nl": [
                "Lapalisse"
              ],
              "es": [
                "Lapalisse"
              ]
            },
            "insee": "03138",
            "isPartOfDepartment": {
              "@id": "kb:France8403",
              "@type": [
                "Department"
              ],
              "rdfs:label": {
                "de": [
                  "Allier"
                ],
                "pt": [
                  "Allier"
                ],
                "en": [
                  "Allier"
                ],
                "it": [
                  "Allier"
                ],
                "fr": [
                  "Allier"
                ],
                "nl": [
                  "Allier"
                ],
                "es": [
                  "Allier"
                ]
              },
              "insee": "03",
              "isPartOfRegion": {
                "@id": "kb:France84",
                "@type": [
                  "Region"
                ],
                "rdfs:label": {
                  "de": [
                    "Auvergne-Rhône-Alpes"
                  ],
                  "pt": [
                    "Auvergne-Rhône-Alpes"
                  ],
                  "en": [
                    "Auvergne-Rhône-Alpes"
                  ],
                  "it": [
                    "Auvergne-Rhône-Alpes"
                  ],
                  "fr": [
                    "Auvergne-Rhône-Alpes"
                  ],
                  "nl": [
                    "Auvergne-Rhône-Alpes"
                  ],
                  "es": [
                    "Auvergne-Rhône-Alpes"
                  ]
                },
                "insee": "84",
                "isPartOfCountry": {
                  "@id": "kb:France",
                  "@type": [
                    "schema:Country"
                  ],
                  "rdfs:label": {
                    "de": [
                      "France",
                      "Frankreich"
                    ],
                    "pt": [
                      "França",
                      "France"
                    ],
                    "en": [
                      "France"
                    ],
                    "it": [
                      "France",
                      "Francia"
                    ],
                    "fr": [
                      "France"
                    ],
                    "nl": [
                      "France",
                      "Frankrijk"
                    ],
                    "es": [
                      "France",
                      "Francia"
                    ]
                  }
                }
              }
            }
          }
        }
      ],
      "schema:geo": {
        "@id": "https://data.datatourisme.fr/04f90af6-9170-3161-bdfd-192ddc1782b1",
        "schema:latitude": "46.250215",
        "schema:longitude": "3.639972",
        "@type": [
          "schema:GeoCoordinates"
        ]
      },
      "schema:openingHoursSpecification": [
        {
          "@id": "https://data.datatourisme.fr/985df82b-896c-3bb0-ab37-3cf98e69efae",
          "schema:closes": "18:00:00",
          "schema:opens": "14:00:00",
          "schema:validFrom": "2023-10-11T00:00:00",
          "schema:validThrough": "2023-10-11T23:59:59",
          "@type": [
            "schema:OpeningHoursSpecification"
          ]
        }
      ],
      "@type": [
        "schema:Place",
        "Place"
      ]
    }
  ],
  "isOwnedBy": [
    {
      "@id": "https://data.datatourisme.fr/73ce596e-596c-3418-8d3b-221e6f78bb1c",
      "schema:email": [
        "animation@cc-paysdelapalisse.fr",
        "contact@lapalissetourisme.com",
        "lapalisse@allier-bourbonnais.fr"
      ],
      "schema:legalName": "Office de tourisme du pays de Lapalisse",
      "@type": [
        "schema:Organization",
        "foaf:Agent",
        "Agent"
      ],
      "foaf:homepage": [
        "https://www.lapalisse-tourisme.com/"
      ]
    }
  ],
  "lastUpdate": "2023-09-27",
  "lastUpdateDatatourisme": "2023-09-28T05:52:38.819Z",
  "takesPlaceAt": [
    {
      "@id": "https://data.datatourisme.fr/bc414cb4-a93b-3cb3-8862-b0d83dd8fab7",
      "@type": [
        "Period"
      ],
      "endDate": "2023-10-11",
      "endTime": "18:00:00",
      "startDate": "2023-10-11",
      "startTime": "14:00:00"
    }
  ]
}