{
  "@id": "https://data.datatourisme.fr/13/0061ca09-4075-33d1-8d28-bb6a49fb5ee5",
  "dc:identifier": "6299571",
  "@type": [
    "Chapel",
    "CulturalSite",
    "PlaceOfInterest",
    "PointOfInterest",
    "ReligiousSite"
  ],
  "rdfs:comment": {
    "de": [
      "Die Schlosskapelle ist eine rechteckige Steinkapelle im Schlosspark, die aus den Steinen eines alten Schlosses erbaut wurde, das um 1787 erbaut wurde."
    ],
    "en": [
      "The Castle Chapel is a rectangular stone chapel located in the castle grounds, and was built with the stones of an old castle built around 1787."
    ],
    "it": [
      "La cappella del castello è una cappella rettangolare in pietra nel parco del castello, costruita con le pietre di un vecchio castello costruito intorno al 1787."
    ],
    "fr": [
      "La chapelle du Château est une chapelle de plan rectangulaire en pierre se trouve dans le parc du château, et a d'ailleurs été bâtie avec les pierres d'un ancien château construit vers 1787."
    ],
    "es": [
      "La capilla del castillo es una capilla rectangular de piedra situada en el recinto del castillo, construida con las piedras de un antiguo castillo construido alrededor de 1787."
    ],
    "nl": [
      "De kasteelkapel is een rechthoekige stenen kapel op het kasteelterrein, gebouwd uit de stenen van een oud kasteel dat rond 1787 werd gebouwd."
    ]
  },
  "rdfs:label": {
    "fr": [
      "Chapelle du Château"
    ]
  },
  "hasBeenCreatedBy": {
    "@id": "https://data.datatourisme.fr/13/70fcb77e-6349-3446-bedd-7227baa73222",
    "dc:identifier": "2349",
    "schema:email": [
      "annie.trotin@parc-naturel-avesnois.com",
      "jgaveriaux@coeur-avesnois.fr",
      "nathalie.mahut@avesnoistourisme.com",
      "nathalie.mahut@sudavesnoistourisme.fr"
    ],
    "schema:legalName": "Office de Tourisme de l'Avesnois",
    "@type": [
      "schema:Organization",
      "foaf:Agent",
      "Agent"
    ],
    "foaf:homepage": [
      "http://www.parc-naturel-avesnois.fr/",
      "http://www.tourisme-avesnois.com/"
    ]
  },
  "hasBeenPublishedBy": [
    {
      "@id": "https://data.datatourisme.fr/2c485858-f747-344b-b911-7d908ccb7b01",
      "schema:legalName": "Office de Tourisme de l'Avesnois - source : Apidae Tourisme",
      "@type": [
        "schema:Organization",
        "foaf:Agent",
        "Agent"
      ],
      "foaf:homepage": [
        "https://www.apidae-tourisme.com/"
      ]
    }
  ],
  "hasDescription": [
    {
      "@id": "https://data.datatourisme.fr/2d06e235-d503-352d-a85d-c9ebdbb2bf13",
      "@type": [
        "Description"
      ],
      "hasTranslatedProperty": [
        {
          "@id": "https://data.datatourisme.fr/24d0da6e-cd33-3def-aff6-980113bff342",
          "dc:contributor": [
            "https://api.deepl.com/v2/translate"
          ],
          "rdf:language": [
            "nl"
          ],
          "rdf:predicate": [
            "shortDescription"
          ]
        },
        {
          "@id": "https://data.datatourisme.fr/417121b3-d3aa-3fa9-8405-f484d73dd571",
          "dc:contributor": [
            "https://api.deepl.com/v2/translate"
          ],
          "rdf:language": [
            "es"
          ],
          "rdf:predicate": [
            "shortDescription"
          ]
        },
        {
          "@id": "https://data.datatourisme.fr/7d7a5629-9da1-3875-a017-31befeccf638",
          "dc:contributor": [
            "https://api.deepl.com/v2/translate"
          ],
          "rdf:language": [
            "it"
          ],
          "rdf:predicate": [
            "shortDescription"
          ]
        },
        {
          "@id": "https://data.datatourisme.fr/b89bc860-c0ff-398e-a33b-b247e7373dd8",
          "dc:contributor": [
            "https://api.deepl.com/v2/translate"
          ],
          "rdf:language": [
            "en"
          ],
          "rdf:predicate": [
            "shortDescription"
          ]
        },
        {
          "@id": "https://data.datatourisme.fr/d0616274-3084-33f5-8e8b-64722012bbfc",
          "dc:contributor": [
            "https://api.deepl.com/v2/translate"
          ],
          "rdf:language": [
            "de"
          ],
          "rdf:predicate": [
            "shortDescription"
          ]
        }
      ],
      "shortDescription": {
        "de": [
          "Die Schlosskapelle ist eine rechteckige Steinkapelle im Schlosspark, die aus den Steinen eines alten Schlosses erbaut wurde, das um 1787 erbaut wurde."
        ],
        "en": [
          "The Castle Chapel is a rectangular stone chapel located in the castle grounds, and was built with the stones of an old castle built around 1787."
        ],
        "it": [
          "La cappella del castello è una cappella rettangolare in pietra nel parco del castello, costruita con le pietre di un vecchio castello costruito intorno al 1787."
        ],
        "fr": [
          "La chapelle du Château est une chapelle de plan rectangulaire en pierre se trouve dans le parc du château, et a d'ailleurs été bâtie avec les pierres d'un ancien château construit vers 1787."
        ],
        "es": [
          "La capilla del castillo es una capilla rectangular de piedra situada en el recinto del castillo, construida con las piedras de un antiguo castillo construido alrededor de 1787."
        ],
        "nl": [
          "De kasteelkapel is een rechthoekige stenen kapel op het kasteelterrein, gebouwd uit de stenen van een oud kasteel dat rond 1787 werd gebouwd."
        ]
      }
    }
  ],
  "hasTheme": [
    {
      "@id": "kb:Culture",
      "@type": [
        "CulturalTheme"
      ],
      "rdfs:label": {
        "de": [
          "Kultur"
        ],
        "pt": [
          "Cultura"
        ],
        "en": [
          "Culture"
        ],
        "it": [
          "Cultura"
        ],
        "fr": [
          "Culture"
        ],
        "nl": [
          "Cultuur"
        ],
        "es": [
          "Cultura"
        ]
      }
    }
  ],
  "hasTranslatedProperty": [
    {
      "@id": "https://data.datatourisme.fr/4663e6b0-37fb-3e3f-abc7-b3a8b181f922",
      "dc:contributor": [
        "https://api.deepl.com/v2/translate"
      ],
      "rdf:language": [
        "es"
      ],
      "rdf:predicate": [
        {
          "@id": "rdfs:comment"
        }
      ]
    },
    {
      "@id": "https://data.datatourisme.fr/91b3faee-a082-3b4e-86dc-bd4c584cfb04",
      "dc:contributor": [
        "https://api.deepl.com/v2/translate"
      ],
      "rdf:language": [
        "it"
      ],
      "rdf:predicate": [
        {
          "@id": "rdfs:comment"
        }
      ]
    },
    {
      "@id": "https://data.datatourisme.fr/9dc86891-e588-34d8-87a2-1cb72d870bdd",
      "dc:contributor": [
        "https://api.deepl.com/v2/translate"
      ],
      "rdf:language": [
        "en"
      ],
      "rdf:predicate": [
        {
          "@id": "rdfs:comment"
        }
      ]
    },
    {
      "@id": "https://data.datatourisme.fr/baac4bf2-94ee-305f-ae87-312df07637df",
      "dc:contributor": [
        "https://api.deepl.com/v2/translate"
      ],
      "rdf:language": [
        "de"
      ],
      "rdf:predicate": [
        {
          "@id": "rdfs:comment"
        }
      ]
    },
    {
      "@id": "https://data.datatourisme.fr/de4e98c0-540a-3a32-b358-8016c78d5ee0",
      "dc:contributor": [
        "https://api.deepl.com/v2/translate"
      ],
      "rdf:language": [
        "nl"
      ],
      "rdf:predicate": [
        {
          "@id": "rdfs:comment"
        }
      ]
    }
  ],
  "isLocatedAt": [
    {
      "@id": "https://data.datatourisme.fr/fb27a263-6263-3396-96ff-eb1ac0a3f44c",
      "schema:address": [
        {
          "@id": "https://data.datatourisme.fr/a06fc2cb-e514-38c5-b062-783d20930cab",
          "schema:addressLocality": "Mecquignies",
          "schema:postalCode": "59570",
          "schema:streetAddress": [
            "105 Rue du Chateau"
          ],
          "@type": [
            "schema:PostalAddress",
            "PostalAddress"
          ],
          "hasAddressCity": {
            "@id": "kb:59396",
            "@type": [
              "City"
            ],
            "rdfs:label": {
              "de": [
                "Mecquignies"
              ],
              "pt": [
                "Mecquignies"
              ],
              "en": [
                "Mecquignies"
              ],
              "it": [
                "Mecquignies"
              ],
              "fr": [
                "Mecquignies"
              ],
              "nl": [
                "Mecquignies"
              ],
              "es": [
                "Mecquignies"
              ]
            },
            "insee": "59396",
            "isPartOfDepartment": {
              "@id": "kb:France3259",
              "@type": [
                "Department"
              ],
              "rdfs:label": {
                "de": [
                  "Nord"
                ],
                "pt": [
                  "Nord"
                ],
                "en": [
                  "Nord"
                ],
                "it": [
                  "Nord"
                ],
                "fr": [
                  "Nord"
                ],
                "nl": [
                  "Nord"
                ],
                "es": [
                  "Nord"
                ]
              },
              "insee": "59",
              "isPartOfRegion": {
                "@id": "kb:France32",
                "@type": [
                  "Region"
                ],
                "rdfs:label": {
                  "de": [
                    "Hauts-de-France"
                  ],
                  "pt": [
                    "Hauts-de-France"
                  ],
                  "en": [
                    "Hauts-de-France"
                  ],
                  "it": [
                    "Hauts-de-France"
                  ],
                  "fr": [
                    "Hauts-de-France"
                  ],
                  "nl": [
                    "Hauts-de-France"
                  ],
                  "es": [
                    "Hauts-de-France"
                  ]
                },
                "insee": "32",
                "isPartOfCountry": {
                  "@id": "kb:France",
                  "@type": [
                    "schema:Country"
                  ],
                  "rdfs:label": {
                    "de": [
                      "France",
                      "Frankreich"
                    ],
                    "pt": [
                      "França",
                      "France"
                    ],
                    "en": [
                      "France"
                    ],
                    "it": [
                      "France",
                      "Francia"
                    ],
                    "fr": [
                      "France"
                    ],
                    "nl": [
                      "France",
                      "Frankrijk"
                    ],
                    "es": [
                      "France",
                      "Francia"
                    ]
                  }
                }
              }
            }
          }
        }
      ],
      "schema:geo": {
        "@id": "https://data.datatourisme.fr/58df212a-04ea-3cb6-a4bb-c51e15e50dab",
        "schema:latitude": "50.279707",
        "schema:longitude": "3.791595",
        "@type": [
          "schema:GeoCoordinates"
        ]
      },
      "@type": [
        "schema:Place",
        "Place"
      ]
    }
  ],
  "isOwnedBy": [
    {
      "@id": "https://data.datatourisme.fr/97d79fc9-fb2a-38fd-bfab-d027a29ef285",
      "schema:email": [
        "annie.trotin@parc-naturel-avesnois.com",
        "nathalie.mahut@avesnoistourisme.com"
      ],
      "schema:legalName": "Office de Tourisme de l'Avesnois",
      "@type": [
        "schema:Organization",
        "foaf:Agent",
        "Agent"
      ],
      "foaf:homepage": [
        "http://www.tourisme-avesnois.com/"
      ]
    }
  ],
  "lastUpdate": "2022-11-03",
  "lastUpdateDatatourisme": "2023-06-07T05:47:59.164Z"
}