{
  "@id": "https://data.datatourisme.fr/13/00fc9d40-d5c1-3dd3-b0b8-a1e1ae58c172",
  "dc:identifier": "5788234",
  "@type": [
    "schema:Park",
    "CulturalSite",
    "ParkAndGarden",
    "PlaceOfInterest",
    "PointOfInterest"
  ],
  "rdfs:comment": {
    "de": [
      "Vor dem Volkshaus gelegen, wurde dieser kleine Park im Sinne der Geselligkeit und Entspannung angelegt."
    ],
    "en": [
      "Located in front of the Maison du Peuple, this small park has been laid out in a spirit of conviviality and relaxation."
    ],
    "it": [
      "Situato di fronte alla Maison du Peuple, questo piccolo parco è stato allestito in uno spirito di convivialità e relax."
    ],
    "fr": [
      "Situé devant la maison du Peuple, ce petit parc a été aménagé dans un esprit de convivialité et de détente."
    ],
    "es": [
      "Situado frente a la Maison du Peuple, este pequeño parque ha sido acondicionado con un espíritu de convivencia y relajación."
    ],
    "nl": [
      "Dit kleine park, gelegen tegenover het Maison du Peuple, is aangelegd in een geest van gezelligheid en ontspanning."
    ]
  },
  "rdfs:label": {
    "fr": [
      "Square Guy Môquet"
    ]
  },
  "hasBeenCreatedBy": {
    "@id": "https://data.datatourisme.fr/13/298923c8-1900-35e9-9288-b430794814c4",
    "dc:identifier": "1015",
    "schema:email": [
      "jt.charbonnier@plainecommunetourisme.com",
      "s.vallier@plainecommunetourisme.com",
      "webmarketer@plainecommunetourisme.com"
    ],
    "schema:legalName": "Office de Tourisme Plaine commune grand Paris",
    "@type": [
      "schema:Organization",
      "foaf:Agent",
      "Agent"
    ],
    "foaf:homepage": [
      "https://www.tourisme-plainecommune-paris.com/"
    ]
  },
  "hasBeenPublishedBy": [
    {
      "@id": "https://data.datatourisme.fr/8a9feb4b-2cbd-3d2c-b507-bd6c6776b23b",
      "schema:legalName": "Apidae Tourisme Scic SA - source : Apidae Tourisme",
      "@type": [
        "schema:Organization",
        "foaf:Agent",
        "Agent"
      ],
      "foaf:homepage": [
        "https://www.apidae-tourisme.com/"
      ]
    }
  ],
  "hasContact": [
    {
      "@id": "https://data.datatourisme.fr/3ecb470c-53f7-3547-b82f-f2bdbb14fe90",
      "@type": [
        "foaf:Agent",
        "Agent"
      ],
      "foaf:homepage": [
        "https://squarejollois.net/"
      ]
    }
  ],
  "hasDescription": [
    {
      "@id": "https://data.datatourisme.fr/1c9ce237-c94f-320a-bfec-bf430dfb50f2",
      "@type": [
        "Description"
      ],
      "hasTranslatedProperty": [
        {
          "@id": "https://data.datatourisme.fr/0b19685c-1dfa-3aff-919e-cfdaa10a9a9f",
          "dc:contributor": [
            "https://api.deepl.com/v2/translate"
          ],
          "rdf:language": [
            "it"
          ],
          "rdf:predicate": [
            "shortDescription"
          ]
        },
        {
          "@id": "https://data.datatourisme.fr/4ff27c0f-be0e-3dbd-8390-b4a4a4b55044",
          "dc:contributor": [
            "https://api.deepl.com/v2/translate"
          ],
          "rdf:language": [
            "es"
          ],
          "rdf:predicate": [
            "shortDescription"
          ]
        },
        {
          "@id": "https://data.datatourisme.fr/7da6f796-a2d8-38c4-b9a8-bc4c1170bf47",
          "dc:contributor": [
            "https://api.deepl.com/v2/translate"
          ],
          "rdf:language": [
            "en"
          ],
          "rdf:predicate": [
            "shortDescription"
          ]
        },
        {
          "@id": "https://data.datatourisme.fr/7fec84fc-5062-385b-8081-60db7d5a3d2c",
          "dc:contributor": [
            "https://api.deepl.com/v2/translate"
          ],
          "rdf:language": [
            "de"
          ],
          "rdf:predicate": [
            "shortDescription"
          ]
        },
        {
          "@id": "https://data.datatourisme.fr/bfc7eafd-6eb1-3b81-b596-87eb11a79797",
          "dc:contributor": [
            "https://api.deepl.com/v2/translate"
          ],
          "rdf:language": [
            "nl"
          ],
          "rdf:predicate": [
            "shortDescription"
          ]
        }
      ],
      "shortDescription": {
        "de": [
          "Vor dem Volkshaus gelegen, wurde dieser kleine Park im Sinne der Geselligkeit und Entspannung angelegt."
        ],
        "en": [
          "Located in front of the Maison du Peuple, this small park has been laid out in a spirit of conviviality and relaxation."
        ],
        "it": [
          "Situato di fronte alla Maison du Peuple, questo piccolo parco è stato allestito in uno spirito di convivialità e relax."
        ],
        "fr": [
          "Situé devant la maison du Peuple, ce petit parc a été aménagé dans un esprit de convivialité et de détente."
        ],
        "es": [
          "Situado frente a la Maison du Peuple, este pequeño parque ha sido acondicionado con un espíritu de convivencia y relajación."
        ],
        "nl": [
          "Dit kleine park, gelegen tegenover het Maison du Peuple, is aangelegd in een geest van gezelligheid en ontspanning."
        ]
      }
    }
  ],
  "hasTheme": [
    {
      "@id": "kb:Culture",
      "@type": [
        "CulturalTheme"
      ],
      "rdfs:label": {
        "de": [
          "Kultur"
        ],
        "pt": [
          "Cultura"
        ],
        "en": [
          "Culture"
        ],
        "it": [
          "Cultura"
        ],
        "fr": [
          "Culture"
        ],
        "nl": [
          "Cultuur"
        ],
        "es": [
          "Cultura"
        ]
      }
    }
  ],
  "hasTranslatedProperty": [
    {
      "@id": "https://data.datatourisme.fr/1a152396-073d-302a-b765-c122ecb992c8",
      "dc:contributor": [
        "https://api.deepl.com/v2/translate"
      ],
      "rdf:language": [
        "nl"
      ],
      "rdf:predicate": [
        {
          "@id": "rdfs:comment"
        }
      ]
    },
    {
      "@id": "https://data.datatourisme.fr/9eb343a4-0b45-342b-b91c-c1659838cb36",
      "dc:contributor": [
        "https://api.deepl.com/v2/translate"
      ],
      "rdf:language": [
        "es"
      ],
      "rdf:predicate": [
        {
          "@id": "rdfs:comment"
        }
      ]
    },
    {
      "@id": "https://data.datatourisme.fr/af8f301d-0112-322e-918a-21e56e69601c",
      "dc:contributor": [
        "https://api.deepl.com/v2/translate"
      ],
      "rdf:language": [
        "de"
      ],
      "rdf:predicate": [
        {
          "@id": "rdfs:comment"
        }
      ]
    },
    {
      "@id": "https://data.datatourisme.fr/f2397fd8-1f0b-364b-b888-449a2533750f",
      "dc:contributor": [
        "https://api.deepl.com/v2/translate"
      ],
      "rdf:language": [
        "it"
      ],
      "rdf:predicate": [
        {
          "@id": "rdfs:comment"
        }
      ]
    },
    {
      "@id": "https://data.datatourisme.fr/fd640772-2e2e-3ca8-a981-cd81d3387f87",
      "dc:contributor": [
        "https://api.deepl.com/v2/translate"
      ],
      "rdf:language": [
        "en"
      ],
      "rdf:predicate": [
        {
          "@id": "rdfs:comment"
        }
      ]
    }
  ],
  "isLocatedAt": [
    {
      "@id": "https://data.datatourisme.fr/23b3d075-060f-3102-97a5-ee087282e466",
      "schema:address": [
        {
          "@id": "https://data.datatourisme.fr/a5895544-34ea-3d68-ad1d-987e83d8a4a9",
          "schema:addressLocality": "La Courneuve",
          "schema:postalCode": "93120",
          "schema:streetAddress": [
            "Avenue Paul Vaillant-Couturier"
          ],
          "@type": [
            "schema:PostalAddress",
            "PostalAddress"
          ],
          "hasAddressCity": {
            "@id": "kb:93027",
            "@type": [
              "City"
            ],
            "rdfs:label": {
              "de": [
                "La Courneuve"
              ],
              "pt": [
                "La Courneuve"
              ],
              "en": [
                "La Courneuve"
              ],
              "it": [
                "La Courneuve"
              ],
              "fr": [
                "La Courneuve"
              ],
              "nl": [
                "La Courneuve"
              ],
              "es": [
                "La Courneuve"
              ]
            },
            "insee": "93027",
            "isPartOfDepartment": {
              "@id": "kb:France1193",
              "@type": [
                "Department"
              ],
              "rdfs:label": {
                "de": [
                  "Seine-Saint-Denis"
                ],
                "pt": [
                  "Seine-Saint-Denis"
                ],
                "en": [
                  "Seine-Saint-Denis"
                ],
                "it": [
                  "Seine-Saint-Denis"
                ],
                "fr": [
                  "Seine-Saint-Denis"
                ],
                "nl": [
                  "Seine-Saint-Denis"
                ],
                "es": [
                  "Seine-Saint-Denis"
                ]
              },
              "insee": "93",
              "isPartOfRegion": {
                "@id": "kb:France11",
                "@type": [
                  "Region"
                ],
                "rdfs:label": {
                  "de": [
                    "Île-de-France"
                  ],
                  "pt": [
                    "Île-de-France"
                  ],
                  "en": [
                    "Île-de-France"
                  ],
                  "it": [
                    "Île-de-France"
                  ],
                  "fr": [
                    "Île-de-France"
                  ],
                  "nl": [
                    "Île-de-France"
                  ],
                  "es": [
                    "Île-de-France"
                  ]
                },
                "insee": "11",
                "isPartOfCountry": {
                  "@id": "kb:France",
                  "@type": [
                    "schema:Country"
                  ],
                  "rdfs:label": {
                    "de": [
                      "France",
                      "Frankreich"
                    ],
                    "pt": [
                      "França",
                      "France"
                    ],
                    "en": [
                      "France"
                    ],
                    "it": [
                      "France",
                      "Francia"
                    ],
                    "fr": [
                      "France"
                    ],
                    "nl": [
                      "France",
                      "Frankrijk"
                    ],
                    "es": [
                      "France",
                      "Francia"
                    ]
                  }
                }
              }
            }
          }
        }
      ],
      "schema:geo": {
        "@id": "https://data.datatourisme.fr/9d4e83ca-9d4f-35c4-9432-94a61b2b60cc",
        "schema:latitude": "48.924531",
        "schema:longitude": "2.413297",
        "@type": [
          "schema:GeoCoordinates"
        ]
      },
      "schema:openingHoursSpecification": [
        {
          "@id": "https://data.datatourisme.fr/cc5742db-9546-3fbb-b5ab-f631d03dfc14",
          "schema:validFrom": "2023-01-01T00:00:00",
          "schema:validThrough": "2023-12-31T23:59:59",
          "@type": [
            "schema:OpeningHoursSpecification"
          ],
          "additionalInformation": {
            "de": [
              "Mitte November bis Mitte März: 8-18 Uhr\r\nMitte März bis Mitte November: 8:00-20:00 Uhr (im April 2021 bis 18:30 Uhr)"
            ],
            "en": [
              "From mid-November to mid-March: 8am-6pm\r\nFrom mid-March to mid-November: 8am-8pm (in April 2021 until 6.30pm)"
            ],
            "it": [
              "Da metà novembre a metà marzo: 8.00-18.00\r\nDa metà marzo a metà novembre: 8.00-20.00 (da aprile 2021 fino alle 18.30)"
            ],
            "fr": [
              "De mi-novembre à mi-mars : 8h-18h\r\nDe mi-mars à mi-novembre : 8h-20h (en avril 2021 jusqu'à 18h30)"
            ],
            "nl": [
              "Half november tot half maart: 8u tot 18u\r\nHalf maart tot half november: 8.00-8.00 uur (in april 2021 tot 18.30 uur)"
            ],
            "es": [
              "De mediados de noviembre a mediados de marzo: de 8 a 18 horas\r\nDe mediados de marzo a mediados de noviembre: de 8:00 a 20:00 horas (en abril de 2021 hasta las 18:30 horas)"
            ]
          },
          "hasTranslatedProperty": [
            {
              "@id": "https://data.datatourisme.fr/10bb9042-2fbc-307c-b8b6-536f033e98a6",
              "dc:contributor": [
                "https://api.deepl.com/v2/translate"
              ],
              "rdf:language": [
                "es"
              ],
              "rdf:predicate": [
                "additionalInformation"
              ]
            },
            {
              "@id": "https://data.datatourisme.fr/216e6d12-4fb1-3bcf-b50a-4c9a879bdc41",
              "dc:contributor": [
                "https://api.deepl.com/v2/translate"
              ],
              "rdf:language": [
                "nl"
              ],
              "rdf:predicate": [
                "additionalInformation"
              ]
            },
            {
              "@id": "https://data.datatourisme.fr/623160d0-a6f2-3eee-897e-8742a6e18399",
              "dc:contributor": [
                "https://api.deepl.com/v2/translate"
              ],
              "rdf:language": [
                "en"
              ],
              "rdf:predicate": [
                "additionalInformation"
              ]
            },
            {
              "@id": "https://data.datatourisme.fr/a1c098f8-989e-3250-858b-561671f28ff8",
              "dc:contributor": [
                "https://api.deepl.com/v2/translate"
              ],
              "rdf:language": [
                "de"
              ],
              "rdf:predicate": [
                "additionalInformation"
              ]
            },
            {
              "@id": "https://data.datatourisme.fr/b4927558-27ae-3300-9799-531defb88a37",
              "dc:contributor": [
                "https://api.deepl.com/v2/translate"
              ],
              "rdf:language": [
                "it"
              ],
              "rdf:predicate": [
                "additionalInformation"
              ]
            }
          ]
        }
      ],
      "@type": [
        "schema:Place",
        "Place"
      ]
    }
  ],
  "isOwnedBy": [
    {
      "@id": "https://data.datatourisme.fr/0d295593-2e92-3cc3-8700-156dfc8eed88",
      "schema:email": [
        "jt.charbonnier@plainecommunetourisme.com",
        "s.vallier@plainecommunetourisme.com",
        "webmarketer@plainecommunetourisme.com"
      ],
      "schema:legalName": "Office de Tourisme Plaine commune grand Paris",
      "@type": [
        "schema:Organization",
        "foaf:Agent",
        "Agent"
      ],
      "foaf:homepage": [
        "https://www.tourisme-plainecommune-paris.com/"
      ]
    }
  ],
  "lastUpdate": "2021-04-23",
  "lastUpdateDatatourisme": "2023-02-22T06:42:37.652Z"
}