{
  "@id": "https://data.datatourisme.fr/13/006e89fd-a6c7-31a1-a304-25dcb41babf0",
  "dc:identifier": "4805366",
  "@type": [
    "schema:AmusementPark",
    "schema:LocalBusiness",
    "schema:Zoo",
    "PlaceOfInterest",
    "PointOfInterest",
    "SportsAndLeisurePlace",
    "ThemePark",
    "ZooAnimalPark"
  ],
  "rdfs:comment": {
    "de": [
      "Schmetterlingsfarm Le Carbet Amazonien"
    ],
    "en": [
      "The Carbet Amazonien, a greenhouse full of butterflies"
    ],
    "it": [
      "Le Carbet Amazonien: allevamento di farfalle"
    ],
    "fr": [
      "Unique dans la région PACA, le Carbet Amazonien ferme d'élevage de papillons tropicaux et paléarctiques est un véritable petit paradis tropical de plus de 500 m² qui enchantera petits et grands."
    ],
    "nl": [
      "Het Amazon Carbet Uniek in de regio ZUID, de Amazon Carbet, een boerderij voor de teelt van tropische en palearctische vlinders, is een echt tropisch paradijs van meer dan 500 m2."
    ],
    "es": [
      "El Carbet Amazonien: granja de crianza de mariposas"
    ]
  },
  "rdfs:label": {
    "de": [
      "Le Carbet Amazonien"
    ],
    "ru": [
      "Le Carbet Amazonien"
    ],
    "en": [
      "Le Carbet Amazonien"
    ],
    "it": [
      "Le Carbet Amazonien"
    ],
    "fr": [
      "Le Carbet Amazonien"
    ],
    "zh": [
      "Le Carbet Amazonien"
    ],
    "nl": [
      "Le Carbet Amazonien"
    ],
    "es": [
      "Le Carbet Amazonien"
    ]
  },
  "hasBeenCreatedBy": {
    "@id": "https://data.datatourisme.fr/13/7e230522-657e-3dc5-8e42-49581b861f8e",
    "dc:identifier": "1638",
    "schema:email": [
      "cyrielle.troadec@grandavignon.fr",
      "ines.bonzi@grandavignon.fr",
      "madelyne.bajtar@grandavignon.fr",
      "veronique.paul@grandavignon.fr"
    ],
    "schema:legalName": "Office de Tourisme communautaire du Grand Avignon",
    "@type": [
      "schema:Organization",
      "foaf:Agent",
      "Agent"
    ],
    "foaf:homepage": [
      "https://avignon-tourisme.com/"
    ]
  },
  "hasBeenPublishedBy": [
    {
      "@id": "https://data.datatourisme.fr/8a9feb4b-2cbd-3d2c-b507-bd6c6776b23b",
      "schema:legalName": "Apidae Tourisme Scic SA - source : Apidae Tourisme",
      "@type": [
        "schema:Organization",
        "foaf:Agent",
        "Agent"
      ],
      "foaf:homepage": [
        "https://www.apidae-tourisme.com/"
      ]
    }
  ],
  "hasContact": [
    {
      "@id": "https://data.datatourisme.fr/7d099f74-451d-36bb-abfa-cfc1e47e87f7",
      "schema:email": [
        "contact@lecarbetamazonien.fr"
      ],
      "schema:telephone": [
        "+33 6 74 16 43 02",
        "+33 9 71 57 79 87"
      ],
      "@type": [
        "foaf:Agent",
        "Agent"
      ],
      "foaf:homepage": [
        "https://www.lecarbetamazonien.fr/"
      ]
    }
  ],
  "hasDescription": [
    {
      "@id": "https://data.datatourisme.fr/30b86374-861c-39ff-ae46-f9141f2a8967",
      "@type": [
        "Description"
      ],
      "shortDescription": {
        "de": [
          "Schmetterlingsfarm Le Carbet Amazonien"
        ],
        "en": [
          "The Carbet Amazonien, a greenhouse full of butterflies"
        ],
        "it": [
          "Le Carbet Amazonien: allevamento di farfalle"
        ],
        "fr": [
          "Unique dans la région PACA, le Carbet Amazonien ferme d'élevage de papillons tropicaux et paléarctiques est un véritable petit paradis tropical de plus de 500 m² qui enchantera petits et grands."
        ],
        "nl": [
          "Het Amazon Carbet Uniek in de regio ZUID, de Amazon Carbet, een boerderij voor de teelt van tropische en palearctische vlinders, is een echt tropisch paradijs van meer dan 500 m2."
        ],
        "es": [
          "El Carbet Amazonien: granja de crianza de mariposas"
        ]
      }
    }
  ],
  "isLocatedAt": [
    {
      "@id": "https://data.datatourisme.fr/e11fcf2e-dfa6-395b-9d53-e2e82c1e56bd",
      "schema:address": [
        {
          "@id": "https://data.datatourisme.fr/7c3cde25-c900-3175-a68c-09b04d28dc4b",
          "schema:addressLocality": "Velleron",
          "schema:postalCode": "84740",
          "schema:streetAddress": [
            "2033 Route de Pernes",
            "Départementale 938"
          ],
          "@type": [
            "schema:PostalAddress",
            "PostalAddress"
          ],
          "hasAddressCity": {
            "@id": "kb:84142",
            "@type": [
              "City"
            ],
            "rdfs:label": {
              "de": [
                "Velleron"
              ],
              "pt": [
                "Velleron"
              ],
              "en": [
                "Velleron"
              ],
              "it": [
                "Velleron"
              ],
              "fr": [
                "Velleron"
              ],
              "nl": [
                "Velleron"
              ],
              "es": [
                "Velleron"
              ]
            },
            "insee": "84142",
            "isPartOfDepartment": {
              "@id": "kb:France9384",
              "@type": [
                "Department"
              ],
              "rdfs:label": {
                "de": [
                  "Vaucluse"
                ],
                "pt": [
                  "Vaucluse"
                ],
                "en": [
                  "Vaucluse"
                ],
                "it": [
                  "Vaucluse"
                ],
                "fr": [
                  "Vaucluse"
                ],
                "nl": [
                  "Vaucluse"
                ],
                "es": [
                  "Vaucluse"
                ]
              },
              "insee": "84",
              "isPartOfRegion": {
                "@id": "kb:France93",
                "@type": [
                  "Region"
                ],
                "rdfs:label": {
                  "de": [
                    "Provence-Alpes-Côte d'Azur"
                  ],
                  "pt": [
                    "Provence-Alpes-Côte d'Azur"
                  ],
                  "en": [
                    "Provence-Alpes-Côte d'Azur"
                  ],
                  "it": [
                    "Provence-Alpes-Côte d'Azur"
                  ],
                  "fr": [
                    "Provence-Alpes-Côte d'Azur"
                  ],
                  "nl": [
                    "Provence-Alpes-Côte d'Azur"
                  ],
                  "es": [
                    "Provence-Alpes-Côte d'Azur"
                  ]
                },
                "insee": "93",
                "isPartOfCountry": {
                  "@id": "kb:France",
                  "@type": [
                    "schema:Country"
                  ],
                  "rdfs:label": {
                    "de": [
                      "France",
                      "Frankreich"
                    ],
                    "pt": [
                      "França",
                      "France"
                    ],
                    "en": [
                      "France"
                    ],
                    "it": [
                      "France",
                      "Francia"
                    ],
                    "fr": [
                      "France"
                    ],
                    "nl": [
                      "France",
                      "Frankrijk"
                    ],
                    "es": [
                      "France",
                      "Francia"
                    ]
                  }
                }
              }
            }
          }
        }
      ],
      "schema:geo": {
        "@id": "https://data.datatourisme.fr/42588f37-e1ed-3b8a-9664-1ba7107895d4",
        "schema:latitude": "43.975588",
        "schema:longitude": "5.037684",
        "@type": [
          "schema:GeoCoordinates"
        ]
      },
      "schema:openingHoursSpecification": [
        {
          "@id": "https://data.datatourisme.fr/1750b65b-2250-32cb-84e6-4fd37764443e",
          "schema:validFrom": "2023-04-08T00:00:00",
          "schema:validThrough": "2023-05-31T23:59:59",
          "@type": [
            "schema:OpeningHoursSpecification"
          ],
          "additionalInformation": {
            "de": [
              "10h-13h / 14h - 17h30"
            ],
            "en": [
              "10am - 1pm / 2pm - 5:30pm"
            ],
            "it": [
              "10.00 - 13.00 / 14.00 - 17.30"
            ],
            "fr": [
              "10h-13h / 14h - 17h30"
            ],
            "nl": [
              "10u - 13u / 14u - 17u30"
            ],
            "es": [
              "10:00 - 13:00 / 14:00 - 17:30"
            ]
          },
          "hasTranslatedProperty": [
            {
              "@id": "https://data.datatourisme.fr/3ad7c214-27cf-3619-8730-dbbe2481b14c",
              "dc:contributor": [
                "https://api.deepl.com/v2/translate"
              ],
              "rdf:language": [
                "nl"
              ],
              "rdf:predicate": [
                "additionalInformation"
              ]
            },
            {
              "@id": "https://data.datatourisme.fr/50f719b9-785a-3aef-ac77-2040e2c9f5fc",
              "dc:contributor": [
                "https://api.deepl.com/v2/translate"
              ],
              "rdf:language": [
                "en"
              ],
              "rdf:predicate": [
                "additionalInformation"
              ]
            },
            {
              "@id": "https://data.datatourisme.fr/5529550c-712a-3273-847f-1dbe9c4edea3",
              "dc:contributor": [
                "https://api.deepl.com/v2/translate"
              ],
              "rdf:language": [
                "de"
              ],
              "rdf:predicate": [
                "additionalInformation"
              ]
            },
            {
              "@id": "https://data.datatourisme.fr/a8a323d7-d801-3535-bad4-7d0ea2615570",
              "dc:contributor": [
                "https://api.deepl.com/v2/translate"
              ],
              "rdf:language": [
                "it"
              ],
              "rdf:predicate": [
                "additionalInformation"
              ]
            },
            {
              "@id": "https://data.datatourisme.fr/f562ef91-9aee-3afd-a8b3-8a57a90ed5ff",
              "dc:contributor": [
                "https://api.deepl.com/v2/translate"
              ],
              "rdf:language": [
                "es"
              ],
              "rdf:predicate": [
                "additionalInformation"
              ]
            }
          ]
        },
        {
          "@id": "https://data.datatourisme.fr/4efc34d6-fd76-3e16-8044-8a0f682ab8e6",
          "schema:closes": "18:00:00",
          "schema:opens": "10:00:00",
          "schema:validFrom": "2023-06-01T00:00:00",
          "schema:validThrough": "2023-08-31T23:59:59",
          "@type": [
            "schema:OpeningHoursSpecification"
          ]
        },
        {
          "@id": "https://data.datatourisme.fr/ec75eafe-e79b-37d6-89c9-6e62fb8c6b32",
          "schema:closes": "16:30:00",
          "schema:opens": "11:00:00",
          "schema:validFrom": "2023-09-01T00:00:00",
          "schema:validThrough": "2023-11-05T23:59:59",
          "@type": [
            "schema:OpeningHoursSpecification"
          ]
        }
      ],
      "@type": [
        "schema:Place",
        "Place"
      ]
    }
  ],
  "isOwnedBy": [
    {
      "@id": "https://data.datatourisme.fr/eaec8571-585a-3bd2-bbd6-cd41af13aa2b",
      "schema:email": [
        "cyrielle.troadec@grandavignon.fr",
        "ines.bonzi@grandavignon.fr",
        "madelyne.bajtar@grandavignon.fr",
        "veronique.paul@grandavignon.fr"
      ],
      "schema:legalName": "Office de Tourisme communautaire du Grand Avignon",
      "@type": [
        "schema:Organization",
        "foaf:Agent",
        "Agent"
      ],
      "foaf:homepage": [
        "https://avignon-tourisme.com/"
      ]
    }
  ],
  "lastUpdate": "2023-08-23",
  "lastUpdateDatatourisme": "2023-09-28T05:52:38.924Z",
  "offers": [
    {
      "@id": "https://data.datatourisme.fr/437e4231-7caf-3a07-aa5e-9d1e14b8fb12",
      "schema:priceSpecification": [
        {
          "@id": "https://data.datatourisme.fr/7038b719-a38a-3a84-ae67-df450d0da294",
          "schema:maxPrice": [
            "5.5",
            "6",
            "6.5",
            "7",
            "8"
          ],
          "schema:minPrice": [
            "5.5",
            "6",
            "6.5",
            "7",
            "8"
          ],
          "schema:priceCurrency": "EUR",
          "@type": [
            "schema:PriceSpecification",
            "PriceSpecification"
          ],
          "appliesOnPeriod": [
            {
              "@id": "https://data.datatourisme.fr/a72571ee-b0e2-3ea2-9dd2-53d743cf79ac",
              "@type": [
                "Period"
              ],
              "endDate": "2023-11-05",
              "startDate": "2023-04-08"
            }
          ]
        }
      ],
      "@type": [
        "schema:Offer",
        "Offer"
      ]
    }
  ]
}