{
  "@id": "https://data.datatourisme.fr/13/009e80db-3a80-3bca-be66-fdb57ef12b99",
  "dc:identifier": "6404704",
  "@type": [
    "schema:LocalBusiness",
    "ActivityProvider",
    "PlaceOfInterest",
    "PointOfInterest",
    "Store"
  ],
  "rdfs:comment": {
    "de": [
      "Persönliche, sanfte & wohlwollende Begleitung mit Fuß- und Gesichtsreflexzonenmassage, geführter Entspannung, Relation d'Aide par le Toucher.\r\nSitzungen von 30 Minuten bis 1,5 Stunden."
    ],
    "en": [
      "Personalized accompaniment, softness & benevolence with plantar and facial reflexology, guided relaxation, the Helping Relationship through Touch"
    ],
    "it": [
      "Accompagnamento personalizzato, dolce e premuroso con riflessologia plantare e facciale, rilassamento guidato e Touch Therapy.\r\nSessioni da 30 minuti a 1h30."
    ],
    "fr": [
      "Accompagnement personnalisé, douceur & bienveillance avec la réflexologie plantaire et faciale, la relaxation guidée, la Relation d'Aide par le Toucher.\r\nSéance de 30 minutes à 1h30."
    ],
    "nl": [
      "Persoonlijke, zachte en zorgzame begeleiding met voet- en gezichtsreflexologie, geleide ontspanning en Touch Therapy.\r\nSessies van 30 minuten tot 1u30."
    ],
    "es": [
      "Acompañamiento personalizado, suave y cariñoso con reflexología podal y facial, relajación guiada y terapia de toque.\r\nSesiones de 30 minutos a 1h30."
    ]
  },
  "rdfs:label": {
    "en": [
      "Monique Bastard-Rosset"
    ],
    "fr": [
      "Monique Bastard-Rosset"
    ]
  },
  "hasBeenCreatedBy": {
    "@id": "https://data.datatourisme.fr/13/98dce83d-a57b-3395-a163-467c9dae521b",
    "dc:identifier": "93",
    "schema:email": [
      "infos@thonescoeurdesvallees.com",
      "m.maurin@thonescdv.com",
      "m.tavernier@thonescdv.com",
      "officedetourismethones@gmail.com"
    ],
    "schema:legalName": "Office de Tourisme de Thônes Cœur des Vallées",
    "@type": [
      "schema:Organization",
      "foaf:Agent",
      "Agent"
    ],
    "foaf:homepage": [
      "https://www.thonescoeurdesvallees.com/"
    ]
  },
  "hasBeenPublishedBy": [
    {
      "@id": "https://data.datatourisme.fr/8a9feb4b-2cbd-3d2c-b507-bd6c6776b23b",
      "schema:legalName": "Apidae Tourisme Scic SA - source : Apidae Tourisme",
      "@type": [
        "schema:Organization",
        "foaf:Agent",
        "Agent"
      ],
      "foaf:homepage": [
        "https://www.apidae-tourisme.com/"
      ]
    }
  ],
  "hasDescription": [
    {
      "@id": "https://data.datatourisme.fr/77272881-2f43-3018-b9b7-aa075a5f7a29",
      "@type": [
        "Description"
      ],
      "hasTranslatedProperty": [
        {
          "@id": "https://data.datatourisme.fr/663cd80e-7dd8-3d9d-b845-870b0c8e6b57",
          "dc:contributor": [
            "https://api.deepl.com/v2/translate"
          ],
          "rdf:language": [
            "nl"
          ],
          "rdf:predicate": [
            "shortDescription"
          ]
        },
        {
          "@id": "https://data.datatourisme.fr/75c40106-b573-323b-a88d-04f95182b30f",
          "dc:contributor": [
            "https://api.deepl.com/v2/translate"
          ],
          "rdf:language": [
            "es"
          ],
          "rdf:predicate": [
            "shortDescription"
          ]
        },
        {
          "@id": "https://data.datatourisme.fr/7bcef8d2-1fe9-3267-847e-69286e62fb32",
          "dc:contributor": [
            "https://api.deepl.com/v2/translate"
          ],
          "rdf:language": [
            "it"
          ],
          "rdf:predicate": [
            "shortDescription"
          ]
        },
        {
          "@id": "https://data.datatourisme.fr/d7513f55-bfea-34ee-b046-c94b48bbc76b",
          "dc:contributor": [
            "https://api.deepl.com/v2/translate"
          ],
          "rdf:language": [
            "de"
          ],
          "rdf:predicate": [
            "shortDescription"
          ]
        }
      ],
      "shortDescription": {
        "de": [
          "Persönliche, sanfte & wohlwollende Begleitung mit Fuß- und Gesichtsreflexzonenmassage, geführter Entspannung, Relation d'Aide par le Toucher.\r\nSitzungen von 30 Minuten bis 1,5 Stunden."
        ],
        "en": [
          "Personalized accompaniment, softness & benevolence with plantar and facial reflexology, guided relaxation, the Helping Relationship through Touch"
        ],
        "it": [
          "Accompagnamento personalizzato, dolce e premuroso con riflessologia plantare e facciale, rilassamento guidato e Touch Therapy.\r\nSessioni da 30 minuti a 1h30."
        ],
        "fr": [
          "Accompagnement personnalisé, douceur & bienveillance avec la réflexologie plantaire et faciale, la relaxation guidée, la Relation d'Aide par le Toucher.\r\nSéance de 30 minutes à 1h30."
        ],
        "nl": [
          "Persoonlijke, zachte en zorgzame begeleiding met voet- en gezichtsreflexologie, geleide ontspanning en Touch Therapy.\r\nSessies van 30 minuten tot 1u30."
        ],
        "es": [
          "Acompañamiento personalizado, suave y cariñoso con reflexología podal y facial, relajación guiada y terapia de toque.\r\nSesiones de 30 minutos a 1h30."
        ]
      }
    }
  ],
  "hasTranslatedProperty": [
    {
      "@id": "https://data.datatourisme.fr/0a4ee97b-677a-302b-b16c-e9aa0ab08b55",
      "dc:contributor": [
        "https://api.deepl.com/v2/translate"
      ],
      "rdf:language": [
        "it"
      ],
      "rdf:predicate": [
        {
          "@id": "rdfs:comment"
        }
      ]
    },
    {
      "@id": "https://data.datatourisme.fr/30003f6f-e3ab-3ffe-a24c-c48fb54637aa",
      "dc:contributor": [
        "https://api.deepl.com/v2/translate"
      ],
      "rdf:language": [
        "nl"
      ],
      "rdf:predicate": [
        {
          "@id": "rdfs:comment"
        }
      ]
    },
    {
      "@id": "https://data.datatourisme.fr/960360ca-0eca-3280-992a-d2332f6b98cc",
      "dc:contributor": [
        "https://api.deepl.com/v2/translate"
      ],
      "rdf:language": [
        "de"
      ],
      "rdf:predicate": [
        {
          "@id": "rdfs:comment"
        }
      ]
    },
    {
      "@id": "https://data.datatourisme.fr/bcf1655d-bdd2-3447-abf2-c3d32fedf006",
      "dc:contributor": [
        "https://api.deepl.com/v2/translate"
      ],
      "rdf:language": [
        "es"
      ],
      "rdf:predicate": [
        {
          "@id": "rdfs:comment"
        }
      ]
    }
  ],
  "isLocatedAt": [
    {
      "@id": "https://data.datatourisme.fr/d352efc6-f530-32be-800d-094f7a2e73e8",
      "schema:address": [
        {
          "@id": "https://data.datatourisme.fr/588a8c25-fd59-3383-8466-084326e0c33d",
          "schema:addressLocality": "Saint-Jean-de-Sixt",
          "schema:postalCode": "74450",
          "schema:streetAddress": [
            "125 route du Danay"
          ],
          "@type": [
            "schema:PostalAddress",
            "PostalAddress"
          ],
          "hasAddressCity": {
            "@id": "kb:74239",
            "@type": [
              "City"
            ],
            "rdfs:label": {
              "de": [
                "Saint-Jean-de-Sixt"
              ],
              "pt": [
                "Saint-Jean-de-Sixt"
              ],
              "en": [
                "Saint-Jean-de-Sixt"
              ],
              "it": [
                "Saint-Jean-de-Sixt"
              ],
              "fr": [
                "Saint-Jean-de-Sixt"
              ],
              "nl": [
                "Saint-Jean-de-Sixt"
              ],
              "es": [
                "Saint-Jean-de-Sixt"
              ]
            },
            "insee": "74239",
            "isPartOfDepartment": {
              "@id": "kb:France8474",
              "@type": [
                "Department"
              ],
              "rdfs:label": {
                "de": [
                  "Haute-Savoie"
                ],
                "pt": [
                  "Haute-Savoie"
                ],
                "en": [
                  "Haute-Savoie"
                ],
                "it": [
                  "Haute-Savoie"
                ],
                "fr": [
                  "Haute-Savoie"
                ],
                "nl": [
                  "Haute-Savoie"
                ],
                "es": [
                  "Haute-Savoie"
                ]
              },
              "insee": "74",
              "isPartOfRegion": {
                "@id": "kb:France84",
                "@type": [
                  "Region"
                ],
                "rdfs:label": {
                  "de": [
                    "Auvergne-Rhône-Alpes"
                  ],
                  "pt": [
                    "Auvergne-Rhône-Alpes"
                  ],
                  "en": [
                    "Auvergne-Rhône-Alpes"
                  ],
                  "it": [
                    "Auvergne-Rhône-Alpes"
                  ],
                  "fr": [
                    "Auvergne-Rhône-Alpes"
                  ],
                  "nl": [
                    "Auvergne-Rhône-Alpes"
                  ],
                  "es": [
                    "Auvergne-Rhône-Alpes"
                  ]
                },
                "insee": "84",
                "isPartOfCountry": {
                  "@id": "kb:France",
                  "@type": [
                    "schema:Country"
                  ],
                  "rdfs:label": {
                    "de": [
                      "France",
                      "Frankreich"
                    ],
                    "pt": [
                      "França",
                      "France"
                    ],
                    "en": [
                      "France"
                    ],
                    "it": [
                      "France",
                      "Francia"
                    ],
                    "fr": [
                      "France"
                    ],
                    "nl": [
                      "France",
                      "Frankrijk"
                    ],
                    "es": [
                      "France",
                      "Francia"
                    ]
                  }
                }
              }
            }
          }
        }
      ],
      "schema:geo": {
        "@id": "https://data.datatourisme.fr/f56e6592-87a5-37d6-bec0-67badf27eb59",
        "schema:latitude": "45.924231",
        "schema:longitude": "6.413742",
        "@type": [
          "schema:GeoCoordinates"
        ]
      },
      "schema:openingHoursSpecification": [
        {
          "@id": "https://data.datatourisme.fr/bf811141-f6c4-3ca8-b2f7-a855f8c623a8",
          "schema:validFrom": "2023-01-01T00:00:00",
          "schema:validThrough": "2023-12-31T23:59:59",
          "@type": [
            "schema:OpeningHoursSpecification"
          ],
          "additionalInformation": {
            "de": [
              "Montag bis Freitag von 9:00 bis 18:00 Uhr."
            ],
            "en": [
              "Monday to Friday from 9am to 6pm."
            ],
            "it": [
              "Dal lunedì al venerdì dalle 9.00 alle 18.00."
            ],
            "fr": [
              "Lundi au vendredi de 9h à 18h."
            ],
            "nl": [
              "Maandag tot vrijdag van 9 tot 18 uur."
            ],
            "es": [
              "De lunes a viernes, de 9.00 a 18.00 horas."
            ]
          },
          "hasTranslatedProperty": [
            {
              "@id": "https://data.datatourisme.fr/afcdfa6e-02a7-3489-b752-eaea38a0022e",
              "dc:contributor": [
                "https://api.deepl.com/v2/translate"
              ],
              "rdf:language": [
                "it"
              ],
              "rdf:predicate": [
                "additionalInformation"
              ]
            },
            {
              "@id": "https://data.datatourisme.fr/c03b56b2-9beb-3397-af34-a170e25a196e",
              "dc:contributor": [
                "https://api.deepl.com/v2/translate"
              ],
              "rdf:language": [
                "en"
              ],
              "rdf:predicate": [
                "additionalInformation"
              ]
            },
            {
              "@id": "https://data.datatourisme.fr/ccaba467-0b07-3045-99ac-9db5aa5138fc",
              "dc:contributor": [
                "https://api.deepl.com/v2/translate"
              ],
              "rdf:language": [
                "de"
              ],
              "rdf:predicate": [
                "additionalInformation"
              ]
            },
            {
              "@id": "https://data.datatourisme.fr/f3892742-1ea4-3c80-b023-e801861d9099",
              "dc:contributor": [
                "https://api.deepl.com/v2/translate"
              ],
              "rdf:language": [
                "es"
              ],
              "rdf:predicate": [
                "additionalInformation"
              ]
            },
            {
              "@id": "https://data.datatourisme.fr/f40315e7-54b8-3243-ad7c-89a4e4817f43",
              "dc:contributor": [
                "https://api.deepl.com/v2/translate"
              ],
              "rdf:language": [
                "nl"
              ],
              "rdf:predicate": [
                "additionalInformation"
              ]
            }
          ]
        }
      ],
      "@type": [
        "schema:Place",
        "Place"
      ]
    }
  ],
  "isOwnedBy": [
    {
      "@id": "https://data.datatourisme.fr/6561ddeb-a877-3467-a87c-9fdb1477c634",
      "schema:email": [
        "m.maurin@thonescdv.com"
      ],
      "schema:legalName": "Office de Tourisme de Thônes Cœur des Vallées",
      "@type": [
        "schema:Organization",
        "foaf:Agent",
        "Agent"
      ],
      "foaf:homepage": [
        "https://www.thonescoeurdesvallees.com/"
      ]
    }
  ],
  "lastUpdate": "2023-03-10",
  "lastUpdateDatatourisme": "2023-03-11T06:57:04.624Z",
  "offers": [
    {
      "@id": "https://data.datatourisme.fr/6d981337-63bb-342f-9c14-9b85e55193bf",
      "schema:priceSpecification": [
        {
          "@id": "https://data.datatourisme.fr/812dfa94-e4ab-32f6-8f2a-63114ae4ce69",
          "schema:maxPrice": [
            "85"
          ],
          "schema:minPrice": [
            "45"
          ],
          "schema:priceCurrency": "EUR",
          "@type": [
            "schema:PriceSpecification",
            "PriceSpecification"
          ],
          "appliesOnPeriod": [
            {
              "@id": "https://data.datatourisme.fr/a425afdf-3594-300b-b55e-1858bafa3fd4",
              "@type": [
                "Period"
              ],
              "endDate": "2023-12-31",
              "startDate": "2023-01-01"
            }
          ]
        }
      ],
      "@type": [
        "schema:Offer",
        "Offer"
      ]
    }
  ]
}