{
  "@id": "https://data.datatourisme.fr/13/00df2747-66b1-3cd0-aab7-ed3cde82fa53",
  "dc:identifier": "5731660",
  "@type": [
    "olo:OrderedList",
    "PlaceOfInterest",
    "PointOfInterest",
    "SportsAndLeisurePlace",
    "Tour",
    "WalkingTour"
  ],
  "rdfs:comment": {
    "de": [
      "Es erwartet Sie ein schöner Spaziergang zwischen Wäldern und Heckenlandschaften."
    ],
    "en": [
      "A beautiful walk between woods and hedgerows awaits you."
    ],
    "it": [
      "Vi aspetta una bella passeggiata tra boschi e siepi."
    ],
    "fr": [
      "Une belle promenade entre bois et bocage vous attend."
    ],
    "es": [
      "Le espera un hermoso paseo entre bosques y setos."
    ],
    "nl": [
      "Er wacht u een prachtige wandeling tussen bossen en hagen."
    ]
  },
  "rdfs:label": {
    "fr": [
      "Circuit Le bois de Champeaux"
    ]
  },
  "hasBeenCreatedBy": {
    "@id": "https://data.datatourisme.fr/13/71a58e8c-b759-34f2-8cde-464161c3e766",
    "dc:identifier": "1615",
    "schema:email": [
      "c.avignon@valleecoeurdefrance.fr",
      "j.goutaudier@valleecoeurdefrance.fr",
      "ml.flouzat@valleecoeurdefrance.fr",
      "vcdf@allier-bourbonnais.fr",
      "vcdf@allier-tourisme.net"
    ],
    "schema:legalName": "OTI Vallée du Coeur de France",
    "@type": [
      "schema:Organization",
      "foaf:Agent",
      "Agent"
    ],
    "foaf:homepage": [
      "http://www.valleecoeurdefrance.fr/"
    ]
  },
  "hasBeenPublishedBy": [
    {
      "@id": "https://data.datatourisme.fr/c55300f9-494b-38ba-adff-d663c77ad33a",
      "schema:legalName": "ALLIER BOURBONNAIS ATTRACTIVITÉ - source : Apidae Tourisme",
      "@type": [
        "schema:Organization",
        "foaf:Agent",
        "Agent"
      ],
      "foaf:homepage": [
        "https://www.apidae-tourisme.com/"
      ]
    }
  ],
  "hasContact": [
    {
      "@id": "https://data.datatourisme.fr/7ffdf399-4c99-3e92-b86e-f41ff001ae17",
      "schema:email": [
        "contact@valleecoeurdefrance.fr"
      ],
      "schema:telephone": [
        "+33 4 70 05 11 44"
      ],
      "@type": [
        "foaf:Agent",
        "Agent"
      ],
      "foaf:homepage": [
        "http://www.valleecoeurdefrance.fr/"
      ]
    }
  ],
  "hasDescription": [
    {
      "@id": "https://data.datatourisme.fr/d381092c-9685-3125-8f18-931182538a3a",
      "@type": [
        "Description"
      ],
      "hasTranslatedProperty": [
        {
          "@id": "https://data.datatourisme.fr/3d91c940-c545-3915-88e2-472325ac27f0",
          "dc:contributor": [
            "https://api.deepl.com/v2/translate"
          ],
          "rdf:language": [
            "nl"
          ],
          "rdf:predicate": [
            "shortDescription"
          ]
        },
        {
          "@id": "https://data.datatourisme.fr/3f3208f8-4d02-3c94-a242-f83e8181f581",
          "dc:contributor": [
            "https://api.deepl.com/v2/translate"
          ],
          "rdf:language": [
            "en"
          ],
          "rdf:predicate": [
            "shortDescription"
          ]
        },
        {
          "@id": "https://data.datatourisme.fr/443ac349-cc73-38ca-b850-73625e11985a",
          "dc:contributor": [
            "https://api.deepl.com/v2/translate"
          ],
          "rdf:language": [
            "de"
          ],
          "rdf:predicate": [
            "shortDescription"
          ]
        },
        {
          "@id": "https://data.datatourisme.fr/bcc37f97-39c8-3c58-93d9-2b8b20b86fcd",
          "dc:contributor": [
            "https://api.deepl.com/v2/translate"
          ],
          "rdf:language": [
            "es"
          ],
          "rdf:predicate": [
            "shortDescription"
          ]
        },
        {
          "@id": "https://data.datatourisme.fr/d71c0392-4d99-301c-b0fc-d01768970603",
          "dc:contributor": [
            "https://api.deepl.com/v2/translate"
          ],
          "rdf:language": [
            "it"
          ],
          "rdf:predicate": [
            "shortDescription"
          ]
        }
      ],
      "shortDescription": {
        "de": [
          "Es erwartet Sie ein schöner Spaziergang zwischen Wäldern und Heckenlandschaften."
        ],
        "en": [
          "A beautiful walk between woods and hedgerows awaits you."
        ],
        "it": [
          "Vi aspetta una bella passeggiata tra boschi e siepi."
        ],
        "fr": [
          "Une belle promenade entre bois et bocage vous attend."
        ],
        "es": [
          "Le espera un hermoso paseo entre bosques y setos."
        ],
        "nl": [
          "Er wacht u een prachtige wandeling tussen bossen en hagen."
        ]
      }
    }
  ],
  "hasTheme": [
    {
      "@id": "kb:Hiking",
      "@type": [
        "SportsTheme"
      ],
      "rdfs:label": {
        "de": [
          "Wanderung"
        ],
        "pt": [
          "Caminhada"
        ],
        "en": [
          "Hiking"
        ],
        "it": [
          "Escursione"
        ],
        "fr": [
          "Randonnée"
        ],
        "nl": [
          "Wandelen"
        ],
        "es": [
          "Senderismo"
        ]
      }
    },
    {
      "@id": "kb:Pedestrian",
      "@type": [
        "SportsTheme"
      ],
      "rdfs:label": {
        "de": [
          "Zu Fuß"
        ],
        "pt": [
          "Pedestre"
        ],
        "en": [
          "Pedestrian"
        ],
        "it": [
          "A piedi"
        ],
        "fr": [
          "Pédestre"
        ],
        "nl": [
          "Voetgangers"
        ],
        "es": [
          "Peatón"
        ]
      }
    },
    {
      "@id": "kb:Running",
      "@type": [
        "SportsTheme"
      ],
      "rdfs:label": {
        "de": [
          "Laufen"
        ],
        "pt": [
          "Corrida a pé"
        ],
        "en": [
          "Running"
        ],
        "it": [
          "Corsa a piedi"
        ],
        "fr": [
          "Course à pied"
        ],
        "nl": [
          "Hardlopen"
        ],
        "es": [
          "Carrera a pie"
        ]
      }
    }
  ],
  "hasTranslatedProperty": [
    {
      "@id": "https://data.datatourisme.fr/73a2b486-ddc6-30d4-a796-3b98e7444231",
      "dc:contributor": [
        "https://api.deepl.com/v2/translate"
      ],
      "rdf:language": [
        "es"
      ],
      "rdf:predicate": [
        {
          "@id": "rdfs:comment"
        }
      ]
    },
    {
      "@id": "https://data.datatourisme.fr/81175118-ecc5-3160-9a75-b206a2f05d14",
      "dc:contributor": [
        "https://api.deepl.com/v2/translate"
      ],
      "rdf:language": [
        "de"
      ],
      "rdf:predicate": [
        {
          "@id": "rdfs:comment"
        }
      ]
    },
    {
      "@id": "https://data.datatourisme.fr/9674ed7a-2ef3-33b9-b1fe-13e3e84bdfcc",
      "dc:contributor": [
        "https://api.deepl.com/v2/translate"
      ],
      "rdf:language": [
        "nl"
      ],
      "rdf:predicate": [
        {
          "@id": "rdfs:comment"
        }
      ]
    },
    {
      "@id": "https://data.datatourisme.fr/98f956be-c207-30ed-8fe7-86417e61f62b",
      "dc:contributor": [
        "https://api.deepl.com/v2/translate"
      ],
      "rdf:language": [
        "it"
      ],
      "rdf:predicate": [
        {
          "@id": "rdfs:comment"
        }
      ]
    },
    {
      "@id": "https://data.datatourisme.fr/bd2711b0-186f-3f4c-b465-c8803e86f921",
      "dc:contributor": [
        "https://api.deepl.com/v2/translate"
      ],
      "rdf:language": [
        "en"
      ],
      "rdf:predicate": [
        {
          "@id": "rdfs:comment"
        }
      ]
    }
  ],
  "isLocatedAt": [
    {
      "@id": "https://data.datatourisme.fr/60bcbc3f-0fcf-3d0c-93ac-e35718bbd071",
      "schema:address": [
        {
          "@id": "https://data.datatourisme.fr/8750e5fb-2fc9-3652-a82f-52f2572c80fa",
          "schema:addressLocality": "Ronnet",
          "schema:postalCode": "03420",
          "schema:streetAddress": [
            "Mairie"
          ],
          "@type": [
            "schema:PostalAddress",
            "PostalAddress"
          ],
          "hasAddressCity": {
            "@id": "kb:03216",
            "@type": [
              "City"
            ],
            "rdfs:label": {
              "de": [
                "Ronnet"
              ],
              "pt": [
                "Ronnet"
              ],
              "en": [
                "Ronnet"
              ],
              "it": [
                "Ronnet"
              ],
              "fr": [
                "Ronnet"
              ],
              "nl": [
                "Ronnet"
              ],
              "es": [
                "Ronnet"
              ]
            },
            "insee": "03216",
            "isPartOfDepartment": {
              "@id": "kb:France8403",
              "@type": [
                "Department"
              ],
              "rdfs:label": {
                "de": [
                  "Allier"
                ],
                "pt": [
                  "Allier"
                ],
                "en": [
                  "Allier"
                ],
                "it": [
                  "Allier"
                ],
                "fr": [
                  "Allier"
                ],
                "nl": [
                  "Allier"
                ],
                "es": [
                  "Allier"
                ]
              },
              "insee": "03",
              "isPartOfRegion": {
                "@id": "kb:France84",
                "@type": [
                  "Region"
                ],
                "rdfs:label": {
                  "de": [
                    "Auvergne-Rhône-Alpes"
                  ],
                  "pt": [
                    "Auvergne-Rhône-Alpes"
                  ],
                  "en": [
                    "Auvergne-Rhône-Alpes"
                  ],
                  "it": [
                    "Auvergne-Rhône-Alpes"
                  ],
                  "fr": [
                    "Auvergne-Rhône-Alpes"
                  ],
                  "nl": [
                    "Auvergne-Rhône-Alpes"
                  ],
                  "es": [
                    "Auvergne-Rhône-Alpes"
                  ]
                },
                "insee": "84",
                "isPartOfCountry": {
                  "@id": "kb:France",
                  "@type": [
                    "schema:Country"
                  ],
                  "rdfs:label": {
                    "de": [
                      "France",
                      "Frankreich"
                    ],
                    "pt": [
                      "França",
                      "France"
                    ],
                    "en": [
                      "France"
                    ],
                    "it": [
                      "France",
                      "Francia"
                    ],
                    "fr": [
                      "France"
                    ],
                    "nl": [
                      "France",
                      "Frankrijk"
                    ],
                    "es": [
                      "France",
                      "Francia"
                    ]
                  }
                }
              }
            }
          }
        }
      ],
      "schema:geo": {
        "@id": "https://data.datatourisme.fr/1c6712d0-03b5-3088-8650-e3c8414eebc8",
        "schema:latitude": "46.205672",
        "schema:longitude": "2.700609",
        "@type": [
          "schema:GeoCoordinates"
        ]
      },
      "schema:openingHoursSpecification": [
        {
          "@id": "https://data.datatourisme.fr/f87e535a-636d-3343-ad63-8a03392e7511",
          "schema:validFrom": "2023-01-01T00:00:00",
          "schema:validThrough": "2023-12-31T23:59:59",
          "@type": [
            "schema:OpeningHoursSpecification"
          ]
        }
      ],
      "@type": [
        "schema:Place",
        "Place"
      ]
    }
  ],
  "isOwnedBy": [
    {
      "@id": "https://data.datatourisme.fr/b987b2bc-ad8d-33a7-af7e-3080d86613d2",
      "schema:email": [
        "c.avignon@valleecoeurdefrance.fr",
        "j.goutaudier@valleecoeurdefrance.fr",
        "ml.flouzat@valleecoeurdefrance.fr",
        "vcdf@allier-tourisme.net"
      ],
      "schema:legalName": "OTI Vallée du Coeur de France",
      "@type": [
        "schema:Organization",
        "foaf:Agent",
        "Agent"
      ],
      "foaf:homepage": [
        "http://www.valleecoeurdefrance.fr/"
      ]
    }
  ],
  "lastUpdate": "2022-11-09",
  "lastUpdateDatatourisme": "2023-02-10T06:39:19.747Z"
}