{
  "@id": "https://data.datatourisme.fr/13/003d2430-185b-3c21-b2eb-c5c5553d116e",
  "dc:identifier": "89270",
  "@type": [
    "MiniGolf",
    "PlaceOfInterest",
    "PointOfInterest",
    "SportsAndLeisurePlace"
  ],
  "rdfs:comment": {
    "de": [
      "Minigolfplatz in einer grünen Umgebung in der Nähe des Thermalparks.\r\nGenießen Sie einen geselligen Moment mit der Familie oder mit Freunden."
    ],
    "en": [
      "Mini-golf course located in a green setting near the thermal park.\r\nCome enjoy a nice moment with family or friends."
    ],
    "it": [
      "Campo da minigolf situato in un ambiente verde vicino al parco termale.\r\nVenite a godervi un momento di amicizia con la vostra famiglia o con gli amici."
    ],
    "fr": [
      "Parcours mini-golf situé dans un cadre de verdure à proximité du parc thermal.\r\nVenez profiter d'un moment convivial en famille ou entre amis."
    ],
    "nl": [
      "Midgetgolfbaan gelegen in een groene omgeving nabij het thermale park.\r\nKom en geniet van een gezellig moment met uw familie of vrienden."
    ],
    "es": [
      "Campo de minigolf situado en un entorno verde cerca del parque termal.\r\nVenga a disfrutar de un momento agradable con su familia o amigos."
    ]
  },
  "rdfs:label": {
    "en": [
      "Mini-golf"
    ],
    "fr": [
      "Mini-golf"
    ]
  },
  "hasBeenCreatedBy": {
    "@id": "https://data.datatourisme.fr/13/44f683a8-4163-3352-bafe-57c2e008bc8c",
    "dc:identifier": "62",
    "schema:email": [
      "a.demuer@grandchamberyalpes-tourisme.com",
      "b.jacquier@chamberymontagnes.com",
      "g.rey@chamberymontagnes.com"
    ],
    "schema:legalName": "Grand Chambéry Alpes Tourisme",
    "@type": [
      "schema:Organization",
      "foaf:Agent",
      "Agent"
    ],
    "foaf:homepage": [
      "https://www.chamberymontagnes.com/"
    ]
  },
  "hasBeenPublishedBy": [
    {
      "@id": "https://data.datatourisme.fr/8a9feb4b-2cbd-3d2c-b507-bd6c6776b23b",
      "schema:legalName": "Apidae Tourisme Scic SA - source : Apidae Tourisme",
      "@type": [
        "schema:Organization",
        "foaf:Agent",
        "Agent"
      ],
      "foaf:homepage": [
        "https://www.apidae-tourisme.com/"
      ]
    }
  ],
  "hasContact": [
    {
      "@id": "https://data.datatourisme.fr/70f8efd3-e462-3958-b879-389d21220ced",
      "schema:email": [
        "lechaletduminigolf@gmail.com"
      ],
      "schema:telephone": [
        "+33 4 79 72 78 17"
      ],
      "@type": [
        "foaf:Agent",
        "Agent"
      ],
      "foaf:homepage": [
        "http://www.lechaletduminigolf.fr/"
      ]
    }
  ],
  "hasDescription": [
    {
      "@id": "https://data.datatourisme.fr/cb3694c7-f043-3807-805d-5ed137005c10",
      "@type": [
        "Description"
      ],
      "hasTranslatedProperty": [
        {
          "@id": "https://data.datatourisme.fr/91f8c6c3-17fd-3854-a186-4e50673387f6",
          "dc:contributor": [
            "https://api.deepl.com/v2/translate"
          ],
          "rdf:language": [
            "de"
          ],
          "rdf:predicate": [
            "shortDescription"
          ]
        },
        {
          "@id": "https://data.datatourisme.fr/d5ad186b-0684-380c-bb13-3654873b1320",
          "dc:contributor": [
            "https://api.deepl.com/v2/translate"
          ],
          "rdf:language": [
            "es"
          ],
          "rdf:predicate": [
            "shortDescription"
          ]
        },
        {
          "@id": "https://data.datatourisme.fr/e74b9a4b-b154-314d-8a90-6843bbd2e7e2",
          "dc:contributor": [
            "https://api.deepl.com/v2/translate"
          ],
          "rdf:language": [
            "it"
          ],
          "rdf:predicate": [
            "shortDescription"
          ]
        },
        {
          "@id": "https://data.datatourisme.fr/fa2e388b-37ce-39ce-aa1d-ae04debb1799",
          "dc:contributor": [
            "https://api.deepl.com/v2/translate"
          ],
          "rdf:language": [
            "nl"
          ],
          "rdf:predicate": [
            "shortDescription"
          ]
        }
      ],
      "shortDescription": {
        "de": [
          "Minigolfplatz in einer grünen Umgebung in der Nähe des Thermalparks.\r\nGenießen Sie einen geselligen Moment mit der Familie oder mit Freunden."
        ],
        "en": [
          "Mini-golf course located in a green setting near the thermal park.\r\nCome enjoy a nice moment with family or friends."
        ],
        "it": [
          "Campo da minigolf situato in un ambiente verde vicino al parco termale.\r\nVenite a godervi un momento di amicizia con la vostra famiglia o con gli amici."
        ],
        "fr": [
          "Parcours mini-golf situé dans un cadre de verdure à proximité du parc thermal.\r\nVenez profiter d'un moment convivial en famille ou entre amis."
        ],
        "nl": [
          "Midgetgolfbaan gelegen in een groene omgeving nabij het thermale park.\r\nKom en geniet van een gezellig moment met uw familie of vrienden."
        ],
        "es": [
          "Campo de minigolf situado en un entorno verde cerca del parque termal.\r\nVenga a disfrutar de un momento agradable con su familia o amigos."
        ]
      }
    }
  ],
  "hasTheme": [
    {
      "@id": "kb:Golf",
      "@type": [
        "SportsTheme"
      ],
      "rdfs:label": {
        "de": [
          "Golf"
        ],
        "pt": [
          "Golfe"
        ],
        "en": [
          "Golf"
        ],
        "it": [
          "Golf"
        ],
        "fr": [
          "Golf"
        ],
        "nl": [
          "Golf"
        ],
        "es": [
          "Golf"
        ]
      }
    },
    {
      "@id": "kb:MiniGolf",
      "@type": [
        "CommonAmenity",
        "SportsTheme"
      ],
      "rdfs:label": {
        "de": [
          "Minigolf"
        ],
        "pt": [
          "Minigolfe"
        ],
        "en": [
          "Mini golf"
        ],
        "it": [
          "Minigolf"
        ],
        "fr": [
          "Mini-golf"
        ],
        "nl": [
          "Minigolf"
        ],
        "es": [
          "Minigolf"
        ]
      }
    }
  ],
  "hasTranslatedProperty": [
    {
      "@id": "https://data.datatourisme.fr/1e687fe6-5638-3d00-b425-f1133f0669dc",
      "dc:contributor": [
        "https://api.deepl.com/v2/translate"
      ],
      "rdf:language": [
        "es"
      ],
      "rdf:predicate": [
        {
          "@id": "rdfs:comment"
        }
      ]
    },
    {
      "@id": "https://data.datatourisme.fr/28b5ffb9-8a5e-34f8-940d-0300013d293c",
      "dc:contributor": [
        "https://api.deepl.com/v2/translate"
      ],
      "rdf:language": [
        "nl"
      ],
      "rdf:predicate": [
        {
          "@id": "rdfs:comment"
        }
      ]
    },
    {
      "@id": "https://data.datatourisme.fr/6cf64a20-1a04-345b-820a-e1c86be7472a",
      "dc:contributor": [
        "https://api.deepl.com/v2/translate"
      ],
      "rdf:language": [
        "it"
      ],
      "rdf:predicate": [
        {
          "@id": "rdfs:comment"
        }
      ]
    },
    {
      "@id": "https://data.datatourisme.fr/fc32de52-dd96-3d41-9b11-e9b1886321b5",
      "dc:contributor": [
        "https://api.deepl.com/v2/translate"
      ],
      "rdf:language": [
        "de"
      ],
      "rdf:predicate": [
        {
          "@id": "rdfs:comment"
        }
      ]
    }
  ],
  "isLocatedAt": [
    {
      "@id": "https://data.datatourisme.fr/e5d83f19-d69c-3db4-8ad1-2bb8ced09298",
      "schema:address": [
        {
          "@id": "https://data.datatourisme.fr/831c15a1-eda4-319e-b0b8-9f2c80fe23ed",
          "schema:addressLocality": "Challes-les-Eaux",
          "schema:postalCode": "73190",
          "schema:streetAddress": [
            "Parc des Thermes"
          ],
          "@type": [
            "schema:PostalAddress",
            "PostalAddress"
          ],
          "hasAddressCity": {
            "@id": "kb:73064",
            "@type": [
              "City"
            ],
            "rdfs:label": {
              "de": [
                "Challes-les-Eaux"
              ],
              "pt": [
                "Challes-les-Eaux"
              ],
              "en": [
                "Challes-les-Eaux"
              ],
              "it": [
                "Challes-les-Eaux"
              ],
              "fr": [
                "Challes-les-Eaux"
              ],
              "nl": [
                "Challes-les-Eaux"
              ],
              "es": [
                "Challes-les-Eaux"
              ]
            },
            "insee": "73064",
            "isPartOfDepartment": {
              "@id": "kb:France8473",
              "@type": [
                "Department"
              ],
              "rdfs:label": {
                "de": [
                  "Savoie"
                ],
                "pt": [
                  "Savoie"
                ],
                "en": [
                  "Savoie"
                ],
                "it": [
                  "Savoie"
                ],
                "fr": [
                  "Savoie"
                ],
                "nl": [
                  "Savoie"
                ],
                "es": [
                  "Savoie"
                ]
              },
              "insee": "73",
              "isPartOfRegion": {
                "@id": "kb:France84",
                "@type": [
                  "Region"
                ],
                "rdfs:label": {
                  "de": [
                    "Auvergne-Rhône-Alpes"
                  ],
                  "pt": [
                    "Auvergne-Rhône-Alpes"
                  ],
                  "en": [
                    "Auvergne-Rhône-Alpes"
                  ],
                  "it": [
                    "Auvergne-Rhône-Alpes"
                  ],
                  "fr": [
                    "Auvergne-Rhône-Alpes"
                  ],
                  "nl": [
                    "Auvergne-Rhône-Alpes"
                  ],
                  "es": [
                    "Auvergne-Rhône-Alpes"
                  ]
                },
                "insee": "84",
                "isPartOfCountry": {
                  "@id": "kb:France",
                  "@type": [
                    "schema:Country"
                  ],
                  "rdfs:label": {
                    "de": [
                      "France",
                      "Frankreich"
                    ],
                    "pt": [
                      "França",
                      "France"
                    ],
                    "en": [
                      "France"
                    ],
                    "it": [
                      "France",
                      "Francia"
                    ],
                    "fr": [
                      "France"
                    ],
                    "nl": [
                      "France",
                      "Frankrijk"
                    ],
                    "es": [
                      "France",
                      "Francia"
                    ]
                  }
                }
              }
            }
          }
        }
      ],
      "schema:geo": {
        "@id": "https://data.datatourisme.fr/85674506-c2e7-323a-aa3b-579731e5bf09",
        "schema:latitude": "45.549219",
        "schema:longitude": "5.98742",
        "@type": [
          "schema:GeoCoordinates"
        ]
      },
      "schema:openingHoursSpecification": [
        {
          "@id": "https://data.datatourisme.fr/0383410f-2f9f-358c-aaa1-1ae7c90cca54",
          "schema:closes": "21:30:00",
          "schema:opens": "12:00:00",
          "schema:validFrom": "2023-04-08T00:00:00",
          "schema:validThrough": "2023-10-01T23:59:59",
          "@type": [
            "schema:OpeningHoursSpecification"
          ],
          "additionalInformation": {
            "de": [
              "In den Monaten April und Mai donnerstags geschlossen"
            ],
            "en": [
              "Closed on Thursdays in April and May"
            ],
            "it": [
              "Chiuso il giovedì in aprile e maggio"
            ],
            "fr": [
              "Fermé le jeudi au mois d'avril et mai"
            ],
            "nl": [
              "Gesloten op donderdag in april en mei"
            ],
            "es": [
              "Cerrado los jueves de abril y mayo"
            ]
          },
          "hasTranslatedProperty": [
            {
              "@id": "https://data.datatourisme.fr/a97c72c6-952e-3276-b5ff-e78ffc395d55",
              "dc:contributor": [
                "https://api.deepl.com/v2/translate"
              ],
              "rdf:language": [
                "nl"
              ],
              "rdf:predicate": [
                "additionalInformation"
              ]
            },
            {
              "@id": "https://data.datatourisme.fr/c88c0de2-74e5-3bb8-bcbf-9f6afae9a8e0",
              "dc:contributor": [
                "https://api.deepl.com/v2/translate"
              ],
              "rdf:language": [
                "en"
              ],
              "rdf:predicate": [
                "additionalInformation"
              ]
            },
            {
              "@id": "https://data.datatourisme.fr/e1c216a2-d710-374b-9e7e-55fce4f7e01f",
              "dc:contributor": [
                "https://api.deepl.com/v2/translate"
              ],
              "rdf:language": [
                "es"
              ],
              "rdf:predicate": [
                "additionalInformation"
              ]
            },
            {
              "@id": "https://data.datatourisme.fr/eb717994-680d-345b-b184-7a6b903d1329",
              "dc:contributor": [
                "https://api.deepl.com/v2/translate"
              ],
              "rdf:language": [
                "de"
              ],
              "rdf:predicate": [
                "additionalInformation"
              ]
            },
            {
              "@id": "https://data.datatourisme.fr/ebde595e-b1ca-3c84-aaf5-4418692084b4",
              "dc:contributor": [
                "https://api.deepl.com/v2/translate"
              ],
              "rdf:language": [
                "it"
              ],
              "rdf:predicate": [
                "additionalInformation"
              ]
            }
          ]
        }
      ],
      "@type": [
        "schema:Place",
        "Place"
      ]
    }
  ],
  "isOwnedBy": [
    {
      "@id": "https://data.datatourisme.fr/992d6a64-fc52-33b6-89c8-638732711608",
      "schema:email": [
        "a.demuer@grandchamberyalpes-tourisme.com",
        "b.jacquier@chamberymontagnes.com",
        "g.rey@chamberymontagnes.com"
      ],
      "schema:legalName": "Grand Chambéry Alpes Tourisme",
      "@type": [
        "schema:Organization",
        "foaf:Agent",
        "Agent"
      ],
      "foaf:homepage": [
        "https://www.chamberymontagnes.com/"
      ]
    }
  ],
  "lastUpdate": "2023-06-08",
  "lastUpdateDatatourisme": "2023-06-09T05:49:13.349Z",
  "offers": [
    {
      "@id": "https://data.datatourisme.fr/cb8c6ccc-93a2-3ddf-8815-fdc6849fdd29",
      "schema:priceSpecification": [
        {
          "@id": "https://data.datatourisme.fr/ac184b2b-b665-396e-a0d5-efc92874fdfc",
          "schema:maxPrice": [
            "5"
          ],
          "schema:minPrice": [
            "5"
          ],
          "schema:priceCurrency": "EUR",
          "@type": [
            "schema:PriceSpecification",
            "PriceSpecification"
          ],
          "appliesOnPeriod": [
            {
              "@id": "https://data.datatourisme.fr/3b368f5a-fca8-396f-abf2-0d474892d2ae",
              "@type": [
                "Period"
              ],
              "endDate": "2023-10-03",
              "startDate": "2023-04-08"
            }
          ]
        }
      ],
      "@type": [
        "schema:Offer",
        "Offer"
      ]
    }
  ]
}