{
  "@id": "https://data.datatourisme.fr/13/00464817-24f2-3796-a2b6-30ef4e3218e6",
  "dc:identifier": "158808",
  "@type": [
    "olo:OrderedList",
    "EducationalTrail",
    "PlaceOfInterest",
    "PointOfInterest",
    "SportsAndLeisurePlace",
    "Tour",
    "WalkingTour"
  ],
  "rdfs:comment": {
    "de": [
      "Das Plateau Dou du Praz liegt auf 2140 m Höhe und bietet Ihnen einen atemberaubenden Blick auf den Mont Blanc und 360 °C auf die umliegenden Berge (Pierra Menta, Mont Saint Jacques, etc.)."
    ],
    "en": [
      "Dou du Praz plateau, 2140 m above sea level, offers a breathtaking view of Mont Blanc and a 360° panorama of the surrounding mountains (Pierra Menta, Mont Saint Jacques, etc)."
    ],
    "it": [
      "L'altopiano del Dou du Praz, situato a 2140 m di altitudine, offre una vista mozzafiato sul Monte Bianco e a 360° sulle montagne circostanti (Pierra Menta, Mont Saint Jacques, ecc.)."
    ],
    "fr": [
      "Le plateau du Dou du Praz, situé à 2140 m. d’altitude, vous offrira une vue imprenable sur le Mont Blanc et à 360°C sur les montagnes alentour (Pierra Menta, Mont Saint Jacques, etc)."
    ],
    "nl": [
      "Lusvormig zonovergoten pad,"
    ],
    "es": [
      "La meseta de Dou du Praz, situada a 2140 m de altitud, ofrece una vista impresionante del Mont Blanc y 360° de las montañas circundantes (Pierra Menta, Mont Saint Jacques, etc.)."
    ]
  },
  "rdfs:label": {
    "en": [
      "Dou du Praz circuit"
    ],
    "fr": [
      "Boucle du Dou du Praz"
    ],
    "nl": [
      "Wandeling van Dou du Praz"
    ]
  },
  "hasBeenCreatedBy": {
    "@id": "https://data.datatourisme.fr/13/6883966f-d8f9-38a4-aa29-be29d2c386fb",
    "dc:identifier": "294",
    "schema:email": [
      "a.merel@la-plagne.com",
      "info.champagny@la-plagne.com",
      "info.vallee@la-plagne.com",
      "louise.montalbert@la-plagne.com",
      "melanie@la-plagne.com",
      "sandra.montalbert@la-plagne.com",
      "webmaster@la-plagne.com"
    ],
    "schema:legalName": "Office de Tourisme de la Grande Plagne",
    "@type": [
      "schema:Organization",
      "foaf:Agent",
      "Agent"
    ],
    "foaf:homepage": [
      "http://www.la-plagne.com/"
    ]
  },
  "hasBeenPublishedBy": [
    {
      "@id": "https://data.datatourisme.fr/8a9feb4b-2cbd-3d2c-b507-bd6c6776b23b",
      "schema:legalName": "Apidae Tourisme Scic SA - source : Apidae Tourisme",
      "@type": [
        "schema:Organization",
        "foaf:Agent",
        "Agent"
      ],
      "foaf:homepage": [
        "https://www.apidae-tourisme.com/"
      ]
    }
  ],
  "hasContact": [
    {
      "@id": "https://data.datatourisme.fr/0d4c2887-2970-3a00-b56d-af89a47c6db6",
      "schema:email": [
        "info@la-plagne.com"
      ],
      "schema:telephone": [
        "+33 4 79 09 02 01"
      ],
      "@type": [
        "foaf:Agent",
        "Agent"
      ]
    }
  ],
  "hasDescription": [
    {
      "@id": "https://data.datatourisme.fr/7807b1d8-af7e-3d06-9684-e16bce531a2c",
      "@type": [
        "Description"
      ],
      "hasTranslatedProperty": [
        {
          "@id": "https://data.datatourisme.fr/6645fe28-a2b8-3119-a242-5ebf0ecf4bff",
          "dc:contributor": [
            "https://api.deepl.com/v2/translate"
          ],
          "rdf:language": [
            "de"
          ],
          "rdf:predicate": [
            "shortDescription"
          ]
        },
        {
          "@id": "https://data.datatourisme.fr/7083f58b-ba37-304d-898e-eba9cbc671aa",
          "dc:contributor": [
            "https://api.deepl.com/v2/translate"
          ],
          "rdf:language": [
            "it"
          ],
          "rdf:predicate": [
            "shortDescription"
          ]
        },
        {
          "@id": "https://data.datatourisme.fr/7a9b1371-063d-3161-806d-7abff80d8750",
          "dc:contributor": [
            "https://api.deepl.com/v2/translate"
          ],
          "rdf:language": [
            "es"
          ],
          "rdf:predicate": [
            "shortDescription"
          ]
        }
      ],
      "shortDescription": {
        "de": [
          "Das Plateau Dou du Praz liegt auf 2140 m Höhe und bietet Ihnen einen atemberaubenden Blick auf den Mont Blanc und 360 °C auf die umliegenden Berge (Pierra Menta, Mont Saint Jacques, etc.)."
        ],
        "en": [
          "Dou du Praz plateau, 2140 m above sea level, offers a breathtaking view of Mont Blanc and a 360° panorama of the surrounding mountains (Pierra Menta, Mont Saint Jacques, etc)."
        ],
        "it": [
          "L'altopiano del Dou du Praz, situato a 2140 m di altitudine, offre una vista mozzafiato sul Monte Bianco e a 360° sulle montagne circostanti (Pierra Menta, Mont Saint Jacques, ecc.)."
        ],
        "fr": [
          "Le plateau du Dou du Praz, situé à 2140 m. d’altitude, vous offrira une vue imprenable sur le Mont Blanc et à 360°C sur les montagnes alentour (Pierra Menta, Mont Saint Jacques, etc)."
        ],
        "nl": [
          "Lusvormig zonovergoten pad,"
        ],
        "es": [
          "La meseta de Dou du Praz, situada a 2140 m de altitud, ofrece una vista impresionante del Mont Blanc y 360° de las montañas circundantes (Pierra Menta, Mont Saint Jacques, etc.)."
        ]
      }
    }
  ],
  "hasTheme": [
    {
      "@id": "kb:Hiking",
      "@type": [
        "SportsTheme"
      ],
      "rdfs:label": {
        "de": [
          "Wanderung"
        ],
        "pt": [
          "Caminhada"
        ],
        "en": [
          "Hiking"
        ],
        "it": [
          "Escursione"
        ],
        "fr": [
          "Randonnée"
        ],
        "nl": [
          "Wandelen"
        ],
        "es": [
          "Senderismo"
        ]
      }
    },
    {
      "@id": "kb:Pedestrian",
      "@type": [
        "SportsTheme"
      ],
      "rdfs:label": {
        "de": [
          "Zu Fuß"
        ],
        "pt": [
          "Pedestre"
        ],
        "en": [
          "Pedestrian"
        ],
        "it": [
          "A piedi"
        ],
        "fr": [
          "Pédestre"
        ],
        "nl": [
          "Voetgangers"
        ],
        "es": [
          "Peatón"
        ]
      }
    },
    {
      "@id": "kb:Running",
      "@type": [
        "SportsTheme"
      ],
      "rdfs:label": {
        "de": [
          "Laufen"
        ],
        "pt": [
          "Corrida a pé"
        ],
        "en": [
          "Running"
        ],
        "it": [
          "Corsa a piedi"
        ],
        "fr": [
          "Course à pied"
        ],
        "nl": [
          "Hardlopen"
        ],
        "es": [
          "Carrera a pie"
        ]
      }
    }
  ],
  "hasTranslatedProperty": [
    {
      "@id": "https://data.datatourisme.fr/0d5badee-4491-3da2-8506-7a17a9a8ed3e",
      "dc:contributor": [
        "https://api.deepl.com/v2/translate"
      ],
      "rdf:language": [
        "de"
      ],
      "rdf:predicate": [
        {
          "@id": "rdfs:comment"
        }
      ]
    },
    {
      "@id": "https://data.datatourisme.fr/58cd7063-9c18-3a95-82d8-ec110617d632",
      "dc:contributor": [
        "https://api.deepl.com/v2/translate"
      ],
      "rdf:language": [
        "es"
      ],
      "rdf:predicate": [
        {
          "@id": "rdfs:comment"
        }
      ]
    },
    {
      "@id": "https://data.datatourisme.fr/6aa9d9ca-2679-3812-8d95-73ea378bde45",
      "dc:contributor": [
        "https://api.deepl.com/v2/translate"
      ],
      "rdf:language": [
        "it"
      ],
      "rdf:predicate": [
        {
          "@id": "rdfs:comment"
        }
      ]
    }
  ],
  "isLocatedAt": [
    {
      "@id": "https://data.datatourisme.fr/4ab603d3-e353-356c-8f58-b49965b67e70",
      "schema:address": [
        {
          "@id": "https://data.datatourisme.fr/62754bee-e81b-3513-a0ed-f7b0d196d87e",
          "schema:addressLocality": "La Plagne Tarentaise",
          "schema:postalCode": "73210",
          "schema:streetAddress": [
            "Dou du Praz",
            "Plagne Villages"
          ],
          "@type": [
            "schema:PostalAddress",
            "PostalAddress"
          ],
          "hasAddressCity": {
            "@id": "kb:73150",
            "@type": [
              "City"
            ],
            "rdfs:label": {
              "de": [
                "La Plagne Tarentaise"
              ],
              "pt": [
                "La Plagne Tarentaise"
              ],
              "en": [
                "La Plagne Tarentaise"
              ],
              "it": [
                "La Plagne Tarentaise"
              ],
              "fr": [
                "La Plagne Tarentaise"
              ],
              "nl": [
                "La Plagne Tarentaise"
              ],
              "es": [
                "La Plagne Tarentaise"
              ]
            },
            "insee": "73150",
            "isPartOfDepartment": {
              "@id": "kb:France8473",
              "@type": [
                "Department"
              ],
              "rdfs:label": {
                "de": [
                  "Savoie"
                ],
                "pt": [
                  "Savoie"
                ],
                "en": [
                  "Savoie"
                ],
                "it": [
                  "Savoie"
                ],
                "fr": [
                  "Savoie"
                ],
                "nl": [
                  "Savoie"
                ],
                "es": [
                  "Savoie"
                ]
              },
              "insee": "73",
              "isPartOfRegion": {
                "@id": "kb:France84",
                "@type": [
                  "Region"
                ],
                "rdfs:label": {
                  "de": [
                    "Auvergne-Rhône-Alpes"
                  ],
                  "pt": [
                    "Auvergne-Rhône-Alpes"
                  ],
                  "en": [
                    "Auvergne-Rhône-Alpes"
                  ],
                  "it": [
                    "Auvergne-Rhône-Alpes"
                  ],
                  "fr": [
                    "Auvergne-Rhône-Alpes"
                  ],
                  "nl": [
                    "Auvergne-Rhône-Alpes"
                  ],
                  "es": [
                    "Auvergne-Rhône-Alpes"
                  ]
                },
                "insee": "84",
                "isPartOfCountry": {
                  "@id": "kb:France",
                  "@type": [
                    "schema:Country"
                  ],
                  "rdfs:label": {
                    "de": [
                      "France",
                      "Frankreich"
                    ],
                    "pt": [
                      "França",
                      "France"
                    ],
                    "en": [
                      "France"
                    ],
                    "it": [
                      "France",
                      "Francia"
                    ],
                    "fr": [
                      "France"
                    ],
                    "nl": [
                      "France",
                      "Frankrijk"
                    ],
                    "es": [
                      "France",
                      "Francia"
                    ]
                  }
                }
              }
            }
          }
        }
      ],
      "schema:geo": {
        "@id": "https://data.datatourisme.fr/4121a08b-108e-3b85-bbad-09f892c5d338",
        "schema:elevation": "2140",
        "schema:latitude": "45.503911",
        "schema:longitude": "6.689515",
        "@type": [
          "schema:GeoCoordinates"
        ]
      },
      "schema:openingHoursSpecification": [
        {
          "@id": "https://data.datatourisme.fr/45d8ea84-3c74-395a-9242-f6ac34f4457b",
          "schema:validFrom": "2023-12-16T00:00:00",
          "schema:validThrough": "2023-04-28T23:59:59",
          "@type": [
            "schema:OpeningHoursSpecification"
          ]
        },
        {
          "@id": "https://data.datatourisme.fr/b46146cf-efb9-3c2e-a373-8a0d64f9f250",
          "schema:validFrom": "2023-07-01T00:00:00",
          "schema:validThrough": "2023-09-02T23:59:59",
          "@type": [
            "schema:OpeningHoursSpecification"
          ]
        }
      ],
      "@type": [
        "schema:Place",
        "Place"
      ],
      "altInsee": [
        "La Plagne"
      ]
    }
  ],
  "isOwnedBy": [
    {
      "@id": "https://data.datatourisme.fr/388c1a9f-bb1d-3e48-8a0a-548a88b14555",
      "schema:email": [
        "a.merel@la-plagne.com",
        "info.champagny@la-plagne.com",
        "info.vallee@la-plagne.com",
        "melanie@la-plagne.com",
        "sandra.montalbert@la-plagne.com",
        "webmaster@la-plagne.com"
      ],
      "schema:legalName": "Office de Tourisme de la Grande Plagne",
      "@type": [
        "schema:Organization",
        "foaf:Agent",
        "Agent"
      ],
      "foaf:homepage": [
        "http://www.la-plagne.com/"
      ]
    }
  ],
  "lastUpdate": "2023-07-24",
  "lastUpdateDatatourisme": "2023-07-25T05:43:29.998Z"
}