{
  "@id": "https://data.datatourisme.fr/13/00f944a7-69c6-31b3-aa08-e7cf274c0777",
  "dc:identifier": "610448",
  "@type": [
    "schema:LocalBusiness",
    "ActivityProvider",
    "PlaceOfInterest",
    "PointOfInterest",
    "Store"
  ],
  "rdfs:comment": {
    "de": [
      "Unsere kleine Wildwasser- und Bergsportbasis, die seit 29 Jahren in Castellane besteht, ist der ideale Ort, um beim Rafting, Hydrospeed, Kanu-Rafting, Kajakfahren, Canyoning und Aqua-Wandern eine tolle Zeit zu verbringen."
    ],
    "en": [
      "With 29 years of experience in Castellane, our small whitewater and mountain sports base is the ideal place to enjoy rafting, hydrospeed, canoe-raft, kayak, canyoning and aqua-rando."
    ],
    "it": [
      "Con 29 anni di esperienza a Castellane, la nostra piccola base di sport d'acqua bianca e di montagna è il luogo ideale per praticare rafting, hydrospeed, canoa-raft, kayak, canyoning e aqua-trekking."
    ],
    "fr": [
      "Présente depuis 29 ans sur Castellane, notre petite base de sport d’eau vive et de montagne est l’endroit idéal pour passer d’excellents moments en rafting, hydrospeed, canoë-raft, kayak, canyoning, aqua-rando."
    ],
    "es": [
      "Presente desde hace 29 años en Castellane, nuestra pequeña base de deportes de aguas bravas y de montaña es el lugar ideal para pasar excelentes momentos en rafting, hidrospeed, canoa-raft, kayak, barranquismo, aqua-rando."
    ],
    "nl": [
      "Al 29 jaar aanwezig in Castellane, is onze kleine wildwater- en bergsportbasis de ideale plaats om uitstekende momenten door te brengen in rafting, hydrospeed, kano, kajak, canyoning, aqua-rando."
    ]
  },
  "rdfs:label": {
    "en": [
      "ABACAB Montagne et Rivière"
    ],
    "it": [
      "ABACAB Montagne et Rivière"
    ],
    "fr": [
      "ABACAB Montagne et Rivière"
    ]
  },
  "hasBeenCreatedBy": {
    "@id": "https://data.datatourisme.fr/13/288cc0ff-0228-37bd-bdf9-4bc9360b9c5d",
    "dc:identifier": "769",
    "schema:email": [
      "audrey.blache@verdontourisme.com",
      "direction@verdontourisme.com",
      "g.sainneville@pm.me",
      "marie.tapiau@verdontourisme.com",
      "nathalie.mistral@verdontourisme.com",
      "pascale.barneaud@verdontourisme.com",
      "webmaster@verdontourisme.com"
    ],
    "schema:legalName": "Verdon Tourisme",
    "@type": [
      "schema:Organization",
      "foaf:Agent",
      "Agent"
    ],
    "foaf:homepage": [
      "http://www.verdontourisme.com/"
    ]
  },
  "hasBeenPublishedBy": [
    {
      "@id": "https://data.datatourisme.fr/8a9feb4b-2cbd-3d2c-b507-bd6c6776b23b",
      "schema:legalName": "Apidae Tourisme Scic SA - source : Apidae Tourisme",
      "@type": [
        "schema:Organization",
        "foaf:Agent",
        "Agent"
      ],
      "foaf:homepage": [
        "https://www.apidae-tourisme.com/"
      ]
    }
  ],
  "hasContact": [
    {
      "@id": "https://data.datatourisme.fr/b41c4581-6b30-32d7-ab5d-ef77d97dbb97",
      "schema:email": [
        "montagne.riviere@gmail.com"
      ],
      "schema:telephone": [
        "+33 4 92 83 67 24",
        "+33 6 58 43 01 47",
        "+33 6 68 81 99 68"
      ],
      "@type": [
        "foaf:Agent",
        "Agent"
      ],
      "foaf:homepage": [
        "https://rafting-castellane.com/"
      ]
    }
  ],
  "hasDescription": [
    {
      "@id": "https://data.datatourisme.fr/2e4d6d0a-484a-34d2-a8c5-6ebb1fbf551e",
      "@type": [
        "Description"
      ],
      "hasTranslatedProperty": [
        {
          "@id": "https://data.datatourisme.fr/2d9eb64d-284f-310f-ab97-f2ee001b89bf",
          "dc:contributor": [
            "https://api.deepl.com/v2/translate"
          ],
          "rdf:language": [
            "nl"
          ],
          "rdf:predicate": [
            "shortDescription"
          ]
        },
        {
          "@id": "https://data.datatourisme.fr/9556c242-6046-3c0c-9df4-bc3c66e008e8",
          "dc:contributor": [
            "https://api.deepl.com/v2/translate"
          ],
          "rdf:language": [
            "es"
          ],
          "rdf:predicate": [
            "shortDescription"
          ]
        },
        {
          "@id": "https://data.datatourisme.fr/f03df703-3ba8-3282-a976-16d074548fda",
          "dc:contributor": [
            "https://api.deepl.com/v2/translate"
          ],
          "rdf:language": [
            "de"
          ],
          "rdf:predicate": [
            "shortDescription"
          ]
        }
      ],
      "shortDescription": {
        "de": [
          "Unsere kleine Wildwasser- und Bergsportbasis, die seit 29 Jahren in Castellane besteht, ist der ideale Ort, um beim Rafting, Hydrospeed, Kanu-Rafting, Kajakfahren, Canyoning und Aqua-Wandern eine tolle Zeit zu verbringen."
        ],
        "en": [
          "With 29 years of experience in Castellane, our small whitewater and mountain sports base is the ideal place to enjoy rafting, hydrospeed, canoe-raft, kayak, canyoning and aqua-rando."
        ],
        "it": [
          "Con 29 anni di esperienza a Castellane, la nostra piccola base di sport d'acqua bianca e di montagna è il luogo ideale per praticare rafting, hydrospeed, canoa-raft, kayak, canyoning e aqua-trekking."
        ],
        "fr": [
          "Présente depuis 29 ans sur Castellane, notre petite base de sport d’eau vive et de montagne est l’endroit idéal pour passer d’excellents moments en rafting, hydrospeed, canoë-raft, kayak, canyoning, aqua-rando."
        ],
        "es": [
          "Presente desde hace 29 años en Castellane, nuestra pequeña base de deportes de aguas bravas y de montaña es el lugar ideal para pasar excelentes momentos en rafting, hidrospeed, canoa-raft, kayak, barranquismo, aqua-rando."
        ],
        "nl": [
          "Al 29 jaar aanwezig in Castellane, is onze kleine wildwater- en bergsportbasis de ideale plaats om uitstekende momenten door te brengen in rafting, hydrospeed, kano, kajak, canyoning, aqua-rando."
        ]
      }
    }
  ],
  "hasTheme": [
    {
      "@id": "kb:CanoeingKayaking",
      "@type": [
        "SportsTheme"
      ],
      "rdfs:label": {
        "de": [
          "Kanu-Kajakfahren"
        ],
        "pt": [
          "Canoa caiaque"
        ],
        "en": [
          "Canoeing-kayaking"
        ],
        "it": [
          "Canoismo"
        ],
        "fr": [
          "Canoé kayak"
        ],
        "es": [
          "Piraguas y kayak"
        ],
        "nl": [
          "Kano/kajak"
        ]
      }
    },
    {
      "@id": "kb:Canyoning",
      "@type": [
        "SportsTheme"
      ],
      "rdfs:label": {
        "de": [
          "Canyoning"
        ],
        "pt": [
          "Canoagem"
        ],
        "en": [
          "Canyoning"
        ],
        "it": [
          "Canyoning"
        ],
        "fr": [
          "Canyoning"
        ],
        "es": [
          "Piragüismo"
        ],
        "nl": [
          "Canyoning"
        ]
      }
    },
    {
      "@id": "kb:Hydrospeed",
      "@type": [
        "SportsTheme"
      ],
      "rdfs:label": {
        "de": [
          "Hydrospeed"
        ],
        "pt": [
          "Hydrospeed"
        ],
        "en": [
          "Hydrospeed"
        ],
        "it": [
          "Hydrospeed"
        ],
        "fr": [
          "Hydrospeed"
        ],
        "nl": [
          "Hydrospeed"
        ],
        "es": [
          "Hydrospeed"
        ]
      }
    },
    {
      "@id": "kb:Rafting",
      "@type": [
        "SportsTheme"
      ],
      "rdfs:label": {
        "de": [
          "Rafting"
        ],
        "pt": [
          "Rafting"
        ],
        "en": [
          "Rafting"
        ],
        "it": [
          "Rafting"
        ],
        "fr": [
          "Rafting"
        ],
        "es": [
          "Rafting"
        ],
        "nl": [
          "Raften"
        ]
      }
    },
    {
      "@id": "kb:StandupPaddleboarding",
      "@type": [
        "SportsTheme"
      ],
      "rdfs:label": {
        "de": [
          "Stand-up Paddle (SUP)"
        ],
        "pt": [
          "Paddle de pé (SUP)"
        ],
        "en": [
          "Standup paddleboarding"
        ],
        "it": [
          "Stand up paddle (SUP)"
        ],
        "fr": [
          "Stand up paddle sup"
        ],
        "es": [
          "Tabla de pádel surf"
        ],
        "nl": [
          "Suppen"
        ]
      }
    }
  ],
  "hasTranslatedProperty": [
    {
      "@id": "https://data.datatourisme.fr/a93cdd3b-2ffa-3e83-a3b4-5adb77f7a998",
      "dc:contributor": [
        "https://api.deepl.com/v2/translate"
      ],
      "rdf:language": [
        "es"
      ],
      "rdf:predicate": [
        {
          "@id": "rdfs:comment"
        }
      ]
    },
    {
      "@id": "https://data.datatourisme.fr/d2e2b062-f298-33ce-9580-cf39a319de1a",
      "dc:contributor": [
        "https://api.deepl.com/v2/translate"
      ],
      "rdf:language": [
        "de"
      ],
      "rdf:predicate": [
        {
          "@id": "rdfs:comment"
        }
      ]
    },
    {
      "@id": "https://data.datatourisme.fr/e3586984-9f31-38d7-aa50-35d95fc081d0",
      "dc:contributor": [
        "https://api.deepl.com/v2/translate"
      ],
      "rdf:language": [
        "nl"
      ],
      "rdf:predicate": [
        {
          "@id": "rdfs:comment"
        }
      ]
    }
  ],
  "isLocatedAt": [
    {
      "@id": "https://data.datatourisme.fr/284e8043-258a-366f-b8c5-53b315655b05",
      "schema:address": [
        {
          "@id": "https://data.datatourisme.fr/b1c8d844-9c29-3514-a163-da3b9edd0e47",
          "schema:addressLocality": "Castellane",
          "schema:postalCode": "04120",
          "schema:streetAddress": [
            "42 rue Nationale"
          ],
          "@type": [
            "schema:PostalAddress",
            "PostalAddress"
          ],
          "hasAddressCity": {
            "@id": "kb:04039",
            "@type": [
              "City"
            ],
            "rdfs:label": {
              "de": [
                "Castellane"
              ],
              "pt": [
                "Castellane"
              ],
              "en": [
                "Castellane"
              ],
              "it": [
                "Castellane"
              ],
              "fr": [
                "Castellane"
              ],
              "nl": [
                "Castellane"
              ],
              "es": [
                "Castellane"
              ]
            },
            "insee": "04039",
            "isPartOfDepartment": {
              "@id": "kb:France9304",
              "@type": [
                "Department"
              ],
              "rdfs:label": {
                "de": [
                  "Alpes-de-Haute-Provence"
                ],
                "pt": [
                  "Alpes-de-Haute-Provence"
                ],
                "en": [
                  "Alpes-de-Haute-Provence"
                ],
                "it": [
                  "Alpes-de-Haute-Provence"
                ],
                "fr": [
                  "Alpes-de-Haute-Provence"
                ],
                "nl": [
                  "Alpes-de-Haute-Provence"
                ],
                "es": [
                  "Alpes-de-Haute-Provence"
                ]
              },
              "insee": "04",
              "isPartOfRegion": {
                "@id": "kb:France93",
                "@type": [
                  "Region"
                ],
                "rdfs:label": {
                  "de": [
                    "Provence-Alpes-Côte d'Azur"
                  ],
                  "pt": [
                    "Provence-Alpes-Côte d'Azur"
                  ],
                  "en": [
                    "Provence-Alpes-Côte d'Azur"
                  ],
                  "it": [
                    "Provence-Alpes-Côte d'Azur"
                  ],
                  "fr": [
                    "Provence-Alpes-Côte d'Azur"
                  ],
                  "nl": [
                    "Provence-Alpes-Côte d'Azur"
                  ],
                  "es": [
                    "Provence-Alpes-Côte d'Azur"
                  ]
                },
                "insee": "93",
                "isPartOfCountry": {
                  "@id": "kb:France",
                  "@type": [
                    "schema:Country"
                  ],
                  "rdfs:label": {
                    "de": [
                      "France",
                      "Frankreich"
                    ],
                    "pt": [
                      "França",
                      "France"
                    ],
                    "en": [
                      "France"
                    ],
                    "it": [
                      "France",
                      "Francia"
                    ],
                    "fr": [
                      "France"
                    ],
                    "nl": [
                      "France",
                      "Frankrijk"
                    ],
                    "es": [
                      "France",
                      "Francia"
                    ]
                  }
                }
              }
            }
          }
        }
      ],
      "schema:geo": {
        "@id": "https://data.datatourisme.fr/11461a4f-a569-36cd-8ff4-2820210267b0",
        "schema:elevation": "720",
        "schema:latitude": "43.846763",
        "schema:longitude": "6.512392",
        "@type": [
          "schema:GeoCoordinates"
        ]
      },
      "schema:openingHoursSpecification": [
        {
          "@id": "https://data.datatourisme.fr/ac1b1610-628a-355c-b97d-8d3479da6b15",
          "schema:validFrom": "2023-04-01T00:00:00",
          "schema:validThrough": "2023-09-30T23:59:59",
          "@type": [
            "schema:OpeningHoursSpecification"
          ]
        }
      ],
      "@type": [
        "schema:Place",
        "Place"
      ]
    }
  ],
  "isOwnedBy": [
    {
      "@id": "https://data.datatourisme.fr/c6661c85-b942-3c29-9a66-318fca3b47d3",
      "schema:email": [
        "audrey.blache@verdontourisme.com",
        "direction@verdontourisme.com",
        "marie.tapiau@verdontourisme.com",
        "pascale.barneaud@verdontourisme.com",
        "webmaster@verdontourisme.com"
      ],
      "schema:legalName": "Verdon Tourisme",
      "@type": [
        "schema:Organization",
        "foaf:Agent",
        "Agent"
      ],
      "foaf:homepage": [
        "http://www.verdontourisme.com/"
      ]
    }
  ],
  "lastUpdate": "2023-06-02",
  "lastUpdateDatatourisme": "2023-06-03T05:42:26.035Z"
}