{
  "@id": "https://data.datatourisme.fr/13/00dd42eb-dcdd-30cb-b8d3-e2e8c1edfe62",
  "dc:identifier": "794904",
  "@type": [
    "schema:Park",
    "CulturalSite",
    "ParkAndGarden",
    "PlaceOfInterest",
    "PointOfInterest"
  ],
  "rdfs:comment": {
    "de": [
      "In Aulnay-sous-Bois entdecken Sie den Parc Robert Ballanger mit seinen Spielplätzen, dem Tierpark und dem Sportparcours."
    ],
    "en": [
      "In Aulnay-sous-Bois, discover the Robert Ballanger park, its playgrounds, its wildlife area and its sports trail."
    ],
    "it": [
      "Ad Aulnay-sous-Bois, scoprite il parco Robert Ballanger, i suoi parchi giochi, il suo parco animali e il suo campo sportivo."
    ],
    "fr": [
      "À Aulnay-sous-Bois découvrez le parc Robert Ballanger, ses aires de jeux, son espace animalier et son parcours sportif."
    ],
    "nl": [
      "Ontdek in Aulnay-sous-Bois het park Robert Ballanger, de speeltuinen, het dierenpark en het sportparcours."
    ],
    "es": [
      "En Aulnay-sous-Bois, descubra el parque Robert Ballanger, sus zonas de juego, su parque de animales y su campo de deportes."
    ]
  },
  "rdfs:label": {
    "fr": [
      "Parc Robert Ballanger"
    ]
  },
  "hasBeenCreatedBy": {
    "@id": "https://data.datatourisme.fr/13/03e0704b-5690-32de-a186-1dc3ad3316c9",
    "dc:identifier": "1019",
    "schema:email": [
      "bgeigle@visitparisregion.com",
      "hcaldo@visitparisregion.com",
      "mtanaskovic@visitparisregion.com"
    ],
    "schema:legalName": "Choose Paris Region",
    "@type": [
      "schema:Organization",
      "foaf:Agent",
      "Agent"
    ],
    "foaf:homepage": [
      "http://www.visitparisregion.com/"
    ]
  },
  "hasBeenPublishedBy": [
    {
      "@id": "https://data.datatourisme.fr/8a9feb4b-2cbd-3d2c-b507-bd6c6776b23b",
      "schema:legalName": "Apidae Tourisme Scic SA - source : Apidae Tourisme",
      "@type": [
        "schema:Organization",
        "foaf:Agent",
        "Agent"
      ],
      "foaf:homepage": [
        "https://www.apidae-tourisme.com/"
      ]
    }
  ],
  "hasContact": [
    {
      "@id": "https://data.datatourisme.fr/e9b6fa0c-7a81-33f8-82a0-acd6b64c69a9",
      "schema:telephone": [
        "+33 1 48 79 63 63"
      ],
      "@type": [
        "foaf:Agent",
        "Agent"
      ],
      "foaf:homepage": [
        "http://www.aulnay-sous-bois.fr/accueil/"
      ]
    }
  ],
  "hasDescription": [
    {
      "@id": "https://data.datatourisme.fr/bd5ec16f-05b7-3593-9e7d-3da3e5e29df9",
      "@type": [
        "Description"
      ],
      "hasTranslatedProperty": [
        {
          "@id": "https://data.datatourisme.fr/09a19e34-aa97-34ca-9abb-551add48a6d8",
          "dc:contributor": [
            "https://api.deepl.com/v2/translate"
          ],
          "rdf:language": [
            "nl"
          ],
          "rdf:predicate": [
            "shortDescription"
          ]
        },
        {
          "@id": "https://data.datatourisme.fr/47e788d7-e94f-3a54-9190-4beb4226174e",
          "dc:contributor": [
            "https://api.deepl.com/v2/translate"
          ],
          "rdf:language": [
            "de"
          ],
          "rdf:predicate": [
            "shortDescription"
          ]
        },
        {
          "@id": "https://data.datatourisme.fr/866695ce-f959-3134-bdfe-d006aa9aa585",
          "dc:contributor": [
            "https://api.deepl.com/v2/translate"
          ],
          "rdf:language": [
            "es"
          ],
          "rdf:predicate": [
            "shortDescription"
          ]
        },
        {
          "@id": "https://data.datatourisme.fr/b0a2f218-4bfd-35ba-9eb2-9b0713fcf4f9",
          "dc:contributor": [
            "https://api.deepl.com/v2/translate"
          ],
          "rdf:language": [
            "it"
          ],
          "rdf:predicate": [
            "shortDescription"
          ]
        },
        {
          "@id": "https://data.datatourisme.fr/b9340693-5e37-3b34-8f37-e397b80aa416",
          "dc:contributor": [
            "https://api.deepl.com/v2/translate"
          ],
          "rdf:language": [
            "en"
          ],
          "rdf:predicate": [
            "shortDescription"
          ]
        }
      ],
      "shortDescription": {
        "de": [
          "In Aulnay-sous-Bois entdecken Sie den Parc Robert Ballanger mit seinen Spielplätzen, dem Tierpark und dem Sportparcours."
        ],
        "en": [
          "In Aulnay-sous-Bois, discover the Robert Ballanger park, its playgrounds, its wildlife area and its sports trail."
        ],
        "it": [
          "Ad Aulnay-sous-Bois, scoprite il parco Robert Ballanger, i suoi parchi giochi, il suo parco animali e il suo campo sportivo."
        ],
        "fr": [
          "À Aulnay-sous-Bois découvrez le parc Robert Ballanger, ses aires de jeux, son espace animalier et son parcours sportif."
        ],
        "nl": [
          "Ontdek in Aulnay-sous-Bois het park Robert Ballanger, de speeltuinen, het dierenpark en het sportparcours."
        ],
        "es": [
          "En Aulnay-sous-Bois, descubra el parque Robert Ballanger, sus zonas de juego, su parque de animales y su campo de deportes."
        ]
      }
    }
  ],
  "hasTheme": [
    {
      "@id": "kb:Culture",
      "@type": [
        "CulturalTheme"
      ],
      "rdfs:label": {
        "de": [
          "Kultur"
        ],
        "pt": [
          "Cultura"
        ],
        "en": [
          "Culture"
        ],
        "it": [
          "Cultura"
        ],
        "fr": [
          "Culture"
        ],
        "nl": [
          "Cultuur"
        ],
        "es": [
          "Cultura"
        ]
      }
    }
  ],
  "hasTranslatedProperty": [
    {
      "@id": "https://data.datatourisme.fr/253fa0a4-6842-3980-88dd-f9ef581d00ee",
      "dc:contributor": [
        "https://api.deepl.com/v2/translate"
      ],
      "rdf:language": [
        "it"
      ],
      "rdf:predicate": [
        {
          "@id": "rdfs:comment"
        }
      ]
    },
    {
      "@id": "https://data.datatourisme.fr/5b52d443-1286-3c05-b79a-02bb42b8d492",
      "dc:contributor": [
        "https://api.deepl.com/v2/translate"
      ],
      "rdf:language": [
        "nl"
      ],
      "rdf:predicate": [
        {
          "@id": "rdfs:comment"
        }
      ]
    },
    {
      "@id": "https://data.datatourisme.fr/8ab31641-6402-36ab-a6ab-d9648e42c439",
      "dc:contributor": [
        "https://api.deepl.com/v2/translate"
      ],
      "rdf:language": [
        "de"
      ],
      "rdf:predicate": [
        {
          "@id": "rdfs:comment"
        }
      ]
    },
    {
      "@id": "https://data.datatourisme.fr/b71c622b-c83b-3346-937e-8eecff9d7946",
      "dc:contributor": [
        "https://api.deepl.com/v2/translate"
      ],
      "rdf:language": [
        "en"
      ],
      "rdf:predicate": [
        {
          "@id": "rdfs:comment"
        }
      ]
    },
    {
      "@id": "https://data.datatourisme.fr/bc8031cc-fe85-3f76-b452-f1b3e02a373f",
      "dc:contributor": [
        "https://api.deepl.com/v2/translate"
      ],
      "rdf:language": [
        "es"
      ],
      "rdf:predicate": [
        {
          "@id": "rdfs:comment"
        }
      ]
    }
  ],
  "isLocatedAt": [
    {
      "@id": "https://data.datatourisme.fr/e51acd88-b4ef-3c26-a3d4-480710a04383",
      "schema:address": [
        {
          "@id": "https://data.datatourisme.fr/3e5c5fce-c5ea-3c0d-ae98-79106c3533f4",
          "schema:addressLocality": "Aulnay-sous-Bois",
          "schema:postalCode": "93600",
          "schema:streetAddress": [
            "rue Michel-Ange"
          ],
          "@type": [
            "schema:PostalAddress",
            "PostalAddress"
          ],
          "hasAddressCity": {
            "@id": "kb:93005",
            "@type": [
              "City"
            ],
            "rdfs:label": {
              "de": [
                "Aulnay-sous-Bois"
              ],
              "pt": [
                "Aulnay-sous-Bois"
              ],
              "en": [
                "Aulnay-sous-Bois"
              ],
              "it": [
                "Aulnay-sous-Bois"
              ],
              "fr": [
                "Aulnay-sous-Bois"
              ],
              "nl": [
                "Aulnay-sous-Bois"
              ],
              "es": [
                "Aulnay-sous-Bois"
              ]
            },
            "insee": "93005",
            "isPartOfDepartment": {
              "@id": "kb:France1193",
              "@type": [
                "Department"
              ],
              "rdfs:label": {
                "de": [
                  "Seine-Saint-Denis"
                ],
                "pt": [
                  "Seine-Saint-Denis"
                ],
                "en": [
                  "Seine-Saint-Denis"
                ],
                "it": [
                  "Seine-Saint-Denis"
                ],
                "fr": [
                  "Seine-Saint-Denis"
                ],
                "nl": [
                  "Seine-Saint-Denis"
                ],
                "es": [
                  "Seine-Saint-Denis"
                ]
              },
              "insee": "93",
              "isPartOfRegion": {
                "@id": "kb:France11",
                "@type": [
                  "Region"
                ],
                "rdfs:label": {
                  "de": [
                    "Île-de-France"
                  ],
                  "pt": [
                    "Île-de-France"
                  ],
                  "en": [
                    "Île-de-France"
                  ],
                  "it": [
                    "Île-de-France"
                  ],
                  "fr": [
                    "Île-de-France"
                  ],
                  "nl": [
                    "Île-de-France"
                  ],
                  "es": [
                    "Île-de-France"
                  ]
                },
                "insee": "11",
                "isPartOfCountry": {
                  "@id": "kb:France",
                  "@type": [
                    "schema:Country"
                  ],
                  "rdfs:label": {
                    "de": [
                      "France",
                      "Frankreich"
                    ],
                    "pt": [
                      "França",
                      "France"
                    ],
                    "en": [
                      "France"
                    ],
                    "it": [
                      "France",
                      "Francia"
                    ],
                    "fr": [
                      "France"
                    ],
                    "nl": [
                      "France",
                      "Frankrijk"
                    ],
                    "es": [
                      "France",
                      "Francia"
                    ]
                  }
                }
              }
            }
          }
        }
      ],
      "schema:geo": {
        "@id": "https://data.datatourisme.fr/424860c3-3188-3e4b-923c-402404402ee5",
        "schema:latitude": "48.9559",
        "schema:longitude": "2.488476",
        "@type": [
          "schema:GeoCoordinates"
        ]
      },
      "schema:openingHoursSpecification": [
        {
          "@id": "https://data.datatourisme.fr/f87e535a-636d-3343-ad63-8a03392e7511",
          "schema:validFrom": "2023-01-01T00:00:00",
          "schema:validThrough": "2023-12-31T23:59:59",
          "@type": [
            "schema:OpeningHoursSpecification"
          ]
        }
      ],
      "@type": [
        "schema:Place",
        "Place"
      ]
    }
  ],
  "isOwnedBy": [
    {
      "@id": "https://data.datatourisme.fr/26ecd6f0-563c-356a-b0f9-ad3ec17effc4",
      "schema:email": [
        "bgeigle@visitparisregion.com",
        "hcaldo@visitparisregion.com",
        "mtanaskovic@visitparisregion.com"
      ],
      "schema:legalName": "Comité Régional du Tourisme Paris Ile de France",
      "@type": [
        "schema:Organization",
        "foaf:Agent",
        "Agent"
      ],
      "foaf:homepage": [
        "http://www.visitparisregion.com/"
      ]
    }
  ],
  "lastUpdate": "2019-05-29",
  "lastUpdateDatatourisme": "2023-02-22T06:42:37.669Z"
}