{
  "@id": "https://data.datatourisme.fr/13/003d6db8-c846-35fa-b9f8-540177fd3a56",
  "dc:identifier": "512991",
  "@type": [
    "schema:Library",
    "CulturalSite",
    "Library",
    "PlaceOfInterest",
    "PointOfInterest",
    "SportsAndLeisurePlace"
  ],
  "rdfs:comment": {
    "de": [
      "Ausleihe von Büchern, Zeitschriften, CDs, DVDs. Internetzugang und Ausdrucke.\r\nDie Mediathek ist für die Einwohner aller umliegenden Dörfer zugänglich."
    ],
    "en": [
      "Loan of books, magazines, CDs and DVDs. Internet access and printing facilities.\r\nThe multimedia library is open to residents of all the local villages."
    ],
    "it": [
      "Prestito di libri, riviste, CD e DVD. Accesso a Internet e stampa.\r\nLa mediateca è accessibile agli abitanti di tutti i villaggi circostanti."
    ],
    "fr": [
      "Prêt de livres, magazines, CD, DVD. Accès internet et impressions.\r\nLa médiathèque est accessible aux habitants de tous les villages alentours."
    ],
    "nl": [
      "Uitlenen van boeken, tijdschriften, cd's, dvd's. Internettoegang en printen.\r\nDe mediatheek is toegankelijk voor de inwoners van alle omliggende dorpen."
    ],
    "es": [
      "Préstamo de libros, revistas, CDs, DVDs. Acceso a Internet e impresión.\r\nLa mediateca es accesible a los habitantes de todos los pueblos de los alrededores."
    ]
  },
  "rdfs:label": {
    "de": [
      "Centre Culturel Condorcet"
    ],
    "en": [
      "Multimedia Library"
    ],
    "it": [
      "Centre Culturel Condorcet"
    ],
    "fr": [
      "Médiathèque"
    ],
    "nl": [
      "Centre Culturel Condorcet"
    ],
    "es": [
      "Centre Culturel Condorcet"
    ]
  },
  "hasBeenCreatedBy": {
    "@id": "https://data.datatourisme.fr/13/db8e1af0-cb3a-3a1a-a2d0-018624204529",
    "dc:identifier": "276",
    "schema:email": [
      "christele.prat-maurin@balconsdudauphine.fr",
      "claire.trillat@balconsdudauphine.fr",
      "severine.poete@balconsdudauphine.fr"
    ],
    "schema:legalName": "Office du Tourisme Les Balcons du Dauphiné",
    "@type": [
      "schema:Organization",
      "foaf:Agent",
      "Agent"
    ],
    "foaf:homepage": [
      "https://www.balconsdudauphine-tourisme.com/"
    ]
  },
  "hasBeenPublishedBy": [
    {
      "@id": "https://data.datatourisme.fr/8a9feb4b-2cbd-3d2c-b507-bd6c6776b23b",
      "schema:legalName": "Apidae Tourisme Scic SA - source : Apidae Tourisme",
      "@type": [
        "schema:Organization",
        "foaf:Agent",
        "Agent"
      ],
      "foaf:homepage": [
        "https://www.apidae-tourisme.com/"
      ]
    }
  ],
  "hasContact": [
    {
      "@id": "https://data.datatourisme.fr/c45d25bc-a984-3521-ac5c-6ff7fab6c99d",
      "schema:email": [
        "mediathequevezeronce@wanadoo.fr"
      ],
      "schema:telephone": [
        "+33 4 74 80 42 53"
      ],
      "@type": [
        "foaf:Agent",
        "Agent"
      ],
      "foaf:homepage": [
        "http://plaisirdelirecouleurs.blogspot.fr/"
      ]
    }
  ],
  "hasDescription": [
    {
      "@id": "https://data.datatourisme.fr/cf0835fb-4732-3c75-aa60-a84f9020ce15",
      "@type": [
        "Description"
      ],
      "hasTranslatedProperty": [
        {
          "@id": "https://data.datatourisme.fr/0a95aa12-b52c-3e74-8df1-6d1d6b1355bc",
          "dc:contributor": [
            "https://api.deepl.com/v2/translate"
          ],
          "rdf:language": [
            "es"
          ],
          "rdf:predicate": [
            "shortDescription"
          ]
        },
        {
          "@id": "https://data.datatourisme.fr/86b03715-9d03-3db7-adc6-1a15af71b5a0",
          "dc:contributor": [
            "https://api.deepl.com/v2/translate"
          ],
          "rdf:language": [
            "it"
          ],
          "rdf:predicate": [
            "shortDescription"
          ]
        },
        {
          "@id": "https://data.datatourisme.fr/ddeb03bb-0ff4-3762-9fb0-4744b24d697f",
          "dc:contributor": [
            "https://api.deepl.com/v2/translate"
          ],
          "rdf:language": [
            "nl"
          ],
          "rdf:predicate": [
            "shortDescription"
          ]
        },
        {
          "@id": "https://data.datatourisme.fr/f5093503-503f-31c4-ab50-fe9fb92b9d0a",
          "dc:contributor": [
            "https://api.deepl.com/v2/translate"
          ],
          "rdf:language": [
            "de"
          ],
          "rdf:predicate": [
            "shortDescription"
          ]
        }
      ],
      "shortDescription": {
        "de": [
          "Ausleihe von Büchern, Zeitschriften, CDs, DVDs. Internetzugang und Ausdrucke.\r\nDie Mediathek ist für die Einwohner aller umliegenden Dörfer zugänglich."
        ],
        "en": [
          "Loan of books, magazines, CDs and DVDs. Internet access and printing facilities.\r\nThe multimedia library is open to residents of all the local villages."
        ],
        "it": [
          "Prestito di libri, riviste, CD e DVD. Accesso a Internet e stampa.\r\nLa mediateca è accessibile agli abitanti di tutti i villaggi circostanti."
        ],
        "fr": [
          "Prêt de livres, magazines, CD, DVD. Accès internet et impressions.\r\nLa médiathèque est accessible aux habitants de tous les villages alentours."
        ],
        "nl": [
          "Uitlenen van boeken, tijdschriften, cd's, dvd's. Internettoegang en printen.\r\nDe mediatheek is toegankelijk voor de inwoners van alle omliggende dorpen."
        ],
        "es": [
          "Préstamo de libros, revistas, CDs, DVDs. Acceso a Internet e impresión.\r\nLa mediateca es accesible a los habitantes de todos los pueblos de los alrededores."
        ]
      }
    }
  ],
  "hasTranslatedProperty": [
    {
      "@id": "https://data.datatourisme.fr/34a89118-c478-3f7d-a733-1abec74803e9",
      "dc:contributor": [
        "https://api.deepl.com/v2/translate"
      ],
      "rdf:language": [
        "nl"
      ],
      "rdf:predicate": [
        {
          "@id": "rdfs:comment"
        }
      ]
    },
    {
      "@id": "https://data.datatourisme.fr/64c7f72f-e40d-366a-9bd6-821f2eb17f66",
      "dc:contributor": [
        "https://api.deepl.com/v2/translate"
      ],
      "rdf:language": [
        "es"
      ],
      "rdf:predicate": [
        {
          "@id": "rdfs:comment"
        }
      ]
    },
    {
      "@id": "https://data.datatourisme.fr/6d111325-5015-3b08-a836-29d4c99fbf0a",
      "dc:contributor": [
        "https://api.deepl.com/v2/translate"
      ],
      "rdf:language": [
        "de"
      ],
      "rdf:predicate": [
        {
          "@id": "rdfs:comment"
        }
      ]
    },
    {
      "@id": "https://data.datatourisme.fr/c77c55e8-2c65-38c8-a2a3-177dbd9b6852",
      "dc:contributor": [
        "https://api.deepl.com/v2/translate"
      ],
      "rdf:language": [
        "it"
      ],
      "rdf:predicate": [
        {
          "@id": "rdfs:comment"
        }
      ]
    }
  ],
  "isLocatedAt": [
    {
      "@id": "https://data.datatourisme.fr/7b1f8781-059c-34d5-b1c6-cae77a5dd7a7",
      "schema:address": [
        {
          "@id": "https://data.datatourisme.fr/45fc078d-cd80-34a5-bb8a-722f23f63237",
          "schema:addressLocality": "Vézeronce-Curtin",
          "schema:postalCode": "38510",
          "schema:streetAddress": [
            "364 rue des Diamantaires",
            "Centre Culturel Condorcet"
          ],
          "@type": [
            "schema:PostalAddress",
            "PostalAddress"
          ],
          "hasAddressCity": {
            "@id": "kb:38543",
            "@type": [
              "City"
            ],
            "rdfs:label": {
              "de": [
                "Vézeronce-Curtin"
              ],
              "pt": [
                "Vézeronce-Curtin"
              ],
              "en": [
                "Vézeronce-Curtin"
              ],
              "it": [
                "Vézeronce-Curtin"
              ],
              "fr": [
                "Vézeronce-Curtin"
              ],
              "nl": [
                "Vézeronce-Curtin"
              ],
              "es": [
                "Vézeronce-Curtin"
              ]
            },
            "insee": "38543",
            "isPartOfDepartment": {
              "@id": "kb:France8438",
              "@type": [
                "Department"
              ],
              "rdfs:label": {
                "de": [
                  "Isère"
                ],
                "pt": [
                  "Isère"
                ],
                "en": [
                  "Isère"
                ],
                "it": [
                  "Isère"
                ],
                "fr": [
                  "Isère"
                ],
                "nl": [
                  "Isère"
                ],
                "es": [
                  "Isère"
                ]
              },
              "insee": "38",
              "isPartOfRegion": {
                "@id": "kb:France84",
                "@type": [
                  "Region"
                ],
                "rdfs:label": {
                  "de": [
                    "Auvergne-Rhône-Alpes"
                  ],
                  "pt": [
                    "Auvergne-Rhône-Alpes"
                  ],
                  "en": [
                    "Auvergne-Rhône-Alpes"
                  ],
                  "it": [
                    "Auvergne-Rhône-Alpes"
                  ],
                  "fr": [
                    "Auvergne-Rhône-Alpes"
                  ],
                  "nl": [
                    "Auvergne-Rhône-Alpes"
                  ],
                  "es": [
                    "Auvergne-Rhône-Alpes"
                  ]
                },
                "insee": "84",
                "isPartOfCountry": {
                  "@id": "kb:France",
                  "@type": [
                    "schema:Country"
                  ],
                  "rdfs:label": {
                    "de": [
                      "France",
                      "Frankreich"
                    ],
                    "pt": [
                      "França",
                      "France"
                    ],
                    "en": [
                      "France"
                    ],
                    "it": [
                      "France",
                      "Francia"
                    ],
                    "fr": [
                      "France"
                    ],
                    "nl": [
                      "France",
                      "Frankrijk"
                    ],
                    "es": [
                      "France",
                      "Francia"
                    ]
                  }
                }
              }
            }
          }
        }
      ],
      "schema:geo": {
        "@id": "https://data.datatourisme.fr/beb5f6e4-5306-3f1f-81e4-584dc423f23d",
        "schema:latitude": "45.650868",
        "schema:longitude": "5.471497",
        "@type": [
          "schema:GeoCoordinates"
        ]
      },
      "schema:openingHoursSpecification": [
        {
          "@id": "https://data.datatourisme.fr/6e52f01a-6684-3819-9d0d-57ed681ff7f0",
          "schema:validFrom": "2023-01-01T00:00:00",
          "schema:validThrough": "2023-12-31T23:59:59",
          "@type": [
            "schema:OpeningHoursSpecification"
          ],
          "additionalInformation": {
            "de": [
              "Öffnungszeiten Schulferien :\r\nMittwoch: 10h-12h und 15h-18h30\r\nSamstag: 10h-12h und 14h-16h"
            ],
            "en": [
              "Opening hours School vacations :\r\nWednesday: 10am-12pm and 3pm-6:30pm\r\nSaturday : 10am-12pm and 2pm-4pm"
            ],
            "it": [
              "Orari di apertura Vacanze scolastiche :\r\nMercoledì: 10.00-12.00 e 15.00-18.30\r\nSabato: 10.00-12.00 e 14.00-16.00"
            ],
            "fr": [
              "Horaires Vacances scolaires :\r\nMercredi : 10h-12h et 15h-18h30\r\nSamedi : 10h-12h et 14h-16h"
            ],
            "nl": [
              "Openingstijden Schoolvakanties :\r\nWoensdag: 10u-12u en 15u-18u30\r\nZaterdag: 10u-12u en 14u-4u"
            ],
            "es": [
              "Horario de apertura Vacaciones escolares :\r\nMiércoles: 10:00-12:00 y 15:00-18:30\r\nSábado: de 10:00 a 12:00 y de 14:00 a 16:00"
            ]
          },
          "hasTranslatedProperty": [
            {
              "@id": "https://data.datatourisme.fr/0a2ff431-82ae-30c2-a352-e05b1d2935e6",
              "dc:contributor": [
                "https://api.deepl.com/v2/translate"
              ],
              "rdf:language": [
                "it"
              ],
              "rdf:predicate": [
                "additionalInformation"
              ]
            },
            {
              "@id": "https://data.datatourisme.fr/4945419f-3227-32ed-8ca7-f260e02f3c8e",
              "dc:contributor": [
                "https://api.deepl.com/v2/translate"
              ],
              "rdf:language": [
                "en"
              ],
              "rdf:predicate": [
                "additionalInformation"
              ]
            },
            {
              "@id": "https://data.datatourisme.fr/54e6ba82-c065-3c31-aec8-ad8aa6f996fc",
              "dc:contributor": [
                "https://api.deepl.com/v2/translate"
              ],
              "rdf:language": [
                "de"
              ],
              "rdf:predicate": [
                "additionalInformation"
              ]
            },
            {
              "@id": "https://data.datatourisme.fr/553b2767-197f-3ae0-ba8e-e1c09bdb54f1",
              "dc:contributor": [
                "https://api.deepl.com/v2/translate"
              ],
              "rdf:language": [
                "nl"
              ],
              "rdf:predicate": [
                "additionalInformation"
              ]
            },
            {
              "@id": "https://data.datatourisme.fr/8d11fe79-a92c-3a66-842a-00fddb841247",
              "dc:contributor": [
                "https://api.deepl.com/v2/translate"
              ],
              "rdf:language": [
                "es"
              ],
              "rdf:predicate": [
                "additionalInformation"
              ]
            }
          ]
        }
      ],
      "@type": [
        "schema:Place",
        "Place"
      ]
    }
  ],
  "isOwnedBy": [
    {
      "@id": "https://data.datatourisme.fr/e78e9f36-d7f2-363a-bc50-9bea93c9c8b1",
      "schema:email": [
        "christele.prat-maurin@balconsdudauphine.fr",
        "claire.trillat@balconsdudauphine.fr",
        "severine.poete@balconsdudauphine.fr"
      ],
      "schema:legalName": "Office du Tourisme Les Balcons du Dauphiné",
      "@type": [
        "schema:Organization",
        "foaf:Agent",
        "Agent"
      ],
      "foaf:homepage": [
        "https://www.balconsdudauphine-tourisme.com/"
      ]
    }
  ],
  "lastUpdate": "2022-11-05",
  "lastUpdateDatatourisme": "2023-02-01T18:07:35.626Z"
}