{
  "@id": "https://data.datatourisme.fr/13/002ef8d2-a822-3954-aa20-2ee8b7c7c20b",
  "dc:identifier": "5010927",
  "@type": [
    "olo:OrderedList",
    "PlaceOfInterest",
    "PointOfInterest",
    "RoadTour",
    "SportsAndLeisurePlace",
    "Tour"
  ],
  "rdfs:comment": {
    "de": [
      "Autotour von 3 Stunden und 64 km rund um eines der schönsten Gletschertäler Europas"
    ],
    "en": [
      "3 hours car trip (64 km) around one of the most beautiful glacial valley of Europe"
    ],
    "it": [
      "Un viaggio di 3 ore e 64 km intorno a una delle più belle valli glaciali d'Europa."
    ],
    "fr": [
      "Circuit en voiture de 3h et 64 km autour d'une de plus belles vallées glaciaires en auge d'Europe."
    ],
    "es": [
      "Un trayecto de 3 horas y 64 km alrededor de uno de los valles de valles glaciares más bellos de Europa."
    ],
    "nl": [
      "Rondritten duurtijd 3u en 64 km"
    ]
  },
  "rdfs:label": {
    "de": [
      "Rundfahrt \" Rund um das Tal von Brezons\""
    ],
    "en": [
      "Scenic car tour \"Around the Valley of Brezons\""
    ],
    "fr": [
      "Circuit Autour de la Vallée de Brezons"
    ],
    "nl": [
      "Rondritten met de wagen \"Rondom de Vallei van Brezons\""
    ]
  },
  "hasBeenCreatedBy": {
    "@id": "https://data.datatourisme.fr/13/c913303f-392f-3c64-bf72-40b180602652",
    "dc:identifier": "1464",
    "schema:email": [
      "communication@pays-saint-flour.fr",
      "promotion@pays-saint-flour.fr"
    ],
    "schema:legalName": "Office de Tourisme des Pays de Saint-Flour",
    "@type": [
      "schema:Organization",
      "foaf:Agent",
      "Agent"
    ],
    "foaf:homepage": [
      "http://www.pays-saint-flour.fr/"
    ]
  },
  "hasBeenPublishedBy": [
    {
      "@id": "https://data.datatourisme.fr/8a9feb4b-2cbd-3d2c-b507-bd6c6776b23b",
      "schema:legalName": "Apidae Tourisme Scic SA - source : Apidae Tourisme",
      "@type": [
        "schema:Organization",
        "foaf:Agent",
        "Agent"
      ],
      "foaf:homepage": [
        "https://www.apidae-tourisme.com/"
      ]
    }
  ],
  "hasContact": [
    {
      "@id": "https://data.datatourisme.fr/54122326-7420-316f-8a76-b85fbbf5e662",
      "schema:email": [
        "pierrefort.info@pays-saint-flour.fr"
      ],
      "schema:telephone": [
        "+33 4 71 23 38 04"
      ],
      "@type": [
        "foaf:Agent",
        "Agent"
      ]
    }
  ],
  "hasDescription": [
    {
      "@id": "https://data.datatourisme.fr/8e1dfdcb-a33f-3152-8df1-1a1bf6850b0e",
      "@type": [
        "Description"
      ],
      "hasTranslatedProperty": [
        {
          "@id": "https://data.datatourisme.fr/3901cc2c-6491-38f2-8594-5a1aacf49c9d",
          "dc:contributor": [
            "https://api.deepl.com/v2/translate"
          ],
          "rdf:language": [
            "es"
          ],
          "rdf:predicate": [
            "shortDescription"
          ]
        },
        {
          "@id": "https://data.datatourisme.fr/93dd7813-9b2a-3208-bd5a-36f03274ece5",
          "dc:contributor": [
            "https://api.deepl.com/v2/translate"
          ],
          "rdf:language": [
            "it"
          ],
          "rdf:predicate": [
            "shortDescription"
          ]
        }
      ],
      "shortDescription": {
        "de": [
          "Autotour von 3 Stunden und 64 km rund um eines der schönsten Gletschertäler Europas"
        ],
        "en": [
          "3 hours car trip (64 km) around one of the most beautiful glacial valley of Europe"
        ],
        "it": [
          "Un viaggio di 3 ore e 64 km intorno a una delle più belle valli glaciali d'Europa."
        ],
        "fr": [
          "Circuit en voiture de 3h et 64 km autour d'une de plus belles vallées glaciaires en auge d'Europe."
        ],
        "es": [
          "Un trayecto de 3 horas y 64 km alrededor de uno de los valles de valles glaciares más bellos de Europa."
        ],
        "nl": [
          "Rondritten duurtijd 3u en 64 km"
        ]
      }
    }
  ],
  "hasTranslatedProperty": [
    {
      "@id": "https://data.datatourisme.fr/3110f21a-e9a5-3907-bdb5-fc9d23b213da",
      "dc:contributor": [
        "https://api.deepl.com/v2/translate"
      ],
      "rdf:language": [
        "es"
      ],
      "rdf:predicate": [
        {
          "@id": "rdfs:comment"
        }
      ]
    },
    {
      "@id": "https://data.datatourisme.fr/8ae347bf-c28c-3463-bf18-a72ef22c231f",
      "dc:contributor": [
        "https://api.deepl.com/v2/translate"
      ],
      "rdf:language": [
        "it"
      ],
      "rdf:predicate": [
        {
          "@id": "rdfs:comment"
        }
      ]
    }
  ],
  "isLocatedAt": [
    {
      "@id": "https://data.datatourisme.fr/5494e7eb-1e85-3f5c-8899-5260547bb36e",
      "schema:address": [
        {
          "@id": "https://data.datatourisme.fr/ae62a655-a796-3a76-b869-14bd5c7dfa74",
          "schema:addressLocality": "Pierrefort",
          "schema:postalCode": "15230",
          "schema:streetAddress": [
            "29, Avenue de Georges Pompidou"
          ],
          "@type": [
            "schema:PostalAddress",
            "PostalAddress"
          ],
          "hasAddressCity": {
            "@id": "kb:15152",
            "@type": [
              "City"
            ],
            "rdfs:label": {
              "de": [
                "Pierrefort"
              ],
              "pt": [
                "Pierrefort"
              ],
              "en": [
                "Pierrefort"
              ],
              "it": [
                "Pierrefort"
              ],
              "fr": [
                "Pierrefort"
              ],
              "nl": [
                "Pierrefort"
              ],
              "es": [
                "Pierrefort"
              ]
            },
            "insee": "15152",
            "isPartOfDepartment": {
              "@id": "kb:France8415",
              "@type": [
                "Department"
              ],
              "rdfs:label": {
                "de": [
                  "Cantal"
                ],
                "pt": [
                  "Cantal"
                ],
                "en": [
                  "Cantal"
                ],
                "it": [
                  "Cantal"
                ],
                "fr": [
                  "Cantal"
                ],
                "nl": [
                  "Cantal"
                ],
                "es": [
                  "Cantal"
                ]
              },
              "insee": "15",
              "isPartOfRegion": {
                "@id": "kb:France84",
                "@type": [
                  "Region"
                ],
                "rdfs:label": {
                  "de": [
                    "Auvergne-Rhône-Alpes"
                  ],
                  "pt": [
                    "Auvergne-Rhône-Alpes"
                  ],
                  "en": [
                    "Auvergne-Rhône-Alpes"
                  ],
                  "it": [
                    "Auvergne-Rhône-Alpes"
                  ],
                  "fr": [
                    "Auvergne-Rhône-Alpes"
                  ],
                  "nl": [
                    "Auvergne-Rhône-Alpes"
                  ],
                  "es": [
                    "Auvergne-Rhône-Alpes"
                  ]
                },
                "insee": "84",
                "isPartOfCountry": {
                  "@id": "kb:France",
                  "@type": [
                    "schema:Country"
                  ],
                  "rdfs:label": {
                    "de": [
                      "France",
                      "Frankreich"
                    ],
                    "pt": [
                      "França",
                      "France"
                    ],
                    "en": [
                      "France"
                    ],
                    "it": [
                      "France",
                      "Francia"
                    ],
                    "fr": [
                      "France"
                    ],
                    "nl": [
                      "France",
                      "Frankrijk"
                    ],
                    "es": [
                      "France",
                      "Francia"
                    ]
                  }
                }
              }
            }
          }
        }
      ],
      "schema:geo": {
        "@id": "https://data.datatourisme.fr/746e8bce-72ea-3508-a6f9-8d3324eef1fe",
        "schema:elevation": "1000",
        "schema:latitude": "44.9209",
        "schema:longitude": "2.84",
        "@type": [
          "schema:GeoCoordinates"
        ]
      },
      "schema:openingHoursSpecification": [
        {
          "@id": "https://data.datatourisme.fr/836d08b0-b02f-3182-9d53-2b0e7b4c7c07",
          "schema:validFrom": "2023-01-01T00:00:00",
          "schema:validThrough": "2023-12-31T23:59:59",
          "@type": [
            "schema:OpeningHoursSpecification"
          ],
          "additionalInformation": {
            "de": [
              "Col de la Grifoul im Winter je nach Schneeverhältnissen geschlossen"
            ],
            "en": [
              "Col de la Grifoul closed in winter depending on snow conditions"
            ],
            "it": [
              "Col de la Grifoul chiuso in inverno a seconda delle condizioni della neve"
            ],
            "fr": [
              "Col de la Grifoul fermé en hiver selon enneigement"
            ],
            "nl": [
              "Col de la Grifoul gesloten in de winter afhankelijk van de sneeuwcondities"
            ],
            "es": [
              "Col de la Grifoul cerrado en invierno según las condiciones de la nieve"
            ]
          },
          "hasTranslatedProperty": [
            {
              "@id": "https://data.datatourisme.fr/19c3b101-810b-3984-9afa-853fa2d3b64d",
              "dc:contributor": [
                "https://api.deepl.com/v2/translate"
              ],
              "rdf:language": [
                "nl"
              ],
              "rdf:predicate": [
                "additionalInformation"
              ]
            },
            {
              "@id": "https://data.datatourisme.fr/1e6b957a-8d99-3f42-bb2f-60fd62cae525",
              "dc:contributor": [
                "https://api.deepl.com/v2/translate"
              ],
              "rdf:language": [
                "it"
              ],
              "rdf:predicate": [
                "additionalInformation"
              ]
            },
            {
              "@id": "https://data.datatourisme.fr/6847d6e9-8e0b-3b29-a289-a8819cb8f777",
              "dc:contributor": [
                "https://api.deepl.com/v2/translate"
              ],
              "rdf:language": [
                "en"
              ],
              "rdf:predicate": [
                "additionalInformation"
              ]
            },
            {
              "@id": "https://data.datatourisme.fr/c4a7e647-a12f-3f47-ac6c-3a150cbdbd64",
              "dc:contributor": [
                "https://api.deepl.com/v2/translate"
              ],
              "rdf:language": [
                "de"
              ],
              "rdf:predicate": [
                "additionalInformation"
              ]
            },
            {
              "@id": "https://data.datatourisme.fr/ed0c02d8-44c9-3953-9e3b-37b6ef123647",
              "dc:contributor": [
                "https://api.deepl.com/v2/translate"
              ],
              "rdf:language": [
                "es"
              ],
              "rdf:predicate": [
                "additionalInformation"
              ]
            }
          ]
        }
      ],
      "@type": [
        "schema:Place",
        "Place"
      ]
    }
  ],
  "isOwnedBy": [
    {
      "@id": "https://data.datatourisme.fr/1a191694-edac-3be7-8b97-af8e77c8e165",
      "schema:email": [
        "communication@pays-saint-flour.fr",
        "promotion@pays-saint-flour.fr"
      ],
      "schema:legalName": "Office de Tourisme des Pays de Saint-Flour",
      "@type": [
        "schema:Organization",
        "foaf:Agent",
        "Agent"
      ],
      "foaf:homepage": [
        "http://www.pays-saint-flour.fr/"
      ]
    }
  ],
  "lastUpdate": "2022-11-18",
  "lastUpdateDatatourisme": "2023-02-01T18:07:35.678Z"
}