{
  "@id": "https://data.datatourisme.fr/13/00f665c4-c586-31a3-b363-2226982212b1",
  "dc:identifier": "5498848",
  "@type": [
    "schema:LocalBusiness",
    "PlaceOfInterest",
    "PointOfInterest",
    "TastingProvider"
  ],
  "rdfs:comment": {
    "de": [
      "Auf dem Bauernhof finden Sie eine große Auswahl an Produkten zum Verkauf: Obst, Gemüse, Eier."
    ],
    "en": [
      "At the farm, you will find a large choice of products for sale: fruits, vegetables, eggs."
    ],
    "it": [
      "Presso la fattoria, troverete un'ampia gamma di prodotti in vendita: frutta, verdura, uova."
    ],
    "fr": [
      "A la ferme, vous trouverez un large choix de produits à la vente : fruits, légumes, œufs."
    ],
    "nl": [
      "Op de boerderij zijn allerlei producten te koop: fruit, groenten, eieren."
    ],
    "es": [
      "En la granja, encontrará una amplia gama de productos a la venta: frutas, verduras, huevos."
    ]
  },
  "rdfs:label": {
    "fr": [
      "Ferme du Bon temps"
    ]
  },
  "hasBeenCreatedBy": {
    "@id": "https://data.datatourisme.fr/13/4e732ced-3463-306d-a0ca-9a15b6153677",
    "dc:identifier": "26",
    "schema:email": [
      "accueil.chaponost@montsdulyonnaistourisme.fr",
      "accueil.mornant@montsdulyonnaistourisme.fr",
      "alexandra.colombet@montsdulyonnaistourisme.fr",
      "amelie.goutagny@montsdulyonnaistourisme.fr",
      "garance.alivon@montsdulyonnaistourisme.fr",
      "marine.rulliat@montsdulyonnaistourisme.fr"
    ],
    "schema:legalName": "OTI des Monts du Lyonnais",
    "@type": [
      "schema:Organization",
      "foaf:Agent",
      "Agent"
    ],
    "foaf:homepage": [
      "http://www.montsdulyonnaistourisme.fr/"
    ]
  },
  "hasBeenPublishedBy": [
    {
      "@id": "https://data.datatourisme.fr/8a9feb4b-2cbd-3d2c-b507-bd6c6776b23b",
      "schema:legalName": "Apidae Tourisme Scic SA - source : Apidae Tourisme",
      "@type": [
        "schema:Organization",
        "foaf:Agent",
        "Agent"
      ],
      "foaf:homepage": [
        "https://www.apidae-tourisme.com/"
      ]
    }
  ],
  "hasContact": [
    {
      "@id": "https://data.datatourisme.fr/9221c68b-83ff-328b-995f-287b6906e616",
      "schema:email": [
        "fermedubontemps@gmail.com"
      ],
      "schema:telephone": [
        "+33 6 08 81 58 28"
      ],
      "@type": [
        "foaf:Agent",
        "Agent"
      ]
    }
  ],
  "hasDescription": [
    {
      "@id": "https://data.datatourisme.fr/8c68a080-2c69-3bd6-acd9-ff3d72cf2de0",
      "@type": [
        "Description"
      ],
      "hasTranslatedProperty": [
        {
          "@id": "https://data.datatourisme.fr/1fd78b87-b71b-3256-8ec8-2456f6da62d5",
          "dc:contributor": [
            "https://api.deepl.com/v2/translate"
          ],
          "rdf:language": [
            "es"
          ],
          "rdf:predicate": [
            "shortDescription"
          ]
        },
        {
          "@id": "https://data.datatourisme.fr/714934fa-b14d-338e-ab53-f569314c5c2d",
          "dc:contributor": [
            "https://api.deepl.com/v2/translate"
          ],
          "rdf:language": [
            "nl"
          ],
          "rdf:predicate": [
            "shortDescription"
          ]
        },
        {
          "@id": "https://data.datatourisme.fr/83707b5f-da46-3699-b774-9bac79d92a2a",
          "dc:contributor": [
            "https://api.deepl.com/v2/translate"
          ],
          "rdf:language": [
            "it"
          ],
          "rdf:predicate": [
            "shortDescription"
          ]
        },
        {
          "@id": "https://data.datatourisme.fr/9263e148-ff76-3458-9f30-3cb31c1313a1",
          "dc:contributor": [
            "https://api.deepl.com/v2/translate"
          ],
          "rdf:language": [
            "en"
          ],
          "rdf:predicate": [
            "shortDescription"
          ]
        },
        {
          "@id": "https://data.datatourisme.fr/b41b0343-60be-3775-9d23-97975804df77",
          "dc:contributor": [
            "https://api.deepl.com/v2/translate"
          ],
          "rdf:language": [
            "de"
          ],
          "rdf:predicate": [
            "shortDescription"
          ]
        }
      ],
      "shortDescription": {
        "de": [
          "Auf dem Bauernhof finden Sie eine große Auswahl an Produkten zum Verkauf: Obst, Gemüse, Eier."
        ],
        "en": [
          "At the farm, you will find a large choice of products for sale: fruits, vegetables, eggs."
        ],
        "it": [
          "Presso la fattoria, troverete un'ampia gamma di prodotti in vendita: frutta, verdura, uova."
        ],
        "fr": [
          "A la ferme, vous trouverez un large choix de produits à la vente : fruits, légumes, œufs."
        ],
        "nl": [
          "Op de boerderij zijn allerlei producten te koop: fruit, groenten, eieren."
        ],
        "es": [
          "En la granja, encontrará una amplia gama de productos a la venta: frutas, verduras, huevos."
        ]
      }
    }
  ],
  "hasTranslatedProperty": [
    {
      "@id": "https://data.datatourisme.fr/01963d40-a807-3100-a263-db717bfbf741",
      "dc:contributor": [
        "https://api.deepl.com/v2/translate"
      ],
      "rdf:language": [
        "nl"
      ],
      "rdf:predicate": [
        {
          "@id": "rdfs:comment"
        }
      ]
    },
    {
      "@id": "https://data.datatourisme.fr/66d91035-0b2e-3d23-8bef-a7cfd25ae935",
      "dc:contributor": [
        "https://api.deepl.com/v2/translate"
      ],
      "rdf:language": [
        "de"
      ],
      "rdf:predicate": [
        {
          "@id": "rdfs:comment"
        }
      ]
    },
    {
      "@id": "https://data.datatourisme.fr/9c38e477-3b51-3bfd-a5fc-292ee9af5075",
      "dc:contributor": [
        "https://api.deepl.com/v2/translate"
      ],
      "rdf:language": [
        "es"
      ],
      "rdf:predicate": [
        {
          "@id": "rdfs:comment"
        }
      ]
    },
    {
      "@id": "https://data.datatourisme.fr/adb0d380-c15f-3265-85c9-01d67e34da47",
      "dc:contributor": [
        "https://api.deepl.com/v2/translate"
      ],
      "rdf:language": [
        "it"
      ],
      "rdf:predicate": [
        {
          "@id": "rdfs:comment"
        }
      ]
    },
    {
      "@id": "https://data.datatourisme.fr/e69dbc3e-d47f-31a6-ba65-4d34f2df8144",
      "dc:contributor": [
        "https://api.deepl.com/v2/translate"
      ],
      "rdf:language": [
        "en"
      ],
      "rdf:predicate": [
        {
          "@id": "rdfs:comment"
        }
      ]
    }
  ],
  "isLocatedAt": [
    {
      "@id": "https://data.datatourisme.fr/15dd5f43-9c1b-3cda-9fe9-f385cded4f4b",
      "schema:address": [
        {
          "@id": "https://data.datatourisme.fr/6a20e121-740e-3bdc-be4b-102628b6a66b",
          "schema:addressLocality": "Mornant",
          "schema:postalCode": "69440",
          "schema:streetAddress": [
            "77, Grand Val"
          ],
          "@type": [
            "schema:PostalAddress",
            "PostalAddress"
          ],
          "hasAddressCity": {
            "@id": "kb:69141",
            "@type": [
              "City"
            ],
            "rdfs:label": {
              "de": [
                "Mornant"
              ],
              "pt": [
                "Mornant"
              ],
              "en": [
                "Mornant"
              ],
              "it": [
                "Mornant"
              ],
              "fr": [
                "Mornant"
              ],
              "nl": [
                "Mornant"
              ],
              "es": [
                "Mornant"
              ]
            },
            "insee": "69141",
            "isPartOfDepartment": {
              "@id": "kb:France8469",
              "@type": [
                "Department"
              ],
              "rdfs:label": {
                "de": [
                  "Rhône"
                ],
                "pt": [
                  "Rhône"
                ],
                "en": [
                  "Rhône"
                ],
                "it": [
                  "Rhône"
                ],
                "fr": [
                  "Rhône"
                ],
                "nl": [
                  "Rhône"
                ],
                "es": [
                  "Rhône"
                ]
              },
              "insee": "69",
              "isPartOfRegion": {
                "@id": "kb:France84",
                "@type": [
                  "Region"
                ],
                "rdfs:label": {
                  "de": [
                    "Auvergne-Rhône-Alpes"
                  ],
                  "pt": [
                    "Auvergne-Rhône-Alpes"
                  ],
                  "en": [
                    "Auvergne-Rhône-Alpes"
                  ],
                  "it": [
                    "Auvergne-Rhône-Alpes"
                  ],
                  "fr": [
                    "Auvergne-Rhône-Alpes"
                  ],
                  "nl": [
                    "Auvergne-Rhône-Alpes"
                  ],
                  "es": [
                    "Auvergne-Rhône-Alpes"
                  ]
                },
                "insee": "84",
                "isPartOfCountry": {
                  "@id": "kb:France",
                  "@type": [
                    "schema:Country"
                  ],
                  "rdfs:label": {
                    "de": [
                      "France",
                      "Frankreich"
                    ],
                    "pt": [
                      "França",
                      "France"
                    ],
                    "en": [
                      "France"
                    ],
                    "it": [
                      "France",
                      "Francia"
                    ],
                    "fr": [
                      "France"
                    ],
                    "nl": [
                      "France",
                      "Frankrijk"
                    ],
                    "es": [
                      "France",
                      "Francia"
                    ]
                  }
                }
              }
            }
          }
        }
      ],
      "schema:geo": {
        "@id": "https://data.datatourisme.fr/a3162820-696f-33b7-a1b7-0e7590cdadc2",
        "schema:latitude": "45.631107",
        "schema:longitude": "4.663591",
        "@type": [
          "schema:GeoCoordinates"
        ]
      },
      "schema:openingHoursSpecification": [
        {
          "@id": "https://data.datatourisme.fr/e40a65bd-4299-340c-8e1a-d9f98d6343ad",
          "schema:closes": "19:00:00",
          "schema:opens": "17:00:00",
          "schema:validFrom": "2023-01-01T00:00:00",
          "schema:validThrough": "2023-12-31T23:59:59",
          "@type": [
            "schema:OpeningHoursSpecification"
          ]
        }
      ],
      "@type": [
        "schema:Place",
        "Place"
      ]
    }
  ],
  "isOwnedBy": [
    {
      "@id": "https://data.datatourisme.fr/286d1b16-07bb-3d1b-8216-018722e6f324",
      "schema:email": [
        "accueil.chaponost@montsdulyonnaistourisme.fr",
        "accueil.mornant@montsdulyonnaistourisme.fr",
        "alexandra.colombet@montsdulyonnaistourisme.fr",
        "amelie.goutagny@montsdulyonnaistourisme.fr",
        "garance.alivon@montsdulyonnaistourisme.fr",
        "marine.rulliat@montsdulyonnaistourisme.fr"
      ],
      "schema:legalName": "OTI des Monts du Lyonnais",
      "@type": [
        "schema:Organization",
        "foaf:Agent",
        "Agent"
      ],
      "foaf:homepage": [
        "http://www.montsdulyonnaistourisme.fr/"
      ]
    }
  ],
  "lastUpdate": "2022-02-19",
  "lastUpdateDatatourisme": "2023-02-01T18:07:35.618Z"
}