{
  "@id": "https://data.datatourisme.fr/13/00b311df-7d8d-3dc8-b936-bf08800a53d9",
  "dc:identifier": "4966768",
  "@type": [
    "PlaceOfInterest",
    "PointOfInterest",
    "SportsAndLeisurePlace",
    "TennisComplex"
  ],
  "rdfs:comment": {
    "de": [
      "Académie & Sport Etude Tennis: Ausbildung, Praktika, Internatscampus und Training. Vermietung von Tennisplätzen. Eine Infrastruktur auf höchstem Niveau: 11 Sandplätze und 5 Green Sets, 5 Padel-Plätze, 1 Beach-Platz, Schwimmbad, Restaurant, Proshop..."
    ],
    "en": [
      "Tennis Academy & Sport study : training, internships, boarding campus and tennis training. A high level infrastructure: 12 outdoor clay courts and 5 outdoor quicks, 1 Padel court, swimming pool, gym, restaurant, proshop ..."
    ],
    "it": [
      "Scuola di tennis : formazione, stage, boarding campus e tennis training. Un'infrastruttura di alto livello: 12 campi in terra battuta e 5 quicks all'aperto, 1 campo da Padel, piscina, palestra, ristorante, proshop ..."
    ],
    "fr": [
      "Académie & Sport Etude Tennis : formations, stages, campus internat et entraînements. Location court. Une infrastructure de haut niveau : 11 courts en terre battue et 5 green set, 5 terrains de Padel, 1 terrain de Beach, piscine, restaurant, proshop..."
    ],
    "nl": [
      "Academy & Sport Etude Tennis: opleidingen, stages, boarding campus en trainingen. Hofhuur. Een infrastructuur van hoog niveau: 11 gravelbanen en 5 green sets, 5 padelbanen, 1 beach court, zwembad, restaurant, pro shop..."
    ],
    "es": [
      "Academy & Sport Etude Tennis: cursos de formación, prácticas, campus internos y sesiones de entrenamiento. Alquiler de tribunales. Una infraestructura de alto nivel: 11 pistas de tierra batida y 5 green sets, 5 pistas de pádel, 1 pista de playa, piscina, restaurante, tienda de golf..."
    ]
  },
  "rdfs:label": {
    "en": [
      "All In Academy"
    ],
    "it": [
      "All In Academy"
    ],
    "fr": [
      "All In Academy"
    ]
  },
  "hasBeenCreatedBy": {
    "@id": "https://data.datatourisme.fr/13/7634ea65-a4e6-3904-9cfd-3f7de18e334a",
    "dc:identifier": "914",
    "schema:email": [
      "administration@villeneuve-tourisme.com",
      "animation@villeneuve-tourisme.com",
      "f.duchene@villeneuve-tourisme.com",
      "info@villeneuve-tourisme.com",
      "p.bregere@villeneuve-tourisme.com",
      "promotion@villeneuve-tourisme.com"
    ],
    "schema:legalName": "Office de Tourisme de Villeneuve-Loubet",
    "@type": [
      "schema:Organization",
      "foaf:Agent",
      "Agent"
    ],
    "foaf:homepage": [
      "http://villeneuve-tourisme.com/"
    ]
  },
  "hasBeenPublishedBy": [
    {
      "@id": "https://data.datatourisme.fr/8a9feb4b-2cbd-3d2c-b507-bd6c6776b23b",
      "schema:legalName": "Apidae Tourisme Scic SA - source : Apidae Tourisme",
      "@type": [
        "schema:Organization",
        "foaf:Agent",
        "Agent"
      ],
      "foaf:homepage": [
        "https://www.apidae-tourisme.com/"
      ]
    }
  ],
  "hasContact": [
    {
      "@id": "https://data.datatourisme.fr/b268e5e5-1e49-3a50-8110-bba96ac8f42a",
      "schema:email": [
        "contact@allin.academy"
      ],
      "schema:telephone": [
        "+33 4 97 02 34 04"
      ],
      "@type": [
        "foaf:Agent",
        "Agent"
      ],
      "foaf:homepage": [
        "https://www.allin-cotedazur.com/"
      ]
    }
  ],
  "hasDescription": [
    {
      "@id": "https://data.datatourisme.fr/4bba0e4d-cfd2-3913-87e0-d402c97b2c11",
      "@type": [
        "Description"
      ],
      "hasTranslatedProperty": [
        {
          "@id": "https://data.datatourisme.fr/28fb44ab-fa79-381d-af85-3f84c31f68fa",
          "dc:contributor": [
            "https://api.deepl.com/v2/translate"
          ],
          "rdf:language": [
            "es"
          ],
          "rdf:predicate": [
            "shortDescription"
          ]
        },
        {
          "@id": "https://data.datatourisme.fr/893c405e-069b-37fd-a77a-8951ab5b87be",
          "dc:contributor": [
            "https://api.deepl.com/v2/translate"
          ],
          "rdf:language": [
            "de"
          ],
          "rdf:predicate": [
            "shortDescription"
          ]
        },
        {
          "@id": "https://data.datatourisme.fr/abb9174d-b693-3b7d-9021-725caa47e37b",
          "dc:contributor": [
            "https://api.deepl.com/v2/translate"
          ],
          "rdf:language": [
            "nl"
          ],
          "rdf:predicate": [
            "shortDescription"
          ]
        }
      ],
      "shortDescription": {
        "de": [
          "Académie & Sport Etude Tennis: Ausbildung, Praktika, Internatscampus und Training. Vermietung von Tennisplätzen. Eine Infrastruktur auf höchstem Niveau: 11 Sandplätze und 5 Green Sets, 5 Padel-Plätze, 1 Beach-Platz, Schwimmbad, Restaurant, Proshop..."
        ],
        "en": [
          "Tennis Academy & Sport study : training, internships, boarding campus and tennis training. A high level infrastructure: 12 outdoor clay courts and 5 outdoor quicks, 1 Padel court, swimming pool, gym, restaurant, proshop ..."
        ],
        "it": [
          "Scuola di tennis : formazione, stage, boarding campus e tennis training. Un'infrastruttura di alto livello: 12 campi in terra battuta e 5 quicks all'aperto, 1 campo da Padel, piscina, palestra, ristorante, proshop ..."
        ],
        "fr": [
          "Académie & Sport Etude Tennis : formations, stages, campus internat et entraînements. Location court. Une infrastructure de haut niveau : 11 courts en terre battue et 5 green set, 5 terrains de Padel, 1 terrain de Beach, piscine, restaurant, proshop..."
        ],
        "nl": [
          "Academy & Sport Etude Tennis: opleidingen, stages, boarding campus en trainingen. Hofhuur. Een infrastructuur van hoog niveau: 11 gravelbanen en 5 green sets, 5 padelbanen, 1 beach court, zwembad, restaurant, pro shop..."
        ],
        "es": [
          "Academy & Sport Etude Tennis: cursos de formación, prácticas, campus internos y sesiones de entrenamiento. Alquiler de tribunales. Una infraestructura de alto nivel: 11 pistas de tierra batida y 5 green sets, 5 pistas de pádel, 1 pista de playa, piscina, restaurante, tienda de golf..."
        ]
      }
    }
  ],
  "hasTheme": [
    {
      "@id": "kb:Tennis",
      "@type": [
        "SportsTheme"
      ],
      "rdfs:label": {
        "de": [
          "Tennis"
        ],
        "pt": [
          "Ténis"
        ],
        "en": [
          "Tennis"
        ],
        "it": [
          "Tennis"
        ],
        "fr": [
          "Tennis"
        ],
        "nl": [
          "Tennis"
        ],
        "es": [
          "Tenis"
        ]
      }
    }
  ],
  "hasTranslatedProperty": [
    {
      "@id": "https://data.datatourisme.fr/054ed3be-f710-35ad-a552-9a16e4a46eaa",
      "dc:contributor": [
        "https://api.deepl.com/v2/translate"
      ],
      "rdf:language": [
        "nl"
      ],
      "rdf:predicate": [
        {
          "@id": "rdfs:comment"
        }
      ]
    },
    {
      "@id": "https://data.datatourisme.fr/8b45573b-433b-3c18-a2b9-a8794378af3d",
      "dc:contributor": [
        "https://api.deepl.com/v2/translate"
      ],
      "rdf:language": [
        "de"
      ],
      "rdf:predicate": [
        {
          "@id": "rdfs:comment"
        }
      ]
    },
    {
      "@id": "https://data.datatourisme.fr/a2971db2-6119-37ba-8303-c094c0b66914",
      "dc:contributor": [
        "https://api.deepl.com/v2/translate"
      ],
      "rdf:language": [
        "es"
      ],
      "rdf:predicate": [
        {
          "@id": "rdfs:comment"
        }
      ]
    }
  ],
  "isLocatedAt": [
    {
      "@id": "https://data.datatourisme.fr/1322c159-5fb3-3f67-95bb-a667d38633b8",
      "schema:address": [
        {
          "@id": "https://data.datatourisme.fr/343fe8bd-9949-318d-bc93-36a6c69d6342",
          "schema:addressLocality": "Villeneuve-Loubet",
          "schema:postalCode": "06270",
          "schema:streetAddress": [
            "( Espace La Vanade )",
            "2195, route de Grasse - RD2085"
          ],
          "@type": [
            "schema:PostalAddress",
            "PostalAddress"
          ],
          "hasAddressCity": {
            "@id": "kb:06161",
            "@type": [
              "City"
            ],
            "rdfs:label": {
              "de": [
                "Villeneuve-Loubet"
              ],
              "pt": [
                "Villeneuve-Loubet"
              ],
              "en": [
                "Villeneuve-Loubet"
              ],
              "it": [
                "Villeneuve-Loubet"
              ],
              "fr": [
                "Villeneuve-Loubet"
              ],
              "nl": [
                "Villeneuve-Loubet"
              ],
              "es": [
                "Villeneuve-Loubet"
              ]
            },
            "insee": "06161",
            "isPartOfDepartment": {
              "@id": "kb:France9306",
              "@type": [
                "Department"
              ],
              "rdfs:label": {
                "de": [
                  "Alpes-Maritimes"
                ],
                "pt": [
                  "Alpes-Maritimes"
                ],
                "en": [
                  "Alpes-Maritimes"
                ],
                "it": [
                  "Alpes-Maritimes"
                ],
                "fr": [
                  "Alpes-Maritimes"
                ],
                "nl": [
                  "Alpes-Maritimes"
                ],
                "es": [
                  "Alpes-Maritimes"
                ]
              },
              "insee": "06",
              "isPartOfRegion": {
                "@id": "kb:France93",
                "@type": [
                  "Region"
                ],
                "rdfs:label": {
                  "de": [
                    "Provence-Alpes-Côte d'Azur"
                  ],
                  "pt": [
                    "Provence-Alpes-Côte d'Azur"
                  ],
                  "en": [
                    "Provence-Alpes-Côte d'Azur"
                  ],
                  "it": [
                    "Provence-Alpes-Côte d'Azur"
                  ],
                  "fr": [
                    "Provence-Alpes-Côte d'Azur"
                  ],
                  "nl": [
                    "Provence-Alpes-Côte d'Azur"
                  ],
                  "es": [
                    "Provence-Alpes-Côte d'Azur"
                  ]
                },
                "insee": "93",
                "isPartOfCountry": {
                  "@id": "kb:France",
                  "@type": [
                    "schema:Country"
                  ],
                  "rdfs:label": {
                    "de": [
                      "France",
                      "Frankreich"
                    ],
                    "pt": [
                      "França",
                      "France"
                    ],
                    "en": [
                      "France"
                    ],
                    "it": [
                      "France",
                      "Francia"
                    ],
                    "fr": [
                      "France"
                    ],
                    "nl": [
                      "France",
                      "Frankrijk"
                    ],
                    "es": [
                      "France",
                      "Francia"
                    ]
                  }
                }
              }
            }
          }
        }
      ],
      "schema:geo": {
        "@id": "https://data.datatourisme.fr/db54f10c-d2cc-36ab-baa1-e33f2084f7d9",
        "schema:latitude": "43.65951",
        "schema:longitude": "7.095347",
        "@type": [
          "schema:GeoCoordinates"
        ]
      },
      "schema:openingHoursSpecification": [
        {
          "@id": "https://data.datatourisme.fr/4e510aa6-27dc-322c-8f81-4c682d855009",
          "schema:validFrom": "2023-01-02T00:00:00",
          "schema:validThrough": "2023-12-22T23:59:59",
          "@type": [
            "schema:OpeningHoursSpecification"
          ]
        }
      ],
      "@type": [
        "schema:Place",
        "Place"
      ]
    }
  ],
  "isOwnedBy": [
    {
      "@id": "https://data.datatourisme.fr/c6cca335-7cea-340c-839c-61fcf0d06b25",
      "schema:email": [
        "administration@villeneuve-tourisme.com",
        "animation@villeneuve-tourisme.com",
        "f.duchene@villeneuve-tourisme.com",
        "info@villeneuve-tourisme.com",
        "p.bregere@villeneuve-tourisme.com",
        "promotion@villeneuve-tourisme.com"
      ],
      "schema:legalName": "Office de Tourisme de Villeneuve-Loubet",
      "@type": [
        "schema:Organization",
        "foaf:Agent",
        "Agent"
      ],
      "foaf:homepage": [
        "http://villeneuve-tourisme.com/"
      ]
    }
  ],
  "lastUpdate": "2023-01-11",
  "lastUpdateDatatourisme": "2023-02-22T06:42:37.759Z"
}