{
  "@id": "https://data.datatourisme.fr/13/007c13c3-547e-37fc-ba21-11b8ae750036",
  "dc:identifier": "5807854",
  "@type": [
    "PlaceOfInterest",
    "PointOfInterest",
    "SportsAndLeisurePlace"
  ],
  "rdfs:comment": {
    "de": [
      "An der Südflanke des Berges von Nantua gelegen, erreichen Sie das Panorama der Monts d'Ain über einen kleinen Singletrail mit einem ersten Aussichtspunkt von \"Les Doigts du diable\". Auf dem Gipfel haben Sie einen Blick auf Nantua, auf die Neyrolles und sein Viadukt."
    ],
    "en": [
      "Located on the south side of the Nantua mountain, access the panorama of the Monts d'Ain by a small single track with a first view of the \"Doigts du diable\". At the top, you can see Nantua, the Neyrolles and its viaduct."
    ],
    "it": [
      "Situato sul versante meridionale della montagna di Nantua, si accede al panorama dei Monts d'Ain attraverso un piccolo single track con una prima vista sui \"Doigts du diable\". In cima, si possono vedere Nantua, il Neyrolles e il suo viadotto."
    ],
    "fr": [
      "Situé sur le flanc sud de la montagne de Nantua, accédez au panorama des Monts d’Ain par un petit sentier en single avec un premier point de vue des « Doigts du diable ». Au sommet vue sur Nantua, sur les Neyrolles et son viaduc."
    ],
    "es": [
      "Situado en el flanco sur de la montaña de Nantua, acceda al panorama de los Montes de Ain por una pequeña pista única con una primera vista de los \"Doigts du diable\". En la cima, se puede ver Nantua, los Neyrolles y su viaducto."
    ],
    "nl": [
      "Gelegen op de zuidelijke flank van de Nantua berg, toegang tot het panorama van de Monts d'Ain via een kleine single track met een eerste uitzicht op de \"Doigts du diable\". Op de top ziet u Nantua, de Neyrolles en het viaduct."
    ]
  },
  "rdfs:label": {
    "fr": [
      "Parcours de trail n°3 - Les monts d'Ain"
    ]
  },
  "hasBeenCreatedBy": {
    "@id": "https://data.datatourisme.fr/13/fc3cf452-d3da-3402-bebb-765225ce8c0e",
    "dc:identifier": "842",
    "schema:email": [
      "b.morel@hautbugey-tourisme.com",
      "m.poirson@hautbugey-tourisme.com"
    ],
    "schema:legalName": "Office de Tourisme du Haut-Bugey",
    "@type": [
      "schema:Organization",
      "foaf:Agent",
      "Agent"
    ],
    "foaf:homepage": [
      "https://www.hautbugey-tourisme.com/"
    ]
  },
  "hasBeenPublishedBy": [
    {
      "@id": "https://data.datatourisme.fr/caf7930d-1568-3b52-b9e9-5b8147331477",
      "schema:legalName": "Office de Tourisme du Haut-Bugey - source : Apidae Tourisme",
      "@type": [
        "schema:Organization",
        "foaf:Agent",
        "Agent"
      ],
      "foaf:homepage": [
        "https://www.apidae-tourisme.com/"
      ]
    }
  ],
  "hasContact": [
    {
      "@id": "https://data.datatourisme.fr/749f41c5-a7d9-308e-a50d-f0ae532dc550",
      "schema:email": [
        "trail@hautbugey-tourisme.com"
      ],
      "schema:telephone": [
        "+33 4 74 12 11 57"
      ],
      "@type": [
        "foaf:Agent",
        "Agent"
      ],
      "foaf:homepage": [
        "https://www.onpiste.com/explorer/destinations/haut-bugey-montagnes-du-jura-22"
      ]
    }
  ],
  "hasDescription": [
    {
      "@id": "https://data.datatourisme.fr/498f24f5-2e8f-30a2-a571-03ab1de06f04",
      "@type": [
        "Description"
      ],
      "hasTranslatedProperty": [
        {
          "@id": "https://data.datatourisme.fr/6265e0e2-4778-3402-9e13-28106b910846",
          "dc:contributor": [
            "https://api.deepl.com/v2/translate"
          ],
          "rdf:language": [
            "it"
          ],
          "rdf:predicate": [
            "shortDescription"
          ]
        },
        {
          "@id": "https://data.datatourisme.fr/650ad582-2457-330d-8a0e-9a05e6d273de",
          "dc:contributor": [
            "https://api.deepl.com/v2/translate"
          ],
          "rdf:language": [
            "es"
          ],
          "rdf:predicate": [
            "shortDescription"
          ]
        },
        {
          "@id": "https://data.datatourisme.fr/9316f446-9426-3ecf-b3ed-7ff6bcd40bf1",
          "dc:contributor": [
            "https://api.deepl.com/v2/translate"
          ],
          "rdf:language": [
            "de"
          ],
          "rdf:predicate": [
            "shortDescription"
          ]
        },
        {
          "@id": "https://data.datatourisme.fr/e06ff4f6-ed14-37dd-a41f-e9c675d1de2a",
          "dc:contributor": [
            "https://api.deepl.com/v2/translate"
          ],
          "rdf:language": [
            "nl"
          ],
          "rdf:predicate": [
            "shortDescription"
          ]
        },
        {
          "@id": "https://data.datatourisme.fr/f16af185-b095-3796-9950-d8a463423f99",
          "dc:contributor": [
            "https://api.deepl.com/v2/translate"
          ],
          "rdf:language": [
            "en"
          ],
          "rdf:predicate": [
            "shortDescription"
          ]
        }
      ],
      "shortDescription": {
        "de": [
          "An der Südflanke des Berges von Nantua gelegen, erreichen Sie das Panorama der Monts d'Ain über einen kleinen Singletrail mit einem ersten Aussichtspunkt von \"Les Doigts du diable\". Auf dem Gipfel haben Sie einen Blick auf Nantua, auf die Neyrolles und sein Viadukt."
        ],
        "en": [
          "Located on the south side of the Nantua mountain, access the panorama of the Monts d'Ain by a small single track with a first view of the \"Doigts du diable\". At the top, you can see Nantua, the Neyrolles and its viaduct."
        ],
        "it": [
          "Situato sul versante meridionale della montagna di Nantua, si accede al panorama dei Monts d'Ain attraverso un piccolo single track con una prima vista sui \"Doigts du diable\". In cima, si possono vedere Nantua, il Neyrolles e il suo viadotto."
        ],
        "fr": [
          "Situé sur le flanc sud de la montagne de Nantua, accédez au panorama des Monts d’Ain par un petit sentier en single avec un premier point de vue des « Doigts du diable ». Au sommet vue sur Nantua, sur les Neyrolles et son viaduc."
        ],
        "es": [
          "Situado en el flanco sur de la montaña de Nantua, acceda al panorama de los Montes de Ain por una pequeña pista única con una primera vista de los \"Doigts du diable\". En la cima, se puede ver Nantua, los Neyrolles y su viaducto."
        ],
        "nl": [
          "Gelegen op de zuidelijke flank van de Nantua berg, toegang tot het panorama van de Monts d'Ain via een kleine single track met een eerste uitzicht op de \"Doigts du diable\". Op de top ziet u Nantua, de Neyrolles en het viaduct."
        ]
      }
    }
  ],
  "hasTheme": [
    {
      "@id": "kb:Pedestrian",
      "@type": [
        "SportsTheme"
      ],
      "rdfs:label": {
        "de": [
          "Zu Fuß"
        ],
        "pt": [
          "Pedestre"
        ],
        "en": [
          "Pedestrian"
        ],
        "it": [
          "A piedi"
        ],
        "fr": [
          "Pédestre"
        ],
        "nl": [
          "Voetgangers"
        ],
        "es": [
          "Peatón"
        ]
      }
    },
    {
      "@id": "kb:Running",
      "@type": [
        "SportsTheme"
      ],
      "rdfs:label": {
        "de": [
          "Laufen"
        ],
        "pt": [
          "Corrida a pé"
        ],
        "en": [
          "Running"
        ],
        "it": [
          "Corsa a piedi"
        ],
        "fr": [
          "Course à pied"
        ],
        "nl": [
          "Hardlopen"
        ],
        "es": [
          "Carrera a pie"
        ]
      }
    },
    {
      "@id": "kb:Trail",
      "@type": [
        "SportsTheme"
      ],
      "rdfs:label": {
        "de": [
          "Trail"
        ],
        "pt": [
          "Pista"
        ],
        "en": [
          "Trail"
        ],
        "it": [
          "Trail"
        ],
        "fr": [
          "Trail"
        ],
        "nl": [
          "Trailrunning"
        ],
        "es": [
          "Pista"
        ]
      }
    }
  ],
  "hasTranslatedProperty": [
    {
      "@id": "https://data.datatourisme.fr/0777451b-b8c4-30c5-afa3-3906cda48c78",
      "dc:contributor": [
        "https://api.deepl.com/v2/translate"
      ],
      "rdf:language": [
        "it"
      ],
      "rdf:predicate": [
        {
          "@id": "rdfs:comment"
        }
      ]
    },
    {
      "@id": "https://data.datatourisme.fr/49c7fb36-69a6-3f2b-ada7-61fabea2ed82",
      "dc:contributor": [
        "https://api.deepl.com/v2/translate"
      ],
      "rdf:language": [
        "es"
      ],
      "rdf:predicate": [
        {
          "@id": "rdfs:comment"
        }
      ]
    },
    {
      "@id": "https://data.datatourisme.fr/9d72ada7-78aa-3f91-9a62-342fa6a828ca",
      "dc:contributor": [
        "https://api.deepl.com/v2/translate"
      ],
      "rdf:language": [
        "de"
      ],
      "rdf:predicate": [
        {
          "@id": "rdfs:comment"
        }
      ]
    },
    {
      "@id": "https://data.datatourisme.fr/f7474cad-63d1-359d-8172-c0354321a242",
      "dc:contributor": [
        "https://api.deepl.com/v2/translate"
      ],
      "rdf:language": [
        "en"
      ],
      "rdf:predicate": [
        {
          "@id": "rdfs:comment"
        }
      ]
    },
    {
      "@id": "https://data.datatourisme.fr/f77416fd-7798-3d9c-a830-ef91fe0ae864",
      "dc:contributor": [
        "https://api.deepl.com/v2/translate"
      ],
      "rdf:language": [
        "nl"
      ],
      "rdf:predicate": [
        {
          "@id": "rdfs:comment"
        }
      ]
    }
  ],
  "isLocatedAt": [
    {
      "@id": "https://data.datatourisme.fr/9b93203d-21b5-347d-8e60-5036e8187e73",
      "schema:address": [
        {
          "@id": "https://data.datatourisme.fr/bb51c0e6-9a10-31db-842b-dc4534c2f930",
          "schema:addressLocality": "Nantua",
          "schema:postalCode": "01130",
          "schema:streetAddress": [
            "14 rue du Docteur Mercier",
            "Espace Trois Lacs"
          ],
          "@type": [
            "schema:PostalAddress",
            "PostalAddress"
          ],
          "hasAddressCity": {
            "@id": "kb:01269",
            "@type": [
              "City"
            ],
            "rdfs:label": {
              "de": [
                "Nantua"
              ],
              "pt": [
                "Nantua"
              ],
              "en": [
                "Nantua"
              ],
              "it": [
                "Nantua"
              ],
              "fr": [
                "Nantua"
              ],
              "nl": [
                "Nantua"
              ],
              "es": [
                "Nantua"
              ]
            },
            "insee": "01269",
            "isPartOfDepartment": {
              "@id": "kb:France8401",
              "@type": [
                "Department"
              ],
              "rdfs:label": {
                "de": [
                  "Ain"
                ],
                "pt": [
                  "Ain"
                ],
                "en": [
                  "Ain"
                ],
                "it": [
                  "Ain"
                ],
                "fr": [
                  "Ain"
                ],
                "nl": [
                  "Ain"
                ],
                "es": [
                  "Ain"
                ]
              },
              "insee": "01",
              "isPartOfRegion": {
                "@id": "kb:France84",
                "@type": [
                  "Region"
                ],
                "rdfs:label": {
                  "de": [
                    "Auvergne-Rhône-Alpes"
                  ],
                  "pt": [
                    "Auvergne-Rhône-Alpes"
                  ],
                  "en": [
                    "Auvergne-Rhône-Alpes"
                  ],
                  "it": [
                    "Auvergne-Rhône-Alpes"
                  ],
                  "fr": [
                    "Auvergne-Rhône-Alpes"
                  ],
                  "nl": [
                    "Auvergne-Rhône-Alpes"
                  ],
                  "es": [
                    "Auvergne-Rhône-Alpes"
                  ]
                },
                "insee": "84",
                "isPartOfCountry": {
                  "@id": "kb:France",
                  "@type": [
                    "schema:Country"
                  ],
                  "rdfs:label": {
                    "de": [
                      "France",
                      "Frankreich"
                    ],
                    "pt": [
                      "França",
                      "France"
                    ],
                    "en": [
                      "France"
                    ],
                    "it": [
                      "France",
                      "Francia"
                    ],
                    "fr": [
                      "France"
                    ],
                    "nl": [
                      "France",
                      "Frankrijk"
                    ],
                    "es": [
                      "France",
                      "Francia"
                    ]
                  }
                }
              }
            }
          }
        }
      ],
      "schema:geo": {
        "@id": "https://data.datatourisme.fr/9dedcbc1-1471-33de-a23b-87463a13a405",
        "schema:elevation": "1116",
        "schema:latitude": "46.155391",
        "schema:longitude": "5.604265",
        "@type": [
          "schema:GeoCoordinates"
        ]
      },
      "schema:openingHoursSpecification": [
        {
          "@id": "https://data.datatourisme.fr/f87e535a-636d-3343-ad63-8a03392e7511",
          "schema:validFrom": "2023-01-01T00:00:00",
          "schema:validThrough": "2023-12-31T23:59:59",
          "@type": [
            "schema:OpeningHoursSpecification"
          ]
        }
      ],
      "@type": [
        "schema:Place",
        "Place"
      ]
    }
  ],
  "isOwnedBy": [
    {
      "@id": "https://data.datatourisme.fr/7279cc4a-c636-3f38-99c3-5880d73c3d24",
      "schema:email": [
        "b.morel@hautbugey-tourisme.com",
        "m.poirson@hautbugey-tourisme.com"
      ],
      "schema:legalName": "Office de Tourisme du Haut-Bugey",
      "@type": [
        "schema:Organization",
        "foaf:Agent",
        "Agent"
      ],
      "foaf:homepage": [
        "https://www.hautbugey-tourisme.com/"
      ]
    }
  ],
  "lastUpdate": "2022-10-04",
  "lastUpdateDatatourisme": "2023-02-10T06:39:19.993Z"
}