{
  "@id": "https://data.datatourisme.fr/13/007a1408-e46b-337e-a968-23da4b8c070c",
  "dc:identifier": "6005313",
  "@type": [
    "schema:LocalBusiness",
    "PlaceOfInterest",
    "PointOfInterest",
    "TastingProvider"
  ],
  "rdfs:comment": {
    "de": [
      "Unser kleiner Bauernhof ist jeden Abend für Besucher geöffnet! Entdecken Sie unsere Ziegen, Schweine und Hühner bei einem herzlichen Empfang, einer herrlichen Aussicht und gehen Sie mit leckerem Käse aus biologischem Anbau nach Hause... Bis bald!"
    ],
    "en": [
      "Our small farm is open to visitors every evening! Come and discover our goats, pigs and chickens with a warm welcome, a magnificent view and leave with some good organic cheese... See you soon !"
    ],
    "it": [
      "La nostra piccola fattoria è aperta ai visitatori ogni sera! Venite a scoprire le nostre capre, i nostri maiali e le nostre galline con un'accoglienza calorosa, una vista magnifica e andate via con del buon formaggio biologico... A presto!"
    ],
    "fr": [
      "Notre petite ferme est ouverte aux visites tous les soirs ! Venez découvrir nos chèvres, cochons et poules autour d'un accueil chaleureux, d'une vue magnifique et repartez avec de bons fromages en agriculture biologique... A bientôt !"
    ],
    "nl": [
      "Onze kleine boerderij is elke avond open voor bezoekers! Kom en ontdek onze geiten, varkens en kippen met een warm onthaal, een prachtig uitzicht en vertrek met wat lekkere biologische kaas... Tot ziens!"
    ],
    "es": [
      "Nuestra pequeña granja está abierta a los visitantes todas las tardes Venga a descubrir nuestras cabras, cerdos y gallinas con una cálida bienvenida, una magnífica vista y váyase con un buen queso ecológico... ¡Hasta pronto!"
    ]
  },
  "rdfs:label": {
    "fr": [
      "Gaec la petite ferme"
    ]
  },
  "hasBeenCreatedBy": {
    "@id": "https://data.datatourisme.fr/13/bd686fd6-40be-38ef-aae0-091fa301e613",
    "dc:identifier": "193",
    "schema:email": [
      "l.dejulis@ardeche-hautes-vallees.fr",
      "mf.devidal@ardeche-hautes-vallees.fr"
    ],
    "schema:legalName": "Office de Tourisme de Val'Eyrieux - Ardèche Hautes Vallées",
    "@type": [
      "schema:Organization",
      "foaf:Agent",
      "Agent"
    ],
    "foaf:homepage": [
      "https://www.ardeche-hautes-vallees.fr/"
    ]
  },
  "hasBeenPublishedBy": [
    {
      "@id": "https://data.datatourisme.fr/dbca899d-3f22-364b-b99d-40af1e917c58",
      "schema:legalName": "Agence de Développement Touristique de l'Ardèche - source : Apidae Tourisme",
      "@type": [
        "schema:Organization",
        "foaf:Agent",
        "Agent"
      ],
      "foaf:homepage": [
        "https://www.apidae-tourisme.com/"
      ]
    }
  ],
  "hasContact": [
    {
      "@id": "https://data.datatourisme.fr/cb87313e-9188-34fb-a2ab-f469436e0256",
      "schema:email": [
        "gaeclapetiteferme@hotmail.com"
      ],
      "schema:telephone": [
        "+33 6 75 39 59 27"
      ],
      "@type": [
        "foaf:Agent",
        "Agent"
      ]
    }
  ],
  "hasDescription": [
    {
      "@id": "https://data.datatourisme.fr/666521a0-df2a-3db2-9d39-fc59cf616a32",
      "@type": [
        "Description"
      ],
      "hasTranslatedProperty": [
        {
          "@id": "https://data.datatourisme.fr/1fe998c1-c554-3939-b785-e4cf24954df9",
          "dc:contributor": [
            "https://api.deepl.com/v2/translate"
          ],
          "rdf:language": [
            "en"
          ],
          "rdf:predicate": [
            "shortDescription"
          ]
        },
        {
          "@id": "https://data.datatourisme.fr/24bd9ce0-0a4f-3f23-afa9-4617a6c4a741",
          "dc:contributor": [
            "https://api.deepl.com/v2/translate"
          ],
          "rdf:language": [
            "it"
          ],
          "rdf:predicate": [
            "shortDescription"
          ]
        },
        {
          "@id": "https://data.datatourisme.fr/2a77e024-318a-30d8-85f2-cf56a08b6d68",
          "dc:contributor": [
            "https://api.deepl.com/v2/translate"
          ],
          "rdf:language": [
            "de"
          ],
          "rdf:predicate": [
            "shortDescription"
          ]
        },
        {
          "@id": "https://data.datatourisme.fr/6038c149-2d8a-3a91-87a5-76dff11ae77b",
          "dc:contributor": [
            "https://api.deepl.com/v2/translate"
          ],
          "rdf:language": [
            "nl"
          ],
          "rdf:predicate": [
            "shortDescription"
          ]
        },
        {
          "@id": "https://data.datatourisme.fr/aa4d5dd7-df4f-325f-b591-c1520347fe2f",
          "dc:contributor": [
            "https://api.deepl.com/v2/translate"
          ],
          "rdf:language": [
            "es"
          ],
          "rdf:predicate": [
            "shortDescription"
          ]
        }
      ],
      "shortDescription": {
        "de": [
          "Unser kleiner Bauernhof ist jeden Abend für Besucher geöffnet! Entdecken Sie unsere Ziegen, Schweine und Hühner bei einem herzlichen Empfang, einer herrlichen Aussicht und gehen Sie mit leckerem Käse aus biologischem Anbau nach Hause... Bis bald!"
        ],
        "en": [
          "Our small farm is open to visitors every evening! Come and discover our goats, pigs and chickens with a warm welcome, a magnificent view and leave with some good organic cheese... See you soon !"
        ],
        "it": [
          "La nostra piccola fattoria è aperta ai visitatori ogni sera! Venite a scoprire le nostre capre, i nostri maiali e le nostre galline con un'accoglienza calorosa, una vista magnifica e andate via con del buon formaggio biologico... A presto!"
        ],
        "fr": [
          "Notre petite ferme est ouverte aux visites tous les soirs ! Venez découvrir nos chèvres, cochons et poules autour d'un accueil chaleureux, d'une vue magnifique et repartez avec de bons fromages en agriculture biologique... A bientôt !"
        ],
        "nl": [
          "Onze kleine boerderij is elke avond open voor bezoekers! Kom en ontdek onze geiten, varkens en kippen met een warm onthaal, een prachtig uitzicht en vertrek met wat lekkere biologische kaas... Tot ziens!"
        ],
        "es": [
          "Nuestra pequeña granja está abierta a los visitantes todas las tardes Venga a descubrir nuestras cabras, cerdos y gallinas con una cálida bienvenida, una magnífica vista y váyase con un buen queso ecológico... ¡Hasta pronto!"
        ]
      }
    }
  ],
  "hasTranslatedProperty": [
    {
      "@id": "https://data.datatourisme.fr/1f3cd9fd-167e-3327-be1b-c9c63f50771a",
      "dc:contributor": [
        "https://api.deepl.com/v2/translate"
      ],
      "rdf:language": [
        "en"
      ],
      "rdf:predicate": [
        {
          "@id": "rdfs:comment"
        }
      ]
    },
    {
      "@id": "https://data.datatourisme.fr/428f6e3f-a7e4-310b-bae7-dd49ed15f5dc",
      "dc:contributor": [
        "https://api.deepl.com/v2/translate"
      ],
      "rdf:language": [
        "es"
      ],
      "rdf:predicate": [
        {
          "@id": "rdfs:comment"
        }
      ]
    },
    {
      "@id": "https://data.datatourisme.fr/7e88f0ad-2392-3533-807e-fb6a2ea4db55",
      "dc:contributor": [
        "https://api.deepl.com/v2/translate"
      ],
      "rdf:language": [
        "it"
      ],
      "rdf:predicate": [
        {
          "@id": "rdfs:comment"
        }
      ]
    },
    {
      "@id": "https://data.datatourisme.fr/9c69d387-4770-30c9-8580-e6fc786df273",
      "dc:contributor": [
        "https://api.deepl.com/v2/translate"
      ],
      "rdf:language": [
        "de"
      ],
      "rdf:predicate": [
        {
          "@id": "rdfs:comment"
        }
      ]
    },
    {
      "@id": "https://data.datatourisme.fr/f6a43a96-3658-362d-a6ef-6b2ab474b1d8",
      "dc:contributor": [
        "https://api.deepl.com/v2/translate"
      ],
      "rdf:language": [
        "nl"
      ],
      "rdf:predicate": [
        {
          "@id": "rdfs:comment"
        }
      ]
    }
  ],
  "isLocatedAt": [
    {
      "@id": "https://data.datatourisme.fr/b3289ff9-3c51-33f1-841a-7c89a49cb9f6",
      "schema:address": [
        {
          "@id": "https://data.datatourisme.fr/21d84785-1007-3b80-9f7a-ad1959d1dfcb",
          "schema:addressLocality": "Saint-Agrève",
          "schema:postalCode": "07320",
          "schema:streetAddress": [
            "Gaec la petite ferme, 185 chemin du Gontat",
            "Les Chalayes"
          ],
          "@type": [
            "schema:PostalAddress",
            "PostalAddress"
          ],
          "hasAddressCity": {
            "@id": "kb:07204",
            "@type": [
              "City"
            ],
            "rdfs:label": {
              "de": [
                "Saint-Agrève"
              ],
              "pt": [
                "Saint-Agrève"
              ],
              "en": [
                "Saint-Agrève"
              ],
              "it": [
                "Saint-Agrève"
              ],
              "fr": [
                "Saint-Agrève"
              ],
              "nl": [
                "Saint-Agrève"
              ],
              "es": [
                "Saint-Agrève"
              ]
            },
            "insee": "07204",
            "isPartOfDepartment": {
              "@id": "kb:France8407",
              "@type": [
                "Department"
              ],
              "rdfs:label": {
                "de": [
                  "Ardèche"
                ],
                "pt": [
                  "Ardèche"
                ],
                "en": [
                  "Ardèche"
                ],
                "it": [
                  "Ardèche"
                ],
                "fr": [
                  "Ardèche"
                ],
                "nl": [
                  "Ardèche"
                ],
                "es": [
                  "Ardèche"
                ]
              },
              "insee": "07",
              "isPartOfRegion": {
                "@id": "kb:France84",
                "@type": [
                  "Region"
                ],
                "rdfs:label": {
                  "de": [
                    "Auvergne-Rhône-Alpes"
                  ],
                  "pt": [
                    "Auvergne-Rhône-Alpes"
                  ],
                  "en": [
                    "Auvergne-Rhône-Alpes"
                  ],
                  "it": [
                    "Auvergne-Rhône-Alpes"
                  ],
                  "fr": [
                    "Auvergne-Rhône-Alpes"
                  ],
                  "nl": [
                    "Auvergne-Rhône-Alpes"
                  ],
                  "es": [
                    "Auvergne-Rhône-Alpes"
                  ]
                },
                "insee": "84",
                "isPartOfCountry": {
                  "@id": "kb:France",
                  "@type": [
                    "schema:Country"
                  ],
                  "rdfs:label": {
                    "de": [
                      "France",
                      "Frankreich"
                    ],
                    "pt": [
                      "França",
                      "France"
                    ],
                    "en": [
                      "France"
                    ],
                    "it": [
                      "France",
                      "Francia"
                    ],
                    "fr": [
                      "France"
                    ],
                    "nl": [
                      "France",
                      "Frankrijk"
                    ],
                    "es": [
                      "France",
                      "Francia"
                    ]
                  }
                }
              }
            }
          }
        }
      ],
      "schema:geo": {
        "@id": "https://data.datatourisme.fr/e045e791-4224-38c5-88d4-de594a8f70fb",
        "schema:elevation": "760",
        "schema:latitude": "44.998541",
        "schema:longitude": "4.4555",
        "@type": [
          "schema:GeoCoordinates"
        ]
      },
      "schema:openingHoursSpecification": [
        {
          "@id": "https://data.datatourisme.fr/5acf370c-63d2-31c9-b8bb-c2a95f4c0ecf",
          "schema:closes": "19:00:00",
          "schema:opens": "17:00:00",
          "schema:validFrom": "2023-04-01T00:00:00",
          "schema:validThrough": "2023-10-31T23:59:59",
          "@type": [
            "schema:OpeningHoursSpecification"
          ]
        },
        {
          "@id": "https://data.datatourisme.fr/8e05687d-bfe0-3e51-9a79-127f3c6c2a92",
          "schema:closes": "18:00:00",
          "schema:opens": "17:00:00",
          "schema:validFrom": "2023-01-01T00:00:00",
          "schema:validThrough": "2023-03-31T23:59:59",
          "@type": [
            "schema:OpeningHoursSpecification"
          ]
        },
        {
          "@id": "https://data.datatourisme.fr/92022739-ebfd-32da-8579-43d9b324dff4",
          "schema:closes": "18:00:00",
          "schema:opens": "17:00:00",
          "schema:validFrom": "2023-11-01T00:00:00",
          "schema:validThrough": "2023-12-31T23:59:59",
          "@type": [
            "schema:OpeningHoursSpecification"
          ]
        }
      ],
      "@type": [
        "schema:Place",
        "Place"
      ]
    }
  ],
  "isOwnedBy": [
    {
      "@id": "https://data.datatourisme.fr/598955e7-8a4e-3395-b123-576cbc76c1e8",
      "schema:email": [
        "l.dejulis@ardeche-hautes-vallees.fr",
        "mf.devidal@ardeche-hautes-vallees.fr"
      ],
      "schema:legalName": "Office de Tourisme de Val'Eyrieux - Ardèche Hautes Vallées",
      "@type": [
        "schema:Organization",
        "foaf:Agent",
        "Agent"
      ],
      "foaf:homepage": [
        "https://www.ardeche-hautes-vallees.fr/"
      ]
    }
  ],
  "lastUpdate": "2023-04-24",
  "lastUpdateDatatourisme": "2023-04-25T05:43:15.413Z"
}