{
  "@id": "https://data.datatourisme.fr/13/000fac17-cff9-3918-a3d6-8edc919c8533",
  "dc:identifier": "5005925",
  "@type": [
    "schema:LocalBusiness",
    "ActivityProvider",
    "PlaceOfInterest",
    "PointOfInterest",
    "Store"
  ],
  "rdfs:comment": {
    "de": [
      "Während Ihres Urlaubs auf Korsika können Liebhaber von Wassersport und Nervenkitzel einen unvergesslichen Moment miteinander teilen... in Calvi\r\nVersprechen einer Begegnung mit... Pierre und Ghjulia"
    ],
    "en": [
      "During your holiday in Corsica, watersports fans and adrenalin seekers can enjoy an unforgettable experience... in Calvi.\r\nA chance to meet... Céline and Youssef"
    ],
    "it": [
      "Durante le vostre vacanze in Corsica, gli amanti degli sport acquatici e delle emozioni forti potranno condividere un momento indimenticabile... a Calvi\r\nPromessa di un incontro con... Pierre e Ghjulia"
    ],
    "fr": [
      "Lors de vos vacances en corse, les amateurs de sports nautiques et de sensations fortes pourront partager un moment inoubliable... à Calvi\r\nPromesse d'une rencontre avec... Pierre et Ghjulia"
    ],
    "nl": [
      "Tijdens uw vakantie op Corsica kunnen liefhebbers van watersport en sterke sensaties een onvergetelijk moment beleven... in Calvi\r\nBelofte van een ontmoeting met... Pierre en Ghjulia"
    ],
    "es": [
      "Durante sus vacaciones en Córcega, los amantes de los deportes acuáticos y las sensaciones fuertes podrán compartir un momento inolvidable... en Calvi\r\nLa promesa de una reunión con... Pierre y Ghjulia"
    ]
  },
  "rdfs:label": {
    "en": [
      "Calvi Jet Locations"
    ],
    "it": [
      "Calvi Jet Locations"
    ],
    "fr": [
      "Calvi Jet Locations"
    ]
  },
  "hasBeenCreatedBy": {
    "@id": "https://data.datatourisme.fr/13/e4873aa9-a05c-35ed-8395-61d121516766",
    "dc:identifier": "1646",
    "schema:email": [
      "contactpro@calvi-tourisme.corsica",
      "info@balagne-corsica.com",
      "tourisme@balagne-corsica.com"
    ],
    "schema:legalName": "Office de Tourisme Intercommunal Calvi - Balagne",
    "@type": [
      "schema:Organization",
      "foaf:Agent",
      "Agent"
    ],
    "foaf:homepage": [
      "https://www.balagne-corsica.com/"
    ]
  },
  "hasBeenPublishedBy": [
    {
      "@id": "https://data.datatourisme.fr/8a9feb4b-2cbd-3d2c-b507-bd6c6776b23b",
      "schema:legalName": "Apidae Tourisme Scic SA - source : Apidae Tourisme",
      "@type": [
        "schema:Organization",
        "foaf:Agent",
        "Agent"
      ],
      "foaf:homepage": [
        "https://www.apidae-tourisme.com/"
      ]
    }
  ],
  "hasContact": [
    {
      "@id": "https://data.datatourisme.fr/d7f7f123-e07f-3119-96de-88ac75239c71",
      "schema:email": [
        "calvijet@gmail.com"
      ],
      "schema:telephone": [
        "+33 6 26 17 04 97"
      ],
      "@type": [
        "foaf:Agent",
        "Agent"
      ],
      "foaf:homepage": [
        "https://www.calvi-jet.fr/"
      ]
    }
  ],
  "hasDescription": [
    {
      "@id": "https://data.datatourisme.fr/1759cd32-f91f-3fda-826a-1c5bc4f7dc1c",
      "@type": [
        "Description"
      ],
      "hasTranslatedProperty": [
        {
          "@id": "https://data.datatourisme.fr/171d0853-1ebb-37ee-8933-784907bc7565",
          "dc:contributor": [
            "https://api.deepl.com/v2/translate"
          ],
          "rdf:language": [
            "es"
          ],
          "rdf:predicate": [
            "shortDescription"
          ]
        },
        {
          "@id": "https://data.datatourisme.fr/3fbb553d-6bd2-36bf-8206-b7dd3b22eced",
          "dc:contributor": [
            "https://api.deepl.com/v2/translate"
          ],
          "rdf:language": [
            "nl"
          ],
          "rdf:predicate": [
            "shortDescription"
          ]
        },
        {
          "@id": "https://data.datatourisme.fr/93ec039d-d9ca-31b5-bd6d-75b6eca73687",
          "dc:contributor": [
            "https://api.deepl.com/v2/translate"
          ],
          "rdf:language": [
            "de"
          ],
          "rdf:predicate": [
            "shortDescription"
          ]
        }
      ],
      "shortDescription": {
        "de": [
          "Während Ihres Urlaubs auf Korsika können Liebhaber von Wassersport und Nervenkitzel einen unvergesslichen Moment miteinander teilen... in Calvi\r\nVersprechen einer Begegnung mit... Pierre und Ghjulia"
        ],
        "en": [
          "During your holiday in Corsica, watersports fans and adrenalin seekers can enjoy an unforgettable experience... in Calvi.\r\nA chance to meet... Céline and Youssef"
        ],
        "it": [
          "Durante le vostre vacanze in Corsica, gli amanti degli sport acquatici e delle emozioni forti potranno condividere un momento indimenticabile... a Calvi\r\nPromessa di un incontro con... Pierre e Ghjulia"
        ],
        "fr": [
          "Lors de vos vacances en corse, les amateurs de sports nautiques et de sensations fortes pourront partager un moment inoubliable... à Calvi\r\nPromesse d'une rencontre avec... Pierre et Ghjulia"
        ],
        "nl": [
          "Tijdens uw vakantie op Corsica kunnen liefhebbers van watersport en sterke sensaties een onvergetelijk moment beleven... in Calvi\r\nBelofte van een ontmoeting met... Pierre en Ghjulia"
        ],
        "es": [
          "Durante sus vacaciones en Córcega, los amantes de los deportes acuáticos y las sensaciones fuertes podrán compartir un momento inolvidable... en Calvi\r\nLa promesa de una reunión con... Pierre y Ghjulia"
        ]
      }
    }
  ],
  "hasTheme": [
    {
      "@id": "kb:SeaKayaking",
      "@type": [
        "SportsTheme"
      ],
      "rdfs:label": {
        "de": [
          "Seekajak"
        ],
        "pt": [
          "Caiaque marítimo"
        ],
        "en": [
          "Sea kayaking"
        ],
        "it": [
          "Kayak da mare"
        ],
        "fr": [
          "Kayak de mer"
        ],
        "nl": [
          "Zeekajakken"
        ],
        "es": [
          "Kayak de mar"
        ]
      }
    },
    {
      "@id": "kb:StandupPaddleboarding",
      "@type": [
        "SportsTheme"
      ],
      "rdfs:label": {
        "de": [
          "Stand-up Paddle (SUP)"
        ],
        "pt": [
          "Paddle de pé (SUP)"
        ],
        "en": [
          "Standup paddleboarding"
        ],
        "it": [
          "Stand up paddle (SUP)"
        ],
        "fr": [
          "Stand up paddle sup"
        ],
        "es": [
          "Tabla de pádel surf"
        ],
        "nl": [
          "Suppen"
        ]
      }
    },
    {
      "@id": "kb:TowableTube",
      "@type": [
        "SportsTheme"
      ],
      "rdfs:label": {
        "de": [
          "Banana Boat"
        ],
        "pt": [
          "Boia de tração"
        ],
        "en": [
          "Towable tube"
        ],
        "it": [
          "Ciambella trainata"
        ],
        "fr": [
          "Bouée tractée"
        ],
        "nl": [
          "Tubing"
        ],
        "es": [
          "Skibus náutico"
        ]
      }
    },
    {
      "@id": "kb:Wakeboarding",
      "@type": [
        "SportsTheme"
      ],
      "rdfs:label": {
        "de": [
          "Wake Board"
        ],
        "pt": [
          "Wakeboard"
        ],
        "en": [
          "Wakeboarding"
        ],
        "it": [
          "Wakeboard"
        ],
        "fr": [
          "Wake board"
        ],
        "nl": [
          "Wakeboarden"
        ],
        "es": [
          "Wake board"
        ]
      }
    },
    {
      "@id": "kb:WaterSkiing",
      "@type": [
        "SportsTheme"
      ],
      "rdfs:label": {
        "de": [
          "Wasserski"
        ],
        "pt": [
          "Esqui náutico"
        ],
        "en": [
          "Water skiing"
        ],
        "it": [
          "Sci d'acqua"
        ],
        "fr": [
          "Ski nautique"
        ],
        "nl": [
          "Waterskiën"
        ],
        "es": [
          "Esquí acuático"
        ]
      }
    }
  ],
  "hasTranslatedProperty": [
    {
      "@id": "https://data.datatourisme.fr/0b6fbe71-f8df-33d4-a052-5f68d814ee01",
      "dc:contributor": [
        "https://api.deepl.com/v2/translate"
      ],
      "rdf:language": [
        "es"
      ],
      "rdf:predicate": [
        {
          "@id": "rdfs:comment"
        }
      ]
    },
    {
      "@id": "https://data.datatourisme.fr/79ad0739-d715-36e9-9b50-2b29b29d1fe0",
      "dc:contributor": [
        "https://api.deepl.com/v2/translate"
      ],
      "rdf:language": [
        "de"
      ],
      "rdf:predicate": [
        {
          "@id": "rdfs:comment"
        }
      ]
    },
    {
      "@id": "https://data.datatourisme.fr/f1e14252-24e1-308e-8b79-ee16b824ac5f",
      "dc:contributor": [
        "https://api.deepl.com/v2/translate"
      ],
      "rdf:language": [
        "nl"
      ],
      "rdf:predicate": [
        {
          "@id": "rdfs:comment"
        }
      ]
    }
  ],
  "isLocatedAt": [
    {
      "@id": "https://data.datatourisme.fr/f4ee540b-472b-3f4f-b072-5ba6b244a4f5",
      "schema:address": [
        {
          "@id": "https://data.datatourisme.fr/7a9ea23e-6919-3616-a306-b03922fc920c",
          "schema:addressLocality": "Calvi",
          "schema:postalCode": "20260",
          "schema:streetAddress": [
            "A côté du restaurant \"Le Bout du Monde\"",
            "Entrée par le supermarché \"Casino\"",
            "Plage de Calvi"
          ],
          "@type": [
            "schema:PostalAddress",
            "PostalAddress"
          ],
          "hasAddressCity": {
            "@id": "kb:2B050",
            "@type": [
              "City"
            ],
            "rdfs:label": {
              "de": [
                "Calvi"
              ],
              "pt": [
                "Calvi"
              ],
              "en": [
                "Calvi"
              ],
              "it": [
                "Calvi"
              ],
              "fr": [
                "Calvi"
              ],
              "nl": [
                "Calvi"
              ],
              "es": [
                "Calvi"
              ]
            },
            "insee": "2B050",
            "isPartOfDepartment": {
              "@id": "kb:France942B",
              "@type": [
                "Department"
              ],
              "rdfs:label": {
                "de": [
                  "Haute-Corse"
                ],
                "pt": [
                  "Haute-Corse"
                ],
                "en": [
                  "Haute-Corse"
                ],
                "it": [
                  "Haute-Corse"
                ],
                "fr": [
                  "Haute-Corse"
                ],
                "nl": [
                  "Haute-Corse"
                ],
                "es": [
                  "Haute-Corse"
                ]
              },
              "insee": "2B",
              "isPartOfRegion": {
                "@id": "kb:France94",
                "@type": [
                  "Region"
                ],
                "rdfs:label": {
                  "de": [
                    "Corse"
                  ],
                  "pt": [
                    "Corse"
                  ],
                  "en": [
                    "Corse"
                  ],
                  "it": [
                    "Corse"
                  ],
                  "fr": [
                    "Corse"
                  ],
                  "nl": [
                    "Corse"
                  ],
                  "es": [
                    "Corse"
                  ]
                },
                "insee": "94",
                "isPartOfCountry": {
                  "@id": "kb:France",
                  "@type": [
                    "schema:Country"
                  ],
                  "rdfs:label": {
                    "de": [
                      "France",
                      "Frankreich"
                    ],
                    "pt": [
                      "França",
                      "France"
                    ],
                    "en": [
                      "France"
                    ],
                    "it": [
                      "France",
                      "Francia"
                    ],
                    "fr": [
                      "France"
                    ],
                    "nl": [
                      "France",
                      "Frankrijk"
                    ],
                    "es": [
                      "France",
                      "Francia"
                    ]
                  }
                }
              }
            }
          }
        }
      ],
      "schema:geo": {
        "@id": "https://data.datatourisme.fr/7b0e4362-6ce5-302f-b644-8fa122d783e9",
        "schema:latitude": "42.555104",
        "schema:longitude": "8.761533",
        "@type": [
          "schema:GeoCoordinates"
        ]
      },
      "schema:openingHoursSpecification": [
        {
          "@id": "https://data.datatourisme.fr/1e938103-b4b8-3327-86b8-9678c3e1a4f4",
          "schema:closes": "20:30:00",
          "schema:opens": "08:00:00",
          "schema:validFrom": "2023-05-01T00:00:00",
          "schema:validThrough": "2023-10-31T23:59:59",
          "@type": [
            "schema:OpeningHoursSpecification"
          ],
          "additionalInformation": {
            "de": [
              "Zeitraum als Richtwert"
            ],
            "en": [
              "Indicative period"
            ],
            "it": [
              "Periodo indicativo"
            ],
            "fr": [
              "Période à titre indicatif"
            ],
            "es": [
              "Período indicativo"
            ],
            "nl": [
              "Indicatieve periode"
            ]
          },
          "hasTranslatedProperty": [
            {
              "@id": "https://data.datatourisme.fr/293a2b30-0ff1-3bde-a4c4-9396d9b677e2",
              "dc:contributor": [
                "https://api.deepl.com/v2/translate"
              ],
              "rdf:language": [
                "it"
              ],
              "rdf:predicate": [
                "additionalInformation"
              ]
            },
            {
              "@id": "https://data.datatourisme.fr/617330d3-3a8a-3568-955c-40be24312566",
              "dc:contributor": [
                "https://api.deepl.com/v2/translate"
              ],
              "rdf:language": [
                "en"
              ],
              "rdf:predicate": [
                "additionalInformation"
              ]
            },
            {
              "@id": "https://data.datatourisme.fr/8fedf7f9-2373-3e70-864e-abd2fb32db37",
              "dc:contributor": [
                "https://api.deepl.com/v2/translate"
              ],
              "rdf:language": [
                "nl"
              ],
              "rdf:predicate": [
                "additionalInformation"
              ]
            },
            {
              "@id": "https://data.datatourisme.fr/a66e0590-e085-348b-907f-7c02448bd2f9",
              "dc:contributor": [
                "https://api.deepl.com/v2/translate"
              ],
              "rdf:language": [
                "es"
              ],
              "rdf:predicate": [
                "additionalInformation"
              ]
            },
            {
              "@id": "https://data.datatourisme.fr/cd4789b9-3d7b-30f0-98a5-7188da33ffc7",
              "dc:contributor": [
                "https://api.deepl.com/v2/translate"
              ],
              "rdf:language": [
                "de"
              ],
              "rdf:predicate": [
                "additionalInformation"
              ]
            }
          ]
        }
      ],
      "@type": [
        "schema:Place",
        "Place"
      ]
    }
  ],
  "isOwnedBy": [
    {
      "@id": "https://data.datatourisme.fr/194c52e6-bbae-33dc-8464-caca97844fbb",
      "schema:email": [
        "info@balagne-corsica.com"
      ],
      "schema:legalName": "Office de Tourisme Intercommunal Calvi - Balagne",
      "@type": [
        "schema:Organization",
        "foaf:Agent",
        "Agent"
      ],
      "foaf:homepage": [
        "https://www.balagne-corsica.com/"
      ]
    }
  ],
  "lastUpdate": "2022-08-11",
  "lastUpdateDatatourisme": "2023-02-22T06:42:37.696Z"
}