{
  "@id": "https://data.datatourisme.fr/13/004c9292-f035-3235-bf11-45ebea5ca50a",
  "dc:identifier": "4717741",
  "@type": [
    "schema:LocalBusiness",
    "ConvenientService",
    "ElectricVehicleChargingPoint",
    "PlaceOfInterest",
    "PointOfInterest",
    "Store"
  ],
  "rdfs:comment": {
    "de": [
      "2 Poller mit je 1 Steckdose des Typs 2 (22kwh) und 1 Steckdose des Typs E (4kwh)"
    ],
    "en": [
      "2 terminals each with 1 type 2 socket (22kwh) and 1 type E socket (4kwh)"
    ],
    "it": [
      "2 terminali ciascuno con 1 presa di tipo 2 (22kwh) e 1 presa di tipo E (4kwh)"
    ],
    "fr": [
      "2 bornes avec chacune 1 prise de type 2 (22kwh) et 1prise de type E (4kwh)"
    ],
    "nl": [
      "2 terminals met elk 1 stopcontact type 2 (22kwh) en 1 stopcontact type E (4kwh)"
    ],
    "es": [
      "2 terminales cada uno con 1 toma de tipo 2 (22kwh) y 1 toma de tipo E (4kwh)"
    ]
  },
  "rdfs:label": {
    "fr": [
      "Borne de recharge pour véhicule électrique et hybride - Génissieux"
    ]
  },
  "hasBeenCreatedBy": {
    "@id": "https://data.datatourisme.fr/13/d67d8ab4-f4c1-3bf2-aaa3-53e27879133c",
    "dc:identifier": "39",
    "schema:email": [
      "a.beurriand@valenceromanstourisme.com",
      "c.magnin@valenceromanstourisme.com",
      "c.matuchet@valenceromanstourisme.com",
      "c.thivolle@valenceromanstourisme.com",
      "f.oudelet@valenceromanstourisme.com",
      "m.lombard@valenceromanstourisme.com",
      "mc.charignon@valenceromanstourisme.com",
      "s.jacquier@valenceromanstourisme.com"
    ],
    "schema:legalName": "Valence Romans Tourisme",
    "@type": [
      "schema:Organization",
      "foaf:Agent",
      "Agent"
    ],
    "foaf:homepage": [
      "https://www.valence-romans-tourisme.com/fr/"
    ]
  },
  "hasBeenPublishedBy": [
    {
      "@id": "https://data.datatourisme.fr/d48f2ccd-2357-3a8e-b949-cb8bf19a361f",
      "schema:legalName": "Agence d'Attractivité de la Drôme - source : Apidae Tourisme",
      "@type": [
        "schema:Organization",
        "foaf:Agent",
        "Agent"
      ],
      "foaf:homepage": [
        "https://www.apidae-tourisme.com/"
      ]
    }
  ],
  "hasContact": [
    {
      "@id": "https://data.datatourisme.fr/13172627-58a5-3789-bf89-47dc01552a44",
      "schema:email": [
        "contact@reseau-eborn.fr"
      ],
      "schema:telephone": [
        "+33 4 23 10 03 50"
      ],
      "@type": [
        "foaf:Agent",
        "Agent"
      ],
      "foaf:homepage": [
        "https://www.eborn.fr/#FindEvse"
      ]
    }
  ],
  "hasDescription": [
    {
      "@id": "https://data.datatourisme.fr/2c150cb5-bb4f-3a71-a655-a627069fff10",
      "@type": [
        "Description"
      ],
      "hasTranslatedProperty": [
        {
          "@id": "https://data.datatourisme.fr/0b62ca5e-aa62-31d4-b1b6-913cbf742f57",
          "dc:contributor": [
            "https://api.deepl.com/v2/translate"
          ],
          "rdf:language": [
            "it"
          ],
          "rdf:predicate": [
            "shortDescription"
          ]
        },
        {
          "@id": "https://data.datatourisme.fr/0b867af3-5749-3ea2-be7e-d53a43e5bb6e",
          "dc:contributor": [
            "https://api.deepl.com/v2/translate"
          ],
          "rdf:language": [
            "nl"
          ],
          "rdf:predicate": [
            "shortDescription"
          ]
        },
        {
          "@id": "https://data.datatourisme.fr/682ff8aa-bcd3-392e-be55-8151f7c859be",
          "dc:contributor": [
            "https://api.deepl.com/v2/translate"
          ],
          "rdf:language": [
            "de"
          ],
          "rdf:predicate": [
            "shortDescription"
          ]
        },
        {
          "@id": "https://data.datatourisme.fr/b75eb54c-4afc-34b6-88e5-828579412f06",
          "dc:contributor": [
            "https://api.deepl.com/v2/translate"
          ],
          "rdf:language": [
            "es"
          ],
          "rdf:predicate": [
            "shortDescription"
          ]
        },
        {
          "@id": "https://data.datatourisme.fr/cb6933e1-6774-3157-8c4b-26426fba3a53",
          "dc:contributor": [
            "https://api.deepl.com/v2/translate"
          ],
          "rdf:language": [
            "en"
          ],
          "rdf:predicate": [
            "shortDescription"
          ]
        }
      ],
      "shortDescription": {
        "de": [
          "2 Poller mit je 1 Steckdose des Typs 2 (22kwh) und 1 Steckdose des Typs E (4kwh)"
        ],
        "en": [
          "2 terminals each with 1 type 2 socket (22kwh) and 1 type E socket (4kwh)"
        ],
        "it": [
          "2 terminali ciascuno con 1 presa di tipo 2 (22kwh) e 1 presa di tipo E (4kwh)"
        ],
        "fr": [
          "2 bornes avec chacune 1 prise de type 2 (22kwh) et 1prise de type E (4kwh)"
        ],
        "nl": [
          "2 terminals met elk 1 stopcontact type 2 (22kwh) en 1 stopcontact type E (4kwh)"
        ],
        "es": [
          "2 terminales cada uno con 1 toma de tipo 2 (22kwh) y 1 toma de tipo E (4kwh)"
        ]
      }
    }
  ],
  "hasTranslatedProperty": [
    {
      "@id": "https://data.datatourisme.fr/0b7987c5-f0fc-36a4-a6b8-7e5f620921ad",
      "dc:contributor": [
        "https://api.deepl.com/v2/translate"
      ],
      "rdf:language": [
        "de"
      ],
      "rdf:predicate": [
        {
          "@id": "rdfs:comment"
        }
      ]
    },
    {
      "@id": "https://data.datatourisme.fr/0f8f214b-31fa-34c6-bd65-c7505383c644",
      "dc:contributor": [
        "https://api.deepl.com/v2/translate"
      ],
      "rdf:language": [
        "nl"
      ],
      "rdf:predicate": [
        {
          "@id": "rdfs:comment"
        }
      ]
    },
    {
      "@id": "https://data.datatourisme.fr/547ba943-a882-3cdf-9d8e-00ea55d812c1",
      "dc:contributor": [
        "https://api.deepl.com/v2/translate"
      ],
      "rdf:language": [
        "en"
      ],
      "rdf:predicate": [
        {
          "@id": "rdfs:comment"
        }
      ]
    },
    {
      "@id": "https://data.datatourisme.fr/bc96cbcf-5c5e-3683-a762-64b796096255",
      "dc:contributor": [
        "https://api.deepl.com/v2/translate"
      ],
      "rdf:language": [
        "it"
      ],
      "rdf:predicate": [
        {
          "@id": "rdfs:comment"
        }
      ]
    },
    {
      "@id": "https://data.datatourisme.fr/d2425925-8883-32a8-b71f-2ba0631c4757",
      "dc:contributor": [
        "https://api.deepl.com/v2/translate"
      ],
      "rdf:language": [
        "es"
      ],
      "rdf:predicate": [
        {
          "@id": "rdfs:comment"
        }
      ]
    }
  ],
  "isLocatedAt": [
    {
      "@id": "https://data.datatourisme.fr/dd14c071-f9d5-3031-b4b1-b519805a0316",
      "schema:address": [
        {
          "@id": "https://data.datatourisme.fr/3069dc19-a92f-3305-abbe-dc207c08a3f2",
          "schema:addressLocality": "Génissieux",
          "schema:postalCode": "26750",
          "schema:streetAddress": [
            "Place du Marché"
          ],
          "@type": [
            "schema:PostalAddress",
            "PostalAddress"
          ],
          "hasAddressCity": {
            "@id": "kb:26139",
            "@type": [
              "City"
            ],
            "rdfs:label": {
              "de": [
                "Génissieux"
              ],
              "pt": [
                "Génissieux"
              ],
              "en": [
                "Génissieux"
              ],
              "it": [
                "Génissieux"
              ],
              "fr": [
                "Génissieux"
              ],
              "nl": [
                "Génissieux"
              ],
              "es": [
                "Génissieux"
              ]
            },
            "insee": "26139",
            "isPartOfDepartment": {
              "@id": "kb:France8426",
              "@type": [
                "Department"
              ],
              "rdfs:label": {
                "de": [
                  "Drôme"
                ],
                "pt": [
                  "Drôme"
                ],
                "en": [
                  "Drôme"
                ],
                "it": [
                  "Drôme"
                ],
                "fr": [
                  "Drôme"
                ],
                "nl": [
                  "Drôme"
                ],
                "es": [
                  "Drôme"
                ]
              },
              "insee": "26",
              "isPartOfRegion": {
                "@id": "kb:France84",
                "@type": [
                  "Region"
                ],
                "rdfs:label": {
                  "de": [
                    "Auvergne-Rhône-Alpes"
                  ],
                  "pt": [
                    "Auvergne-Rhône-Alpes"
                  ],
                  "en": [
                    "Auvergne-Rhône-Alpes"
                  ],
                  "it": [
                    "Auvergne-Rhône-Alpes"
                  ],
                  "fr": [
                    "Auvergne-Rhône-Alpes"
                  ],
                  "nl": [
                    "Auvergne-Rhône-Alpes"
                  ],
                  "es": [
                    "Auvergne-Rhône-Alpes"
                  ]
                },
                "insee": "84",
                "isPartOfCountry": {
                  "@id": "kb:France",
                  "@type": [
                    "schema:Country"
                  ],
                  "rdfs:label": {
                    "de": [
                      "France",
                      "Frankreich"
                    ],
                    "pt": [
                      "França",
                      "France"
                    ],
                    "en": [
                      "France"
                    ],
                    "it": [
                      "France",
                      "Francia"
                    ],
                    "fr": [
                      "France"
                    ],
                    "nl": [
                      "France",
                      "Frankrijk"
                    ],
                    "es": [
                      "France",
                      "Francia"
                    ]
                  }
                }
              }
            }
          }
        }
      ],
      "schema:geo": {
        "@id": "https://data.datatourisme.fr/7b79bb3d-3d00-36e9-bab1-a3117dc3d775",
        "schema:latitude": "45.081052",
        "schema:longitude": "5.085843",
        "@type": [
          "schema:GeoCoordinates"
        ]
      },
      "schema:openingHoursSpecification": [
        {
          "@id": "https://data.datatourisme.fr/7e0339f1-521d-3c49-be6b-ed4be7a84431",
          "schema:validFrom": "2023-01-01T00:00:00",
          "schema:validThrough": "2023-12-31T23:59:59",
          "@type": [
            "schema:OpeningHoursSpecification"
          ],
          "additionalInformation": {
            "de": [
              "24 Stunden am Tag - 7 Tage die Woche"
            ],
            "en": [
              "24 hours a day, 7 days a week"
            ],
            "it": [
              "24 ore su 24 - 7 giorni su 7"
            ],
            "fr": [
              "24h/24 - 7j/7"
            ],
            "nl": [
              "24 uur per dag - 7 dagen per week"
            ],
            "es": [
              "24 horas al día - 7 días a la semana"
            ]
          },
          "hasTranslatedProperty": [
            {
              "@id": "https://data.datatourisme.fr/40302ef5-6bbf-3ecc-a312-4fea93c8c863",
              "dc:contributor": [
                "https://api.deepl.com/v2/translate"
              ],
              "rdf:language": [
                "nl"
              ],
              "rdf:predicate": [
                "additionalInformation"
              ]
            },
            {
              "@id": "https://data.datatourisme.fr/7221696f-7384-3985-9ebf-12ee7ff72026",
              "dc:contributor": [
                "https://api.deepl.com/v2/translate"
              ],
              "rdf:language": [
                "en"
              ],
              "rdf:predicate": [
                "additionalInformation"
              ]
            },
            {
              "@id": "https://data.datatourisme.fr/9bdc1171-c8fc-38be-adc3-218a6bc88d81",
              "dc:contributor": [
                "https://api.deepl.com/v2/translate"
              ],
              "rdf:language": [
                "it"
              ],
              "rdf:predicate": [
                "additionalInformation"
              ]
            },
            {
              "@id": "https://data.datatourisme.fr/e6689bc7-e359-361d-a736-1a99712cf8a3",
              "dc:contributor": [
                "https://api.deepl.com/v2/translate"
              ],
              "rdf:language": [
                "de"
              ],
              "rdf:predicate": [
                "additionalInformation"
              ]
            },
            {
              "@id": "https://data.datatourisme.fr/f7c9a0ee-68fb-32c0-b85e-0876c51f41a7",
              "dc:contributor": [
                "https://api.deepl.com/v2/translate"
              ],
              "rdf:language": [
                "es"
              ],
              "rdf:predicate": [
                "additionalInformation"
              ]
            }
          ]
        }
      ],
      "@type": [
        "schema:Place",
        "Place"
      ]
    }
  ],
  "isOwnedBy": [
    {
      "@id": "https://data.datatourisme.fr/03dc9480-1914-33fc-b7f0-2aaf1a67f241",
      "schema:email": [
        "a.beurriand@valenceromanstourisme.com",
        "c.magnin@valenceromanstourisme.com",
        "c.matuchet@valenceromanstourisme.com",
        "c.thivolle@valenceromanstourisme.com",
        "m.lombard@valenceromanstourisme.com",
        "s.jacquier@valenceromanstourisme.com"
      ],
      "schema:legalName": "Valence Romans Tourisme",
      "@type": [
        "schema:Organization",
        "foaf:Agent",
        "Agent"
      ],
      "foaf:homepage": [
        "https://www.valence-romans-tourisme.com/fr/"
      ]
    }
  ],
  "lastUpdate": "2022-04-28",
  "lastUpdateDatatourisme": "2023-08-07T05:37:06.578Z"
}