{
  "@id": "https://data.datatourisme.fr/13/00dc61da-f4e1-3bac-b63c-e14bd9655a84",
  "dc:identifier": "4868312",
  "@type": [
    "schema:LocalBusiness",
    "schema:TouristInformationCenter",
    "LocalTouristOffice",
    "PlaceOfInterest",
    "PointOfInterest",
    "Store",
    "TouristInformationCenter"
  ],
  "rdfs:comment": {
    "de": [
      "Das ehrenamtliche Team des Fremdenverkehrsamts empfängt Sie und informiert Sie über die Aktivitäten in Le Bessat und Umgebung: Wandern oder Mountainbiken, Orientierungslauf, nordische Aktivitäten, Abenteuerspiele..."
    ],
    "en": [
      "The team of volunteers of the Syndicat d'Initiative welcomes you and informs you about the activities of Le Bessat and its surroundings: hiking or mountain biking, orienteering, Nordic activities, adventure-games..."
    ],
    "it": [
      "Il team di volontari del Syndicat d'Initiative vi accoglie e vi fornisce informazioni sulle attività da svolgere a Le Bessat e dintorni: escursioni a piedi o in mountain bike, orienteering, attività nordiche, giochi d'avventura, ecc."
    ],
    "fr": [
      "L'équipe de bénévoles du Syndicat d'Initiative vous accueille et vous renseigne sur les activités du Bessat et alentours : randonnée pédestre ou VTT, course d'orientation, activités nordiques, aventures-jeux..."
    ],
    "nl": [
      "Het team vrijwilligers van het Syndicat d'Initiative heet u welkom en geeft informatie over activiteiten in en rond Le Bessat: wandelen of mountainbiken, oriëntatieloop, nordic activiteiten, avontuurlijke spelletjes, enz."
    ],
    "es": [
      "El equipo de voluntarios del Sindicato de Iniciativa le da la bienvenida y le proporciona información sobre las actividades que se realizan en Le Bessat y sus alrededores: senderismo o bicicleta de montaña, orientación, actividades nórdicas, juegos de aventura, etc."
    ]
  },
  "rdfs:label": {
    "fr": [
      "Syndicat d'Initiative du Bessat"
    ]
  },
  "hasBeenCreatedBy": {
    "@id": "https://data.datatourisme.fr/13/a5e00132-373a-3031-800f-d987a3c9f87b",
    "dc:identifier": "146",
    "schema:email": [
      "folivier@parc-naturel-pilat.fr"
    ],
    "schema:legalName": "Office de Tourisme du Pilat",
    "@type": [
      "schema:Organization",
      "foaf:Agent",
      "Agent"
    ],
    "foaf:homepage": [
      "http://www.parc-naturel-pilat.fr/"
    ]
  },
  "hasBeenPublishedBy": [
    {
      "@id": "https://data.datatourisme.fr/8a9feb4b-2cbd-3d2c-b507-bd6c6776b23b",
      "schema:legalName": "Apidae Tourisme Scic SA - source : Apidae Tourisme",
      "@type": [
        "schema:Organization",
        "foaf:Agent",
        "Agent"
      ],
      "foaf:homepage": [
        "https://www.apidae-tourisme.com/"
      ]
    }
  ],
  "hasContact": [
    {
      "@id": "https://data.datatourisme.fr/1c2fbe66-6c11-379b-8750-a83432424366",
      "schema:email": [
        "si.lebessat@gmail.com"
      ],
      "schema:telephone": [
        "+33 4 77 20 43 76"
      ],
      "@type": [
        "foaf:Agent",
        "Agent"
      ],
      "foaf:homepage": [
        "http://www.pilat-tourisme.fr/"
      ]
    }
  ],
  "hasDescription": [
    {
      "@id": "https://data.datatourisme.fr/e8a9024d-93ba-3a87-9e41-3148e89148d8",
      "@type": [
        "Description"
      ],
      "hasTranslatedProperty": [
        {
          "@id": "https://data.datatourisme.fr/32258ea5-ff00-36c2-adc2-5dfebcc7548a",
          "dc:contributor": [
            "https://api.deepl.com/v2/translate"
          ],
          "rdf:language": [
            "de"
          ],
          "rdf:predicate": [
            "shortDescription"
          ]
        },
        {
          "@id": "https://data.datatourisme.fr/9a6d2828-8d05-3790-98d7-ea215117ff46",
          "dc:contributor": [
            "https://api.deepl.com/v2/translate"
          ],
          "rdf:language": [
            "nl"
          ],
          "rdf:predicate": [
            "shortDescription"
          ]
        },
        {
          "@id": "https://data.datatourisme.fr/a06d2de4-28ed-3ba0-9c65-d6c4530725e8",
          "dc:contributor": [
            "https://api.deepl.com/v2/translate"
          ],
          "rdf:language": [
            "es"
          ],
          "rdf:predicate": [
            "shortDescription"
          ]
        },
        {
          "@id": "https://data.datatourisme.fr/c11ebff6-4737-3ecd-bbb7-0ebc7e42742b",
          "dc:contributor": [
            "https://api.deepl.com/v2/translate"
          ],
          "rdf:language": [
            "it"
          ],
          "rdf:predicate": [
            "shortDescription"
          ]
        },
        {
          "@id": "https://data.datatourisme.fr/cb19f13b-d287-3eb3-8166-78b1cd16a8ca",
          "dc:contributor": [
            "https://api.deepl.com/v2/translate"
          ],
          "rdf:language": [
            "en"
          ],
          "rdf:predicate": [
            "shortDescription"
          ]
        }
      ],
      "shortDescription": {
        "de": [
          "Das ehrenamtliche Team des Fremdenverkehrsamts empfängt Sie und informiert Sie über die Aktivitäten in Le Bessat und Umgebung: Wandern oder Mountainbiken, Orientierungslauf, nordische Aktivitäten, Abenteuerspiele..."
        ],
        "en": [
          "The team of volunteers of the Syndicat d'Initiative welcomes you and informs you about the activities of Le Bessat and its surroundings: hiking or mountain biking, orienteering, Nordic activities, adventure-games..."
        ],
        "it": [
          "Il team di volontari del Syndicat d'Initiative vi accoglie e vi fornisce informazioni sulle attività da svolgere a Le Bessat e dintorni: escursioni a piedi o in mountain bike, orienteering, attività nordiche, giochi d'avventura, ecc."
        ],
        "fr": [
          "L'équipe de bénévoles du Syndicat d'Initiative vous accueille et vous renseigne sur les activités du Bessat et alentours : randonnée pédestre ou VTT, course d'orientation, activités nordiques, aventures-jeux..."
        ],
        "nl": [
          "Het team vrijwilligers van het Syndicat d'Initiative heet u welkom en geeft informatie over activiteiten in en rond Le Bessat: wandelen of mountainbiken, oriëntatieloop, nordic activiteiten, avontuurlijke spelletjes, enz."
        ],
        "es": [
          "El equipo de voluntarios del Sindicato de Iniciativa le da la bienvenida y le proporciona información sobre las actividades que se realizan en Le Bessat y sus alrededores: senderismo o bicicleta de montaña, orientación, actividades nórdicas, juegos de aventura, etc."
        ]
      }
    }
  ],
  "hasTranslatedProperty": [
    {
      "@id": "https://data.datatourisme.fr/35b5433c-f0fb-3a58-839a-3eab780f1999",
      "dc:contributor": [
        "https://api.deepl.com/v2/translate"
      ],
      "rdf:language": [
        "nl"
      ],
      "rdf:predicate": [
        {
          "@id": "rdfs:comment"
        }
      ]
    },
    {
      "@id": "https://data.datatourisme.fr/3f287098-7f7b-3c81-a006-9e31f39de7c8",
      "dc:contributor": [
        "https://api.deepl.com/v2/translate"
      ],
      "rdf:language": [
        "it"
      ],
      "rdf:predicate": [
        {
          "@id": "rdfs:comment"
        }
      ]
    },
    {
      "@id": "https://data.datatourisme.fr/873e4afc-b32f-3360-aa59-d89956288ee3",
      "dc:contributor": [
        "https://api.deepl.com/v2/translate"
      ],
      "rdf:language": [
        "en"
      ],
      "rdf:predicate": [
        {
          "@id": "rdfs:comment"
        }
      ]
    },
    {
      "@id": "https://data.datatourisme.fr/cfa98489-a605-3f76-aa05-3d8a16adb616",
      "dc:contributor": [
        "https://api.deepl.com/v2/translate"
      ],
      "rdf:language": [
        "de"
      ],
      "rdf:predicate": [
        {
          "@id": "rdfs:comment"
        }
      ]
    },
    {
      "@id": "https://data.datatourisme.fr/e20a4e3b-63c7-3a86-9220-c0d7d1f93e3f",
      "dc:contributor": [
        "https://api.deepl.com/v2/translate"
      ],
      "rdf:language": [
        "es"
      ],
      "rdf:predicate": [
        {
          "@id": "rdfs:comment"
        }
      ]
    }
  ],
  "isLocatedAt": [
    {
      "@id": "https://data.datatourisme.fr/bd7ce634-f012-3005-96ff-290f430ed7da",
      "schema:address": [
        {
          "@id": "https://data.datatourisme.fr/038abc89-f11b-3da0-9f6c-065560cae757",
          "schema:addressLocality": "Le Bessat",
          "schema:postalCode": "42660",
          "@type": [
            "schema:PostalAddress",
            "PostalAddress"
          ],
          "hasAddressCity": {
            "@id": "kb:42017",
            "@type": [
              "City"
            ],
            "rdfs:label": {
              "de": [
                "Le Bessat"
              ],
              "pt": [
                "Le Bessat"
              ],
              "en": [
                "Le Bessat"
              ],
              "it": [
                "Le Bessat"
              ],
              "fr": [
                "Le Bessat"
              ],
              "nl": [
                "Le Bessat"
              ],
              "es": [
                "Le Bessat"
              ]
            },
            "insee": "42017",
            "isPartOfDepartment": {
              "@id": "kb:France8442",
              "@type": [
                "Department"
              ],
              "rdfs:label": {
                "de": [
                  "Loire"
                ],
                "pt": [
                  "Loire"
                ],
                "en": [
                  "Loire"
                ],
                "it": [
                  "Loire"
                ],
                "fr": [
                  "Loire"
                ],
                "nl": [
                  "Loire"
                ],
                "es": [
                  "Loire"
                ]
              },
              "insee": "42",
              "isPartOfRegion": {
                "@id": "kb:France84",
                "@type": [
                  "Region"
                ],
                "rdfs:label": {
                  "de": [
                    "Auvergne-Rhône-Alpes"
                  ],
                  "pt": [
                    "Auvergne-Rhône-Alpes"
                  ],
                  "en": [
                    "Auvergne-Rhône-Alpes"
                  ],
                  "it": [
                    "Auvergne-Rhône-Alpes"
                  ],
                  "fr": [
                    "Auvergne-Rhône-Alpes"
                  ],
                  "nl": [
                    "Auvergne-Rhône-Alpes"
                  ],
                  "es": [
                    "Auvergne-Rhône-Alpes"
                  ]
                },
                "insee": "84",
                "isPartOfCountry": {
                  "@id": "kb:France",
                  "@type": [
                    "schema:Country"
                  ],
                  "rdfs:label": {
                    "de": [
                      "France",
                      "Frankreich"
                    ],
                    "pt": [
                      "França",
                      "France"
                    ],
                    "en": [
                      "France"
                    ],
                    "it": [
                      "France",
                      "Francia"
                    ],
                    "fr": [
                      "France"
                    ],
                    "nl": [
                      "France",
                      "Frankrijk"
                    ],
                    "es": [
                      "France",
                      "Francia"
                    ]
                  }
                }
              }
            }
          }
        }
      ],
      "schema:geo": {
        "@id": "https://data.datatourisme.fr/4e53e1e0-8c01-30b0-a12b-dea1b7b72ecc",
        "schema:latitude": "45.368339",
        "schema:longitude": "4.516552",
        "@type": [
          "schema:GeoCoordinates"
        ]
      },
      "schema:openingHoursSpecification": [
        {
          "@id": "https://data.datatourisme.fr/0ca5132e-405c-36cb-b7ea-d0ca7ef5daa5",
          "schema:validFrom": "2023-02-20T00:00:00",
          "schema:validThrough": "2023-03-31T23:59:59",
          "@type": [
            "schema:OpeningHoursSpecification"
          ],
          "additionalInformation": {
            "de": [
              "Geöffnet von 9 bis 12 Uhr und von 14 bis 17 Uhr"
            ],
            "en": [
              "Open from 9h to 12h and from 14h to 17h"
            ],
            "it": [
              "Aperto dalle 9.00 alle 12.00 e dalle 14.00 alle 17.00"
            ],
            "fr": [
              "Ouvert de 9h à 12h et de 14h à 17h"
            ],
            "nl": [
              "Open van 9 tot 12 uur en van 14 tot 17 uur"
            ],
            "es": [
              "Abierto de 9 a 12 y de 14 a 17 horas"
            ]
          },
          "hasTranslatedProperty": [
            {
              "@id": "https://data.datatourisme.fr/50a8e963-cf99-3221-b6ac-483424bf0151",
              "dc:contributor": [
                "https://api.deepl.com/v2/translate"
              ],
              "rdf:language": [
                "es"
              ],
              "rdf:predicate": [
                "additionalInformation"
              ]
            },
            {
              "@id": "https://data.datatourisme.fr/96ccd596-e462-3fc1-acf6-475d227b56c5",
              "dc:contributor": [
                "https://api.deepl.com/v2/translate"
              ],
              "rdf:language": [
                "it"
              ],
              "rdf:predicate": [
                "additionalInformation"
              ]
            },
            {
              "@id": "https://data.datatourisme.fr/9a48734b-dda2-3c2c-adb4-11de19f0f1e8",
              "dc:contributor": [
                "https://api.deepl.com/v2/translate"
              ],
              "rdf:language": [
                "en"
              ],
              "rdf:predicate": [
                "additionalInformation"
              ]
            },
            {
              "@id": "https://data.datatourisme.fr/9dc40609-35f4-3ed8-96cf-1e04b91e1542",
              "dc:contributor": [
                "https://api.deepl.com/v2/translate"
              ],
              "rdf:language": [
                "de"
              ],
              "rdf:predicate": [
                "additionalInformation"
              ]
            },
            {
              "@id": "https://data.datatourisme.fr/da905c49-10e3-365a-bb70-d852106ef2f5",
              "dc:contributor": [
                "https://api.deepl.com/v2/translate"
              ],
              "rdf:language": [
                "nl"
              ],
              "rdf:predicate": [
                "additionalInformation"
              ]
            }
          ]
        },
        {
          "@id": "https://data.datatourisme.fr/0f06629f-722b-3a91-abb2-77e040fd6565",
          "schema:closes": "12:00:00",
          "schema:opens": "09:00:00",
          "schema:validFrom": "2023-05-19T00:00:00",
          "schema:validThrough": "2023-05-19T23:59:59",
          "@type": [
            "schema:OpeningHoursSpecification"
          ]
        },
        {
          "@id": "https://data.datatourisme.fr/17c0a3d2-c1bf-3462-bd46-4822c2e5de45",
          "schema:validFrom": "2023-06-17T00:00:00",
          "schema:validThrough": "2023-06-18T23:59:59",
          "@type": [
            "schema:OpeningHoursSpecification"
          ],
          "additionalInformation": {
            "de": [
              "Geöffnet von 9 bis 12 Uhr und von 14 bis 17 Uhr"
            ],
            "en": [
              "Open from 9h to 12h and from 14h to 17h"
            ],
            "it": [
              "Aperto dalle 9.00 alle 12.00 e dalle 14.00 alle 17.00"
            ],
            "fr": [
              "Ouvert de 9h à 12h et de 14h à 17h"
            ],
            "nl": [
              "Open van 9 tot 12 uur en van 14 tot 17 uur"
            ],
            "es": [
              "Abierto de 9 a 12 y de 14 a 17 horas"
            ]
          },
          "hasTranslatedProperty": [
            {
              "@id": "https://data.datatourisme.fr/7ae7bd24-da32-3727-bb91-a0749ec071fc",
              "dc:contributor": [
                "https://api.deepl.com/v2/translate"
              ],
              "rdf:language": [
                "nl"
              ],
              "rdf:predicate": [
                "additionalInformation"
              ]
            },
            {
              "@id": "https://data.datatourisme.fr/87a1e0ad-934d-3703-a271-e5862df9ddda",
              "dc:contributor": [
                "https://api.deepl.com/v2/translate"
              ],
              "rdf:language": [
                "en"
              ],
              "rdf:predicate": [
                "additionalInformation"
              ]
            },
            {
              "@id": "https://data.datatourisme.fr/92754afb-fc0c-378f-89f1-a9e6fcea5be5",
              "dc:contributor": [
                "https://api.deepl.com/v2/translate"
              ],
              "rdf:language": [
                "es"
              ],
              "rdf:predicate": [
                "additionalInformation"
              ]
            },
            {
              "@id": "https://data.datatourisme.fr/9f243562-6a44-3a30-8c35-2e3b2e0cad52",
              "dc:contributor": [
                "https://api.deepl.com/v2/translate"
              ],
              "rdf:language": [
                "de"
              ],
              "rdf:predicate": [
                "additionalInformation"
              ]
            },
            {
              "@id": "https://data.datatourisme.fr/9f7c6495-2a72-37df-8603-ad94178dee6c",
              "dc:contributor": [
                "https://api.deepl.com/v2/translate"
              ],
              "rdf:language": [
                "it"
              ],
              "rdf:predicate": [
                "additionalInformation"
              ]
            }
          ]
        },
        {
          "@id": "https://data.datatourisme.fr/24af716b-a20b-335a-91cf-707772268dac",
          "schema:validFrom": "2023-06-03T00:00:00",
          "schema:validThrough": "2023-06-04T23:59:59",
          "@type": [
            "schema:OpeningHoursSpecification"
          ],
          "additionalInformation": {
            "de": [
              "Von 9 bis 12 Uhr und von 14 bis 18 Uhr"
            ],
            "en": [
              "From 9h to 12h and from 14h to 18h"
            ],
            "it": [
              "Dalle 9.00 alle 12.00 e dalle 14.00 alle 18.00"
            ],
            "fr": [
              "De 9h à 12h et de 14h à 18h"
            ],
            "nl": [
              "Van 9u tot 12u en van 14u tot 18u"
            ],
            "es": [
              "De 9 a 12 horas y de 14 a 18 horas"
            ]
          },
          "hasTranslatedProperty": [
            {
              "@id": "https://data.datatourisme.fr/19de6f51-e416-3b6c-8215-d9d4e3879b38",
              "dc:contributor": [
                "https://api.deepl.com/v2/translate"
              ],
              "rdf:language": [
                "it"
              ],
              "rdf:predicate": [
                "additionalInformation"
              ]
            },
            {
              "@id": "https://data.datatourisme.fr/6680887d-c21d-3e44-ac30-5e5c3c05de07",
              "dc:contributor": [
                "https://api.deepl.com/v2/translate"
              ],
              "rdf:language": [
                "de"
              ],
              "rdf:predicate": [
                "additionalInformation"
              ]
            },
            {
              "@id": "https://data.datatourisme.fr/6e29de5b-355f-373f-bbd1-84fe6074371b",
              "dc:contributor": [
                "https://api.deepl.com/v2/translate"
              ],
              "rdf:language": [
                "nl"
              ],
              "rdf:predicate": [
                "additionalInformation"
              ]
            },
            {
              "@id": "https://data.datatourisme.fr/cd3da9dd-6cb6-3ffa-83dd-347a1fa1b05b",
              "dc:contributor": [
                "https://api.deepl.com/v2/translate"
              ],
              "rdf:language": [
                "es"
              ],
              "rdf:predicate": [
                "additionalInformation"
              ]
            },
            {
              "@id": "https://data.datatourisme.fr/dd81084a-510d-3f9c-b583-f28e38672405",
              "dc:contributor": [
                "https://api.deepl.com/v2/translate"
              ],
              "rdf:language": [
                "en"
              ],
              "rdf:predicate": [
                "additionalInformation"
              ]
            }
          ]
        },
        {
          "@id": "https://data.datatourisme.fr/2b5fde93-418a-3d0d-bca1-5463b3f9fc88",
          "schema:closes": "12:00:00",
          "schema:opens": "09:00:00",
          "schema:validFrom": "2023-07-08T00:00:00",
          "schema:validThrough": "2023-09-10T23:59:59",
          "@type": [
            "schema:OpeningHoursSpecification"
          ]
        },
        {
          "@id": "https://data.datatourisme.fr/2dc9bbae-de60-3c5d-9648-ccace2d76e7f",
          "schema:closes": "16:00:00",
          "schema:opens": "08:30:00",
          "schema:validFrom": "2023-12-17T00:00:00",
          "schema:validThrough": "2023-01-02T23:59:59",
          "@type": [
            "schema:OpeningHoursSpecification"
          ],
          "additionalInformation": {
            "de": [
              "An Feiertagen geschlossen.\r\n Samstag, den 24. und 31. Dezember um 12 Uhr geschlossen."
            ],
            "en": [
              "Closed on public holidays.\r\n Closed at noon on Saturday, December 24 and 31."
            ],
            "it": [
              "Chiuso nei giorni festivi.\r\n Chiuso alle 12.00 il sabato 24 e 31 dicembre."
            ],
            "fr": [
              "Fermé les jours fériés.\r\n Fermeture à 12h les samedis 24 et 31 décembre."
            ],
            "nl": [
              "Gesloten op feestdagen.\r\n Gesloten op zaterdag 24 en 31 december om 12.00 uur."
            ],
            "es": [
              "Cerrado los días festivos.\r\n Cerrado a las 12.00 horas los sábados 24 y 31 de diciembre."
            ]
          },
          "hasTranslatedProperty": [
            {
              "@id": "https://data.datatourisme.fr/2828c7db-83e6-35df-9204-60f566a42e76",
              "dc:contributor": [
                "https://api.deepl.com/v2/translate"
              ],
              "rdf:language": [
                "it"
              ],
              "rdf:predicate": [
                "additionalInformation"
              ]
            },
            {
              "@id": "https://data.datatourisme.fr/5d582658-a003-3c6a-a3b5-b98797c28166",
              "dc:contributor": [
                "https://api.deepl.com/v2/translate"
              ],
              "rdf:language": [
                "nl"
              ],
              "rdf:predicate": [
                "additionalInformation"
              ]
            },
            {
              "@id": "https://data.datatourisme.fr/c039924f-6427-3f7c-bfbf-6dc58e648154",
              "dc:contributor": [
                "https://api.deepl.com/v2/translate"
              ],
              "rdf:language": [
                "es"
              ],
              "rdf:predicate": [
                "additionalInformation"
              ]
            },
            {
              "@id": "https://data.datatourisme.fr/c2f38ec9-3207-39e4-acbc-8e9e508ba9ca",
              "dc:contributor": [
                "https://api.deepl.com/v2/translate"
              ],
              "rdf:language": [
                "de"
              ],
              "rdf:predicate": [
                "additionalInformation"
              ]
            },
            {
              "@id": "https://data.datatourisme.fr/e5853349-a000-31d9-8227-bc8e2f714ab5",
              "dc:contributor": [
                "https://api.deepl.com/v2/translate"
              ],
              "rdf:language": [
                "en"
              ],
              "rdf:predicate": [
                "additionalInformation"
              ]
            }
          ]
        },
        {
          "@id": "https://data.datatourisme.fr/31424769-8ed2-3d9b-97aa-94e6065b2a71",
          "schema:closes": "12:00:00",
          "schema:opens": "09:00:00",
          "schema:validFrom": "2023-04-22T00:00:00",
          "schema:validThrough": "2023-04-22T23:59:59",
          "@type": [
            "schema:OpeningHoursSpecification"
          ]
        },
        {
          "@id": "https://data.datatourisme.fr/38bce734-de65-3968-af2a-128c04b02b2f",
          "schema:validFrom": "2023-06-10T00:00:00",
          "schema:validThrough": "2023-06-11T23:59:59",
          "@type": [
            "schema:OpeningHoursSpecification"
          ],
          "additionalInformation": {
            "de": [
              "Von 9 bis 12 Uhr und von 14 bis 18 Uhr"
            ],
            "en": [
              "From 9h to 12h and from 14h to 18h"
            ],
            "it": [
              "Dalle 9.00 alle 12.00 e dalle 14.00 alle 18.00"
            ],
            "fr": [
              "De 9h à 12h et de 14h à 18h"
            ],
            "nl": [
              "Van 9u tot 12u en van 14u tot 18u"
            ],
            "es": [
              "De 9 a 12 horas y de 14 a 18 horas"
            ]
          },
          "hasTranslatedProperty": [
            {
              "@id": "https://data.datatourisme.fr/1e6439df-c844-3447-819b-ea963ded1075",
              "dc:contributor": [
                "https://api.deepl.com/v2/translate"
              ],
              "rdf:language": [
                "en"
              ],
              "rdf:predicate": [
                "additionalInformation"
              ]
            },
            {
              "@id": "https://data.datatourisme.fr/5313dc64-1be4-3b77-85c7-8a68ce12a57b",
              "dc:contributor": [
                "https://api.deepl.com/v2/translate"
              ],
              "rdf:language": [
                "de"
              ],
              "rdf:predicate": [
                "additionalInformation"
              ]
            },
            {
              "@id": "https://data.datatourisme.fr/cf76dabc-ba41-3e64-9f56-a28c7087e99c",
              "dc:contributor": [
                "https://api.deepl.com/v2/translate"
              ],
              "rdf:language": [
                "it"
              ],
              "rdf:predicate": [
                "additionalInformation"
              ]
            },
            {
              "@id": "https://data.datatourisme.fr/e2f59c59-39f3-3cb7-bb90-fbd0d727cd13",
              "dc:contributor": [
                "https://api.deepl.com/v2/translate"
              ],
              "rdf:language": [
                "nl"
              ],
              "rdf:predicate": [
                "additionalInformation"
              ]
            },
            {
              "@id": "https://data.datatourisme.fr/ff561100-b676-3d40-81cd-af7c8eed1f7e",
              "dc:contributor": [
                "https://api.deepl.com/v2/translate"
              ],
              "rdf:language": [
                "es"
              ],
              "rdf:predicate": [
                "additionalInformation"
              ]
            }
          ]
        },
        {
          "@id": "https://data.datatourisme.fr/5d9975e0-ed48-3fa1-96c1-da578af537b6",
          "schema:validFrom": "2023-05-18T00:00:00",
          "schema:validThrough": "2023-05-18T23:59:59",
          "@type": [
            "schema:OpeningHoursSpecification"
          ],
          "additionalInformation": {
            "de": [
              "Von 9:00 bis 12:00 Uhr und von 14:00 bis 17:00 Uhr"
            ],
            "en": [
              "From 9h to 12h and from 14h to 17h"
            ],
            "it": [
              "Dalle 9.00 alle 12.00 e dalle 14.00 alle 17.00"
            ],
            "fr": [
              "De 9h à 12h et de 14h à 17h"
            ],
            "nl": [
              "Van 9u tot 12u en van 14u tot 17u"
            ],
            "es": [
              "De 9 a 12 y de 14 a 17 horas"
            ]
          },
          "hasTranslatedProperty": [
            {
              "@id": "https://data.datatourisme.fr/07c4f7a4-7834-3b02-b12f-502e706f5b49",
              "dc:contributor": [
                "https://api.deepl.com/v2/translate"
              ],
              "rdf:language": [
                "nl"
              ],
              "rdf:predicate": [
                "additionalInformation"
              ]
            },
            {
              "@id": "https://data.datatourisme.fr/14723a7e-6c59-37dd-adac-916ba698ea2a",
              "dc:contributor": [
                "https://api.deepl.com/v2/translate"
              ],
              "rdf:language": [
                "en"
              ],
              "rdf:predicate": [
                "additionalInformation"
              ]
            },
            {
              "@id": "https://data.datatourisme.fr/70882129-1090-3bb4-8253-bd303e15a649",
              "dc:contributor": [
                "https://api.deepl.com/v2/translate"
              ],
              "rdf:language": [
                "de"
              ],
              "rdf:predicate": [
                "additionalInformation"
              ]
            },
            {
              "@id": "https://data.datatourisme.fr/9ee6f962-d139-3942-be3a-ccf501e782ed",
              "dc:contributor": [
                "https://api.deepl.com/v2/translate"
              ],
              "rdf:language": [
                "es"
              ],
              "rdf:predicate": [
                "additionalInformation"
              ]
            },
            {
              "@id": "https://data.datatourisme.fr/c7e884c9-4647-39d0-bd5e-54438a92eb6c",
              "dc:contributor": [
                "https://api.deepl.com/v2/translate"
              ],
              "rdf:language": [
                "it"
              ],
              "rdf:predicate": [
                "additionalInformation"
              ]
            }
          ]
        },
        {
          "@id": "https://data.datatourisme.fr/804dad2f-5c59-347c-8cc7-2d0ecc49136f",
          "schema:validFrom": "2023-04-15T00:00:00",
          "schema:validThrough": "2023-04-16T23:59:59",
          "@type": [
            "schema:OpeningHoursSpecification"
          ],
          "additionalInformation": {
            "de": [
              "Geöffnet von 9 bis 12 Uhr und von 14 bis 17 Uhr"
            ],
            "en": [
              "Open from 9h to 12h and from 14h to 17h"
            ],
            "it": [
              "Aperto dalle 9.00 alle 12.00 e dalle 14.00 alle 17.00"
            ],
            "fr": [
              "Ouvert de 9h à 12h et de 14h à 17h"
            ],
            "nl": [
              "Open van 9 tot 12 uur en van 14 tot 17 uur"
            ],
            "es": [
              "Abierto de 9 a 12 y de 14 a 17 horas"
            ]
          },
          "hasTranslatedProperty": [
            {
              "@id": "https://data.datatourisme.fr/04ffa2be-fbca-32a4-87fa-5a22e2986ceb",
              "dc:contributor": [
                "https://api.deepl.com/v2/translate"
              ],
              "rdf:language": [
                "en"
              ],
              "rdf:predicate": [
                "additionalInformation"
              ]
            },
            {
              "@id": "https://data.datatourisme.fr/4cdd6fb4-7e5b-34ef-bb02-f3d5fda1a010",
              "dc:contributor": [
                "https://api.deepl.com/v2/translate"
              ],
              "rdf:language": [
                "de"
              ],
              "rdf:predicate": [
                "additionalInformation"
              ]
            },
            {
              "@id": "https://data.datatourisme.fr/5ecadfaa-73c2-37f8-bc24-6dc22863dc2c",
              "dc:contributor": [
                "https://api.deepl.com/v2/translate"
              ],
              "rdf:language": [
                "es"
              ],
              "rdf:predicate": [
                "additionalInformation"
              ]
            },
            {
              "@id": "https://data.datatourisme.fr/6c506638-64ea-33d5-8073-f9822ebc2236",
              "dc:contributor": [
                "https://api.deepl.com/v2/translate"
              ],
              "rdf:language": [
                "it"
              ],
              "rdf:predicate": [
                "additionalInformation"
              ]
            },
            {
              "@id": "https://data.datatourisme.fr/f6aa1995-7a92-3aff-b00b-bf0b96a54c93",
              "dc:contributor": [
                "https://api.deepl.com/v2/translate"
              ],
              "rdf:language": [
                "nl"
              ],
              "rdf:predicate": [
                "additionalInformation"
              ]
            }
          ]
        },
        {
          "@id": "https://data.datatourisme.fr/89722d7c-7053-3aa7-81a7-b0012e8d7dbd",
          "schema:validFrom": "2023-04-29T00:00:00",
          "schema:validThrough": "2023-04-30T23:59:59",
          "@type": [
            "schema:OpeningHoursSpecification"
          ],
          "additionalInformation": {
            "de": [
              "Von 9:00 bis 12:00 Uhr und von 14:00 bis 17:00 Uhr"
            ],
            "en": [
              "From 9h to 12h and from 14h to 17h"
            ],
            "it": [
              "Dalle 9.00 alle 12.00 e dalle 14.00 alle 17.00"
            ],
            "fr": [
              "De 9h à 12h et de 14h à 17h"
            ],
            "nl": [
              "Van 9u tot 12u en van 14u tot 17u"
            ],
            "es": [
              "De 9 a 12 y de 14 a 17 horas"
            ]
          },
          "hasTranslatedProperty": [
            {
              "@id": "https://data.datatourisme.fr/30578670-9aa6-33e0-bfd5-c19f10a3af8b",
              "dc:contributor": [
                "https://api.deepl.com/v2/translate"
              ],
              "rdf:language": [
                "it"
              ],
              "rdf:predicate": [
                "additionalInformation"
              ]
            },
            {
              "@id": "https://data.datatourisme.fr/79e32f76-5a2a-37cd-beb5-fcdca2433307",
              "dc:contributor": [
                "https://api.deepl.com/v2/translate"
              ],
              "rdf:language": [
                "en"
              ],
              "rdf:predicate": [
                "additionalInformation"
              ]
            },
            {
              "@id": "https://data.datatourisme.fr/cbc947ec-3587-32ea-a36d-9a69d14c3ae9",
              "dc:contributor": [
                "https://api.deepl.com/v2/translate"
              ],
              "rdf:language": [
                "de"
              ],
              "rdf:predicate": [
                "additionalInformation"
              ]
            },
            {
              "@id": "https://data.datatourisme.fr/d9c02c7f-dfb9-31a6-8504-7c058913d986",
              "dc:contributor": [
                "https://api.deepl.com/v2/translate"
              ],
              "rdf:language": [
                "nl"
              ],
              "rdf:predicate": [
                "additionalInformation"
              ]
            },
            {
              "@id": "https://data.datatourisme.fr/ed21557e-d07d-3139-90e1-96f60181ca7f",
              "dc:contributor": [
                "https://api.deepl.com/v2/translate"
              ],
              "rdf:language": [
                "es"
              ],
              "rdf:predicate": [
                "additionalInformation"
              ]
            }
          ]
        },
        {
          "@id": "https://data.datatourisme.fr/8a95c1a6-60f6-3d79-81ba-76d972879a07",
          "schema:validFrom": "2023-05-20T00:00:00",
          "schema:validThrough": "2023-05-21T23:59:59",
          "@type": [
            "schema:OpeningHoursSpecification"
          ],
          "additionalInformation": {
            "de": [
              "Von 9:00 bis 12:00 Uhr und von 14:00 bis 17:00 Uhr"
            ],
            "en": [
              "From 9h to 12h and from 14h to 17h"
            ],
            "it": [
              "Dalle 9.00 alle 12.00 e dalle 14.00 alle 17.00"
            ],
            "fr": [
              "De 9h à 12h et de 14h à 17h"
            ],
            "nl": [
              "Van 9u tot 12u en van 14u tot 17u"
            ],
            "es": [
              "De 9 a 12 y de 14 a 17 horas"
            ]
          },
          "hasTranslatedProperty": [
            {
              "@id": "https://data.datatourisme.fr/617d0cde-8a52-3aad-8623-c0f9d456dd07",
              "dc:contributor": [
                "https://api.deepl.com/v2/translate"
              ],
              "rdf:language": [
                "de"
              ],
              "rdf:predicate": [
                "additionalInformation"
              ]
            },
            {
              "@id": "https://data.datatourisme.fr/c586ac83-ea5b-38c7-b43d-d3aa6d24d861",
              "dc:contributor": [
                "https://api.deepl.com/v2/translate"
              ],
              "rdf:language": [
                "nl"
              ],
              "rdf:predicate": [
                "additionalInformation"
              ]
            },
            {
              "@id": "https://data.datatourisme.fr/c7f9c334-dfb0-3956-bdd3-4c14b0e289a9",
              "dc:contributor": [
                "https://api.deepl.com/v2/translate"
              ],
              "rdf:language": [
                "it"
              ],
              "rdf:predicate": [
                "additionalInformation"
              ]
            },
            {
              "@id": "https://data.datatourisme.fr/cf89e8f3-e19e-3053-863e-17bcacaba699",
              "dc:contributor": [
                "https://api.deepl.com/v2/translate"
              ],
              "rdf:language": [
                "en"
              ],
              "rdf:predicate": [
                "additionalInformation"
              ]
            },
            {
              "@id": "https://data.datatourisme.fr/eed1ed79-af35-3d55-a6ab-b83d43e7e370",
              "dc:contributor": [
                "https://api.deepl.com/v2/translate"
              ],
              "rdf:language": [
                "es"
              ],
              "rdf:predicate": [
                "additionalInformation"
              ]
            }
          ]
        },
        {
          "@id": "https://data.datatourisme.fr/8f529b85-72f6-38d2-80c4-e416359f7065",
          "schema:closes": "12:00:00",
          "schema:opens": "09:00:00",
          "schema:validFrom": "2023-09-17T00:00:00",
          "schema:validThrough": "2023-09-17T23:59:59",
          "@type": [
            "schema:OpeningHoursSpecification"
          ]
        },
        {
          "@id": "https://data.datatourisme.fr/8fe864a9-d191-3d89-885f-9bb4d5338490",
          "schema:closes": "12:00:00",
          "schema:opens": "09:00:00",
          "schema:validFrom": "2023-09-23T00:00:00",
          "schema:validThrough": "2023-10-22T23:59:59",
          "@type": [
            "schema:OpeningHoursSpecification"
          ],
          "additionalInformation": {
            "de": [
              "Das Sydicat d'Initiative organisiert während der Öffnungszeiten eine Ausstellung und einen Verkauf von Vogelnistkästen in Form einer Berghütte."
            ],
            "en": [
              "The Sydicat d'Initiative is organizing an exhibition and sale of bird nesting boxes in the shape of mountain chalets during opening hours."
            ],
            "it": [
              "Il Sydicat d'Initiative organizza un'esposizione e una vendita di cassette nido per uccelli a forma di chalet di montagna durante gli orari di apertura."
            ],
            "fr": [
              "Le Sydicat d'Initiative organise une exposition et vente de nichoirs à oiseaux en forme de chalet de montagne aux heures d'ouverture."
            ],
            "nl": [
              "Sydicat d'Initiative organiseert tijdens de openingsuren een tentoonstelling en verkoop van vogelnestkastjes in de vorm van bergchalets."
            ],
            "es": [
              "El Sydicat d'Initiative organiza una exposición y venta de cajas nido para pájaros con forma de chalets de montaña durante las horas de apertura."
            ]
          },
          "hasTranslatedProperty": [
            {
              "@id": "https://data.datatourisme.fr/1117cc5a-4e95-3704-a957-8821c8edeb01",
              "dc:contributor": [
                "https://api.deepl.com/v2/translate"
              ],
              "rdf:language": [
                "en"
              ],
              "rdf:predicate": [
                "additionalInformation"
              ]
            },
            {
              "@id": "https://data.datatourisme.fr/15797ad5-6151-35e4-abba-d8db8def5c85",
              "dc:contributor": [
                "https://api.deepl.com/v2/translate"
              ],
              "rdf:language": [
                "es"
              ],
              "rdf:predicate": [
                "additionalInformation"
              ]
            },
            {
              "@id": "https://data.datatourisme.fr/a142f425-3c6c-345e-a5ae-99bad7a4ea43",
              "dc:contributor": [
                "https://api.deepl.com/v2/translate"
              ],
              "rdf:language": [
                "it"
              ],
              "rdf:predicate": [
                "additionalInformation"
              ]
            },
            {
              "@id": "https://data.datatourisme.fr/e001af35-1bc3-3334-8225-ec0741f2a2f6",
              "dc:contributor": [
                "https://api.deepl.com/v2/translate"
              ],
              "rdf:language": [
                "de"
              ],
              "rdf:predicate": [
                "additionalInformation"
              ]
            },
            {
              "@id": "https://data.datatourisme.fr/e9665a2a-9c64-371f-9707-757275900482",
              "dc:contributor": [
                "https://api.deepl.com/v2/translate"
              ],
              "rdf:language": [
                "nl"
              ],
              "rdf:predicate": [
                "additionalInformation"
              ]
            }
          ]
        },
        {
          "@id": "https://data.datatourisme.fr/93612b13-a145-3cc5-921a-02243d01f251",
          "schema:validFrom": "2023-04-08T00:00:00",
          "schema:validThrough": "2023-04-10T23:59:59",
          "@type": [
            "schema:OpeningHoursSpecification"
          ],
          "additionalInformation": {
            "de": [
              "An diesem Osterwochenende von 9 bis 12 Uhr und von 14 bis 17 Uhr geöffnet"
            ],
            "en": [
              "Open from 9am to 12pm and from 2pm to 5pm for this Easter weekend"
            ],
            "it": [
              "Aperto dalle 9.00 alle 12.00 e dalle 14.00 alle 17.00 per questo fine settimana di Pasqua"
            ],
            "fr": [
              "Ouvert de 9h à 12h et de 14h à 17h pour ce week-end de Pâques"
            ],
            "nl": [
              "Open van 9 tot 12 uur en van 14 tot 17 uur voor dit paasweekend"
            ],
            "es": [
              "Abierto de 9.00 a 12.00 y de 14.00 a 17.00 horas este fin de semana de Pascua"
            ]
          },
          "hasTranslatedProperty": [
            {
              "@id": "https://data.datatourisme.fr/0c89db2b-9180-3a38-8a01-5eb75dcecfe9",
              "dc:contributor": [
                "https://api.deepl.com/v2/translate"
              ],
              "rdf:language": [
                "en"
              ],
              "rdf:predicate": [
                "additionalInformation"
              ]
            },
            {
              "@id": "https://data.datatourisme.fr/1b2bd484-3dce-366a-82bd-f77a48b85b62",
              "dc:contributor": [
                "https://api.deepl.com/v2/translate"
              ],
              "rdf:language": [
                "es"
              ],
              "rdf:predicate": [
                "additionalInformation"
              ]
            },
            {
              "@id": "https://data.datatourisme.fr/1f20631c-b7ec-3521-9e53-3cb8b89d2efe",
              "dc:contributor": [
                "https://api.deepl.com/v2/translate"
              ],
              "rdf:language": [
                "de"
              ],
              "rdf:predicate": [
                "additionalInformation"
              ]
            },
            {
              "@id": "https://data.datatourisme.fr/69f6d152-fb7b-326f-8002-716b2db4691e",
              "dc:contributor": [
                "https://api.deepl.com/v2/translate"
              ],
              "rdf:language": [
                "nl"
              ],
              "rdf:predicate": [
                "additionalInformation"
              ]
            },
            {
              "@id": "https://data.datatourisme.fr/7048833d-f2d7-3257-83b8-fab2f44a6a4c",
              "dc:contributor": [
                "https://api.deepl.com/v2/translate"
              ],
              "rdf:language": [
                "it"
              ],
              "rdf:predicate": [
                "additionalInformation"
              ]
            }
          ]
        },
        {
          "@id": "https://data.datatourisme.fr/a2e69da7-42a9-35ef-ac5e-3fc60562294d",
          "schema:validFrom": "2023-06-19T00:00:00",
          "schema:validThrough": "2023-06-28T23:59:59",
          "@type": [
            "schema:OpeningHoursSpecification"
          ],
          "additionalInformation": {
            "de": [
              "Montag bis Freitag von 9:00 bis 12:00 Uhr.\r\nSamstags und sonntags von 9:00 bis 12:00 Uhr und von 14:00 bis 17:00 Uhr.\r\nGeschlossen am Donnerstag, den 29. und Freitag, den 30. Juni + Montag, den 3. Juli."
            ],
            "en": [
              "Monday to Friday, 9am to 12pm.\r\nSaturday and Sunday, 9am to 12pm and 2pm to 5pm.\r\nClosed Thursday June 29 and Friday June 30 + Monday July 3."
            ],
            "it": [
              "Dal lunedì al venerdì, dalle 9.00 alle 12.00.\r\nSabato e domenica, dalle 9.00 alle 12.00 e dalle 14.00 alle 17.00.\r\nChiuso giovedì 29 e venerdì 30 giugno e lunedì 3 luglio."
            ],
            "fr": [
              "Du lundi au vendredi de 9h à 12h.\r\nLe samedi et dimanche de 9h à 12h et de 14h à 17h.\r\nFermé le jeudi 29 et le vendredi 30 juin + le lundi 3 juillet."
            ],
            "nl": [
              "Maandag t/m vrijdag van 9.00 tot 12.00 uur.\r\nZaterdag en zondag van 9.00 tot 12.00 uur en van 14.00 tot 17.00 uur.\r\nGesloten op donderdag 29 en vrijdag 30 juni + maandag 3 juli."
            ],
            "es": [
              "De lunes a viernes, de 9.00 a 12.00 horas.\r\nSábado y domingo, de 9.00 a 12.00 h. y de 14.00 a 17.00 h.\r\nCerrado el jueves 29 y el viernes 30 de junio + el lunes 3 de julio."
            ]
          },
          "hasTranslatedProperty": [
            {
              "@id": "https://data.datatourisme.fr/5d6bac0c-401d-36fe-9320-454cca783203",
              "dc:contributor": [
                "https://api.deepl.com/v2/translate"
              ],
              "rdf:language": [
                "es"
              ],
              "rdf:predicate": [
                "additionalInformation"
              ]
            },
            {
              "@id": "https://data.datatourisme.fr/b66e1237-fa5e-38da-bd53-ccfcd5f5d027",
              "dc:contributor": [
                "https://api.deepl.com/v2/translate"
              ],
              "rdf:language": [
                "de"
              ],
              "rdf:predicate": [
                "additionalInformation"
              ]
            },
            {
              "@id": "https://data.datatourisme.fr/b9289876-cb0d-3434-9166-c0741b54c2f5",
              "dc:contributor": [
                "https://api.deepl.com/v2/translate"
              ],
              "rdf:language": [
                "nl"
              ],
              "rdf:predicate": [
                "additionalInformation"
              ]
            },
            {
              "@id": "https://data.datatourisme.fr/c0996dd3-cc13-3d1f-a488-ddc08ef2d227",
              "dc:contributor": [
                "https://api.deepl.com/v2/translate"
              ],
              "rdf:language": [
                "en"
              ],
              "rdf:predicate": [
                "additionalInformation"
              ]
            },
            {
              "@id": "https://data.datatourisme.fr/d86c3c8f-3d77-3fc1-b48a-85042becaecc",
              "dc:contributor": [
                "https://api.deepl.com/v2/translate"
              ],
              "rdf:language": [
                "it"
              ],
              "rdf:predicate": [
                "additionalInformation"
              ]
            }
          ]
        },
        {
          "@id": "https://data.datatourisme.fr/a36cf853-af9f-3527-bcc5-e4595d35404a",
          "schema:closes": "12:00:00",
          "schema:opens": "09:00:00",
          "schema:validFrom": "2023-05-27T00:00:00",
          "schema:validThrough": "2023-05-29T23:59:59",
          "@type": [
            "schema:OpeningHoursSpecification"
          ]
        },
        {
          "@id": "https://data.datatourisme.fr/aeb727d3-505d-38ff-9723-d594a93fab90",
          "schema:validFrom": "2023-01-03T00:00:00",
          "schema:validThrough": "2023-02-03T23:59:59",
          "@type": [
            "schema:OpeningHoursSpecification"
          ],
          "additionalInformation": {
            "de": [
              "Geöffnet von 9h bis 12h und von 14h bis 17h\r\nSonderöffnung am Freitag, den 20.01. von 16 bis 21 Uhr sowie am Samstag, den 21.01. bis 21 Uhr anlässlich der \"Nuit blanche\" in Le Bessat"
            ],
            "en": [
              "Open from 9am to 12pm and from 2pm to 5pm\r\nExceptional opening on Friday 20/01 from 4pm to 9pm and Saturday 21/01 until 9pm on the occasion of the Nuit blanche du Bessat"
            ],
            "it": [
              "Aperto dalle 9.00 alle 12.00 e dalle 14.00 alle 17.00\r\nApertura eccezionale venerdì 20/01 dalle 16.00 alle 21.00 e sabato 21/01 fino alle 21.00 in occasione della Nuit blanche du Bessat"
            ],
            "fr": [
              "Ouvert de 9h à 12h et de 14h à 17h\r\nOuverture exceptionnelle le vendredi 20/01 de 16h à 21h ainsi que le samedi 21/01 jusqu'à 21h à l'occasion de la Nuit blanche du Bessat"
            ],
            "nl": [
              "Open van 9 tot 12 uur en van 14 tot 17 uur\r\nUitzonderlijke opening op vrijdag 20/01 van 16u tot 21u en op zaterdag 21/01 tot 21u ter gelegenheid van de Nuit blanche du Bessat"
            ],
            "es": [
              "Abierto de 9.00 a 12.00 y de 14.00 a 17.00 horas\r\nApertura excepcional el viernes 20/01 de 16:00 a 21:00 y el sábado 21/01 hasta las 21:00 con motivo de la Nuit blanche du Bessat"
            ]
          },
          "hasTranslatedProperty": [
            {
              "@id": "https://data.datatourisme.fr/1ed0b645-e356-3047-aa8e-001c6b1eab4a",
              "dc:contributor": [
                "https://api.deepl.com/v2/translate"
              ],
              "rdf:language": [
                "es"
              ],
              "rdf:predicate": [
                "additionalInformation"
              ]
            },
            {
              "@id": "https://data.datatourisme.fr/2a01b6e4-2f48-38e6-95e9-dbe74f844bf9",
              "dc:contributor": [
                "https://api.deepl.com/v2/translate"
              ],
              "rdf:language": [
                "de"
              ],
              "rdf:predicate": [
                "additionalInformation"
              ]
            },
            {
              "@id": "https://data.datatourisme.fr/42e28cb2-3944-3e23-bc62-0b085283efb2",
              "dc:contributor": [
                "https://api.deepl.com/v2/translate"
              ],
              "rdf:language": [
                "en"
              ],
              "rdf:predicate": [
                "additionalInformation"
              ]
            },
            {
              "@id": "https://data.datatourisme.fr/92a81927-1a9b-301d-9866-748a56d73edf",
              "dc:contributor": [
                "https://api.deepl.com/v2/translate"
              ],
              "rdf:language": [
                "nl"
              ],
              "rdf:predicate": [
                "additionalInformation"
              ]
            },
            {
              "@id": "https://data.datatourisme.fr/edab0cad-96ce-3513-ae04-28d12885d585",
              "dc:contributor": [
                "https://api.deepl.com/v2/translate"
              ],
              "rdf:language": [
                "it"
              ],
              "rdf:predicate": [
                "additionalInformation"
              ]
            }
          ]
        },
        {
          "@id": "https://data.datatourisme.fr/d314f9e8-48a0-3351-85d8-9939b95912a9",
          "schema:validFrom": "2023-05-13T00:00:00",
          "schema:validThrough": "2023-05-14T23:59:59",
          "@type": [
            "schema:OpeningHoursSpecification"
          ],
          "additionalInformation": {
            "de": [
              "Von 9:00 bis 12:00 Uhr und von 14:00 bis 17:00 Uhr"
            ],
            "en": [
              "From 9h to 12h and from 14h to 17h"
            ],
            "it": [
              "Dalle 9.00 alle 12.00 e dalle 14.00 alle 17.00"
            ],
            "fr": [
              "De 9h à 12h et de 14h à 17h"
            ],
            "nl": [
              "Van 9u tot 12u en van 14u tot 17u"
            ],
            "es": [
              "De 9 a 12 y de 14 a 17 horas"
            ]
          },
          "hasTranslatedProperty": [
            {
              "@id": "https://data.datatourisme.fr/11135c76-654a-34fa-9228-3316a12cb751",
              "dc:contributor": [
                "https://api.deepl.com/v2/translate"
              ],
              "rdf:language": [
                "nl"
              ],
              "rdf:predicate": [
                "additionalInformation"
              ]
            },
            {
              "@id": "https://data.datatourisme.fr/3eac07a1-9a72-33a4-b746-8b0c4dec4bcb",
              "dc:contributor": [
                "https://api.deepl.com/v2/translate"
              ],
              "rdf:language": [
                "en"
              ],
              "rdf:predicate": [
                "additionalInformation"
              ]
            },
            {
              "@id": "https://data.datatourisme.fr/8fcf5ca0-998d-36cf-865a-20f3f5eba4b6",
              "dc:contributor": [
                "https://api.deepl.com/v2/translate"
              ],
              "rdf:language": [
                "it"
              ],
              "rdf:predicate": [
                "additionalInformation"
              ]
            },
            {
              "@id": "https://data.datatourisme.fr/b4a69e28-624e-30b6-8efd-07ff9d013537",
              "dc:contributor": [
                "https://api.deepl.com/v2/translate"
              ],
              "rdf:language": [
                "de"
              ],
              "rdf:predicate": [
                "additionalInformation"
              ]
            },
            {
              "@id": "https://data.datatourisme.fr/c90eac21-bcd3-31cc-8293-cb1320d86d71",
              "dc:contributor": [
                "https://api.deepl.com/v2/translate"
              ],
              "rdf:language": [
                "es"
              ],
              "rdf:predicate": [
                "additionalInformation"
              ]
            }
          ]
        },
        {
          "@id": "https://data.datatourisme.fr/ddf0f089-fc3a-3a82-9bb0-ef054a3747cd",
          "schema:validFrom": "2023-02-04T00:00:00",
          "schema:validThrough": "2023-02-19T23:59:59",
          "@type": [
            "schema:OpeningHoursSpecification"
          ],
          "additionalInformation": {
            "de": [
              "Montags bis samstags von 8:30 bis 16:00 Uhr geöffnet.\r\nSonntags von 9:00 bis 12:00 Uhr und von 14:00 bis 17:00 Uhr geöffnet."
            ],
            "en": [
              "Open from 8:30 am to 4 pm Monday to Saturday.\r\nOpen from 9am to 12pm and from 2pm to 5pm on Sunday."
            ],
            "it": [
              "Aperto dalle 8.30 alle 16.00 dal lunedì al sabato.\r\nAperto dalle 9.00 alle 12.00 e dalle 14.00 alle 17.00 la domenica."
            ],
            "fr": [
              "Ouvert de 8h30 à 16h du lundi au samedi.\r\nOuvert de 9h à 12h et de 14h à 17h le dimanche."
            ],
            "nl": [
              "Open van 8u30 tot 16u van maandag tot zaterdag.\r\nOpen van 9 tot 12 uur en op zondag van 14 tot 17 uur."
            ],
            "es": [
              "Abierto de 8.30 a 16.00 de lunes a sábado.\r\nAbierto de 9.00 a 12.00 y de 14.00 a 17.00 el domingo."
            ]
          },
          "hasTranslatedProperty": [
            {
              "@id": "https://data.datatourisme.fr/40a27da3-f7a4-3392-bb58-e9dfbdef6a63",
              "dc:contributor": [
                "https://api.deepl.com/v2/translate"
              ],
              "rdf:language": [
                "de"
              ],
              "rdf:predicate": [
                "additionalInformation"
              ]
            },
            {
              "@id": "https://data.datatourisme.fr/532d7c3a-2227-3c5c-baad-0cb1c9498c59",
              "dc:contributor": [
                "https://api.deepl.com/v2/translate"
              ],
              "rdf:language": [
                "en"
              ],
              "rdf:predicate": [
                "additionalInformation"
              ]
            },
            {
              "@id": "https://data.datatourisme.fr/878816de-ed23-3559-823e-f0d5c0f01070",
              "dc:contributor": [
                "https://api.deepl.com/v2/translate"
              ],
              "rdf:language": [
                "es"
              ],
              "rdf:predicate": [
                "additionalInformation"
              ]
            },
            {
              "@id": "https://data.datatourisme.fr/8c580fe9-e53e-335f-830d-139864d8e7e7",
              "dc:contributor": [
                "https://api.deepl.com/v2/translate"
              ],
              "rdf:language": [
                "it"
              ],
              "rdf:predicate": [
                "additionalInformation"
              ]
            },
            {
              "@id": "https://data.datatourisme.fr/d44e0395-3918-34d7-a593-6ef4f8ca189a",
              "dc:contributor": [
                "https://api.deepl.com/v2/translate"
              ],
              "rdf:language": [
                "nl"
              ],
              "rdf:predicate": [
                "additionalInformation"
              ]
            }
          ]
        },
        {
          "@id": "https://data.datatourisme.fr/e6cc878b-ce61-3264-aa4d-f72cb45986c5",
          "schema:validFrom": "2023-04-01T00:00:00",
          "schema:validThrough": "2023-04-02T23:59:59",
          "@type": [
            "schema:OpeningHoursSpecification"
          ],
          "additionalInformation": {
            "de": [
              "Geöffnet von 9 bis 12 Uhr und von 14 bis 17 Uhr"
            ],
            "en": [
              "Open from 9h to 12h and from 14h to 17h"
            ],
            "it": [
              "Aperto dalle 9.00 alle 12.00 e dalle 14.00 alle 17.00"
            ],
            "fr": [
              "Ouvert de 9h à 12h et de 14h à 17h"
            ],
            "nl": [
              "Open van 9 tot 12 uur en van 14 tot 17 uur"
            ],
            "es": [
              "Abierto de 9 a 12 y de 14 a 17 horas"
            ]
          },
          "hasTranslatedProperty": [
            {
              "@id": "https://data.datatourisme.fr/3c497067-8bf8-3e74-952b-137302f2d37b",
              "dc:contributor": [
                "https://api.deepl.com/v2/translate"
              ],
              "rdf:language": [
                "it"
              ],
              "rdf:predicate": [
                "additionalInformation"
              ]
            },
            {
              "@id": "https://data.datatourisme.fr/7f447a15-be55-386f-ba14-81c41969a7cf",
              "dc:contributor": [
                "https://api.deepl.com/v2/translate"
              ],
              "rdf:language": [
                "de"
              ],
              "rdf:predicate": [
                "additionalInformation"
              ]
            },
            {
              "@id": "https://data.datatourisme.fr/86a19dc0-4f2f-34f9-b056-93ef3070e275",
              "dc:contributor": [
                "https://api.deepl.com/v2/translate"
              ],
              "rdf:language": [
                "en"
              ],
              "rdf:predicate": [
                "additionalInformation"
              ]
            },
            {
              "@id": "https://data.datatourisme.fr/9403fa67-6135-3140-9af6-eb0413df882e",
              "dc:contributor": [
                "https://api.deepl.com/v2/translate"
              ],
              "rdf:language": [
                "es"
              ],
              "rdf:predicate": [
                "additionalInformation"
              ]
            },
            {
              "@id": "https://data.datatourisme.fr/d4d32686-9b15-359b-b8c5-f2cf5a9799e7",
              "dc:contributor": [
                "https://api.deepl.com/v2/translate"
              ],
              "rdf:language": [
                "nl"
              ],
              "rdf:predicate": [
                "additionalInformation"
              ]
            }
          ]
        },
        {
          "@id": "https://data.datatourisme.fr/fd382158-474d-3ddc-9fd0-87b5f6c89a1b",
          "schema:closes": "12:00:00",
          "schema:opens": "09:00:00",
          "schema:validFrom": "2023-05-06T00:00:00",
          "schema:validThrough": "2023-05-08T23:59:59",
          "@type": [
            "schema:OpeningHoursSpecification"
          ]
        }
      ],
      "@type": [
        "schema:Place",
        "Place"
      ]
    }
  ],
  "isOwnedBy": [
    {
      "@id": "https://data.datatourisme.fr/432e923d-7b87-3f4d-b2fb-fabd55df9f1e",
      "schema:email": [
        "folivier@parc-naturel-pilat.fr"
      ],
      "schema:legalName": "Office de Tourisme du Pilat",
      "@type": [
        "schema:Organization",
        "foaf:Agent",
        "Agent"
      ],
      "foaf:homepage": [
        "http://www.parc-naturel-pilat.fr/"
      ]
    }
  ],
  "lastUpdate": "2023-09-27",
  "lastUpdateDatatourisme": "2023-09-28T05:52:38.937Z"
}