{
  "@id": "https://data.datatourisme.fr/13/001c10d2-8e51-3c41-bb46-1eae83abdb4b",
  "dc:identifier": "63584",
  "@type": [
    "CivilCemetery",
    "CulturalSite",
    "PlaceOfInterest",
    "PointOfInterest",
    "RemembranceSite"
  ],
  "rdfs:comment": {
    "de": [
      "Hier, vor einem der schönsten Panoramen der Alpen oberhalb von Grenoble, hielten 250 Maquisards am 13. Juni 1944 den deutschen Angriffen stand. Gräber von Jean Prévost und zahlreichen Helden des Vercors, darunter das von Eugène Chavant, dem zivilen Anführer des Maquis."
    ],
    "en": [
      "It is here, in front of one of the most beautiful views of the Alps directly above Grenoble, that 250 maquisards stood up to the German attacks on 13 June 1944. Here you’ll find the graves of Jean Prévost and many other Vercors heroes, including Eugène Chavant, the civilian leader of the maquis."
    ],
    "it": [
      "È qui, davanti a uno dei più bei panorami delle Alpi sopra Grenoble, che 250 maquisards resistettero agli assalti tedeschi il 13 giugno 1944. Le tombe di Jean Prévost e di molti eroi del Vercors, tra cui quella di Eugène Chavant, capo civile dei maquis."
    ],
    "fr": [
      "C'est ici devant l'un des plus beaux panoramas des Alpes à l'aplomb de Grenoble que 250 maquisards ont tenu tête aux assauts allemands le 13 juin 1944.Tombes de Jean Prévost et de nombreux héros du Vercors dont celle d'Eugène Chavant,chef civil du maquis."
    ],
    "nl": [
      "Het is hier, voor een van de mooiste panorama's van de Alpen boven Grenoble, dat 250 maquisards op 13 juni 1944 de Duitse aanvallen weerstonden. De graven van Jean Prévost en vele helden van de Vercors, waaronder dat van Eugène Chavant, burgerleider van het maquis."
    ],
    "es": [
      "Es aquí, frente a uno de los más bellos panoramas de los Alpes sobre Grenoble, donde 250 maquisards resistieron los asaltos alemanes el 13 de junio de 1944. Las tumbas de Jean Prévost y de muchos héroes del Vercors, entre ellas la de Eugène Chavant, jefe civil del maquis."
    ]
  },
  "rdfs:label": {
    "de": [
      "Die Nekropole von Saint Nizier du Moucherotte"
    ],
    "en": [
      "The Necropolis of Saint-Nizier-du-Moucherotte"
    ],
    "it": [
      "La Nécropole de St Nizier du Moucherotte"
    ],
    "fr": [
      "La Nécropole de Saint Nizier du Moucherotte"
    ],
    "nl": [
      "La Nécropole de St Nizier du Moucherotte"
    ],
    "es": [
      "La Nécropole de St Nizier du Moucherotte"
    ]
  },
  "owl:sameAs": [
    "http://www.wikidata.org/entity/Q21597697"
  ],
  "hasBeenCreatedBy": {
    "@id": "https://data.datatourisme.fr/13/1afa34a7-f984-3eab-9bb0-a7d494132ee5",
    "dc:identifier": "131",
    "schema:email": [
      "apidae.autrans-meaudre@otivercors.com",
      "apidae.lans@otivercors.com",
      "commercialisation@otivercors.com",
      "communication.autrans-meaudre@otivercors.com",
      "presse.lans@otivercors.com"
    ],
    "schema:legalName": "Office de Tourisme Intercommunal du Vercors",
    "@type": [
      "schema:Organization",
      "foaf:Agent",
      "Agent"
    ],
    "foaf:homepage": [
      "http://www.vercors-experience.com/"
    ]
  },
  "hasBeenPublishedBy": [
    {
      "@id": "https://data.datatourisme.fr/8a9feb4b-2cbd-3d2c-b507-bd6c6776b23b",
      "schema:legalName": "Apidae Tourisme Scic SA - source : Apidae Tourisme",
      "@type": [
        "schema:Organization",
        "foaf:Agent",
        "Agent"
      ],
      "foaf:homepage": [
        "https://www.apidae-tourisme.com/"
      ]
    }
  ],
  "hasContact": [
    {
      "@id": "https://data.datatourisme.fr/94d0622b-1052-36ea-8139-94b5cefae9af",
      "schema:email": [
        "stnizier.tourisme@vercors.org"
      ],
      "schema:telephone": [
        "+33 4 76 53 40 60"
      ],
      "@type": [
        "foaf:Agent",
        "Agent"
      ],
      "foaf:homepage": [
        "http://www.saint-nizier-du-moucherotte.fr/"
      ]
    }
  ],
  "hasDescription": [
    {
      "@id": "https://data.datatourisme.fr/ac797949-42dc-399c-9770-00d781036f57",
      "@type": [
        "Description"
      ],
      "hasTranslatedProperty": [
        {
          "@id": "https://data.datatourisme.fr/45228367-f1d0-3192-9dd1-36eb56193ead",
          "dc:contributor": [
            "https://api.deepl.com/v2/translate"
          ],
          "rdf:language": [
            "it"
          ],
          "rdf:predicate": [
            "shortDescription"
          ]
        },
        {
          "@id": "https://data.datatourisme.fr/6702860e-971c-3981-bc46-ea4f1451c994",
          "dc:contributor": [
            "https://api.deepl.com/v2/translate"
          ],
          "rdf:language": [
            "nl"
          ],
          "rdf:predicate": [
            "shortDescription"
          ]
        },
        {
          "@id": "https://data.datatourisme.fr/d7bba8e5-74ba-3834-8ed2-a28abcebf255",
          "dc:contributor": [
            "https://api.deepl.com/v2/translate"
          ],
          "rdf:language": [
            "es"
          ],
          "rdf:predicate": [
            "shortDescription"
          ]
        }
      ],
      "shortDescription": {
        "de": [
          "Hier, vor einem der schönsten Panoramen der Alpen oberhalb von Grenoble, hielten 250 Maquisards am 13. Juni 1944 den deutschen Angriffen stand. Gräber von Jean Prévost und zahlreichen Helden des Vercors, darunter das von Eugène Chavant, dem zivilen Anführer des Maquis."
        ],
        "en": [
          "It is here, in front of one of the most beautiful views of the Alps directly above Grenoble, that 250 maquisards stood up to the German attacks on 13 June 1944. Here you’ll find the graves of Jean Prévost and many other Vercors heroes, including Eugène Chavant, the civilian leader of the maquis."
        ],
        "it": [
          "È qui, davanti a uno dei più bei panorami delle Alpi sopra Grenoble, che 250 maquisards resistettero agli assalti tedeschi il 13 giugno 1944. Le tombe di Jean Prévost e di molti eroi del Vercors, tra cui quella di Eugène Chavant, capo civile dei maquis."
        ],
        "fr": [
          "C'est ici devant l'un des plus beaux panoramas des Alpes à l'aplomb de Grenoble que 250 maquisards ont tenu tête aux assauts allemands le 13 juin 1944.Tombes de Jean Prévost et de nombreux héros du Vercors dont celle d'Eugène Chavant,chef civil du maquis."
        ],
        "nl": [
          "Het is hier, voor een van de mooiste panorama's van de Alpen boven Grenoble, dat 250 maquisards op 13 juni 1944 de Duitse aanvallen weerstonden. De graven van Jean Prévost en vele helden van de Vercors, waaronder dat van Eugène Chavant, burgerleider van het maquis."
        ],
        "es": [
          "Es aquí, frente a uno de los más bellos panoramas de los Alpes sobre Grenoble, donde 250 maquisards resistieron los asaltos alemanes el 13 de junio de 1944. Las tumbas de Jean Prévost y de muchos héroes del Vercors, entre ellas la de Eugène Chavant, jefe civil del maquis."
        ]
      }
    }
  ],
  "hasRepresentation": [
    {
      "@id": "https://data.datatourisme.fr/c1c2096e-987d-3af3-9564-34f7fd1bb7b2",
      "ebucore:hasAnnotation": [
        {
          "@id": "https://data.datatourisme.fr/1dbec346-5426-3e8a-b2b2-320cd37344d3",
          "ebucore:isCoveredBy": "CC BY-SA 4.0",
          "ebucore:title": {
            "fr": [
              "Necropole st nizier du moucherotte DSC 0021"
            ]
          },
          "@type": [
            "ebucore:Annotation"
          ],
          "credits": [
            "Patafisik (https://commons.wikimedia.org/wiki/User:Patafisik)"
          ]
        }
      ],
      "ebucore:hasRelatedResource": [
        {
          "@id": "https://data.datatourisme.fr/9a5a9d38-f1c9-3c00-8e11-f687d5eea4d8",
          "ebucore:fileSize": [
            1618358
          ],
          "ebucore:hasMimeType": [
            {
              "@id": "kb:JPEG",
              "@type": [
                "ebucore:MimeType"
              ],
              "rdfs:comment": {
                "de": [
                  "JPEG-Bild"
                ],
                "pt": [
                  "Imagem JPEG"
                ],
                "en": [
                  "JPEG image file"
                ],
                "it": [
                  "Immagine JPEG"
                ],
                "fr": [
                  "Image JPEG"
                ],
                "nl": [
                  "JPEG-afbeelding"
                ],
                "es": [
                  "Imagen JPEG"
                ]
              },
              "rdfs:label": {
                "de": [
                  "image/jpeg"
                ],
                "pt": [
                  "image/jpeg"
                ],
                "en": [
                  "image/jpeg"
                ],
                "it": [
                  "image/jpeg"
                ],
                "fr": [
                  "image/jpeg"
                ],
                "nl": [
                  "image/jpeg"
                ],
                "es": [
                  "image/jpeg"
                ]
              }
            }
          ],
          "ebucore:height": 1944,
          "ebucore:locator": [
            "https://upload.wikimedia.org/wikipedia/commons/c/cd/Necropole_st_nizier_du_moucherotte_DSC_0021.jpg"
          ],
          "ebucore:width": 2592,
          "@type": [
            "ebucore:Resource"
          ]
        }
      ],
      "@type": [
        "ebucore:EditorialObject"
      ]
    }
  ],
  "hasTheme": [
    {
      "@id": "kb:Culture",
      "@type": [
        "CulturalTheme"
      ],
      "rdfs:label": {
        "de": [
          "Kultur"
        ],
        "pt": [
          "Cultura"
        ],
        "en": [
          "Culture"
        ],
        "it": [
          "Cultura"
        ],
        "fr": [
          "Culture"
        ],
        "nl": [
          "Cultuur"
        ],
        "es": [
          "Cultura"
        ]
      }
    }
  ],
  "hasTranslatedProperty": [
    {
      "@id": "https://data.datatourisme.fr/33ec88e3-b6e1-3c0f-b642-e0909f610d0d",
      "dc:contributor": [
        "https://api.deepl.com/v2/translate"
      ],
      "rdf:language": [
        "es"
      ],
      "rdf:predicate": [
        {
          "@id": "rdfs:comment"
        }
      ]
    },
    {
      "@id": "https://data.datatourisme.fr/69b63aef-a3ff-3a7d-933b-a653f69cdd88",
      "dc:contributor": [
        "https://api.deepl.com/v2/translate"
      ],
      "rdf:language": [
        "nl"
      ],
      "rdf:predicate": [
        {
          "@id": "rdfs:comment"
        }
      ]
    },
    {
      "@id": "https://data.datatourisme.fr/87418310-10cc-3db9-a2ee-4333cbeb3242",
      "dc:contributor": [
        "https://api.deepl.com/v2/translate"
      ],
      "rdf:language": [
        "it"
      ],
      "rdf:predicate": [
        {
          "@id": "rdfs:comment"
        }
      ]
    },
    {
      "@id": "https://data.datatourisme.fr/bf533e96-b10a-3080-8940-c31a60fde527",
      "dc:contributor": [
        "https://api.deepl.com/v2/translate"
      ],
      "rdf:language": [
        "de"
      ],
      "rdf:predicate": [
        {
          "@id": "rdfs:comment"
        }
      ]
    }
  ],
  "isLocatedAt": [
    {
      "@id": "https://data.datatourisme.fr/80c87472-2ccf-38cf-bd20-db5aaafa4a56",
      "schema:address": [
        {
          "@id": "https://data.datatourisme.fr/9815976d-74d2-33cc-84d5-af6dacaece5a",
          "schema:addressLocality": "Saint-Nizier-du-Moucherotte",
          "schema:postalCode": "38250",
          "schema:streetAddress": [
            "départementale 106"
          ],
          "@type": [
            "schema:PostalAddress",
            "PostalAddress"
          ],
          "hasAddressCity": {
            "@id": "kb:38433",
            "@type": [
              "City"
            ],
            "rdfs:label": {
              "de": [
                "Saint-Nizier-du-Moucherotte"
              ],
              "pt": [
                "Saint-Nizier-du-Moucherotte"
              ],
              "en": [
                "Saint-Nizier-du-Moucherotte"
              ],
              "it": [
                "Saint-Nizier-du-Moucherotte"
              ],
              "fr": [
                "Saint-Nizier-du-Moucherotte"
              ],
              "nl": [
                "Saint-Nizier-du-Moucherotte"
              ],
              "es": [
                "Saint-Nizier-du-Moucherotte"
              ]
            },
            "insee": "38433",
            "isPartOfDepartment": {
              "@id": "kb:France8438",
              "@type": [
                "Department"
              ],
              "rdfs:label": {
                "de": [
                  "Isère"
                ],
                "pt": [
                  "Isère"
                ],
                "en": [
                  "Isère"
                ],
                "it": [
                  "Isère"
                ],
                "fr": [
                  "Isère"
                ],
                "nl": [
                  "Isère"
                ],
                "es": [
                  "Isère"
                ]
              },
              "insee": "38",
              "isPartOfRegion": {
                "@id": "kb:France84",
                "@type": [
                  "Region"
                ],
                "rdfs:label": {
                  "de": [
                    "Auvergne-Rhône-Alpes"
                  ],
                  "pt": [
                    "Auvergne-Rhône-Alpes"
                  ],
                  "en": [
                    "Auvergne-Rhône-Alpes"
                  ],
                  "it": [
                    "Auvergne-Rhône-Alpes"
                  ],
                  "fr": [
                    "Auvergne-Rhône-Alpes"
                  ],
                  "nl": [
                    "Auvergne-Rhône-Alpes"
                  ],
                  "es": [
                    "Auvergne-Rhône-Alpes"
                  ]
                },
                "insee": "84",
                "isPartOfCountry": {
                  "@id": "kb:France",
                  "@type": [
                    "schema:Country"
                  ],
                  "rdfs:label": {
                    "de": [
                      "France",
                      "Frankreich"
                    ],
                    "pt": [
                      "França",
                      "France"
                    ],
                    "en": [
                      "France"
                    ],
                    "it": [
                      "France",
                      "Francia"
                    ],
                    "fr": [
                      "France"
                    ],
                    "nl": [
                      "France",
                      "Frankrijk"
                    ],
                    "es": [
                      "France",
                      "Francia"
                    ]
                  }
                }
              }
            }
          }
        }
      ],
      "schema:geo": {
        "@id": "https://data.datatourisme.fr/9df0555e-28ae-3b1d-a96a-496792827186",
        "schema:latitude": "45.175109",
        "schema:longitude": "5.640321",
        "@type": [
          "schema:GeoCoordinates"
        ]
      },
      "schema:openingHoursSpecification": [
        {
          "@id": "https://data.datatourisme.fr/f87e535a-636d-3343-ad63-8a03392e7511",
          "schema:validFrom": "2023-01-01T00:00:00",
          "schema:validThrough": "2023-12-31T23:59:59",
          "@type": [
            "schema:OpeningHoursSpecification"
          ]
        }
      ],
      "@type": [
        "schema:Place",
        "Place"
      ]
    }
  ],
  "isOwnedBy": [
    {
      "@id": "https://data.datatourisme.fr/b0536c5b-9799-3239-9537-5b7f5bb6617e",
      "schema:email": [
        "apidae.autrans-meaudre@otivercors.com",
        "apidae.lans@otivercors.com"
      ],
      "schema:legalName": "Office de Tourisme Intercommunal du Vercors",
      "@type": [
        "schema:Organization",
        "foaf:Agent",
        "Agent"
      ],
      "foaf:homepage": [
        "http://www.vercors-experience.com/"
      ]
    }
  ],
  "lastUpdate": "2023-06-07",
  "lastUpdateDatatourisme": "2023-06-08T05:50:15.836Z"
}