{
  "@id": "https://data.datatourisme.fr/13/00b8ff98-eed2-359c-b264-5b18c9cdae61",
  "dc:identifier": "4693821",
  "@type": [
    "CulturalSite",
    "PlaceOfInterest",
    "PointOfInterest",
    "RemembranceSite"
  ],
  "rdfs:comment": {
    "de": [
      "Es ist ein Gedenkstein für die Soldaten, die in den beiden Weltkriegen gefallen sind."
    ],
    "en": [
      "It is a memorial to the soldiers who died in the two World Wars."
    ],
    "it": [
      "È un monumento commemorativo dei soldati morti nelle due guerre mondiali."
    ],
    "fr": [
      "C'est un stèle commémorative des soldats morts aux deux Guerres mondiales."
    ],
    "nl": [
      "Het is een gedenkteken voor de soldaten die in de twee wereldoorlogen zijn omgekomen."
    ],
    "es": [
      "Es un monumento a los soldados que murieron en las dos guerras mundiales."
    ]
  },
  "rdfs:label": {
    "fr": [
      "Stèle de l'église Notre Dame du Thor"
    ]
  },
  "hasBeenCreatedBy": {
    "@id": "https://data.datatourisme.fr/13/0c9ebb2d-ed80-3d7f-bda7-5cd0b95eb70c",
    "dc:identifier": "1505",
    "schema:email": [
      "a.filloz@tourisme-dlva.fr",
      "c.derrier@tourisme-dlva.fr",
      "l.negro@tourisme-dlva.fr",
      "m.tardif@tourisme-dlva.fr"
    ],
    "schema:legalName": "Office de Tourisme Communautaire Durance Luberon Verdon Agglomération",
    "@type": [
      "schema:Organization",
      "foaf:Agent",
      "Agent"
    ],
    "foaf:homepage": [
      "https://www.durance-luberon-verdon.com/"
    ]
  },
  "hasBeenPublishedBy": [
    {
      "@id": "https://data.datatourisme.fr/8a9feb4b-2cbd-3d2c-b507-bd6c6776b23b",
      "schema:legalName": "Apidae Tourisme Scic SA - source : Apidae Tourisme",
      "@type": [
        "schema:Organization",
        "foaf:Agent",
        "Agent"
      ],
      "foaf:homepage": [
        "https://www.apidae-tourisme.com/"
      ]
    }
  ],
  "hasContact": [
    {
      "@id": "https://data.datatourisme.fr/46ac693f-f42a-3953-82c6-0c8183cff53b",
      "schema:telephone": [
        "+33 4 92 78 60 80"
      ],
      "@type": [
        "foaf:Agent",
        "Agent"
      ]
    }
  ],
  "hasDescription": [
    {
      "@id": "https://data.datatourisme.fr/27f28036-be71-3b0f-8510-fe95e87bef1b",
      "@type": [
        "Description"
      ],
      "hasTranslatedProperty": [
        {
          "@id": "https://data.datatourisme.fr/06a0240b-8d5b-3579-ad67-1dd6067620e5",
          "dc:contributor": [
            "https://api.deepl.com/v2/translate"
          ],
          "rdf:language": [
            "de"
          ],
          "rdf:predicate": [
            "shortDescription"
          ]
        },
        {
          "@id": "https://data.datatourisme.fr/0b06487e-b131-3991-ba88-d03c2ba4874a",
          "dc:contributor": [
            "https://api.deepl.com/v2/translate"
          ],
          "rdf:language": [
            "nl"
          ],
          "rdf:predicate": [
            "shortDescription"
          ]
        },
        {
          "@id": "https://data.datatourisme.fr/9f57e4fa-b70d-30ad-8113-bff5bf290d5a",
          "dc:contributor": [
            "https://api.deepl.com/v2/translate"
          ],
          "rdf:language": [
            "it"
          ],
          "rdf:predicate": [
            "shortDescription"
          ]
        },
        {
          "@id": "https://data.datatourisme.fr/cd90fa7c-5e84-3433-8641-f79d97a03ec5",
          "dc:contributor": [
            "https://api.deepl.com/v2/translate"
          ],
          "rdf:language": [
            "es"
          ],
          "rdf:predicate": [
            "shortDescription"
          ]
        }
      ],
      "shortDescription": {
        "de": [
          "Es ist ein Gedenkstein für die Soldaten, die in den beiden Weltkriegen gefallen sind."
        ],
        "en": [
          "It is a memorial to the soldiers who died in the two World Wars."
        ],
        "it": [
          "È un monumento commemorativo dei soldati morti nelle due guerre mondiali."
        ],
        "fr": [
          "C'est un stèle commémorative des soldats morts aux deux Guerres mondiales."
        ],
        "nl": [
          "Het is een gedenkteken voor de soldaten die in de twee wereldoorlogen zijn omgekomen."
        ],
        "es": [
          "Es un monumento a los soldados que murieron en las dos guerras mundiales."
        ]
      }
    }
  ],
  "hasTheme": [
    {
      "@id": "kb:Culture",
      "@type": [
        "CulturalTheme"
      ],
      "rdfs:label": {
        "de": [
          "Kultur"
        ],
        "pt": [
          "Cultura"
        ],
        "en": [
          "Culture"
        ],
        "it": [
          "Cultura"
        ],
        "fr": [
          "Culture"
        ],
        "nl": [
          "Cultuur"
        ],
        "es": [
          "Cultura"
        ]
      }
    }
  ],
  "hasTranslatedProperty": [
    {
      "@id": "https://data.datatourisme.fr/1c4734fd-1c71-3562-8e25-bd4503a139bb",
      "dc:contributor": [
        "https://api.deepl.com/v2/translate"
      ],
      "rdf:language": [
        "es"
      ],
      "rdf:predicate": [
        {
          "@id": "rdfs:comment"
        }
      ]
    },
    {
      "@id": "https://data.datatourisme.fr/4723b403-76d0-353a-a1ef-6b53dc3bec5e",
      "dc:contributor": [
        "https://api.deepl.com/v2/translate"
      ],
      "rdf:language": [
        "it"
      ],
      "rdf:predicate": [
        {
          "@id": "rdfs:comment"
        }
      ]
    },
    {
      "@id": "https://data.datatourisme.fr/6de532f5-9424-3bd0-9763-879660aabff8",
      "dc:contributor": [
        "https://api.deepl.com/v2/translate"
      ],
      "rdf:language": [
        "nl"
      ],
      "rdf:predicate": [
        {
          "@id": "rdfs:comment"
        }
      ]
    },
    {
      "@id": "https://data.datatourisme.fr/c94e9441-f3b7-3c3b-85bb-92a4ee1d7b43",
      "dc:contributor": [
        "https://api.deepl.com/v2/translate"
      ],
      "rdf:language": [
        "de"
      ],
      "rdf:predicate": [
        {
          "@id": "rdfs:comment"
        }
      ]
    }
  ],
  "isLocatedAt": [
    {
      "@id": "https://data.datatourisme.fr/ece2d00c-cc00-31e8-b38b-9c88f5fe7f4d",
      "schema:address": [
        {
          "@id": "https://data.datatourisme.fr/51e83855-1edd-3857-915b-7a663cde0189",
          "schema:addressLocality": "Oraison",
          "schema:postalCode": "04700",
          "schema:streetAddress": [
            "Intérieur de l'église Notre Dame du Thor",
            "Place Colonel Frume"
          ],
          "@type": [
            "schema:PostalAddress",
            "PostalAddress"
          ],
          "hasAddressCity": {
            "@id": "kb:04143",
            "@type": [
              "City"
            ],
            "rdfs:label": {
              "de": [
                "Oraison"
              ],
              "pt": [
                "Oraison"
              ],
              "en": [
                "Oraison"
              ],
              "it": [
                "Oraison"
              ],
              "fr": [
                "Oraison"
              ],
              "nl": [
                "Oraison"
              ],
              "es": [
                "Oraison"
              ]
            },
            "insee": "04143",
            "isPartOfDepartment": {
              "@id": "kb:France9304",
              "@type": [
                "Department"
              ],
              "rdfs:label": {
                "de": [
                  "Alpes-de-Haute-Provence"
                ],
                "pt": [
                  "Alpes-de-Haute-Provence"
                ],
                "en": [
                  "Alpes-de-Haute-Provence"
                ],
                "it": [
                  "Alpes-de-Haute-Provence"
                ],
                "fr": [
                  "Alpes-de-Haute-Provence"
                ],
                "nl": [
                  "Alpes-de-Haute-Provence"
                ],
                "es": [
                  "Alpes-de-Haute-Provence"
                ]
              },
              "insee": "04",
              "isPartOfRegion": {
                "@id": "kb:France93",
                "@type": [
                  "Region"
                ],
                "rdfs:label": {
                  "de": [
                    "Provence-Alpes-Côte d'Azur"
                  ],
                  "pt": [
                    "Provence-Alpes-Côte d'Azur"
                  ],
                  "en": [
                    "Provence-Alpes-Côte d'Azur"
                  ],
                  "it": [
                    "Provence-Alpes-Côte d'Azur"
                  ],
                  "fr": [
                    "Provence-Alpes-Côte d'Azur"
                  ],
                  "nl": [
                    "Provence-Alpes-Côte d'Azur"
                  ],
                  "es": [
                    "Provence-Alpes-Côte d'Azur"
                  ]
                },
                "insee": "93",
                "isPartOfCountry": {
                  "@id": "kb:France",
                  "@type": [
                    "schema:Country"
                  ],
                  "rdfs:label": {
                    "de": [
                      "France",
                      "Frankreich"
                    ],
                    "pt": [
                      "França",
                      "France"
                    ],
                    "en": [
                      "France"
                    ],
                    "it": [
                      "France",
                      "Francia"
                    ],
                    "fr": [
                      "France"
                    ],
                    "nl": [
                      "France",
                      "Frankrijk"
                    ],
                    "es": [
                      "France",
                      "Francia"
                    ]
                  }
                }
              }
            }
          }
        }
      ],
      "schema:geo": {
        "@id": "https://data.datatourisme.fr/247f8760-411c-31a5-9c66-f5ff2209bbcf",
        "schema:latitude": "43.91657",
        "schema:longitude": "5.918302",
        "@type": [
          "schema:GeoCoordinates"
        ]
      },
      "schema:openingHoursSpecification": [
        {
          "@id": "https://data.datatourisme.fr/c5fdf2cc-9d8f-3c12-9f04-1f3e2e6056c3",
          "schema:validFrom": "2023-01-01T00:00:00",
          "schema:validThrough": "2023-12-31T23:59:59",
          "@type": [
            "schema:OpeningHoursSpecification"
          ],
          "additionalInformation": {
            "de": [
              "Zugang während der Öffnungszeiten der Kirche"
            ],
            "en": [
              "Access to church opening hours"
            ],
            "it": [
              "Accesso durante gli orari di apertura della chiesa"
            ],
            "fr": [
              "Accès aux heures d'ouverture de l'église"
            ],
            "nl": [
              "Toegang tijdens de openingsuren van de kerk"
            ],
            "es": [
              "Acceso durante el horario de apertura de la iglesia"
            ]
          },
          "hasTranslatedProperty": [
            {
              "@id": "https://data.datatourisme.fr/206af74b-74db-3b20-9026-18540dddc745",
              "dc:contributor": [
                "https://api.deepl.com/v2/translate"
              ],
              "rdf:language": [
                "es"
              ],
              "rdf:predicate": [
                "additionalInformation"
              ]
            },
            {
              "@id": "https://data.datatourisme.fr/b2408537-880f-3404-acd8-2a5bb136883d",
              "dc:contributor": [
                "https://api.deepl.com/v2/translate"
              ],
              "rdf:language": [
                "nl"
              ],
              "rdf:predicate": [
                "additionalInformation"
              ]
            },
            {
              "@id": "https://data.datatourisme.fr/d306e83b-bb22-3f0a-a89a-4874fe72cd2e",
              "dc:contributor": [
                "https://api.deepl.com/v2/translate"
              ],
              "rdf:language": [
                "it"
              ],
              "rdf:predicate": [
                "additionalInformation"
              ]
            },
            {
              "@id": "https://data.datatourisme.fr/d452ce10-99bf-3a61-b7a4-dc621561d6e9",
              "dc:contributor": [
                "https://api.deepl.com/v2/translate"
              ],
              "rdf:language": [
                "de"
              ],
              "rdf:predicate": [
                "additionalInformation"
              ]
            },
            {
              "@id": "https://data.datatourisme.fr/fa0d2b38-9097-3074-9981-beeaad65abdc",
              "dc:contributor": [
                "https://api.deepl.com/v2/translate"
              ],
              "rdf:language": [
                "en"
              ],
              "rdf:predicate": [
                "additionalInformation"
              ]
            }
          ]
        }
      ],
      "@type": [
        "schema:Place",
        "Place"
      ]
    }
  ],
  "isOwnedBy": [
    {
      "@id": "https://data.datatourisme.fr/c2d6808f-152c-38ad-957d-d172575d0785",
      "schema:email": [
        "a.filloz@tourisme-dlva.fr",
        "c.derrier@tourisme-dlva.fr",
        "l.negro@tourisme-dlva.fr",
        "m.tardif@tourisme-dlva.fr"
      ],
      "schema:legalName": "Office de Tourisme et des Congrès du Pays de Manosque",
      "@type": [
        "schema:Organization",
        "foaf:Agent",
        "Agent"
      ],
      "foaf:homepage": [
        "https://www.durance-luberon-verdon.com/"
      ]
    }
  ],
  "lastUpdate": "2022-02-22",
  "lastUpdateDatatourisme": "2023-07-19T05:52:28.445Z"
}