{
  "@id": "https://data.datatourisme.fr/13/00666ce1-b3e1-3dde-8629-739ef5a336b2",
  "dc:identifier": "5669857",
  "@type": [
    "CityHeritage",
    "CulturalSite",
    "PlaceOfInterest",
    "PointOfInterest"
  ],
  "rdfs:comment": {
    "de": [
      "Besonders reizvoll in dieser ideal zwischen Nizza und Cannes gelegenen Stadt ist ihr mittelalterlicher Ortsteil Haut-de-Cagnes, dessen Grimaldi-Museumsburg über der Stadt thront und wo sich zahlreiche Persönlichkeiten und Künstler, wie zum Beispiel Renoir"
    ],
    "en": [
      "Ideally located between Nice and Cannes, the city draws its charm from the Mediaeval village of Haut-de-Cagnes whose Château-Musée Grimaldi dominates the city and where many artists and personalities, including Renoir, have stayed."
    ],
    "it": [
      "Situata in posizione ideale tra Nizza e Cannes, la città deve il suo fascino dal borgo medievale di Haut-de-Cagnes, con il castello-museo Grimaldi che domina la città e dove hanno soggiornato molte personalità di spicco e artisti, tra cui Renoir."
    ],
    "fr": [
      "Idéalement située entre Nice et Cannes, la ville doit notamment son charme à son village médiéval du Haut-de-Cagnes dont le château-musée Grimaldi domine la ville. Nombre de personnalités et d’artistes, dont Renoir, ont séjourné ou vécu à Cagnes-sur-Mer."
    ],
    "es": [
      "Idealmente situada entre Niza y Cannes, la ciudad debe su encanto al pueblo medieval de Haut-de-Cagnes, cuyo castillo-museo Grimaldi domina la ciudad. Muchas personalidades y artistas, entre ellos Renoir, se han alojado o han vivido en Cagnes-sur-Mer."
    ],
    "nl": [
      "De stad, ideaal gelegen tussen Nice en Cannes, dankt zijn charme aan het middeleeuwse dorp Haut-de-Cagnes, waarvan het kasteel-museum Grimaldi de stad domineert. Veel persoonlijkheden en kunstenaars, waaronder Renoir, hebben in Cagnes-sur-Mer verbleven of gewoond."
    ]
  },
  "rdfs:label": {
    "de": [
      "Cagnes-sur-Mer"
    ],
    "en": [
      "Cagnes-sur-Mer"
    ],
    "it": [
      "Cagnes-sur-Mer"
    ],
    "fr": [
      "Cagnes-sur-Mer"
    ]
  },
  "owl:sameAs": [
    "http://www.wikidata.org/entity/Q2317145"
  ],
  "hasBeenCreatedBy": {
    "@id": "https://data.datatourisme.fr/13/8038da89-e49a-35ea-bb48-9cfc6cea9fc1",
    "dc:identifier": "2013",
    "schema:email": [
      "murielle.bonazza@nicecotedazurtourisme.com",
      "sylvie.ardino@nicecotedazurtourisme.com"
    ],
    "schema:legalName": "Office de Tourisme Métropolitain Nice Côte d'Azur",
    "@type": [
      "schema:Organization",
      "foaf:Agent",
      "Agent"
    ],
    "foaf:homepage": [
      "https://www.explorenicecotedazur.com/"
    ]
  },
  "hasBeenPublishedBy": [
    {
      "@id": "https://data.datatourisme.fr/8a9feb4b-2cbd-3d2c-b507-bd6c6776b23b",
      "schema:legalName": "Apidae Tourisme Scic SA - source : Apidae Tourisme",
      "@type": [
        "schema:Organization",
        "foaf:Agent",
        "Agent"
      ],
      "foaf:homepage": [
        "https://www.apidae-tourisme.com/"
      ]
    }
  ],
  "hasContact": [
    {
      "@id": "https://data.datatourisme.fr/6d99a378-9261-324e-be8c-b0e8f3c897d2",
      "schema:email": [
        "info.cagnessurmer@nicecotedazurtourisme.com"
      ],
      "schema:telephone": [
        "+33 4 93 20 61 64"
      ],
      "@type": [
        "foaf:Agent",
        "Agent"
      ],
      "foaf:homepage": [
        "http://www.cagnes-tourisme.com/"
      ]
    }
  ],
  "hasDescription": [
    {
      "@id": "https://data.datatourisme.fr/0fcfd4ed-4cba-3b95-8233-764ec1f7063c",
      "@type": [
        "Description"
      ],
      "hasTranslatedProperty": [
        {
          "@id": "https://data.datatourisme.fr/9bd23716-eff4-33ed-99b6-bdf6873bbf1a",
          "dc:contributor": [
            "https://api.deepl.com/v2/translate"
          ],
          "rdf:language": [
            "es"
          ],
          "rdf:predicate": [
            "shortDescription"
          ]
        },
        {
          "@id": "https://data.datatourisme.fr/d70e05ef-1ba1-32d2-b4ad-b509490cb6d3",
          "dc:contributor": [
            "https://api.deepl.com/v2/translate"
          ],
          "rdf:language": [
            "nl"
          ],
          "rdf:predicate": [
            "shortDescription"
          ]
        }
      ],
      "shortDescription": {
        "de": [
          "Besonders reizvoll in dieser ideal zwischen Nizza und Cannes gelegenen Stadt ist ihr mittelalterlicher Ortsteil Haut-de-Cagnes, dessen Grimaldi-Museumsburg über der Stadt thront und wo sich zahlreiche Persönlichkeiten und Künstler, wie zum Beispiel Renoir"
        ],
        "en": [
          "Ideally located between Nice and Cannes, the city draws its charm from the Mediaeval village of Haut-de-Cagnes whose Château-Musée Grimaldi dominates the city and where many artists and personalities, including Renoir, have stayed."
        ],
        "it": [
          "Situata in posizione ideale tra Nizza e Cannes, la città deve il suo fascino dal borgo medievale di Haut-de-Cagnes, con il castello-museo Grimaldi che domina la città e dove hanno soggiornato molte personalità di spicco e artisti, tra cui Renoir."
        ],
        "fr": [
          "Idéalement située entre Nice et Cannes, la ville doit notamment son charme à son village médiéval du Haut-de-Cagnes dont le château-musée Grimaldi domine la ville. Nombre de personnalités et d’artistes, dont Renoir, ont séjourné ou vécu à Cagnes-sur-Mer."
        ],
        "es": [
          "Idealmente situada entre Niza y Cannes, la ciudad debe su encanto al pueblo medieval de Haut-de-Cagnes, cuyo castillo-museo Grimaldi domina la ciudad. Muchas personalidades y artistas, entre ellos Renoir, se han alojado o han vivido en Cagnes-sur-Mer."
        ],
        "nl": [
          "De stad, ideaal gelegen tussen Nice en Cannes, dankt zijn charme aan het middeleeuwse dorp Haut-de-Cagnes, waarvan het kasteel-museum Grimaldi de stad domineert. Veel persoonlijkheden en kunstenaars, waaronder Renoir, hebben in Cagnes-sur-Mer verbleven of gewoond."
        ]
      }
    }
  ],
  "hasRepresentation": [
    {
      "@id": "https://data.datatourisme.fr/746cfe5e-1dad-3d67-bf63-ed704cd403db",
      "ebucore:hasAnnotation": [
        {
          "@id": "https://data.datatourisme.fr/4f20cdb9-d5b8-34d1-bff9-c37684b01f52",
          "ebucore:isCoveredBy": "CC BY-SA 3.0",
          "ebucore:title": {
            "fr": [
              "Cagnes-sur-Mer - Musée Renoir - Maison -1"
            ]
          },
          "@type": [
            "ebucore:Annotation"
          ],
          "credits": [
            "MOSSOT (https://commons.wikimedia.org/wiki/User:MOSSOT)"
          ]
        }
      ],
      "ebucore:hasRelatedResource": [
        {
          "@id": "https://data.datatourisme.fr/a2afa038-b7f0-399d-a81c-25d06b6fefec",
          "ebucore:fileSize": [
            2681951
          ],
          "ebucore:hasMimeType": [
            {
              "@id": "kb:JPEG",
              "@type": [
                "ebucore:MimeType"
              ],
              "rdfs:comment": {
                "de": [
                  "JPEG-Bild"
                ],
                "pt": [
                  "Imagem JPEG"
                ],
                "en": [
                  "JPEG image file"
                ],
                "it": [
                  "Immagine JPEG"
                ],
                "fr": [
                  "Image JPEG"
                ],
                "nl": [
                  "JPEG-afbeelding"
                ],
                "es": [
                  "Imagen JPEG"
                ]
              },
              "rdfs:label": {
                "de": [
                  "image/jpeg"
                ],
                "pt": [
                  "image/jpeg"
                ],
                "en": [
                  "image/jpeg"
                ],
                "it": [
                  "image/jpeg"
                ],
                "fr": [
                  "image/jpeg"
                ],
                "nl": [
                  "image/jpeg"
                ],
                "es": [
                  "image/jpeg"
                ]
              }
            }
          ],
          "ebucore:height": 2736,
          "ebucore:locator": [
            "https://upload.wikimedia.org/wikipedia/commons/9/96/Cagnes-sur-Mer_-_Mus%C3%A9e_Renoir_-_Maison_-1.JPG"
          ],
          "ebucore:width": 3648,
          "@type": [
            "ebucore:Resource"
          ]
        }
      ],
      "@type": [
        "ebucore:EditorialObject"
      ]
    }
  ],
  "hasTheme": [
    {
      "@id": "kb:Culture",
      "@type": [
        "CulturalTheme"
      ],
      "rdfs:label": {
        "de": [
          "Kultur"
        ],
        "pt": [
          "Cultura"
        ],
        "en": [
          "Culture"
        ],
        "it": [
          "Cultura"
        ],
        "fr": [
          "Culture"
        ],
        "nl": [
          "Cultuur"
        ],
        "es": [
          "Cultura"
        ]
      }
    }
  ],
  "hasTranslatedProperty": [
    {
      "@id": "https://data.datatourisme.fr/3de966c7-5140-39a5-90a5-768ac40cb98b",
      "dc:contributor": [
        "https://api.deepl.com/v2/translate"
      ],
      "rdf:language": [
        "nl"
      ],
      "rdf:predicate": [
        {
          "@id": "rdfs:comment"
        }
      ]
    },
    {
      "@id": "https://data.datatourisme.fr/e8682f90-58d0-37e8-931c-cb2a2b943faa",
      "dc:contributor": [
        "https://api.deepl.com/v2/translate"
      ],
      "rdf:language": [
        "es"
      ],
      "rdf:predicate": [
        {
          "@id": "rdfs:comment"
        }
      ]
    }
  ],
  "isLocatedAt": [
    {
      "@id": "https://data.datatourisme.fr/0f42ea14-e16f-3929-b0bb-5670fa0d1f5c",
      "schema:address": [
        {
          "@id": "https://data.datatourisme.fr/9c9bf4c3-adb6-321f-9781-c48904daa730",
          "schema:addressLocality": "Cagnes-sur-Mer",
          "schema:postalCode": "06800",
          "schema:streetAddress": [
            "Mairie de Cagnes-sur-Mer",
            "Place de l'Hôtel de Ville"
          ],
          "@type": [
            "schema:PostalAddress",
            "PostalAddress"
          ],
          "hasAddressCity": {
            "@id": "kb:06027",
            "@type": [
              "City"
            ],
            "rdfs:label": {
              "de": [
                "Cagnes-sur-Mer"
              ],
              "pt": [
                "Cagnes-sur-Mer"
              ],
              "en": [
                "Cagnes-sur-Mer"
              ],
              "it": [
                "Cagnes-sur-Mer"
              ],
              "fr": [
                "Cagnes-sur-Mer"
              ],
              "nl": [
                "Cagnes-sur-Mer"
              ],
              "es": [
                "Cagnes-sur-Mer"
              ]
            },
            "insee": "06027",
            "isPartOfDepartment": {
              "@id": "kb:France9306",
              "@type": [
                "Department"
              ],
              "rdfs:label": {
                "de": [
                  "Alpes-Maritimes"
                ],
                "pt": [
                  "Alpes-Maritimes"
                ],
                "en": [
                  "Alpes-Maritimes"
                ],
                "it": [
                  "Alpes-Maritimes"
                ],
                "fr": [
                  "Alpes-Maritimes"
                ],
                "nl": [
                  "Alpes-Maritimes"
                ],
                "es": [
                  "Alpes-Maritimes"
                ]
              },
              "insee": "06",
              "isPartOfRegion": {
                "@id": "kb:France93",
                "@type": [
                  "Region"
                ],
                "rdfs:label": {
                  "de": [
                    "Provence-Alpes-Côte d'Azur"
                  ],
                  "pt": [
                    "Provence-Alpes-Côte d'Azur"
                  ],
                  "en": [
                    "Provence-Alpes-Côte d'Azur"
                  ],
                  "it": [
                    "Provence-Alpes-Côte d'Azur"
                  ],
                  "fr": [
                    "Provence-Alpes-Côte d'Azur"
                  ],
                  "nl": [
                    "Provence-Alpes-Côte d'Azur"
                  ],
                  "es": [
                    "Provence-Alpes-Côte d'Azur"
                  ]
                },
                "insee": "93",
                "isPartOfCountry": {
                  "@id": "kb:France",
                  "@type": [
                    "schema:Country"
                  ],
                  "rdfs:label": {
                    "de": [
                      "France",
                      "Frankreich"
                    ],
                    "pt": [
                      "França",
                      "France"
                    ],
                    "en": [
                      "France"
                    ],
                    "it": [
                      "France",
                      "Francia"
                    ],
                    "fr": [
                      "France"
                    ],
                    "nl": [
                      "France",
                      "Frankrijk"
                    ],
                    "es": [
                      "France",
                      "Francia"
                    ]
                  }
                }
              }
            }
          }
        }
      ],
      "schema:geo": {
        "@id": "https://data.datatourisme.fr/02486bbc-3186-35bd-9141-35bd23e50e35",
        "schema:latitude": "43.666801",
        "schema:longitude": "7.14556",
        "@type": [
          "schema:GeoCoordinates"
        ]
      },
      "schema:openingHoursSpecification": [
        {
          "@id": "https://data.datatourisme.fr/f87e535a-636d-3343-ad63-8a03392e7511",
          "schema:validFrom": "2023-01-01T00:00:00",
          "schema:validThrough": "2023-12-31T23:59:59",
          "@type": [
            "schema:OpeningHoursSpecification"
          ]
        }
      ],
      "@type": [
        "schema:Place",
        "Place"
      ]
    }
  ],
  "isOwnedBy": [
    {
      "@id": "https://data.datatourisme.fr/c3f66140-acef-3c74-968c-829363e7fabb",
      "schema:email": [
        "murielle.bonazza@nicecotedazurtourisme.com",
        "sylvie.ardino@nicecotedazurtourisme.com"
      ],
      "schema:legalName": "Office de Tourisme Métropolitain Nice Côte d'Azur",
      "@type": [
        "schema:Organization",
        "foaf:Agent",
        "Agent"
      ],
      "foaf:homepage": [
        "https://www.explorenicecotedazur.com/"
      ]
    }
  ],
  "lastUpdate": "2022-01-19",
  "lastUpdateDatatourisme": "2023-02-22T06:42:37.676Z",
  "offers": [
    {
      "@id": "https://data.datatourisme.fr/1a71f884-74e0-350e-a35c-a7bd52e27716",
      "schema:priceSpecification": [
        {
          "@id": "https://data.datatourisme.fr/92bd40c0-35c7-3940-8bce-2f55f928fe30",
          "@type": [
            "schema:PriceSpecification",
            "PriceSpecification"
          ],
          "appliesOnPeriod": [
            {
              "@id": "https://data.datatourisme.fr/7410be00-ef25-3af2-bd96-7819d148586f",
              "@type": [
                "Period"
              ],
              "endDate": "2021-12-31",
              "startDate": "2021-01-01"
            }
          ]
        }
      ],
      "@type": [
        "schema:Offer",
        "Offer"
      ]
    }
  ]
}