{
  "@id": "https://data.datatourisme.fr/13/00ee0528-520a-3025-aaa2-4f85435dedeb",
  "dc:identifier": "5552551",
  "@type": [
    "schema:FoodEstablishment",
    "schema:Winery",
    "BistroOrWineBar",
    "FoodEstablishment",
    "PlaceOfInterest",
    "PointOfInterest",
    "SportsAndLeisurePlace"
  ],
  "rdfs:comment": {
    "de": [
      "Bierbar / Pub\r\nKleine Snacks vor Ort und hausgemachte Pommes frites."
    ],
    "en": [
      "Beer bar / Pub\r\nSnacks and home fries."
    ],
    "it": [
      "Beer bar / Pub\r\nCibo e bevande sul posto e patatine fritte fatte in casa."
    ],
    "fr": [
      "Bar à bière / Pub\r\nPetite restauration sur place et frites maison."
    ],
    "es": [
      "Cervecería / Pub\r\nComida y bebida in situ y patatas fritas caseras."
    ],
    "nl": [
      "Bierbar / Pub\r\nKleine catering ter plaatse en zelfgemaakte frieten."
    ]
  },
  "rdfs:label": {
    "fr": [
      "La Mousse Gourmande - Bar à bière"
    ]
  },
  "hasBeenCreatedBy": {
    "@id": "https://data.datatourisme.fr/13/3c1e4bd6-7169-3815-be00-47536c9f541e",
    "dc:identifier": "1639",
    "schema:email": [
      "guilhem.millet@porteduventoux.com",
      "pauline@porteduventoux.com",
      "sandra@porteduventoux.com"
    ],
    "schema:legalName": "Office de Tourisme Communautaire Porte du Ventoux",
    "@type": [
      "schema:Organization",
      "foaf:Agent",
      "Agent"
    ],
    "foaf:homepage": [
      "https://porteduventoux.com/"
    ]
  },
  "hasBeenPublishedBy": [
    {
      "@id": "https://data.datatourisme.fr/8a9feb4b-2cbd-3d2c-b507-bd6c6776b23b",
      "schema:legalName": "Apidae Tourisme Scic SA - source : Apidae Tourisme",
      "@type": [
        "schema:Organization",
        "foaf:Agent",
        "Agent"
      ],
      "foaf:homepage": [
        "https://www.apidae-tourisme.com/"
      ]
    }
  ],
  "hasContact": [
    {
      "@id": "https://data.datatourisme.fr/edcc36f1-fd03-3dcb-83f5-1408fbb42f22",
      "schema:email": [
        "contact@brasserie-la-dejantee.fr"
      ],
      "schema:telephone": [
        "+33 6 80 88 39 87"
      ],
      "@type": [
        "foaf:Agent",
        "Agent"
      ]
    }
  ],
  "hasDescription": [
    {
      "@id": "https://data.datatourisme.fr/359d65fc-0270-3632-ac90-7de9576e418d",
      "@type": [
        "Description"
      ],
      "hasTranslatedProperty": [
        {
          "@id": "https://data.datatourisme.fr/13d96ab6-2b89-3b4a-b9e4-d7ae1b2c8706",
          "dc:contributor": [
            "https://api.deepl.com/v2/translate"
          ],
          "rdf:language": [
            "de"
          ],
          "rdf:predicate": [
            "shortDescription"
          ]
        },
        {
          "@id": "https://data.datatourisme.fr/389ab937-44ac-38f2-8fb6-c856b43eee86",
          "dc:contributor": [
            "https://api.deepl.com/v2/translate"
          ],
          "rdf:language": [
            "it"
          ],
          "rdf:predicate": [
            "shortDescription"
          ]
        },
        {
          "@id": "https://data.datatourisme.fr/908bce1f-876b-38a3-844b-f31de4b8d45a",
          "dc:contributor": [
            "https://api.deepl.com/v2/translate"
          ],
          "rdf:language": [
            "nl"
          ],
          "rdf:predicate": [
            "shortDescription"
          ]
        },
        {
          "@id": "https://data.datatourisme.fr/f855bca3-1cdf-37ca-9326-152e9a37d420",
          "dc:contributor": [
            "https://api.deepl.com/v2/translate"
          ],
          "rdf:language": [
            "es"
          ],
          "rdf:predicate": [
            "shortDescription"
          ]
        }
      ],
      "shortDescription": {
        "de": [
          "Bierbar / Pub\r\nKleine Snacks vor Ort und hausgemachte Pommes frites."
        ],
        "en": [
          "Beer bar / Pub\r\nSnacks and home fries."
        ],
        "it": [
          "Beer bar / Pub\r\nCibo e bevande sul posto e patatine fritte fatte in casa."
        ],
        "fr": [
          "Bar à bière / Pub\r\nPetite restauration sur place et frites maison."
        ],
        "es": [
          "Cervecería / Pub\r\nComida y bebida in situ y patatas fritas caseras."
        ],
        "nl": [
          "Bierbar / Pub\r\nKleine catering ter plaatse en zelfgemaakte frieten."
        ]
      }
    }
  ],
  "hasTranslatedProperty": [
    {
      "@id": "https://data.datatourisme.fr/16f928b4-9b10-3511-bbe0-f151d1528fda",
      "dc:contributor": [
        "https://api.deepl.com/v2/translate"
      ],
      "rdf:language": [
        "de"
      ],
      "rdf:predicate": [
        {
          "@id": "rdfs:comment"
        }
      ]
    },
    {
      "@id": "https://data.datatourisme.fr/537a2875-2a90-3bdd-9834-7f9acab77054",
      "dc:contributor": [
        "https://api.deepl.com/v2/translate"
      ],
      "rdf:language": [
        "nl"
      ],
      "rdf:predicate": [
        {
          "@id": "rdfs:comment"
        }
      ]
    },
    {
      "@id": "https://data.datatourisme.fr/6f26cada-2e49-3ce2-95bd-e1212b4ac7f5",
      "dc:contributor": [
        "https://api.deepl.com/v2/translate"
      ],
      "rdf:language": [
        "it"
      ],
      "rdf:predicate": [
        {
          "@id": "rdfs:comment"
        }
      ]
    },
    {
      "@id": "https://data.datatourisme.fr/88601465-eac1-3f33-aa83-56e8d46b6f90",
      "dc:contributor": [
        "https://api.deepl.com/v2/translate"
      ],
      "rdf:language": [
        "es"
      ],
      "rdf:predicate": [
        {
          "@id": "rdfs:comment"
        }
      ]
    }
  ],
  "isLocatedAt": [
    {
      "@id": "https://data.datatourisme.fr/74acb1ab-e180-3bc9-a3c3-f31d46845201",
      "schema:address": [
        {
          "@id": "https://data.datatourisme.fr/2df0fd57-9b3d-3cfa-b176-c0ec8e3d39a4",
          "schema:addressLocality": "Pernes-les-Fontaines",
          "schema:postalCode": "84210",
          "schema:streetAddress": [
            "53 rue porte Notre Dame"
          ],
          "@type": [
            "schema:PostalAddress",
            "PostalAddress"
          ],
          "hasAddressCity": {
            "@id": "kb:84088",
            "@type": [
              "City"
            ],
            "rdfs:label": {
              "de": [
                "Pernes-les-Fontaines"
              ],
              "pt": [
                "Pernes-les-Fontaines"
              ],
              "en": [
                "Pernes-les-Fontaines"
              ],
              "it": [
                "Pernes-les-Fontaines"
              ],
              "fr": [
                "Pernes-les-Fontaines"
              ],
              "nl": [
                "Pernes-les-Fontaines"
              ],
              "es": [
                "Pernes-les-Fontaines"
              ]
            },
            "insee": "84088",
            "isPartOfDepartment": {
              "@id": "kb:France9384",
              "@type": [
                "Department"
              ],
              "rdfs:label": {
                "de": [
                  "Vaucluse"
                ],
                "pt": [
                  "Vaucluse"
                ],
                "en": [
                  "Vaucluse"
                ],
                "it": [
                  "Vaucluse"
                ],
                "fr": [
                  "Vaucluse"
                ],
                "nl": [
                  "Vaucluse"
                ],
                "es": [
                  "Vaucluse"
                ]
              },
              "insee": "84",
              "isPartOfRegion": {
                "@id": "kb:France93",
                "@type": [
                  "Region"
                ],
                "rdfs:label": {
                  "de": [
                    "Provence-Alpes-Côte d'Azur"
                  ],
                  "pt": [
                    "Provence-Alpes-Côte d'Azur"
                  ],
                  "en": [
                    "Provence-Alpes-Côte d'Azur"
                  ],
                  "it": [
                    "Provence-Alpes-Côte d'Azur"
                  ],
                  "fr": [
                    "Provence-Alpes-Côte d'Azur"
                  ],
                  "nl": [
                    "Provence-Alpes-Côte d'Azur"
                  ],
                  "es": [
                    "Provence-Alpes-Côte d'Azur"
                  ]
                },
                "insee": "93",
                "isPartOfCountry": {
                  "@id": "kb:France",
                  "@type": [
                    "schema:Country"
                  ],
                  "rdfs:label": {
                    "de": [
                      "France",
                      "Frankreich"
                    ],
                    "pt": [
                      "França",
                      "France"
                    ],
                    "en": [
                      "France"
                    ],
                    "it": [
                      "France",
                      "Francia"
                    ],
                    "fr": [
                      "France"
                    ],
                    "nl": [
                      "France",
                      "Frankrijk"
                    ],
                    "es": [
                      "France",
                      "Francia"
                    ]
                  }
                }
              }
            }
          }
        }
      ],
      "schema:geo": {
        "@id": "https://data.datatourisme.fr/6c21cb8f-a38c-3625-a31e-7fd45d705a2f",
        "schema:latitude": "43.999881",
        "schema:longitude": "5.058936",
        "@type": [
          "schema:GeoCoordinates"
        ]
      },
      "schema:openingHoursSpecification": [
        {
          "@id": "https://data.datatourisme.fr/5bcec91d-297a-3c5f-96f6-9c40ef900541",
          "schema:validFrom": "2023-01-01T00:00:00",
          "schema:validThrough": "2023-12-31T23:59:59",
          "@type": [
            "schema:OpeningHoursSpecification"
          ],
          "additionalInformation": {
            "de": [
              "Dienstag bis Samstag ab 17 Uhr"
            ],
            "en": [
              "Tuesday to Saturday from 5pm"
            ],
            "it": [
              "Da martedì a sabato dalle 17.00"
            ],
            "fr": [
              "Du mardi au samedi à partir de 17h"
            ],
            "nl": [
              "Dinsdag tot zaterdag vanaf 17 uur"
            ],
            "es": [
              "De martes a sábado a partir de las 17:00 horas"
            ]
          },
          "hasTranslatedProperty": [
            {
              "@id": "https://data.datatourisme.fr/1fef4494-a2e4-3375-8c2d-c66b252be457",
              "dc:contributor": [
                "https://api.deepl.com/v2/translate"
              ],
              "rdf:language": [
                "nl"
              ],
              "rdf:predicate": [
                "additionalInformation"
              ]
            },
            {
              "@id": "https://data.datatourisme.fr/5e5b4e58-e54c-3514-bb5e-85b7dfce0020",
              "dc:contributor": [
                "https://api.deepl.com/v2/translate"
              ],
              "rdf:language": [
                "it"
              ],
              "rdf:predicate": [
                "additionalInformation"
              ]
            },
            {
              "@id": "https://data.datatourisme.fr/742c838c-f6d7-3524-a199-0048b8f5ec75",
              "dc:contributor": [
                "https://api.deepl.com/v2/translate"
              ],
              "rdf:language": [
                "es"
              ],
              "rdf:predicate": [
                "additionalInformation"
              ]
            },
            {
              "@id": "https://data.datatourisme.fr/8e209a29-fc34-3a7c-9c0a-139ede53a2d5",
              "dc:contributor": [
                "https://api.deepl.com/v2/translate"
              ],
              "rdf:language": [
                "en"
              ],
              "rdf:predicate": [
                "additionalInformation"
              ]
            },
            {
              "@id": "https://data.datatourisme.fr/c338581a-1fee-3144-9200-ffa8b02fb5f6",
              "dc:contributor": [
                "https://api.deepl.com/v2/translate"
              ],
              "rdf:language": [
                "de"
              ],
              "rdf:predicate": [
                "additionalInformation"
              ]
            }
          ]
        }
      ],
      "@type": [
        "schema:Place",
        "Place"
      ]
    }
  ],
  "isOwnedBy": [
    {
      "@id": "https://data.datatourisme.fr/5965559f-e83b-3d92-af64-2286f578c9a6",
      "schema:email": [
        "pauline@porteduventoux.com",
        "sandra@porteduventoux.com"
      ],
      "schema:legalName": "Office de Tourisme Communautaire Porte du Ventoux",
      "@type": [
        "schema:Organization",
        "foaf:Agent",
        "Agent"
      ],
      "foaf:homepage": [
        "https://porteduventoux.com/"
      ]
    }
  ],
  "lastUpdate": "2023-01-04",
  "lastUpdateDatatourisme": "2023-07-20T05:54:46.136Z"
}