{
  "@id": "https://data.datatourisme.fr/13/006de365-95ba-306d-bdc7-b5edf4756c6c",
  "dc:identifier": "5720843",
  "schema:endDate": [
    "2023-12-31"
  ],
  "schema:startDate": [
    "2023-01-01"
  ],
  "@type": [
    "schema:Event",
    "schema:SaleEvent",
    "EntertainmentAndEvent",
    "Market",
    "PointOfInterest",
    "SaleEvent"
  ],
  "rdfs:comment": {
    "de": [
      "Der Biomarkt in Puymoyen empfängt am 2. und 4. Mittwoch ein Dutzend lokale Erzeuger im Dorf. Die Produkte sind frisch, von hoher Qualität und tragen das Bio-Siegel."
    ],
    "en": [
      "The organic market of Puymoyen welcomes about ten local producers in the village on the 2nd and 4th Wednesdays. The products are fresh, of quality, labeled organic."
    ],
    "it": [
      "Il mercato biologico di Puymoyen accoglie una decina di produttori locali del villaggio il 2° e il 4° mercoledì. I prodotti sono freschi, di alta qualità ed etichettati come biologici."
    ],
    "fr": [
      "Le marché bio de Puymoyen accueille une dizaine de producteurs locaux dans le bourg le 2ème et 4ème mercredis. Les produits sont frais, de qualité, labellisés bio."
    ],
    "es": [
      "El mercado ecológico de Puymoyen acoge los 2º y 4º miércoles a una decena de productores locales del pueblo. Los productos son frescos, de gran calidad y etiquetados como ecológicos."
    ],
    "nl": [
      "De biologische markt van Puymoyen verwelkomt een tiental lokale producenten in het dorp op de 2e en 4e woensdag. De producten zijn vers, van hoge kwaliteit en hebben een biologisch label."
    ]
  },
  "rdfs:label": {
    "fr": [
      "Marché bio de Puymoyen"
    ]
  },
  "hasBeenCreatedBy": {
    "@id": "https://data.datatourisme.fr/13/f3e52c30-0b82-3a81-a3e7-ace55fe15c08",
    "dc:identifier": "2053",
    "schema:email": [
      "snebout@angouleme-tourisme.com"
    ],
    "schema:legalName": "Office de Tourisme du Pays d'Angoulême",
    "@type": [
      "schema:Organization",
      "foaf:Agent",
      "Agent"
    ],
    "foaf:homepage": [
      "http://www.angouleme-tourisme.com/"
    ],
    "lastUpdateDatatourisme": "2022-12-19T06:44:07.571Z"
  },
  "hasBeenPublishedBy": [
    {
      "@id": "https://data.datatourisme.fr/ab49b1d8-4a8f-32b0-9489-a6b335bc8295",
      "schema:legalName": "Charentes Tourisme - source : Apidae Tourisme",
      "@type": [
        "schema:Organization",
        "foaf:Agent",
        "Agent"
      ],
      "foaf:homepage": [
        "https://www.apidae-tourisme.com/"
      ]
    }
  ],
  "hasContact": [
    {
      "@id": "https://data.datatourisme.fr/0b866686-330d-37a4-a146-f66fa759b166",
      "schema:email": [
        "marchez.bio16@orange.fr"
      ],
      "schema:telephone": [
        "+33 5 45 61 32 96"
      ],
      "@type": [
        "foaf:Agent",
        "Agent"
      ]
    }
  ],
  "hasDescription": [
    {
      "@id": "https://data.datatourisme.fr/b6bcc914-ffff-3eaf-b88f-d0c406303441",
      "@type": [
        "Description"
      ],
      "hasTranslatedProperty": [
        {
          "@id": "https://data.datatourisme.fr/7434f1f5-d08e-3942-bb0b-134e9c820b19",
          "dc:contributor": [
            "https://api.deepl.com/v2/translate"
          ],
          "rdf:language": [
            "de"
          ],
          "rdf:predicate": [
            "shortDescription"
          ]
        },
        {
          "@id": "https://data.datatourisme.fr/9e3dfb4d-6054-397e-9d3d-f1370b4e4b4b",
          "dc:contributor": [
            "https://api.deepl.com/v2/translate"
          ],
          "rdf:language": [
            "it"
          ],
          "rdf:predicate": [
            "shortDescription"
          ]
        },
        {
          "@id": "https://data.datatourisme.fr/a46b3667-acd3-3db1-9ce8-80fb16dbb3b3",
          "dc:contributor": [
            "https://api.deepl.com/v2/translate"
          ],
          "rdf:language": [
            "en"
          ],
          "rdf:predicate": [
            "shortDescription"
          ]
        },
        {
          "@id": "https://data.datatourisme.fr/e4848a7a-6508-3c1a-8f56-d297a4946ca5",
          "dc:contributor": [
            "https://api.deepl.com/v2/translate"
          ],
          "rdf:language": [
            "nl"
          ],
          "rdf:predicate": [
            "shortDescription"
          ]
        },
        {
          "@id": "https://data.datatourisme.fr/ecf4f3f5-a941-34a6-966c-8a8f8e769e01",
          "dc:contributor": [
            "https://api.deepl.com/v2/translate"
          ],
          "rdf:language": [
            "es"
          ],
          "rdf:predicate": [
            "shortDescription"
          ]
        }
      ],
      "shortDescription": {
        "de": [
          "Der Biomarkt in Puymoyen empfängt am 2. und 4. Mittwoch ein Dutzend lokale Erzeuger im Dorf. Die Produkte sind frisch, von hoher Qualität und tragen das Bio-Siegel."
        ],
        "en": [
          "The organic market of Puymoyen welcomes about ten local producers in the village on the 2nd and 4th Wednesdays. The products are fresh, of quality, labeled organic."
        ],
        "it": [
          "Il mercato biologico di Puymoyen accoglie una decina di produttori locali del villaggio il 2° e il 4° mercoledì. I prodotti sono freschi, di alta qualità ed etichettati come biologici."
        ],
        "fr": [
          "Le marché bio de Puymoyen accueille une dizaine de producteurs locaux dans le bourg le 2ème et 4ème mercredis. Les produits sont frais, de qualité, labellisés bio."
        ],
        "es": [
          "El mercado ecológico de Puymoyen acoge los 2º y 4º miércoles a una decena de productores locales del pueblo. Los productos son frescos, de gran calidad y etiquetados como ecológicos."
        ],
        "nl": [
          "De biologische markt van Puymoyen verwelkomt een tiental lokale producenten in het dorp op de 2e en 4e woensdag. De producten zijn vers, van hoge kwaliteit en hebben een biologisch label."
        ]
      }
    }
  ],
  "hasTranslatedProperty": [
    {
      "@id": "https://data.datatourisme.fr/40918b07-bbf3-341c-881d-440eb4cb079c",
      "dc:contributor": [
        "https://api.deepl.com/v2/translate"
      ],
      "rdf:language": [
        "es"
      ],
      "rdf:predicate": [
        {
          "@id": "rdfs:comment"
        }
      ]
    },
    {
      "@id": "https://data.datatourisme.fr/66010ef1-e4c8-3999-9b06-2f67d93636d0",
      "dc:contributor": [
        "https://api.deepl.com/v2/translate"
      ],
      "rdf:language": [
        "nl"
      ],
      "rdf:predicate": [
        {
          "@id": "rdfs:comment"
        }
      ]
    },
    {
      "@id": "https://data.datatourisme.fr/76defd21-fbd8-3d95-ae5e-a276e12400cc",
      "dc:contributor": [
        "https://api.deepl.com/v2/translate"
      ],
      "rdf:language": [
        "en"
      ],
      "rdf:predicate": [
        {
          "@id": "rdfs:comment"
        }
      ]
    },
    {
      "@id": "https://data.datatourisme.fr/789155ab-8531-392e-b562-446fd7e0c277",
      "dc:contributor": [
        "https://api.deepl.com/v2/translate"
      ],
      "rdf:language": [
        "it"
      ],
      "rdf:predicate": [
        {
          "@id": "rdfs:comment"
        }
      ]
    },
    {
      "@id": "https://data.datatourisme.fr/8a98fc47-4936-3152-8c5c-177a8980289c",
      "dc:contributor": [
        "https://api.deepl.com/v2/translate"
      ],
      "rdf:language": [
        "de"
      ],
      "rdf:predicate": [
        {
          "@id": "rdfs:comment"
        }
      ]
    }
  ],
  "isLocatedAt": [
    {
      "@id": "https://data.datatourisme.fr/9482912d-537c-3f47-b272-98c69bbea34b",
      "schema:address": [
        {
          "@id": "https://data.datatourisme.fr/44af613c-6cfe-3fb4-9ae2-6820f811912c",
          "schema:addressLocality": "Puymoyen",
          "schema:postalCode": "16400",
          "schema:streetAddress": [
            "place de la Mairie"
          ],
          "@type": [
            "schema:PostalAddress",
            "PostalAddress"
          ],
          "hasAddressCity": {
            "@id": "kb:16271",
            "@type": [
              "City"
            ],
            "rdfs:label": {
              "de": [
                "Puymoyen"
              ],
              "pt": [
                "Puymoyen"
              ],
              "en": [
                "Puymoyen"
              ],
              "it": [
                "Puymoyen"
              ],
              "fr": [
                "Puymoyen"
              ],
              "nl": [
                "Puymoyen"
              ],
              "es": [
                "Puymoyen"
              ]
            },
            "insee": "16271",
            "isPartOfDepartment": {
              "@id": "kb:France7516",
              "@type": [
                "Department"
              ],
              "rdfs:label": {
                "de": [
                  "Charente"
                ],
                "pt": [
                  "Charente"
                ],
                "en": [
                  "Charente"
                ],
                "it": [
                  "Charente"
                ],
                "fr": [
                  "Charente"
                ],
                "nl": [
                  "Charente"
                ],
                "es": [
                  "Charente"
                ]
              },
              "insee": "16",
              "isPartOfRegion": {
                "@id": "kb:France75",
                "@type": [
                  "Region"
                ],
                "rdfs:label": {
                  "de": [
                    "Nouvelle-Aquitaine"
                  ],
                  "pt": [
                    "Nouvelle-Aquitaine"
                  ],
                  "en": [
                    "Nouvelle-Aquitaine"
                  ],
                  "it": [
                    "Nouvelle-Aquitaine"
                  ],
                  "fr": [
                    "Nouvelle-Aquitaine"
                  ],
                  "nl": [
                    "Nouvelle-Aquitaine"
                  ],
                  "es": [
                    "Nouvelle-Aquitaine"
                  ]
                },
                "insee": "75",
                "isPartOfCountry": {
                  "@id": "kb:France",
                  "@type": [
                    "schema:Country"
                  ],
                  "rdfs:label": {
                    "de": [
                      "France",
                      "Frankreich"
                    ],
                    "pt": [
                      "França",
                      "France"
                    ],
                    "en": [
                      "France"
                    ],
                    "it": [
                      "France",
                      "Francia"
                    ],
                    "fr": [
                      "France"
                    ],
                    "nl": [
                      "France",
                      "Frankrijk"
                    ],
                    "es": [
                      "France",
                      "Francia"
                    ]
                  }
                }
              }
            }
          }
        }
      ],
      "schema:geo": {
        "@id": "https://data.datatourisme.fr/d2ae5b8a-9cc6-3222-8373-19d5a672cfb9",
        "schema:latitude": "45.614442",
        "schema:longitude": "0.181276",
        "@type": [
          "schema:GeoCoordinates"
        ]
      },
      "schema:openingHoursSpecification": [
        {
          "@id": "https://data.datatourisme.fr/26dea2e9-75ad-3265-9c44-61d8ce514f0f",
          "schema:closes": "19:15:00",
          "schema:opens": "16:00:00",
          "schema:validFrom": "2023-01-01T00:00:00",
          "schema:validThrough": "2023-12-31T23:59:59",
          "@type": [
            "schema:OpeningHoursSpecification"
          ]
        }
      ],
      "@type": [
        "schema:Place",
        "Place"
      ]
    }
  ],
  "isOwnedBy": [
    {
      "@id": "https://data.datatourisme.fr/65c93456-0984-3a13-aac5-3ae5946a15d8",
      "schema:email": [
        "snebout@angouleme-tourisme.com"
      ],
      "schema:legalName": "Office de Tourisme du Pays d'Angoulême",
      "@type": [
        "schema:Organization",
        "foaf:Agent",
        "Agent"
      ],
      "foaf:homepage": [
        "http://www.angouleme-tourisme.com/"
      ]
    }
  ],
  "lastUpdate": "2023-04-19",
  "lastUpdateDatatourisme": "2023-04-20T05:49:28.242Z",
  "takesPlaceAt": [
    {
      "@id": "https://data.datatourisme.fr/6ad5d89a-256a-3e79-b3a7-8a6102d2856c",
      "@type": [
        "Period"
      ],
      "endDate": "2023-12-31",
      "endTime": "19:15:00",
      "startDate": "2023-01-01",
      "startTime": "16:00:00"
    }
  ]
}