{
  "@id": "https://data.datatourisme.fr/13/003206b3-a1de-3da7-ae2e-6abbf28c345d",
  "dc:identifier": "5521758",
  "@type": [
    "Basilica",
    "CulturalSite",
    "PlaceOfInterest",
    "PointOfInterest",
    "ReligiousSite"
  ],
  "rdfs:comment": {
    "de": [
      "Die Basilika Notre-Dame wurde in den Jahren 1934-1935 im Art-Déco-Stil im Zentrum gebaut, um die Bevölkerung in dieser Zeit der Stadtentwicklung besser versorgen zu können."
    ],
    "en": [
      "Notre-Dame Basilica was built in the years 1934-1935 in the Art Deco style, in the centre, to better serve the population at that time of the city's development."
    ],
    "it": [
      "La Basilica di Nostra Signora fu costruita negli anni 1934-1935 in stile Art Déco nel centro della città per servire meglio la popolazione in quel periodo di sviluppo della città."
    ],
    "fr": [
      "La basilique Notre-Dame fut construite dans les années 1934-1935 dans le style Art déco, dans le centre, pour mieux desservir la population à cette époque de développement de la ville."
    ],
    "es": [
      "La Basílica de Nuestra Señora se construyó en los años 1934-1935 en estilo Art Decó en el centro para atender mejor a la población en esa época de desarrollo de la ciudad."
    ],
    "nl": [
      "De Basiliek van Onze-Lieve-Vrouw werd gebouwd in de jaren 1934-1935 in de Art Deco stijl in het centrum om de bevolking beter te dienen in die tijd van ontwikkeling van de stad."
    ]
  },
  "rdfs:label": {
    "fr": [
      "Basilique Notre-Dame"
    ]
  },
  "hasBeenCreatedBy": {
    "@id": "https://data.datatourisme.fr/13/1373b284-bc38-3890-849e-92d324f56de0",
    "dc:identifier": "1541",
    "schema:email": [
      "a.durif@vichydestinations.fr",
      "a.peingnez@vichydestinations.fr",
      "c.bogros@vichydestinations.fr",
      "h.chevallier@vichydestinations.fr",
      "l.manoutsis@vichydestinations.fr",
      "n.schmitt@vichydestinations.fr",
      "vichy@allier-tourisme.net",
      "x.thomas@vichydestinations.fr"
    ],
    "schema:legalName": "Vichy Destinations",
    "@type": [
      "schema:Organization",
      "foaf:Agent",
      "Agent"
    ],
    "foaf:homepage": [
      "http://www.vichymonamour.fr/"
    ]
  },
  "hasBeenPublishedBy": [
    {
      "@id": "https://data.datatourisme.fr/8a9feb4b-2cbd-3d2c-b507-bd6c6776b23b",
      "schema:legalName": "Apidae Tourisme Scic SA - source : Apidae Tourisme",
      "@type": [
        "schema:Organization",
        "foaf:Agent",
        "Agent"
      ],
      "foaf:homepage": [
        "https://www.apidae-tourisme.com/"
      ]
    },
    {
      "@id": "https://data.datatourisme.fr/c55300f9-494b-38ba-adff-d663c77ad33a",
      "schema:legalName": "ALLIER BOURBONNAIS ATTRACTIVITÉ - source : Apidae Tourisme",
      "@type": [
        "schema:Organization",
        "foaf:Agent",
        "Agent"
      ],
      "foaf:homepage": [
        "https://www.apidae-tourisme.com/"
      ]
    }
  ],
  "hasContact": [
    {
      "@id": "https://data.datatourisme.fr/42438d54-87b8-39ed-89c0-23beac206ffd",
      "schema:email": [
        "mairie-saint-germain-des-fosses@wanadoo.fr"
      ],
      "schema:telephone": [
        "+33 4 70 59 60 45"
      ],
      "@type": [
        "foaf:Agent",
        "Agent"
      ]
    }
  ],
  "hasDescription": [
    {
      "@id": "https://data.datatourisme.fr/60bdeab7-ffbc-3e27-8dd2-bfee16ce2407",
      "@type": [
        "Description"
      ],
      "hasTranslatedProperty": [
        {
          "@id": "https://data.datatourisme.fr/373ec74d-991f-38ee-9ebb-e410e08edd3d",
          "dc:contributor": [
            "https://api.deepl.com/v2/translate"
          ],
          "rdf:language": [
            "en"
          ],
          "rdf:predicate": [
            "shortDescription"
          ]
        },
        {
          "@id": "https://data.datatourisme.fr/5f17bfb2-be50-3cf1-86d2-38f4970a1b28",
          "dc:contributor": [
            "https://api.deepl.com/v2/translate"
          ],
          "rdf:language": [
            "nl"
          ],
          "rdf:predicate": [
            "shortDescription"
          ]
        },
        {
          "@id": "https://data.datatourisme.fr/a4636bbf-87bd-387a-82ed-d4b7ec7f120f",
          "dc:contributor": [
            "https://api.deepl.com/v2/translate"
          ],
          "rdf:language": [
            "it"
          ],
          "rdf:predicate": [
            "shortDescription"
          ]
        },
        {
          "@id": "https://data.datatourisme.fr/c4ed97f0-b183-3a36-8882-cc5dfee5aa52",
          "dc:contributor": [
            "https://api.deepl.com/v2/translate"
          ],
          "rdf:language": [
            "de"
          ],
          "rdf:predicate": [
            "shortDescription"
          ]
        },
        {
          "@id": "https://data.datatourisme.fr/fa6f06d8-7472-36d9-a8d7-6fd10d65b5d9",
          "dc:contributor": [
            "https://api.deepl.com/v2/translate"
          ],
          "rdf:language": [
            "es"
          ],
          "rdf:predicate": [
            "shortDescription"
          ]
        }
      ],
      "shortDescription": {
        "de": [
          "Die Basilika Notre-Dame wurde in den Jahren 1934-1935 im Art-Déco-Stil im Zentrum gebaut, um die Bevölkerung in dieser Zeit der Stadtentwicklung besser versorgen zu können."
        ],
        "en": [
          "Notre-Dame Basilica was built in the years 1934-1935 in the Art Deco style, in the centre, to better serve the population at that time of the city's development."
        ],
        "it": [
          "La Basilica di Nostra Signora fu costruita negli anni 1934-1935 in stile Art Déco nel centro della città per servire meglio la popolazione in quel periodo di sviluppo della città."
        ],
        "fr": [
          "La basilique Notre-Dame fut construite dans les années 1934-1935 dans le style Art déco, dans le centre, pour mieux desservir la population à cette époque de développement de la ville."
        ],
        "es": [
          "La Basílica de Nuestra Señora se construyó en los años 1934-1935 en estilo Art Decó en el centro para atender mejor a la población en esa época de desarrollo de la ciudad."
        ],
        "nl": [
          "De Basiliek van Onze-Lieve-Vrouw werd gebouwd in de jaren 1934-1935 in de Art Deco stijl in het centrum om de bevolking beter te dienen in die tijd van ontwikkeling van de stad."
        ]
      }
    }
  ],
  "hasTheme": [
    {
      "@id": "kb:Culture",
      "@type": [
        "CulturalTheme"
      ],
      "rdfs:label": {
        "de": [
          "Kultur"
        ],
        "pt": [
          "Cultura"
        ],
        "en": [
          "Culture"
        ],
        "it": [
          "Cultura"
        ],
        "fr": [
          "Culture"
        ],
        "nl": [
          "Cultuur"
        ],
        "es": [
          "Cultura"
        ]
      }
    }
  ],
  "hasTranslatedProperty": [
    {
      "@id": "https://data.datatourisme.fr/6fd879c8-62a7-3585-b012-ef5869e59a1e",
      "dc:contributor": [
        "https://api.deepl.com/v2/translate"
      ],
      "rdf:language": [
        "it"
      ],
      "rdf:predicate": [
        {
          "@id": "rdfs:comment"
        }
      ]
    },
    {
      "@id": "https://data.datatourisme.fr/7150b0e0-282f-3f15-a7fb-162357202793",
      "dc:contributor": [
        "https://api.deepl.com/v2/translate"
      ],
      "rdf:language": [
        "de"
      ],
      "rdf:predicate": [
        {
          "@id": "rdfs:comment"
        }
      ]
    },
    {
      "@id": "https://data.datatourisme.fr/95f5bb0f-6d31-3227-8a4f-0c3dee0ad1af",
      "dc:contributor": [
        "https://api.deepl.com/v2/translate"
      ],
      "rdf:language": [
        "es"
      ],
      "rdf:predicate": [
        {
          "@id": "rdfs:comment"
        }
      ]
    },
    {
      "@id": "https://data.datatourisme.fr/c8c44124-41f5-33f4-9ad1-f9983b64de3e",
      "dc:contributor": [
        "https://api.deepl.com/v2/translate"
      ],
      "rdf:language": [
        "nl"
      ],
      "rdf:predicate": [
        {
          "@id": "rdfs:comment"
        }
      ]
    },
    {
      "@id": "https://data.datatourisme.fr/ec4a1681-feaf-3f23-a06d-d8c977f736a7",
      "dc:contributor": [
        "https://api.deepl.com/v2/translate"
      ],
      "rdf:language": [
        "en"
      ],
      "rdf:predicate": [
        {
          "@id": "rdfs:comment"
        }
      ]
    }
  ],
  "isLocatedAt": [
    {
      "@id": "https://data.datatourisme.fr/a16ae4c7-f6d7-385d-b15d-424e13c6a6e8",
      "schema:address": [
        {
          "@id": "https://data.datatourisme.fr/8a985832-1092-3f1e-94b6-5fa5910909ea",
          "schema:addressLocality": "Saint-Germain-des-Fossés",
          "schema:postalCode": "03260",
          "schema:streetAddress": [
            "2 rue du Marché"
          ],
          "@type": [
            "schema:PostalAddress",
            "PostalAddress"
          ],
          "hasAddressCity": {
            "@id": "kb:03236",
            "@type": [
              "City"
            ],
            "rdfs:label": {
              "de": [
                "Saint-Germain-des-Fossés"
              ],
              "pt": [
                "Saint-Germain-des-Fossés"
              ],
              "en": [
                "Saint-Germain-des-Fossés"
              ],
              "it": [
                "Saint-Germain-des-Fossés"
              ],
              "fr": [
                "Saint-Germain-des-Fossés"
              ],
              "nl": [
                "Saint-Germain-des-Fossés"
              ],
              "es": [
                "Saint-Germain-des-Fossés"
              ]
            },
            "insee": "03236",
            "isPartOfDepartment": {
              "@id": "kb:France8403",
              "@type": [
                "Department"
              ],
              "rdfs:label": {
                "de": [
                  "Allier"
                ],
                "pt": [
                  "Allier"
                ],
                "en": [
                  "Allier"
                ],
                "it": [
                  "Allier"
                ],
                "fr": [
                  "Allier"
                ],
                "nl": [
                  "Allier"
                ],
                "es": [
                  "Allier"
                ]
              },
              "insee": "03",
              "isPartOfRegion": {
                "@id": "kb:France84",
                "@type": [
                  "Region"
                ],
                "rdfs:label": {
                  "de": [
                    "Auvergne-Rhône-Alpes"
                  ],
                  "pt": [
                    "Auvergne-Rhône-Alpes"
                  ],
                  "en": [
                    "Auvergne-Rhône-Alpes"
                  ],
                  "it": [
                    "Auvergne-Rhône-Alpes"
                  ],
                  "fr": [
                    "Auvergne-Rhône-Alpes"
                  ],
                  "nl": [
                    "Auvergne-Rhône-Alpes"
                  ],
                  "es": [
                    "Auvergne-Rhône-Alpes"
                  ]
                },
                "insee": "84",
                "isPartOfCountry": {
                  "@id": "kb:France",
                  "@type": [
                    "schema:Country"
                  ],
                  "rdfs:label": {
                    "de": [
                      "France",
                      "Frankreich"
                    ],
                    "pt": [
                      "França",
                      "France"
                    ],
                    "en": [
                      "France"
                    ],
                    "it": [
                      "France",
                      "Francia"
                    ],
                    "fr": [
                      "France"
                    ],
                    "nl": [
                      "France",
                      "Frankrijk"
                    ],
                    "es": [
                      "France",
                      "Francia"
                    ]
                  }
                }
              }
            }
          }
        }
      ],
      "schema:geo": {
        "@id": "https://data.datatourisme.fr/a3bf2a83-631f-3b1e-8cb6-e3ecc2d4bc9c",
        "schema:latitude": "46.203821",
        "schema:longitude": "3.432278",
        "@type": [
          "schema:GeoCoordinates"
        ]
      },
      "schema:openingHoursSpecification": [
        {
          "@id": "https://data.datatourisme.fr/f87e535a-636d-3343-ad63-8a03392e7511",
          "schema:validFrom": "2023-01-01T00:00:00",
          "schema:validThrough": "2023-12-31T23:59:59",
          "@type": [
            "schema:OpeningHoursSpecification"
          ]
        }
      ],
      "@type": [
        "schema:Place",
        "Place"
      ]
    }
  ],
  "isOwnedBy": [
    {
      "@id": "https://data.datatourisme.fr/3451bc7d-afcb-3b69-a8f8-9a638ab8b424",
      "schema:legalName": "Vichy Destinations",
      "@type": [
        "schema:Organization",
        "foaf:Agent",
        "Agent"
      ],
      "foaf:homepage": [
        "http://www.vichymonamour.fr/"
      ]
    }
  ],
  "lastUpdate": "2023-01-31",
  "lastUpdateDatatourisme": "2023-02-22T06:42:37.636Z"
}