{
  "@id": "https://data.datatourisme.fr/13/00390f2a-57e2-309f-ae88-ce5ee8372357",
  "dc:identifier": "5673259",
  "@type": [
    "olo:OrderedList",
    "EducationalTrail",
    "PlaceOfInterest",
    "PointOfInterest",
    "SportsAndLeisurePlace",
    "Tour",
    "WalkingTour"
  ],
  "rdfs:comment": {
    "de": [
      "Entdecken Sie das mittelalterliche Dorf Grimaud bei diesem Spaziergang, der Sie Jahrhunderte zurückversetzt."
    ],
    "en": [
      "Kombinieren Sie Erbe und florale Entdeckung in Grimaud!"
    ],
    "it": [
      "Combinate patrimonio e scoperta floreale a Grimaud!"
    ],
    "fr": [
      "Allier découverte patrimoniale et florale à Grimaud !"
    ],
    "es": [
      "¡Combine patrimonio y descubrimiento floral en Grimaud!"
    ],
    "nl": [
      "Combineer erfgoed en ontdekking van bloemen in Grimaud!"
    ]
  },
  "rdfs:label": {
    "de": [
      "Der Bougainvillea-Spaziergang"
    ],
    "en": [
      "The bougainvillea walk"
    ],
    "fr": [
      "La balade des bougainvilliers"
    ]
  },
  "hasBeenCreatedBy": {
    "@id": "https://data.datatourisme.fr/13/4588e674-d3f0-3af9-8504-7d4c3f13ed0d",
    "dc:identifier": "1144",
    "schema:email": [
      "prestas@grimaud-provence.com",
      "tourisme@grimaud-provence.com"
    ],
    "schema:legalName": "Office de tourisme de Grimaud",
    "@type": [
      "schema:Organization",
      "foaf:Agent",
      "Agent"
    ],
    "foaf:homepage": [
      "http://www.grimaud-provence.com/"
    ]
  },
  "hasBeenPublishedBy": [
    {
      "@id": "https://data.datatourisme.fr/8a9feb4b-2cbd-3d2c-b507-bd6c6776b23b",
      "schema:legalName": "Apidae Tourisme Scic SA - source : Apidae Tourisme",
      "@type": [
        "schema:Organization",
        "foaf:Agent",
        "Agent"
      ],
      "foaf:homepage": [
        "https://www.apidae-tourisme.com/"
      ]
    }
  ],
  "hasContact": [
    {
      "@id": "https://data.datatourisme.fr/3ed2ccae-5017-3574-aa1a-9f8e4ba67f54",
      "schema:email": [
        "info@grimaud-provence.com"
      ],
      "schema:telephone": [
        "+33 4 94 55 43 83"
      ],
      "@type": [
        "foaf:Agent",
        "Agent"
      ],
      "foaf:homepage": [
        "http://bit.ly/CirkwiGrimaud"
      ]
    }
  ],
  "hasDescription": [
    {
      "@id": "https://data.datatourisme.fr/1d3d0b39-12e2-3794-ba88-b0a5816b15f5",
      "@type": [
        "Description"
      ],
      "hasTranslatedProperty": [
        {
          "@id": "https://data.datatourisme.fr/23e30064-9fca-304a-8a82-69b05aff3745",
          "dc:contributor": [
            "https://api.deepl.com/v2/translate"
          ],
          "rdf:language": [
            "it"
          ],
          "rdf:predicate": [
            "shortDescription"
          ]
        },
        {
          "@id": "https://data.datatourisme.fr/540f51d2-8bf8-371b-a1a4-79e0f31cfe22",
          "dc:contributor": [
            "https://api.deepl.com/v2/translate"
          ],
          "rdf:language": [
            "nl"
          ],
          "rdf:predicate": [
            "shortDescription"
          ]
        },
        {
          "@id": "https://data.datatourisme.fr/e5f2c98c-3d79-3368-b413-805b2fdbf2d2",
          "dc:contributor": [
            "https://api.deepl.com/v2/translate"
          ],
          "rdf:language": [
            "es"
          ],
          "rdf:predicate": [
            "shortDescription"
          ]
        }
      ],
      "shortDescription": {
        "de": [
          "Entdecken Sie das mittelalterliche Dorf Grimaud bei diesem Spaziergang, der Sie Jahrhunderte zurückversetzt."
        ],
        "en": [
          "Kombinieren Sie Erbe und florale Entdeckung in Grimaud!"
        ],
        "it": [
          "Combinate patrimonio e scoperta floreale a Grimaud!"
        ],
        "fr": [
          "Allier découverte patrimoniale et florale à Grimaud !"
        ],
        "es": [
          "¡Combine patrimonio y descubrimiento floral en Grimaud!"
        ],
        "nl": [
          "Combineer erfgoed en ontdekking van bloemen in Grimaud!"
        ]
      }
    }
  ],
  "hasTheme": [
    {
      "@id": "kb:Hiking",
      "@type": [
        "SportsTheme"
      ],
      "rdfs:label": {
        "de": [
          "Wanderung"
        ],
        "pt": [
          "Caminhada"
        ],
        "en": [
          "Hiking"
        ],
        "it": [
          "Escursione"
        ],
        "fr": [
          "Randonnée"
        ],
        "nl": [
          "Wandelen"
        ],
        "es": [
          "Senderismo"
        ]
      }
    },
    {
      "@id": "kb:Pedestrian",
      "@type": [
        "SportsTheme"
      ],
      "rdfs:label": {
        "de": [
          "Zu Fuß"
        ],
        "pt": [
          "Pedestre"
        ],
        "en": [
          "Pedestrian"
        ],
        "it": [
          "A piedi"
        ],
        "fr": [
          "Pédestre"
        ],
        "nl": [
          "Voetgangers"
        ],
        "es": [
          "Peatón"
        ]
      }
    },
    {
      "@id": "kb:Running",
      "@type": [
        "SportsTheme"
      ],
      "rdfs:label": {
        "de": [
          "Laufen"
        ],
        "pt": [
          "Corrida a pé"
        ],
        "en": [
          "Running"
        ],
        "it": [
          "Corsa a piedi"
        ],
        "fr": [
          "Course à pied"
        ],
        "nl": [
          "Hardlopen"
        ],
        "es": [
          "Carrera a pie"
        ]
      }
    }
  ],
  "hasTranslatedProperty": [
    {
      "@id": "https://data.datatourisme.fr/8b31631f-3862-3918-b392-e26dac8a5ad2",
      "dc:contributor": [
        "https://api.deepl.com/v2/translate"
      ],
      "rdf:language": [
        "nl"
      ],
      "rdf:predicate": [
        {
          "@id": "rdfs:comment"
        }
      ]
    },
    {
      "@id": "https://data.datatourisme.fr/be8ccb75-e954-30b0-91e3-2226b1a2d090",
      "dc:contributor": [
        "https://api.deepl.com/v2/translate"
      ],
      "rdf:language": [
        "es"
      ],
      "rdf:predicate": [
        {
          "@id": "rdfs:comment"
        }
      ]
    },
    {
      "@id": "https://data.datatourisme.fr/f9553408-77bc-3c96-9108-0ed08abff89c",
      "dc:contributor": [
        "https://api.deepl.com/v2/translate"
      ],
      "rdf:language": [
        "it"
      ],
      "rdf:predicate": [
        {
          "@id": "rdfs:comment"
        }
      ]
    }
  ],
  "isLocatedAt": [
    {
      "@id": "https://data.datatourisme.fr/dcdd4666-ec6c-3cfb-bfff-8d911215fbcd",
      "schema:address": [
        {
          "@id": "https://data.datatourisme.fr/c54c5fdd-8be8-3111-8088-926cf60f66e9",
          "schema:addressLocality": "Grimaud",
          "schema:postalCode": "83310",
          "schema:streetAddress": [
            "Rue des Hoirs"
          ],
          "@type": [
            "schema:PostalAddress",
            "PostalAddress"
          ],
          "hasAddressCity": {
            "@id": "kb:83068",
            "@type": [
              "City"
            ],
            "rdfs:label": {
              "de": [
                "Grimaud"
              ],
              "pt": [
                "Grimaud"
              ],
              "en": [
                "Grimaud"
              ],
              "it": [
                "Grimaud"
              ],
              "fr": [
                "Grimaud"
              ],
              "nl": [
                "Grimaud"
              ],
              "es": [
                "Grimaud"
              ]
            },
            "insee": "83068",
            "isPartOfDepartment": {
              "@id": "kb:France9383",
              "@type": [
                "Department"
              ],
              "rdfs:label": {
                "de": [
                  "Var"
                ],
                "pt": [
                  "Var"
                ],
                "en": [
                  "Var"
                ],
                "it": [
                  "Var"
                ],
                "fr": [
                  "Var"
                ],
                "nl": [
                  "Var"
                ],
                "es": [
                  "Var"
                ]
              },
              "insee": "83",
              "isPartOfRegion": {
                "@id": "kb:France93",
                "@type": [
                  "Region"
                ],
                "rdfs:label": {
                  "de": [
                    "Provence-Alpes-Côte d'Azur"
                  ],
                  "pt": [
                    "Provence-Alpes-Côte d'Azur"
                  ],
                  "en": [
                    "Provence-Alpes-Côte d'Azur"
                  ],
                  "it": [
                    "Provence-Alpes-Côte d'Azur"
                  ],
                  "fr": [
                    "Provence-Alpes-Côte d'Azur"
                  ],
                  "nl": [
                    "Provence-Alpes-Côte d'Azur"
                  ],
                  "es": [
                    "Provence-Alpes-Côte d'Azur"
                  ]
                },
                "insee": "93",
                "isPartOfCountry": {
                  "@id": "kb:France",
                  "@type": [
                    "schema:Country"
                  ],
                  "rdfs:label": {
                    "de": [
                      "France",
                      "Frankreich"
                    ],
                    "pt": [
                      "França",
                      "France"
                    ],
                    "en": [
                      "France"
                    ],
                    "it": [
                      "France",
                      "Francia"
                    ],
                    "fr": [
                      "France"
                    ],
                    "nl": [
                      "France",
                      "Frankrijk"
                    ],
                    "es": [
                      "France",
                      "Francia"
                    ]
                  }
                }
              }
            }
          }
        }
      ],
      "schema:geo": {
        "@id": "https://data.datatourisme.fr/249876b2-be5c-301f-877b-644923271ba9",
        "schema:latitude": "43.272784",
        "schema:longitude": "6.521573",
        "@type": [
          "schema:GeoCoordinates"
        ]
      },
      "schema:openingHoursSpecification": [
        {
          "@id": "https://data.datatourisme.fr/f87e535a-636d-3343-ad63-8a03392e7511",
          "schema:validFrom": "2023-01-01T00:00:00",
          "schema:validThrough": "2023-12-31T23:59:59",
          "@type": [
            "schema:OpeningHoursSpecification"
          ]
        }
      ],
      "@type": [
        "schema:Place",
        "Place"
      ]
    }
  ],
  "isOwnedBy": [
    {
      "@id": "https://data.datatourisme.fr/73b6cbdf-288e-3de4-83a1-a2e3048e4a03",
      "schema:email": [
        "prestas@grimaud-provence.com",
        "tourisme@grimaud-provence.com"
      ],
      "schema:legalName": "Office de tourisme de Grimaud",
      "@type": [
        "schema:Organization",
        "foaf:Agent",
        "Agent"
      ],
      "foaf:homepage": [
        "http://www.grimaud-provence.com/"
      ]
    }
  ],
  "lastUpdate": "2022-09-16",
  "lastUpdateDatatourisme": "2023-02-10T06:39:19.904Z"
}