{
  "@id": "https://data.datatourisme.fr/13/006bd981-5094-3397-8969-4acb40d227b7",
  "dc:identifier": "5939553",
  "@type": [
    "olo:OrderedList",
    "EducationalTrail",
    "PlaceOfInterest",
    "PointOfInterest",
    "SportsAndLeisurePlace",
    "Tour",
    "WalkingTour"
  ],
  "rdfs:comment": {
    "de": [
      "Cognac lässt sich dank der Klangspaziergänge von Ville d'art et d'histoire auch selbstständig entdecken. Ein Smartphone und los geht's!"
    ],
    "en": [
      "Cognac can also be discovered on its own thanks to the audio tours of the City of Art and History. A smartphone and that's it!"
    ],
    "it": [
      "Cognac può essere scoperta anche in modo indipendente grazie alle passeggiate audio della Città d'Arte e di Storia. Uno smartphone e basta!"
    ],
    "fr": [
      "Cognac se découvre aussi en autonomie grâce aux Balades sonores de Ville d'art et d'histoire. Un smartphone et le tour est joué !"
    ],
    "es": [
      "También se puede descubrir Cognac de forma independiente gracias a los paseos con audio de la Ciudad de Arte e Historia. Un smartphone y ya está"
    ],
    "nl": [
      "Cognac kan ook alleen worden ontdekt dankzij de audiowandelingen van de Stad van Kunst en Geschiedenis. Een smartphone en dat is het!"
    ]
  },
  "rdfs:label": {
    "fr": [
      "Balade sonore"
    ]
  },
  "hasBeenCreatedBy": {
    "@id": "https://data.datatourisme.fr/13/0ae3f79a-3023-3b6c-85a6-f7d298ba1310",
    "dc:identifier": "2065",
    "schema:email": [
      "elodie@destination-cognac.com",
      "emmanuelle@destination-cognac.com",
      "evelyne@destination-cognac.com",
      "pascale@destination-cognac.com"
    ],
    "schema:legalName": "Destination Cognac",
    "@type": [
      "schema:Organization",
      "foaf:Agent",
      "Agent"
    ],
    "foaf:homepage": [
      "https://www.destination-cognac.com/"
    ]
  },
  "hasBeenPublishedBy": [
    {
      "@id": "https://data.datatourisme.fr/ab49b1d8-4a8f-32b0-9489-a6b335bc8295",
      "schema:legalName": "Charentes Tourisme - source : Apidae Tourisme",
      "@type": [
        "schema:Organization",
        "foaf:Agent",
        "Agent"
      ],
      "foaf:homepage": [
        "https://www.apidae-tourisme.com/"
      ]
    }
  ],
  "hasContact": [
    {
      "@id": "https://data.datatourisme.fr/b21327c3-978f-38c3-b013-9c686cfe0463",
      "schema:telephone": [
        "+33 5 16 45 00 17"
      ],
      "@type": [
        "foaf:Agent",
        "Agent"
      ]
    }
  ],
  "hasDescription": [
    {
      "@id": "https://data.datatourisme.fr/ad043ace-74ae-3b01-8857-153df5c46153",
      "@type": [
        "Description"
      ],
      "hasTranslatedProperty": [
        {
          "@id": "https://data.datatourisme.fr/81fe9dae-ea99-3201-8dec-d3476098bdff",
          "dc:contributor": [
            "https://api.deepl.com/v2/translate"
          ],
          "rdf:language": [
            "nl"
          ],
          "rdf:predicate": [
            "shortDescription"
          ]
        },
        {
          "@id": "https://data.datatourisme.fr/8e66a2df-72c0-3766-a5f4-670baf1273fa",
          "dc:contributor": [
            "https://api.deepl.com/v2/translate"
          ],
          "rdf:language": [
            "it"
          ],
          "rdf:predicate": [
            "shortDescription"
          ]
        },
        {
          "@id": "https://data.datatourisme.fr/d557876c-b880-354a-ac6e-1593dc145def",
          "dc:contributor": [
            "https://api.deepl.com/v2/translate"
          ],
          "rdf:language": [
            "en"
          ],
          "rdf:predicate": [
            "shortDescription"
          ]
        },
        {
          "@id": "https://data.datatourisme.fr/ddbd1d77-ad60-380a-9b1b-c89e6639999d",
          "dc:contributor": [
            "https://api.deepl.com/v2/translate"
          ],
          "rdf:language": [
            "es"
          ],
          "rdf:predicate": [
            "shortDescription"
          ]
        },
        {
          "@id": "https://data.datatourisme.fr/f47149db-daaa-3903-912a-98ad2ba8ac68",
          "dc:contributor": [
            "https://api.deepl.com/v2/translate"
          ],
          "rdf:language": [
            "de"
          ],
          "rdf:predicate": [
            "shortDescription"
          ]
        }
      ],
      "shortDescription": {
        "de": [
          "Cognac lässt sich dank der Klangspaziergänge von Ville d'art et d'histoire auch selbstständig entdecken. Ein Smartphone und los geht's!"
        ],
        "en": [
          "Cognac can also be discovered on its own thanks to the audio tours of the City of Art and History. A smartphone and that's it!"
        ],
        "it": [
          "Cognac può essere scoperta anche in modo indipendente grazie alle passeggiate audio della Città d'Arte e di Storia. Uno smartphone e basta!"
        ],
        "fr": [
          "Cognac se découvre aussi en autonomie grâce aux Balades sonores de Ville d'art et d'histoire. Un smartphone et le tour est joué !"
        ],
        "es": [
          "También se puede descubrir Cognac de forma independiente gracias a los paseos con audio de la Ciudad de Arte e Historia. Un smartphone y ya está"
        ],
        "nl": [
          "Cognac kan ook alleen worden ontdekt dankzij de audiowandelingen van de Stad van Kunst en Geschiedenis. Een smartphone en dat is het!"
        ]
      }
    }
  ],
  "hasTheme": [
    {
      "@id": "kb:Hiking",
      "@type": [
        "SportsTheme"
      ],
      "rdfs:label": {
        "de": [
          "Wanderung"
        ],
        "pt": [
          "Caminhada"
        ],
        "en": [
          "Hiking"
        ],
        "it": [
          "Escursione"
        ],
        "fr": [
          "Randonnée"
        ],
        "nl": [
          "Wandelen"
        ],
        "es": [
          "Senderismo"
        ]
      }
    },
    {
      "@id": "kb:Pedestrian",
      "@type": [
        "SportsTheme"
      ],
      "rdfs:label": {
        "de": [
          "Zu Fuß"
        ],
        "pt": [
          "Pedestre"
        ],
        "en": [
          "Pedestrian"
        ],
        "it": [
          "A piedi"
        ],
        "fr": [
          "Pédestre"
        ],
        "nl": [
          "Voetgangers"
        ],
        "es": [
          "Peatón"
        ]
      }
    },
    {
      "@id": "kb:Running",
      "@type": [
        "SportsTheme"
      ],
      "rdfs:label": {
        "de": [
          "Laufen"
        ],
        "pt": [
          "Corrida a pé"
        ],
        "en": [
          "Running"
        ],
        "it": [
          "Corsa a piedi"
        ],
        "fr": [
          "Course à pied"
        ],
        "nl": [
          "Hardlopen"
        ],
        "es": [
          "Carrera a pie"
        ]
      }
    }
  ],
  "hasTranslatedProperty": [
    {
      "@id": "https://data.datatourisme.fr/26e57a52-3923-36b3-8e8c-32e52c7d299b",
      "dc:contributor": [
        "https://api.deepl.com/v2/translate"
      ],
      "rdf:language": [
        "es"
      ],
      "rdf:predicate": [
        {
          "@id": "rdfs:comment"
        }
      ]
    },
    {
      "@id": "https://data.datatourisme.fr/8a017ef8-fc35-3ed1-ad90-98ecc0256bd3",
      "dc:contributor": [
        "https://api.deepl.com/v2/translate"
      ],
      "rdf:language": [
        "de"
      ],
      "rdf:predicate": [
        {
          "@id": "rdfs:comment"
        }
      ]
    },
    {
      "@id": "https://data.datatourisme.fr/af41431f-3ec3-3253-be2b-af5aa41ce894",
      "dc:contributor": [
        "https://api.deepl.com/v2/translate"
      ],
      "rdf:language": [
        "it"
      ],
      "rdf:predicate": [
        {
          "@id": "rdfs:comment"
        }
      ]
    },
    {
      "@id": "https://data.datatourisme.fr/e8a1cbde-0af0-3925-b8c2-7447b3a50dd3",
      "dc:contributor": [
        "https://api.deepl.com/v2/translate"
      ],
      "rdf:language": [
        "nl"
      ],
      "rdf:predicate": [
        {
          "@id": "rdfs:comment"
        }
      ]
    },
    {
      "@id": "https://data.datatourisme.fr/f62d906b-7930-3765-841b-0dd9b4e0f545",
      "dc:contributor": [
        "https://api.deepl.com/v2/translate"
      ],
      "rdf:language": [
        "en"
      ],
      "rdf:predicate": [
        {
          "@id": "rdfs:comment"
        }
      ]
    }
  ],
  "isLocatedAt": [
    {
      "@id": "https://data.datatourisme.fr/6e196a59-6569-35b6-ae62-4bb309517790",
      "schema:address": [
        {
          "@id": "https://data.datatourisme.fr/ef455679-bb45-3a23-ab8f-089dd84af492",
          "schema:addressLocality": "Cognac",
          "schema:postalCode": "16100",
          "@type": [
            "schema:PostalAddress",
            "PostalAddress"
          ],
          "hasAddressCity": {
            "@id": "kb:16102",
            "@type": [
              "City"
            ],
            "rdfs:label": {
              "de": [
                "Cognac"
              ],
              "pt": [
                "Cognac"
              ],
              "en": [
                "Cognac"
              ],
              "it": [
                "Cognac"
              ],
              "fr": [
                "Cognac"
              ],
              "nl": [
                "Cognac"
              ],
              "es": [
                "Cognac"
              ]
            },
            "insee": "16102",
            "isPartOfDepartment": {
              "@id": "kb:France7516",
              "@type": [
                "Department"
              ],
              "rdfs:label": {
                "de": [
                  "Charente"
                ],
                "pt": [
                  "Charente"
                ],
                "en": [
                  "Charente"
                ],
                "it": [
                  "Charente"
                ],
                "fr": [
                  "Charente"
                ],
                "nl": [
                  "Charente"
                ],
                "es": [
                  "Charente"
                ]
              },
              "insee": "16",
              "isPartOfRegion": {
                "@id": "kb:France75",
                "@type": [
                  "Region"
                ],
                "rdfs:label": {
                  "de": [
                    "Nouvelle-Aquitaine"
                  ],
                  "pt": [
                    "Nouvelle-Aquitaine"
                  ],
                  "en": [
                    "Nouvelle-Aquitaine"
                  ],
                  "it": [
                    "Nouvelle-Aquitaine"
                  ],
                  "fr": [
                    "Nouvelle-Aquitaine"
                  ],
                  "nl": [
                    "Nouvelle-Aquitaine"
                  ],
                  "es": [
                    "Nouvelle-Aquitaine"
                  ]
                },
                "insee": "75",
                "isPartOfCountry": {
                  "@id": "kb:France",
                  "@type": [
                    "schema:Country"
                  ],
                  "rdfs:label": {
                    "de": [
                      "France",
                      "Frankreich"
                    ],
                    "pt": [
                      "França",
                      "France"
                    ],
                    "en": [
                      "France"
                    ],
                    "it": [
                      "France",
                      "Francia"
                    ],
                    "fr": [
                      "France"
                    ],
                    "nl": [
                      "France",
                      "Frankrijk"
                    ],
                    "es": [
                      "France",
                      "Francia"
                    ]
                  }
                }
              }
            }
          }
        }
      ],
      "schema:geo": {
        "@id": "https://data.datatourisme.fr/776291a7-77c2-37dd-8b00-c9aa2fedaf1d",
        "schema:latitude": "45.691046",
        "schema:longitude": "-0.328744",
        "@type": [
          "schema:GeoCoordinates"
        ]
      },
      "schema:openingHoursSpecification": [
        {
          "@id": "https://data.datatourisme.fr/f87e535a-636d-3343-ad63-8a03392e7511",
          "schema:validFrom": "2023-01-01T00:00:00",
          "schema:validThrough": "2023-12-31T23:59:59",
          "@type": [
            "schema:OpeningHoursSpecification"
          ]
        }
      ],
      "@type": [
        "schema:Place",
        "Place"
      ]
    }
  ],
  "isOwnedBy": [
    {
      "@id": "https://data.datatourisme.fr/b2f223ca-b3f8-38b3-9aef-bb09899fb1d3",
      "schema:email": [
        "elodie@destination-cognac.com",
        "emmanuelle@destination-cognac.com",
        "evelyne@destination-cognac.com",
        "pascale@destination-cognac.com"
      ],
      "schema:legalName": "Destination Cognac",
      "@type": [
        "schema:Organization",
        "foaf:Agent",
        "Agent"
      ],
      "foaf:homepage": [
        "https://www.destination-cognac.com/"
      ]
    }
  ],
  "lastUpdate": "2022-08-09",
  "lastUpdateDatatourisme": "2023-02-10T06:39:19.849Z"
}