{
  "@id": "https://data.datatourisme.fr/13/00808bc2-8c27-36a3-bb6a-9d3797a662d9",
  "dc:identifier": "4992022",
  "@type": [
    "PlaceOfInterest",
    "PointOfInterest",
    "SportsAndLeisurePlace"
  ],
  "rdfs:comment": {
    "de": [
      "Tanzschule ( Salsa cubaine & portoricaine, Bachata Kizomba, West Coast Swing, Zumba Jazz, Rock Lindy Hop ) und Fitness ( Cardio, Krafttraining, Tonisierung, Stretching, Bauchmuskeltraining, Pilates ).\r\nGruppen- und Privatunterricht. Praktika."
    ],
    "en": [
      "Fitness club, body-building, coaching, dance school"
    ],
    "it": [
      "Centro di fitness, cardio training, coaching, scuola di danza"
    ],
    "fr": [
      "Ecole de Danses ( salsa cubaine & portoricaine, bachata kizomba, west coast swing, zumba jazz, rock Lindy Hop ) et de Fitness ( cardio, musculation, tonification gainage, stretching, abdos fessiers, Pilates ).\r\nCours collectifs et particuliers. Stages."
    ],
    "es": [
      "Escuela de baile (salsa cubana y puertorriqueña, bachata kizomba, west coast swing, zumba jazz, rock Lindy Hop) y Fitness (cardio, musculación, tonificación, estiramientos, abdominales, Pilates).\r\nClases particulares y en grupo. Cursos de formación."
    ],
    "nl": [
      "Dansschool (Cubaanse & Puerto Ricaanse salsa, bachata kizomba, west coast swing, zumba jazz, rock Lindy Hop) en Fitness (cardio, bodybuilding, toning, stretching, abs, Pilates).\r\nGroeps- en privélessen. Opleidingen."
    ]
  },
  "rdfs:label": {
    "en": [
      "Fit'n'Gym Danse Club"
    ],
    "it": [
      "Fit'n'Gym Danse Club"
    ],
    "fr": [
      "Fit'n'Gym Danse Club"
    ]
  },
  "hasBeenCreatedBy": {
    "@id": "https://data.datatourisme.fr/13/7634ea65-a4e6-3904-9cfd-3f7de18e334a",
    "dc:identifier": "914",
    "schema:email": [
      "administration@villeneuve-tourisme.com",
      "animation@villeneuve-tourisme.com",
      "f.duchene@villeneuve-tourisme.com",
      "info@villeneuve-tourisme.com",
      "p.bregere@villeneuve-tourisme.com",
      "promotion@villeneuve-tourisme.com"
    ],
    "schema:legalName": "Office de Tourisme de Villeneuve-Loubet",
    "@type": [
      "schema:Organization",
      "foaf:Agent",
      "Agent"
    ],
    "foaf:homepage": [
      "http://villeneuve-tourisme.com/"
    ]
  },
  "hasBeenPublishedBy": [
    {
      "@id": "https://data.datatourisme.fr/8a9feb4b-2cbd-3d2c-b507-bd6c6776b23b",
      "schema:legalName": "Apidae Tourisme Scic SA - source : Apidae Tourisme",
      "@type": [
        "schema:Organization",
        "foaf:Agent",
        "Agent"
      ],
      "foaf:homepage": [
        "https://www.apidae-tourisme.com/"
      ]
    }
  ],
  "hasContact": [
    {
      "@id": "https://data.datatourisme.fr/8c8c03d5-a550-3f3b-9020-565b76addff0",
      "schema:email": [
        "fitngym006@gmail.com"
      ],
      "schema:telephone": [
        "+33 4 93 22 41 68"
      ],
      "@type": [
        "foaf:Agent",
        "Agent"
      ],
      "foaf:homepage": [
        "http://www.fitngym-danse.com/"
      ]
    }
  ],
  "hasDescription": [
    {
      "@id": "https://data.datatourisme.fr/e878fb4e-fd99-3eb5-a11c-7791df0e723e",
      "@type": [
        "Description"
      ],
      "hasTranslatedProperty": [
        {
          "@id": "https://data.datatourisme.fr/871bc6d4-6fc0-355f-b80e-ea45254626c6",
          "dc:contributor": [
            "https://api.deepl.com/v2/translate"
          ],
          "rdf:language": [
            "es"
          ],
          "rdf:predicate": [
            "shortDescription"
          ]
        },
        {
          "@id": "https://data.datatourisme.fr/9c72cb94-60ac-3863-806f-98a49466f896",
          "dc:contributor": [
            "https://api.deepl.com/v2/translate"
          ],
          "rdf:language": [
            "nl"
          ],
          "rdf:predicate": [
            "shortDescription"
          ]
        },
        {
          "@id": "https://data.datatourisme.fr/c39b344b-d56d-3f5f-a7ff-235530fe0300",
          "dc:contributor": [
            "https://api.deepl.com/v2/translate"
          ],
          "rdf:language": [
            "de"
          ],
          "rdf:predicate": [
            "shortDescription"
          ]
        }
      ],
      "shortDescription": {
        "de": [
          "Tanzschule ( Salsa cubaine & portoricaine, Bachata Kizomba, West Coast Swing, Zumba Jazz, Rock Lindy Hop ) und Fitness ( Cardio, Krafttraining, Tonisierung, Stretching, Bauchmuskeltraining, Pilates ).\r\nGruppen- und Privatunterricht. Praktika."
        ],
        "en": [
          "Fitness club, body-building, coaching, dance school"
        ],
        "it": [
          "Centro di fitness, cardio training, coaching, scuola di danza"
        ],
        "fr": [
          "Ecole de Danses ( salsa cubaine & portoricaine, bachata kizomba, west coast swing, zumba jazz, rock Lindy Hop ) et de Fitness ( cardio, musculation, tonification gainage, stretching, abdos fessiers, Pilates ).\r\nCours collectifs et particuliers. Stages."
        ],
        "es": [
          "Escuela de baile (salsa cubana y puertorriqueña, bachata kizomba, west coast swing, zumba jazz, rock Lindy Hop) y Fitness (cardio, musculación, tonificación, estiramientos, abdominales, Pilates).\r\nClases particulares y en grupo. Cursos de formación."
        ],
        "nl": [
          "Dansschool (Cubaanse & Puerto Ricaanse salsa, bachata kizomba, west coast swing, zumba jazz, rock Lindy Hop) en Fitness (cardio, bodybuilding, toning, stretching, abs, Pilates).\r\nGroeps- en privélessen. Opleidingen."
        ]
      }
    }
  ],
  "hasTheme": [
    {
      "@id": "kb:Bodybuilding",
      "@type": [
        "SportsTheme"
      ],
      "rdfs:label": {
        "de": [
          "Bodybuilding"
        ],
        "pt": [
          "Musculação"
        ],
        "en": [
          "Bodybuilding"
        ],
        "it": [
          "Bodybuilding"
        ],
        "fr": [
          "Musculation"
        ],
        "es": [
          "Musculación"
        ],
        "nl": [
          "Bodybuilding"
        ]
      }
    },
    {
      "@id": "kb:Fitness",
      "@type": [
        "SportsTheme"
      ],
      "rdfs:label": {
        "de": [
          "Fitness"
        ],
        "pt": [
          "Manutenção da forma física"
        ],
        "en": [
          "Fitness"
        ],
        "it": [
          "Fitness"
        ],
        "fr": [
          "Remise en forme"
        ],
        "nl": [
          "Fitness"
        ],
        "es": [
          "Fitness"
        ]
      }
    }
  ],
  "hasTranslatedProperty": [
    {
      "@id": "https://data.datatourisme.fr/21444bf3-3948-3f42-99d5-858cf0f221aa",
      "dc:contributor": [
        "https://api.deepl.com/v2/translate"
      ],
      "rdf:language": [
        "nl"
      ],
      "rdf:predicate": [
        {
          "@id": "rdfs:comment"
        }
      ]
    },
    {
      "@id": "https://data.datatourisme.fr/50b3d78d-e79d-304a-81e4-e3dcc09f0697",
      "dc:contributor": [
        "https://api.deepl.com/v2/translate"
      ],
      "rdf:language": [
        "es"
      ],
      "rdf:predicate": [
        {
          "@id": "rdfs:comment"
        }
      ]
    },
    {
      "@id": "https://data.datatourisme.fr/dcf44dfd-d0a7-3ef5-80ae-7f7162fcfa66",
      "dc:contributor": [
        "https://api.deepl.com/v2/translate"
      ],
      "rdf:language": [
        "de"
      ],
      "rdf:predicate": [
        {
          "@id": "rdfs:comment"
        }
      ]
    }
  ],
  "isLocatedAt": [
    {
      "@id": "https://data.datatourisme.fr/234718b7-bd6c-3732-baaa-3c08889b6f37",
      "schema:address": [
        {
          "@id": "https://data.datatourisme.fr/7daa75c5-54ae-37ee-88bf-bd2037fe0d85",
          "schema:addressLocality": "Villeneuve-Loubet",
          "schema:postalCode": "06270",
          "schema:streetAddress": [
            "10, allée de l'Eglise st Christophe ( Pôle Marina 7 )"
          ],
          "@type": [
            "schema:PostalAddress",
            "PostalAddress"
          ],
          "hasAddressCity": {
            "@id": "kb:06161",
            "@type": [
              "City"
            ],
            "rdfs:label": {
              "de": [
                "Villeneuve-Loubet"
              ],
              "pt": [
                "Villeneuve-Loubet"
              ],
              "en": [
                "Villeneuve-Loubet"
              ],
              "it": [
                "Villeneuve-Loubet"
              ],
              "fr": [
                "Villeneuve-Loubet"
              ],
              "nl": [
                "Villeneuve-Loubet"
              ],
              "es": [
                "Villeneuve-Loubet"
              ]
            },
            "insee": "06161",
            "isPartOfDepartment": {
              "@id": "kb:France9306",
              "@type": [
                "Department"
              ],
              "rdfs:label": {
                "de": [
                  "Alpes-Maritimes"
                ],
                "pt": [
                  "Alpes-Maritimes"
                ],
                "en": [
                  "Alpes-Maritimes"
                ],
                "it": [
                  "Alpes-Maritimes"
                ],
                "fr": [
                  "Alpes-Maritimes"
                ],
                "nl": [
                  "Alpes-Maritimes"
                ],
                "es": [
                  "Alpes-Maritimes"
                ]
              },
              "insee": "06",
              "isPartOfRegion": {
                "@id": "kb:France93",
                "@type": [
                  "Region"
                ],
                "rdfs:label": {
                  "de": [
                    "Provence-Alpes-Côte d'Azur"
                  ],
                  "pt": [
                    "Provence-Alpes-Côte d'Azur"
                  ],
                  "en": [
                    "Provence-Alpes-Côte d'Azur"
                  ],
                  "it": [
                    "Provence-Alpes-Côte d'Azur"
                  ],
                  "fr": [
                    "Provence-Alpes-Côte d'Azur"
                  ],
                  "nl": [
                    "Provence-Alpes-Côte d'Azur"
                  ],
                  "es": [
                    "Provence-Alpes-Côte d'Azur"
                  ]
                },
                "insee": "93",
                "isPartOfCountry": {
                  "@id": "kb:France",
                  "@type": [
                    "schema:Country"
                  ],
                  "rdfs:label": {
                    "de": [
                      "France",
                      "Frankreich"
                    ],
                    "pt": [
                      "França",
                      "France"
                    ],
                    "en": [
                      "France"
                    ],
                    "it": [
                      "France",
                      "Francia"
                    ],
                    "fr": [
                      "France"
                    ],
                    "nl": [
                      "France",
                      "Frankrijk"
                    ],
                    "es": [
                      "France",
                      "Francia"
                    ]
                  }
                }
              }
            }
          }
        }
      ],
      "schema:geo": {
        "@id": "https://data.datatourisme.fr/a3b40c49-462a-3f8e-a177-4f4d5f3a9ece",
        "schema:latitude": "43.636404",
        "schema:longitude": "7.133806",
        "@type": [
          "schema:GeoCoordinates"
        ]
      },
      "schema:openingHoursSpecification": [
        {
          "@id": "https://data.datatourisme.fr/44693d1c-2bc3-3f33-89d9-fd306bac3cde",
          "schema:closes": "21:30:00",
          "schema:opens": "08:30:00",
          "schema:validFrom": "2023-01-02T00:00:00",
          "schema:validThrough": "2023-07-31T23:59:59",
          "@type": [
            "schema:OpeningHoursSpecification"
          ]
        },
        {
          "@id": "https://data.datatourisme.fr/b9a074da-6d4a-375d-9415-70d2c727acf0",
          "schema:closes": "21:30:00",
          "schema:opens": "08:30:00",
          "schema:validFrom": "2023-09-01T00:00:00",
          "schema:validThrough": "2023-12-24T23:59:59",
          "@type": [
            "schema:OpeningHoursSpecification"
          ]
        }
      ],
      "@type": [
        "schema:Place",
        "Place"
      ]
    }
  ],
  "isOwnedBy": [
    {
      "@id": "https://data.datatourisme.fr/c6cca335-7cea-340c-839c-61fcf0d06b25",
      "schema:email": [
        "administration@villeneuve-tourisme.com",
        "animation@villeneuve-tourisme.com",
        "f.duchene@villeneuve-tourisme.com",
        "info@villeneuve-tourisme.com",
        "p.bregere@villeneuve-tourisme.com",
        "promotion@villeneuve-tourisme.com"
      ],
      "schema:legalName": "Office de Tourisme de Villeneuve-Loubet",
      "@type": [
        "schema:Organization",
        "foaf:Agent",
        "Agent"
      ],
      "foaf:homepage": [
        "http://villeneuve-tourisme.com/"
      ]
    }
  ],
  "lastUpdate": "2023-01-11",
  "lastUpdateDatatourisme": "2023-02-21T15:04:42.364Z"
}