{
  "@id": "https://data.datatourisme.fr/13/005e80f1-7c94-3f78-83a8-080bb0594609",
  "dc:identifier": "738809",
  "@type": [
    "schema:LocalBusiness",
    "EquestrianCenter",
    "PlaceOfInterest",
    "PointOfInterest",
    "SportsAndLeisurePlace"
  ],
  "rdfs:comment": {
    "de": [
      "Für die Freude von Pferden und Reitern, kommen Sie und spüren Sie die Freude an der pferdebezogenen Argumentation."
    ],
    "en": [
      "For the pleasure of horses and riders, come and experience the pleasure of equine reasoning."
    ],
    "it": [
      "Per il piacere di cavalli e cavalieri, venite a provare il piacere del ragionamento equino."
    ],
    "fr": [
      "Pour le plaisir des chevaux et des cavaliers, venez ressentir le plaisir de raisonner équin."
    ],
    "es": [
      "Para el placer de caballos y jinetes, venga a sentir el placer del razonamiento equino."
    ],
    "nl": [
      "Kom voor het plezier van paarden en ruiters."
    ]
  },
  "rdfs:label": {
    "fr": [
      "Centre équestre d'Aurabelle"
    ]
  },
  "hasBeenCreatedBy": {
    "@id": "https://data.datatourisme.fr/13/0c9ebb2d-ed80-3d7f-bda7-5cd0b95eb70c",
    "dc:identifier": "1505",
    "schema:email": [
      "a.filloz@tourisme-dlva.fr",
      "c.derrier@tourisme-dlva.fr",
      "l.negro@tourisme-dlva.fr",
      "m.tardif@tourisme-dlva.fr"
    ],
    "schema:legalName": "Office de Tourisme Communautaire Durance Luberon Verdon Agglomération",
    "@type": [
      "schema:Organization",
      "foaf:Agent",
      "Agent"
    ],
    "foaf:homepage": [
      "https://www.durance-luberon-verdon.com/"
    ]
  },
  "hasBeenPublishedBy": [
    {
      "@id": "https://data.datatourisme.fr/8a9feb4b-2cbd-3d2c-b507-bd6c6776b23b",
      "schema:legalName": "Apidae Tourisme Scic SA - source : Apidae Tourisme",
      "@type": [
        "schema:Organization",
        "foaf:Agent",
        "Agent"
      ],
      "foaf:homepage": [
        "https://www.apidae-tourisme.com/"
      ]
    }
  ],
  "hasContact": [
    {
      "@id": "https://data.datatourisme.fr/f678ac45-fddc-37eb-b4b8-a97b3055859a",
      "schema:email": [
        "lesecuriesdaurabelle@gmail.com"
      ],
      "schema:telephone": [
        "+33 7 70 37 05 53"
      ],
      "@type": [
        "foaf:Agent",
        "Agent"
      ],
      "foaf:homepage": [
        "http://www.lesecuriesdaurabelle.com/",
        "https://www.instagram.com/ecuries_aurabelle/"
      ]
    }
  ],
  "hasDescription": [
    {
      "@id": "https://data.datatourisme.fr/cc14478a-2faa-3f33-9f09-ee32e5573b0b",
      "@type": [
        "Description"
      ],
      "hasTranslatedProperty": [
        {
          "@id": "https://data.datatourisme.fr/039e7d32-b776-3691-a579-0de9dca4b1c4",
          "dc:contributor": [
            "https://api.deepl.com/v2/translate"
          ],
          "rdf:language": [
            "nl"
          ],
          "rdf:predicate": [
            "shortDescription"
          ]
        },
        {
          "@id": "https://data.datatourisme.fr/20ae406b-2a36-3aee-8c9c-dc49f5befbfd",
          "dc:contributor": [
            "https://api.deepl.com/v2/translate"
          ],
          "rdf:language": [
            "es"
          ],
          "rdf:predicate": [
            "shortDescription"
          ]
        },
        {
          "@id": "https://data.datatourisme.fr/a5edd484-040d-3c3e-acdc-4736bf13ed32",
          "dc:contributor": [
            "https://api.deepl.com/v2/translate"
          ],
          "rdf:language": [
            "it"
          ],
          "rdf:predicate": [
            "shortDescription"
          ]
        },
        {
          "@id": "https://data.datatourisme.fr/d315b721-1457-31d3-8618-ce7d2d7bcb6e",
          "dc:contributor": [
            "https://api.deepl.com/v2/translate"
          ],
          "rdf:language": [
            "de"
          ],
          "rdf:predicate": [
            "shortDescription"
          ]
        }
      ],
      "shortDescription": {
        "de": [
          "Für die Freude von Pferden und Reitern, kommen Sie und spüren Sie die Freude an der pferdebezogenen Argumentation."
        ],
        "en": [
          "For the pleasure of horses and riders, come and experience the pleasure of equine reasoning."
        ],
        "it": [
          "Per il piacere di cavalli e cavalieri, venite a provare il piacere del ragionamento equino."
        ],
        "fr": [
          "Pour le plaisir des chevaux et des cavaliers, venez ressentir le plaisir de raisonner équin."
        ],
        "es": [
          "Para el placer de caballos y jinetes, venga a sentir el placer del razonamiento equino."
        ],
        "nl": [
          "Kom voor het plezier van paarden en ruiters."
        ]
      }
    }
  ],
  "hasTheme": [
    {
      "@id": "kb:Riding",
      "@type": [
        "SportsTheme"
      ],
      "rdfs:label": {
        "de": [
          "Reiten"
        ],
        "pt": [
          "Equitação"
        ],
        "en": [
          "Riding"
        ],
        "it": [
          "Equitazione"
        ],
        "fr": [
          "Equitation"
        ],
        "nl": [
          "Paardrijden"
        ],
        "es": [
          "Equitación"
        ]
      }
    }
  ],
  "hasTranslatedProperty": [
    {
      "@id": "https://data.datatourisme.fr/2f0290cd-dab7-3b13-ad27-23d2c957d323",
      "dc:contributor": [
        "https://api.deepl.com/v2/translate"
      ],
      "rdf:language": [
        "it"
      ],
      "rdf:predicate": [
        {
          "@id": "rdfs:comment"
        }
      ]
    },
    {
      "@id": "https://data.datatourisme.fr/63dc9f6f-3a6c-357b-af15-b377ce4d56f2",
      "dc:contributor": [
        "https://api.deepl.com/v2/translate"
      ],
      "rdf:language": [
        "es"
      ],
      "rdf:predicate": [
        {
          "@id": "rdfs:comment"
        }
      ]
    },
    {
      "@id": "https://data.datatourisme.fr/77971756-2627-3053-8125-110f84ec5389",
      "dc:contributor": [
        "https://api.deepl.com/v2/translate"
      ],
      "rdf:language": [
        "nl"
      ],
      "rdf:predicate": [
        {
          "@id": "rdfs:comment"
        }
      ]
    },
    {
      "@id": "https://data.datatourisme.fr/c1929118-ad1d-3dcd-9f2b-2d31ddc57574",
      "dc:contributor": [
        "https://api.deepl.com/v2/translate"
      ],
      "rdf:language": [
        "de"
      ],
      "rdf:predicate": [
        {
          "@id": "rdfs:comment"
        }
      ]
    }
  ],
  "isLocatedAt": [
    {
      "@id": "https://data.datatourisme.fr/2a6df464-356d-30bc-98e5-8a3b03d38e52",
      "schema:address": [
        {
          "@id": "https://data.datatourisme.fr/fd605d95-0984-35b8-951a-486db78d65f6",
          "schema:addressLocality": "Gréoux-les-Bains",
          "schema:postalCode": "04800",
          "schema:streetAddress": [
            "2336, Chemin d'Aurabelle"
          ],
          "@type": [
            "schema:PostalAddress",
            "PostalAddress"
          ],
          "hasAddressCity": {
            "@id": "kb:04094",
            "@type": [
              "City"
            ],
            "rdfs:label": {
              "de": [
                "Gréoux-les-Bains"
              ],
              "pt": [
                "Gréoux-les-Bains"
              ],
              "en": [
                "Gréoux-les-Bains"
              ],
              "it": [
                "Gréoux-les-Bains"
              ],
              "fr": [
                "Gréoux-les-Bains"
              ],
              "nl": [
                "Gréoux-les-Bains"
              ],
              "es": [
                "Gréoux-les-Bains"
              ]
            },
            "insee": "04094",
            "isPartOfDepartment": {
              "@id": "kb:France9304",
              "@type": [
                "Department"
              ],
              "rdfs:label": {
                "de": [
                  "Alpes-de-Haute-Provence"
                ],
                "pt": [
                  "Alpes-de-Haute-Provence"
                ],
                "en": [
                  "Alpes-de-Haute-Provence"
                ],
                "it": [
                  "Alpes-de-Haute-Provence"
                ],
                "fr": [
                  "Alpes-de-Haute-Provence"
                ],
                "nl": [
                  "Alpes-de-Haute-Provence"
                ],
                "es": [
                  "Alpes-de-Haute-Provence"
                ]
              },
              "insee": "04",
              "isPartOfRegion": {
                "@id": "kb:France93",
                "@type": [
                  "Region"
                ],
                "rdfs:label": {
                  "de": [
                    "Provence-Alpes-Côte d'Azur"
                  ],
                  "pt": [
                    "Provence-Alpes-Côte d'Azur"
                  ],
                  "en": [
                    "Provence-Alpes-Côte d'Azur"
                  ],
                  "it": [
                    "Provence-Alpes-Côte d'Azur"
                  ],
                  "fr": [
                    "Provence-Alpes-Côte d'Azur"
                  ],
                  "nl": [
                    "Provence-Alpes-Côte d'Azur"
                  ],
                  "es": [
                    "Provence-Alpes-Côte d'Azur"
                  ]
                },
                "insee": "93",
                "isPartOfCountry": {
                  "@id": "kb:France",
                  "@type": [
                    "schema:Country"
                  ],
                  "rdfs:label": {
                    "de": [
                      "France",
                      "Frankreich"
                    ],
                    "pt": [
                      "França",
                      "France"
                    ],
                    "en": [
                      "France"
                    ],
                    "it": [
                      "France",
                      "Francia"
                    ],
                    "fr": [
                      "France"
                    ],
                    "nl": [
                      "France",
                      "Frankrijk"
                    ],
                    "es": [
                      "France",
                      "Francia"
                    ]
                  }
                }
              }
            }
          }
        }
      ],
      "schema:geo": {
        "@id": "https://data.datatourisme.fr/4ff6d4e9-557d-3088-ad79-2041e48aba24",
        "schema:latitude": "43.730119",
        "schema:longitude": "5.856839",
        "@type": [
          "schema:GeoCoordinates"
        ]
      },
      "schema:openingHoursSpecification": [
        {
          "@id": "https://data.datatourisme.fr/802276b4-5f18-3d8f-bbf8-e121bb1b0831",
          "schema:closes": "18:00:00",
          "schema:opens": "09:00:00",
          "schema:validFrom": "2023-01-01T00:00:00",
          "schema:validThrough": "2023-12-31T23:59:59",
          "@type": [
            "schema:OpeningHoursSpecification"
          ],
          "additionalInformation": {
            "de": [
              "Nach vorheriger Absprache."
            ],
            "en": [
              "By appointment."
            ],
            "it": [
              "Su appuntamento."
            ],
            "fr": [
              "Sur rendez vous."
            ],
            "nl": [
              "Op afspraak."
            ],
            "es": [
              "Con cita previa."
            ]
          },
          "hasTranslatedProperty": [
            {
              "@id": "https://data.datatourisme.fr/530c979d-361f-3736-8e94-819f676a4416",
              "dc:contributor": [
                "https://api.deepl.com/v2/translate"
              ],
              "rdf:language": [
                "es"
              ],
              "rdf:predicate": [
                "additionalInformation"
              ]
            },
            {
              "@id": "https://data.datatourisme.fr/72071c5e-bc07-35b4-9af2-89cf24adbabc",
              "dc:contributor": [
                "https://api.deepl.com/v2/translate"
              ],
              "rdf:language": [
                "de"
              ],
              "rdf:predicate": [
                "additionalInformation"
              ]
            },
            {
              "@id": "https://data.datatourisme.fr/78337a1e-db6b-3ced-a70c-f14115525992",
              "dc:contributor": [
                "https://api.deepl.com/v2/translate"
              ],
              "rdf:language": [
                "en"
              ],
              "rdf:predicate": [
                "additionalInformation"
              ]
            },
            {
              "@id": "https://data.datatourisme.fr/997dd099-db63-3c2e-b33c-ac66419448e1",
              "dc:contributor": [
                "https://api.deepl.com/v2/translate"
              ],
              "rdf:language": [
                "it"
              ],
              "rdf:predicate": [
                "additionalInformation"
              ]
            },
            {
              "@id": "https://data.datatourisme.fr/f4cf78d2-3262-32b0-8e66-bb9167cbf191",
              "dc:contributor": [
                "https://api.deepl.com/v2/translate"
              ],
              "rdf:language": [
                "nl"
              ],
              "rdf:predicate": [
                "additionalInformation"
              ]
            }
          ]
        }
      ],
      "@type": [
        "schema:Place",
        "Place"
      ]
    }
  ],
  "isOwnedBy": [
    {
      "@id": "https://data.datatourisme.fr/c2d6808f-152c-38ad-957d-d172575d0785",
      "schema:email": [
        "a.filloz@tourisme-dlva.fr",
        "c.derrier@tourisme-dlva.fr",
        "l.negro@tourisme-dlva.fr",
        "m.tardif@tourisme-dlva.fr"
      ],
      "schema:legalName": "Office de Tourisme et des Congrès du Pays de Manosque",
      "@type": [
        "schema:Organization",
        "foaf:Agent",
        "Agent"
      ],
      "foaf:homepage": [
        "https://www.durance-luberon-verdon.com/"
      ]
    }
  ],
  "lastUpdate": "2023-07-17",
  "lastUpdateDatatourisme": "2023-09-28T05:52:38.954Z",
  "offers": [
    {
      "@id": "https://data.datatourisme.fr/4c0fe40f-c1a2-3b0c-b107-6e9b7bff1d3b",
      "schema:priceSpecification": [
        {
          "@id": "https://data.datatourisme.fr/13a1ca51-1cff-3751-b33e-18a6ecae16fd",
          "schema:minPrice": [
            "10",
            "20"
          ],
          "schema:priceCurrency": "EUR",
          "@type": [
            "schema:PriceSpecification",
            "PriceSpecification"
          ],
          "appliesOnPeriod": [
            {
              "@id": "https://data.datatourisme.fr/25869cf8-d1ca-3c6e-9e5b-4d870a6f98b0",
              "@type": [
                "Period"
              ],
              "endDate": "2024-04-01",
              "startDate": "2023-04-01"
            }
          ]
        }
      ],
      "@type": [
        "schema:Offer",
        "Offer"
      ]
    }
  ]
}