{
  "@id": "https://data.datatourisme.fr/13/00d3dfc2-1850-3d87-a316-fef5201e211a",
  "dc:identifier": "5077645",
  "@type": [
    "schema:LocalBusiness",
    "ActivityProvider",
    "PlaceOfInterest",
    "PointOfInterest",
    "Store"
  ],
  "rdfs:comment": {
    "de": [
      "Marionetten-Workshops"
    ],
    "en": [
      "Puppet Workshops"
    ],
    "it": [
      "Laboratori di marionette"
    ],
    "fr": [
      "Ateliers marionnettes"
    ],
    "es": [
      "Talleres de marionetas"
    ],
    "nl": [
      "Poppenkast workshops"
    ]
  },
  "rdfs:label": {
    "fr": [
      "Compagnie de l'Atelier manivelle"
    ]
  },
  "hasBeenCreatedBy": {
    "@id": "https://data.datatourisme.fr/13/792c7b5a-ae4a-39e7-8aae-da80516ae2ac",
    "dc:identifier": "1374",
    "schema:email": [
      "direction@ot-hautlignon.com",
      "francoise.hautlignon@orange.fr"
    ],
    "schema:legalName": "Office de Tourisme du Haut-Lignon",
    "@type": [
      "schema:Organization",
      "foaf:Agent",
      "Agent"
    ],
    "foaf:homepage": [
      "http://www.ot-hautlignon.com/"
    ]
  },
  "hasBeenPublishedBy": [
    {
      "@id": "https://data.datatourisme.fr/36ac2aa2-25d7-341e-b68a-2e78c6066065",
      "schema:legalName": "Maison du Tourisme de la Haute-Loire - source : Apidae Tourisme",
      "@type": [
        "schema:Organization",
        "foaf:Agent",
        "Agent"
      ],
      "foaf:homepage": [
        "https://www.apidae-tourisme.com/"
      ]
    }
  ],
  "hasContact": [
    {
      "@id": "https://data.datatourisme.fr/24437c4b-ec2b-396b-a9ee-9ed935529e75",
      "schema:telephone": [
        "+33 6 82 87 37 26"
      ],
      "@type": [
        "foaf:Agent",
        "Agent"
      ]
    }
  ],
  "hasDescription": [
    {
      "@id": "https://data.datatourisme.fr/d1df9548-35a6-33ef-84f9-07d197780e15",
      "@type": [
        "Description"
      ],
      "hasTranslatedProperty": [
        {
          "@id": "https://data.datatourisme.fr/2fe5483b-9e2a-3139-9f19-5a9543aedbd7",
          "dc:contributor": [
            "https://api.deepl.com/v2/translate"
          ],
          "rdf:language": [
            "es"
          ],
          "rdf:predicate": [
            "shortDescription"
          ]
        },
        {
          "@id": "https://data.datatourisme.fr/6f345034-0575-3dac-be70-7343a2ee1e3d",
          "dc:contributor": [
            "https://api.deepl.com/v2/translate"
          ],
          "rdf:language": [
            "de"
          ],
          "rdf:predicate": [
            "shortDescription"
          ]
        },
        {
          "@id": "https://data.datatourisme.fr/80d2cd3f-0cb0-3a6b-bb02-a8364d48e229",
          "dc:contributor": [
            "https://api.deepl.com/v2/translate"
          ],
          "rdf:language": [
            "it"
          ],
          "rdf:predicate": [
            "shortDescription"
          ]
        },
        {
          "@id": "https://data.datatourisme.fr/82bf122e-599c-33a3-ad33-56672124812f",
          "dc:contributor": [
            "https://api.deepl.com/v2/translate"
          ],
          "rdf:language": [
            "en"
          ],
          "rdf:predicate": [
            "shortDescription"
          ]
        },
        {
          "@id": "https://data.datatourisme.fr/94ea64ac-d8c6-3e13-b024-3d0552b28ced",
          "dc:contributor": [
            "https://api.deepl.com/v2/translate"
          ],
          "rdf:language": [
            "nl"
          ],
          "rdf:predicate": [
            "shortDescription"
          ]
        }
      ],
      "shortDescription": {
        "de": [
          "Marionetten-Workshops"
        ],
        "en": [
          "Puppet Workshops"
        ],
        "it": [
          "Laboratori di marionette"
        ],
        "fr": [
          "Ateliers marionnettes"
        ],
        "es": [
          "Talleres de marionetas"
        ],
        "nl": [
          "Poppenkast workshops"
        ]
      }
    }
  ],
  "hasTheme": [
    {
      "@id": "kb:PerformingArts",
      "@type": [
        "CulturalTheme",
        "SportsTheme"
      ],
      "rdfs:label": {
        "de": [
          "Darstellende Kunst"
        ],
        "pt": [
          "Artes do espetáculo"
        ],
        "en": [
          "Performing arts"
        ],
        "it": [
          "Arti dello spettacolo"
        ],
        "fr": [
          "Arts du spectacle"
        ],
        "nl": [
          "Podiumkunsten"
        ],
        "es": [
          "Artes escénicas"
        ]
      }
    }
  ],
  "hasTranslatedProperty": [
    {
      "@id": "https://data.datatourisme.fr/0b2b3296-77e4-32c0-b152-6de39df65910",
      "dc:contributor": [
        "https://api.deepl.com/v2/translate"
      ],
      "rdf:language": [
        "en"
      ],
      "rdf:predicate": [
        {
          "@id": "rdfs:comment"
        }
      ]
    },
    {
      "@id": "https://data.datatourisme.fr/4e485eed-9a35-3a71-a691-cb3379d9de34",
      "dc:contributor": [
        "https://api.deepl.com/v2/translate"
      ],
      "rdf:language": [
        "it"
      ],
      "rdf:predicate": [
        {
          "@id": "rdfs:comment"
        }
      ]
    },
    {
      "@id": "https://data.datatourisme.fr/985a9383-7ceb-3a01-a1e6-66f534beb2b3",
      "dc:contributor": [
        "https://api.deepl.com/v2/translate"
      ],
      "rdf:language": [
        "es"
      ],
      "rdf:predicate": [
        {
          "@id": "rdfs:comment"
        }
      ]
    },
    {
      "@id": "https://data.datatourisme.fr/f2d6ec5e-b5a7-31ec-92e0-9c949472bbbd",
      "dc:contributor": [
        "https://api.deepl.com/v2/translate"
      ],
      "rdf:language": [
        "nl"
      ],
      "rdf:predicate": [
        {
          "@id": "rdfs:comment"
        }
      ]
    },
    {
      "@id": "https://data.datatourisme.fr/f92d5653-e0b8-306d-a32f-f16f9eaabd23",
      "dc:contributor": [
        "https://api.deepl.com/v2/translate"
      ],
      "rdf:language": [
        "de"
      ],
      "rdf:predicate": [
        {
          "@id": "rdfs:comment"
        }
      ]
    }
  ],
  "isLocatedAt": [
    {
      "@id": "https://data.datatourisme.fr/97a49967-98d1-3655-8683-da7d01e02a54",
      "schema:address": [
        {
          "@id": "https://data.datatourisme.fr/13d3aa8c-9100-3aad-8ca1-bc262e27f820",
          "schema:addressLocality": "Mazet-Saint-Voy",
          "schema:postalCode": "43520",
          "schema:streetAddress": [
            "Place de la Mairie",
            "Salle municipale"
          ],
          "@type": [
            "schema:PostalAddress",
            "PostalAddress"
          ],
          "hasAddressCity": {
            "@id": "kb:43130",
            "@type": [
              "City"
            ],
            "rdfs:label": {
              "de": [
                "Mazet-Saint-Voy"
              ],
              "pt": [
                "Mazet-Saint-Voy"
              ],
              "en": [
                "Mazet-Saint-Voy"
              ],
              "it": [
                "Mazet-Saint-Voy"
              ],
              "fr": [
                "Mazet-Saint-Voy"
              ],
              "nl": [
                "Mazet-Saint-Voy"
              ],
              "es": [
                "Mazet-Saint-Voy"
              ]
            },
            "insee": "43130",
            "isPartOfDepartment": {
              "@id": "kb:France8443",
              "@type": [
                "Department"
              ],
              "rdfs:label": {
                "de": [
                  "Haute-Loire"
                ],
                "pt": [
                  "Haute-Loire"
                ],
                "en": [
                  "Haute-Loire"
                ],
                "it": [
                  "Haute-Loire"
                ],
                "fr": [
                  "Haute-Loire"
                ],
                "nl": [
                  "Haute-Loire"
                ],
                "es": [
                  "Haute-Loire"
                ]
              },
              "insee": "43",
              "isPartOfRegion": {
                "@id": "kb:France84",
                "@type": [
                  "Region"
                ],
                "rdfs:label": {
                  "de": [
                    "Auvergne-Rhône-Alpes"
                  ],
                  "pt": [
                    "Auvergne-Rhône-Alpes"
                  ],
                  "en": [
                    "Auvergne-Rhône-Alpes"
                  ],
                  "it": [
                    "Auvergne-Rhône-Alpes"
                  ],
                  "fr": [
                    "Auvergne-Rhône-Alpes"
                  ],
                  "nl": [
                    "Auvergne-Rhône-Alpes"
                  ],
                  "es": [
                    "Auvergne-Rhône-Alpes"
                  ]
                },
                "insee": "84",
                "isPartOfCountry": {
                  "@id": "kb:France",
                  "@type": [
                    "schema:Country"
                  ],
                  "rdfs:label": {
                    "de": [
                      "France",
                      "Frankreich"
                    ],
                    "pt": [
                      "França",
                      "France"
                    ],
                    "en": [
                      "France"
                    ],
                    "it": [
                      "France",
                      "Francia"
                    ],
                    "fr": [
                      "France"
                    ],
                    "nl": [
                      "France",
                      "Frankrijk"
                    ],
                    "es": [
                      "France",
                      "Francia"
                    ]
                  }
                }
              }
            }
          }
        }
      ],
      "schema:geo": {
        "@id": "https://data.datatourisme.fr/7dcc0890-90f4-3863-bd34-7cccfd8411ea",
        "schema:latitude": "45.054752",
        "schema:longitude": "4.253702",
        "@type": [
          "schema:GeoCoordinates"
        ]
      },
      "schema:openingHoursSpecification": [
        {
          "@id": "https://data.datatourisme.fr/f87e535a-636d-3343-ad63-8a03392e7511",
          "schema:validFrom": "2023-01-01T00:00:00",
          "schema:validThrough": "2023-12-31T23:59:59",
          "@type": [
            "schema:OpeningHoursSpecification"
          ]
        }
      ],
      "@type": [
        "schema:Place",
        "Place"
      ]
    }
  ],
  "isOwnedBy": [
    {
      "@id": "https://data.datatourisme.fr/7afee40f-5321-31d6-aa81-1420d5d24a92",
      "schema:email": [
        "direction@ot-hautlignon.com",
        "francoise.hautlignon@orange.fr"
      ],
      "schema:legalName": "Office de Tourisme du Haut-Lignon",
      "@type": [
        "schema:Organization",
        "foaf:Agent",
        "Agent"
      ],
      "foaf:homepage": [
        "http://www.ot-hautlignon.com/"
      ]
    }
  ],
  "lastUpdate": "2021-12-08",
  "lastUpdateDatatourisme": "2023-02-15T06:38:07.102Z"
}