{
  "@id": "https://data.datatourisme.fr/13/001e3510-940f-3409-a451-a7a5ca1071d7",
  "dc:identifier": "5785270",
  "@type": [
    "PlaceOfInterest",
    "PointOfInterest",
    "SportsAndLeisurePlace"
  ],
  "rdfs:comment": {
    "de": [
      "Eine Themenroute für Familien"
    ],
    "en": [
      "A themed tour for families"
    ],
    "it": [
      "Un tour a tema per le famiglie"
    ],
    "fr": [
      "Un parcours à thème pour les familles"
    ],
    "es": [
      "Un recorrido temático para las familias"
    ],
    "nl": [
      "Een thematische tocht voor gezinnen"
    ]
  },
  "rdfs:label": {
    "fr": [
      "La pêche au lac de Monteux et son parcours pêche labellisé 'famille'"
    ]
  },
  "hasBeenCreatedBy": {
    "@id": "https://data.datatourisme.fr/13/3c1e4bd6-7169-3815-be00-47536c9f541e",
    "dc:identifier": "1639",
    "schema:email": [
      "guilhem.millet@porteduventoux.com",
      "pauline@porteduventoux.com",
      "sandra@porteduventoux.com"
    ],
    "schema:legalName": "Office de Tourisme Communautaire Porte du Ventoux",
    "@type": [
      "schema:Organization",
      "foaf:Agent",
      "Agent"
    ],
    "foaf:homepage": [
      "https://porteduventoux.com/"
    ]
  },
  "hasBeenPublishedBy": [
    {
      "@id": "https://data.datatourisme.fr/8a9feb4b-2cbd-3d2c-b507-bd6c6776b23b",
      "schema:legalName": "Apidae Tourisme Scic SA - source : Apidae Tourisme",
      "@type": [
        "schema:Organization",
        "foaf:Agent",
        "Agent"
      ],
      "foaf:homepage": [
        "https://www.apidae-tourisme.com/"
      ]
    }
  ],
  "hasContact": [
    {
      "@id": "https://data.datatourisme.fr/29df0510-99de-3e5b-8c00-01a458089279",
      "schema:email": [
        "tourismemonteux@gmail.com"
      ],
      "schema:telephone": [
        "+33 4 90 61 15 91"
      ],
      "@type": [
        "foaf:Agent",
        "Agent"
      ],
      "foaf:homepage": [
        "https://www.generationpeche.fr/parcours-labellise/66/1146-plan-d-eau-de-beaulieu.htm",
        "https://www.sorgues-du-comtat.com/parcours-peche-labellise-famille"
      ]
    }
  ],
  "hasDescription": [
    {
      "@id": "https://data.datatourisme.fr/46c0ce53-bc74-3d29-9d92-e7ded6481c5f",
      "@type": [
        "Description"
      ],
      "hasTranslatedProperty": [
        {
          "@id": "https://data.datatourisme.fr/5b7177f3-3ca2-30a2-a100-d88026a6ce3a",
          "dc:contributor": [
            "https://api.deepl.com/v2/translate"
          ],
          "rdf:language": [
            "de"
          ],
          "rdf:predicate": [
            "shortDescription"
          ]
        },
        {
          "@id": "https://data.datatourisme.fr/884b8270-d4cc-3291-8566-81b2a87764a5",
          "dc:contributor": [
            "https://api.deepl.com/v2/translate"
          ],
          "rdf:language": [
            "es"
          ],
          "rdf:predicate": [
            "shortDescription"
          ]
        },
        {
          "@id": "https://data.datatourisme.fr/a70c6377-2954-34d6-9356-5f7784945289",
          "dc:contributor": [
            "https://api.deepl.com/v2/translate"
          ],
          "rdf:language": [
            "nl"
          ],
          "rdf:predicate": [
            "shortDescription"
          ]
        },
        {
          "@id": "https://data.datatourisme.fr/ce311642-a576-3a1d-9ddd-eef6b4db2540",
          "dc:contributor": [
            "https://api.deepl.com/v2/translate"
          ],
          "rdf:language": [
            "it"
          ],
          "rdf:predicate": [
            "shortDescription"
          ]
        }
      ],
      "shortDescription": {
        "de": [
          "Eine Themenroute für Familien"
        ],
        "en": [
          "A themed tour for families"
        ],
        "it": [
          "Un tour a tema per le famiglie"
        ],
        "fr": [
          "Un parcours à thème pour les familles"
        ],
        "es": [
          "Un recorrido temático para las familias"
        ],
        "nl": [
          "Een thematische tocht voor gezinnen"
        ]
      }
    }
  ],
  "hasTheme": [
    {
      "@id": "kb:Fishing",
      "@type": [
        "SportsTheme"
      ],
      "rdfs:label": {
        "de": [
          "Fischerei"
        ],
        "pt": [
          "Pesca"
        ],
        "en": [
          "Fishing"
        ],
        "it": [
          "Pesca"
        ],
        "fr": [
          "Pêche"
        ],
        "nl": [
          "Visserij"
        ],
        "es": [
          "Pesca"
        ]
      }
    }
  ],
  "hasTranslatedProperty": [
    {
      "@id": "https://data.datatourisme.fr/025a54f9-a92e-34f9-aca4-14ce2e43d5fc",
      "dc:contributor": [
        "https://api.deepl.com/v2/translate"
      ],
      "rdf:language": [
        "nl"
      ],
      "rdf:predicate": [
        {
          "@id": "rdfs:comment"
        }
      ]
    },
    {
      "@id": "https://data.datatourisme.fr/3287872b-1bc6-3583-91ee-0d70d3a0ed08",
      "dc:contributor": [
        "https://api.deepl.com/v2/translate"
      ],
      "rdf:language": [
        "de"
      ],
      "rdf:predicate": [
        {
          "@id": "rdfs:comment"
        }
      ]
    },
    {
      "@id": "https://data.datatourisme.fr/47a85ab3-57d9-3790-895d-1bad339a22b5",
      "dc:contributor": [
        "https://api.deepl.com/v2/translate"
      ],
      "rdf:language": [
        "it"
      ],
      "rdf:predicate": [
        {
          "@id": "rdfs:comment"
        }
      ]
    },
    {
      "@id": "https://data.datatourisme.fr/9122f05b-d803-3b97-8dea-db0ff19d2f71",
      "dc:contributor": [
        "https://api.deepl.com/v2/translate"
      ],
      "rdf:language": [
        "en"
      ],
      "rdf:predicate": [
        {
          "@id": "rdfs:comment"
        }
      ]
    },
    {
      "@id": "https://data.datatourisme.fr/ab446f0b-b6cc-3430-bdb9-d79efd675a17",
      "dc:contributor": [
        "https://api.deepl.com/v2/translate"
      ],
      "rdf:language": [
        "es"
      ],
      "rdf:predicate": [
        {
          "@id": "rdfs:comment"
        }
      ]
    }
  ],
  "isLocatedAt": [
    {
      "@id": "https://data.datatourisme.fr/1ecaef94-3365-3fef-ac8c-2892f1b5d20f",
      "schema:address": [
        {
          "@id": "https://data.datatourisme.fr/31ab0877-c2b4-305a-a303-e33f24bb9978",
          "schema:addressLocality": "Monteux",
          "schema:postalCode": "84170",
          "schema:streetAddress": [
            "Lac de Monteux"
          ],
          "@type": [
            "schema:PostalAddress",
            "PostalAddress"
          ],
          "hasAddressCity": {
            "@id": "kb:84080",
            "@type": [
              "City"
            ],
            "rdfs:label": {
              "de": [
                "Monteux"
              ],
              "pt": [
                "Monteux"
              ],
              "en": [
                "Monteux"
              ],
              "it": [
                "Monteux"
              ],
              "fr": [
                "Monteux"
              ],
              "nl": [
                "Monteux"
              ],
              "es": [
                "Monteux"
              ]
            },
            "insee": "84080",
            "isPartOfDepartment": {
              "@id": "kb:France9384",
              "@type": [
                "Department"
              ],
              "rdfs:label": {
                "de": [
                  "Vaucluse"
                ],
                "pt": [
                  "Vaucluse"
                ],
                "en": [
                  "Vaucluse"
                ],
                "it": [
                  "Vaucluse"
                ],
                "fr": [
                  "Vaucluse"
                ],
                "nl": [
                  "Vaucluse"
                ],
                "es": [
                  "Vaucluse"
                ]
              },
              "insee": "84",
              "isPartOfRegion": {
                "@id": "kb:France93",
                "@type": [
                  "Region"
                ],
                "rdfs:label": {
                  "de": [
                    "Provence-Alpes-Côte d'Azur"
                  ],
                  "pt": [
                    "Provence-Alpes-Côte d'Azur"
                  ],
                  "en": [
                    "Provence-Alpes-Côte d'Azur"
                  ],
                  "it": [
                    "Provence-Alpes-Côte d'Azur"
                  ],
                  "fr": [
                    "Provence-Alpes-Côte d'Azur"
                  ],
                  "nl": [
                    "Provence-Alpes-Côte d'Azur"
                  ],
                  "es": [
                    "Provence-Alpes-Côte d'Azur"
                  ]
                },
                "insee": "93",
                "isPartOfCountry": {
                  "@id": "kb:France",
                  "@type": [
                    "schema:Country"
                  ],
                  "rdfs:label": {
                    "de": [
                      "France",
                      "Frankreich"
                    ],
                    "pt": [
                      "França",
                      "France"
                    ],
                    "en": [
                      "France"
                    ],
                    "it": [
                      "France",
                      "Francia"
                    ],
                    "fr": [
                      "France"
                    ],
                    "nl": [
                      "France",
                      "Frankrijk"
                    ],
                    "es": [
                      "France",
                      "Francia"
                    ]
                  }
                }
              }
            }
          }
        }
      ],
      "schema:geo": {
        "@id": "https://data.datatourisme.fr/d33e85a5-ba62-327f-93d3-799b1697b093",
        "schema:latitude": "44.016284",
        "schema:longitude": "4.965611",
        "@type": [
          "schema:GeoCoordinates"
        ]
      },
      "schema:openingHoursSpecification": [
        {
          "@id": "https://data.datatourisme.fr/f87e535a-636d-3343-ad63-8a03392e7511",
          "schema:validFrom": "2023-01-01T00:00:00",
          "schema:validThrough": "2023-12-31T23:59:59",
          "@type": [
            "schema:OpeningHoursSpecification"
          ]
        }
      ],
      "@type": [
        "schema:Place",
        "Place"
      ]
    }
  ],
  "isOwnedBy": [
    {
      "@id": "https://data.datatourisme.fr/5965559f-e83b-3d92-af64-2286f578c9a6",
      "schema:email": [
        "pauline@porteduventoux.com",
        "sandra@porteduventoux.com"
      ],
      "schema:legalName": "Office de Tourisme Communautaire Porte du Ventoux",
      "@type": [
        "schema:Organization",
        "foaf:Agent",
        "Agent"
      ],
      "foaf:homepage": [
        "https://porteduventoux.com/"
      ]
    }
  ],
  "lastUpdate": "2021-06-21",
  "lastUpdateDatatourisme": "2023-07-20T05:54:46.205Z"
}