{
  "@id": "https://data.datatourisme.fr/13/0082ffc9-2fab-328a-b271-5651569be51e",
  "dc:identifier": "919406",
  "@type": [
    "schema:GolfCourse",
    "GolfCourse",
    "PlaceOfInterest",
    "PointOfInterest",
    "SportsAndLeisurePlace"
  ],
  "rdfs:comment": {
    "de": [
      "Spielen Sie Golf zwischen Meer… und Bergen  \r\nEntdecken Sie den Golfplatz Claux auf den Anhöhen von Grasse. Dieser charmante \r\nDie Fairways, die durch einen Eichen-, Pinien- und Ginster-Wald führen, bieten einen großartigen Ausblick auf die Bucht von Cannes, die Lérins-Inseln und das Estérel-Massiv."
    ],
    "en": [
      "Enjoy golfing between the mountains and the sea! \r\nCome try your swing on the Claux Amic golf course in the hills above Grasse. \r\nThe fairways cross a forest of oak, pine, and broom, with breathtaking views over the Bay of Cannes, the Lérins Islands, and the red rocks of the Esterel."
    ],
    "it": [
      "Praticate il golf tra il mare ... e la montagna \r\nVenite a scoprire il percorso del Golf du Claux Amic situato sulle alture di Grasse. \r\nI fairway che attraversano una foresta di querce, pini e ginestre, offrono una visuale superba sulla baia di Cannes, sulle Isole di Lérins e sul Massiccio dell’Estérel."
    ],
    "fr": [
      "Golfez entre mer ... et montagne \r\nVenez découvrir le parcours du Golf du Claux Amic situé sur les hauteurs de Grasse. Tout au long du parcours, les vues sont époustouflantes, côté Grande Bleue et côté Montagne"
    ],
    "nl": [
      "Golf tussen de zee ... en de bergen\r\nKom en ontdek de golfbaan Claux Amic gelegen op de hoogten van Grasse. Langs het hele parcours zijn de uitzichten adembenemend, zowel aan de zeezijde als aan de bergzijde"
    ],
    "es": [
      "Golf entre el mar... y la montaña\r\nVenga a descubrir el campo de golf Claux Amic, situado en las alturas de Grasse. A lo largo del recorrido, las vistas son impresionantes, tanto del lado del mar como de la montaña"
    ]
  },
  "rdfs:label": {
    "de": [
      "Claux Amic Golf"
    ],
    "en": [
      "Claux-Amic Golf"
    ],
    "it": [
      "Golf Claux Amic"
    ],
    "fr": [
      "Golf du Claux Amic"
    ]
  },
  "hasBeenCreatedBy": {
    "@id": "https://data.datatourisme.fr/13/170c9449-7849-3731-ba71-f34c25826a34",
    "dc:identifier": "884",
    "schema:email": [
      "helene.larbanois@paysdegrassetourisme.fr",
      "jennifer.faretra@paysdegrassetourisme.fr"
    ],
    "schema:legalName": "Pays de Grasse Tourisme",
    "@type": [
      "schema:Organization",
      "foaf:Agent",
      "Agent"
    ],
    "foaf:homepage": [
      "https://www.paysdegrassetourisme.fr/"
    ]
  },
  "hasBeenPublishedBy": [
    {
      "@id": "https://data.datatourisme.fr/8a9feb4b-2cbd-3d2c-b507-bd6c6776b23b",
      "schema:legalName": "Apidae Tourisme Scic SA - source : Apidae Tourisme",
      "@type": [
        "schema:Organization",
        "foaf:Agent",
        "Agent"
      ],
      "foaf:homepage": [
        "https://www.apidae-tourisme.com/"
      ]
    }
  ],
  "hasContact": [
    {
      "@id": "https://data.datatourisme.fr/806964d4-a37a-3768-a31c-2177f9a11055",
      "schema:email": [
        "sport@claux-amic.fr"
      ],
      "schema:telephone": [
        "+33 4 93 60 55 44"
      ],
      "@type": [
        "foaf:Agent",
        "Agent"
      ],
      "foaf:homepage": [
        "http://www.claux-amic.fr/"
      ]
    }
  ],
  "hasDescription": [
    {
      "@id": "https://data.datatourisme.fr/bba652f3-8947-3012-9b28-5c2c6f46cc18",
      "@type": [
        "Description"
      ],
      "hasTranslatedProperty": [
        {
          "@id": "https://data.datatourisme.fr/84568c9e-9077-3d17-86e8-62de3789320b",
          "dc:contributor": [
            "https://api.deepl.com/v2/translate"
          ],
          "rdf:language": [
            "nl"
          ],
          "rdf:predicate": [
            "shortDescription"
          ]
        },
        {
          "@id": "https://data.datatourisme.fr/ef867bb5-a96d-372c-9a9a-861611232c7c",
          "dc:contributor": [
            "https://api.deepl.com/v2/translate"
          ],
          "rdf:language": [
            "es"
          ],
          "rdf:predicate": [
            "shortDescription"
          ]
        }
      ],
      "shortDescription": {
        "de": [
          "Spielen Sie Golf zwischen Meer… und Bergen  \r\nEntdecken Sie den Golfplatz Claux auf den Anhöhen von Grasse. Dieser charmante \r\nDie Fairways, die durch einen Eichen-, Pinien- und Ginster-Wald führen, bieten einen großartigen Ausblick auf die Bucht von Cannes, die Lérins-Inseln und das Estérel-Massiv."
        ],
        "en": [
          "Enjoy golfing between the mountains and the sea! \r\nCome try your swing on the Claux Amic golf course in the hills above Grasse. \r\nThe fairways cross a forest of oak, pine, and broom, with breathtaking views over the Bay of Cannes, the Lérins Islands, and the red rocks of the Esterel."
        ],
        "it": [
          "Praticate il golf tra il mare ... e la montagna \r\nVenite a scoprire il percorso del Golf du Claux Amic situato sulle alture di Grasse. \r\nI fairway che attraversano una foresta di querce, pini e ginestre, offrono una visuale superba sulla baia di Cannes, sulle Isole di Lérins e sul Massiccio dell’Estérel."
        ],
        "fr": [
          "Golfez entre mer ... et montagne \r\nVenez découvrir le parcours du Golf du Claux Amic situé sur les hauteurs de Grasse. Tout au long du parcours, les vues sont époustouflantes, côté Grande Bleue et côté Montagne"
        ],
        "nl": [
          "Golf tussen de zee ... en de bergen\r\nKom en ontdek de golfbaan Claux Amic gelegen op de hoogten van Grasse. Langs het hele parcours zijn de uitzichten adembenemend, zowel aan de zeezijde als aan de bergzijde"
        ],
        "es": [
          "Golf entre el mar... y la montaña\r\nVenga a descubrir el campo de golf Claux Amic, situado en las alturas de Grasse. A lo largo del recorrido, las vistas son impresionantes, tanto del lado del mar como de la montaña"
        ]
      }
    }
  ],
  "hasTheme": [
    {
      "@id": "kb:Golf",
      "@type": [
        "SportsTheme"
      ],
      "rdfs:label": {
        "de": [
          "Golf"
        ],
        "pt": [
          "Golfe"
        ],
        "en": [
          "Golf"
        ],
        "it": [
          "Golf"
        ],
        "fr": [
          "Golf"
        ],
        "nl": [
          "Golf"
        ],
        "es": [
          "Golf"
        ]
      }
    }
  ],
  "hasTranslatedProperty": [
    {
      "@id": "https://data.datatourisme.fr/7714621d-bc04-35b4-b8c8-64ceffdbab27",
      "dc:contributor": [
        "https://api.deepl.com/v2/translate"
      ],
      "rdf:language": [
        "es"
      ],
      "rdf:predicate": [
        {
          "@id": "rdfs:comment"
        }
      ]
    },
    {
      "@id": "https://data.datatourisme.fr/c26f33f0-1b30-3fb5-8dae-6946e39ae8cc",
      "dc:contributor": [
        "https://api.deepl.com/v2/translate"
      ],
      "rdf:language": [
        "nl"
      ],
      "rdf:predicate": [
        {
          "@id": "rdfs:comment"
        }
      ]
    }
  ],
  "isLocatedAt": [
    {
      "@id": "https://data.datatourisme.fr/a3eb2da0-2b14-3224-adef-aca8f52ad852",
      "schema:address": [
        {
          "@id": "https://data.datatourisme.fr/db912c55-0b51-3217-9b8a-3ab347ba7da8",
          "schema:addressLocality": "Grasse",
          "schema:postalCode": "06130",
          "schema:streetAddress": [
            "1 Route des Trois Ponts"
          ],
          "@type": [
            "schema:PostalAddress",
            "PostalAddress"
          ],
          "hasAddressCity": {
            "@id": "kb:06069",
            "@type": [
              "City"
            ],
            "rdfs:label": {
              "de": [
                "Grasse"
              ],
              "pt": [
                "Grasse"
              ],
              "en": [
                "Grasse"
              ],
              "it": [
                "Grasse"
              ],
              "fr": [
                "Grasse"
              ],
              "nl": [
                "Grasse"
              ],
              "es": [
                "Grasse"
              ]
            },
            "insee": "06069",
            "isPartOfDepartment": {
              "@id": "kb:France9306",
              "@type": [
                "Department"
              ],
              "rdfs:label": {
                "de": [
                  "Alpes-Maritimes"
                ],
                "pt": [
                  "Alpes-Maritimes"
                ],
                "en": [
                  "Alpes-Maritimes"
                ],
                "it": [
                  "Alpes-Maritimes"
                ],
                "fr": [
                  "Alpes-Maritimes"
                ],
                "nl": [
                  "Alpes-Maritimes"
                ],
                "es": [
                  "Alpes-Maritimes"
                ]
              },
              "insee": "06",
              "isPartOfRegion": {
                "@id": "kb:France93",
                "@type": [
                  "Region"
                ],
                "rdfs:label": {
                  "de": [
                    "Provence-Alpes-Côte d'Azur"
                  ],
                  "pt": [
                    "Provence-Alpes-Côte d'Azur"
                  ],
                  "en": [
                    "Provence-Alpes-Côte d'Azur"
                  ],
                  "it": [
                    "Provence-Alpes-Côte d'Azur"
                  ],
                  "fr": [
                    "Provence-Alpes-Côte d'Azur"
                  ],
                  "nl": [
                    "Provence-Alpes-Côte d'Azur"
                  ],
                  "es": [
                    "Provence-Alpes-Côte d'Azur"
                  ]
                },
                "insee": "93",
                "isPartOfCountry": {
                  "@id": "kb:France",
                  "@type": [
                    "schema:Country"
                  ],
                  "rdfs:label": {
                    "de": [
                      "France",
                      "Frankreich"
                    ],
                    "pt": [
                      "França",
                      "France"
                    ],
                    "en": [
                      "France"
                    ],
                    "it": [
                      "France",
                      "Francia"
                    ],
                    "fr": [
                      "France"
                    ],
                    "nl": [
                      "France",
                      "Frankrijk"
                    ],
                    "es": [
                      "France",
                      "Francia"
                    ]
                  }
                }
              }
            }
          }
        }
      ],
      "schema:geo": {
        "@id": "https://data.datatourisme.fr/5fd3cd5f-181f-3b27-8957-d7aa45ca254b",
        "schema:latitude": "43.670539",
        "schema:longitude": "6.892759",
        "@type": [
          "schema:GeoCoordinates"
        ]
      },
      "schema:openingHoursSpecification": [
        {
          "@id": "https://data.datatourisme.fr/f5b4f288-f847-3a92-b974-35d2a2ec9ac2",
          "schema:closes": "19:00:00",
          "schema:opens": "07:30:00",
          "schema:validFrom": "2023-01-01T00:00:00",
          "schema:validThrough": "2023-12-31T23:59:59",
          "@type": [
            "schema:OpeningHoursSpecification"
          ]
        }
      ],
      "@type": [
        "schema:Place",
        "Place"
      ]
    }
  ],
  "isOwnedBy": [
    {
      "@id": "https://data.datatourisme.fr/2ab0096d-54aa-302e-8032-219827e650b0",
      "schema:email": [
        "jennifer.faretra@paysdegrassetourisme.fr"
      ],
      "schema:legalName": "Pays de Grasse Tourisme",
      "@type": [
        "schema:Organization",
        "foaf:Agent",
        "Agent"
      ],
      "foaf:homepage": [
        "https://www.paysdegrassetourisme.fr/"
      ]
    }
  ],
  "lastUpdate": "2023-08-01",
  "lastUpdateDatatourisme": "2023-09-28T05:52:38.875Z",
  "offers": [
    {
      "@id": "https://data.datatourisme.fr/09075570-fe32-3345-91b6-b2630fa626cf",
      "schema:priceSpecification": [
        {
          "@id": "https://data.datatourisme.fr/ec1d0120-e429-3890-ada9-2d930436b170",
          "schema:maxPrice": [
            "25",
            "37",
            "39",
            "45",
            "50",
            "75"
          ],
          "schema:minPrice": [
            "30",
            "39",
            "40",
            "60"
          ],
          "schema:priceCurrency": "EUR",
          "@type": [
            "schema:PriceSpecification",
            "PriceSpecification"
          ],
          "appliesOnPeriod": [
            {
              "@id": "https://data.datatourisme.fr/0663ca4b-3470-3171-9053-39aa704e8f56",
              "@type": [
                "Period"
              ],
              "endDate": "2022-12-31",
              "startDate": "2022-01-01"
            }
          ]
        }
      ],
      "@type": [
        "schema:Offer",
        "Offer"
      ]
    }
  ]
}