{
  "@id": "https://data.datatourisme.fr/13/00081605-f8de-3882-8b65-c1563b6949e0",
  "dc:identifier": "351256",
  "@type": [
    "schema:LocalBusiness",
    "ArtGalleryOrExhibitionGallery",
    "PlaceOfInterest",
    "PointOfInterest",
    "SportsAndLeisurePlace",
    "Store"
  ],
  "rdfs:comment": {
    "de": [
      "In Räumen, die der Entdeckung und der Begegnung gewidmet sind, wird das YellowKorner-Team Sie bei Ihrem Besuch begleiten, mit einer einzigen Leidenschaft, Sie die Kunstfotografie entdecken und lieben zu lassen."
    ],
    "en": [
      "In areas dedicated to discovery and encounters, the YellowKorner team will accompany you on your visit, with a single passion, to help you discover and love fine art photography."
    ],
    "it": [
      "In spazi dedicati alla scoperta e all'incontro, il team di YellowKorner vi accompagnerà nella vostra visita, con un'unica passione, farvi scoprire e amare la fotografia d'arte."
    ],
    "fr": [
      "Dans des espaces consacrés à la découverte et aux rencontres, l’équipe YellowKorner vous accompagnera dans votre visite, avec une seule passion, vous faire découvrir et aimer la photographie d’art."
    ],
    "nl": [
      "Het team van YellowKorner begeleidt u tijdens uw bezoek in ruimtes die gewijd zijn aan ontdekkingen en ontmoetingen, met een enkele passie, om u de kunstfotografie te laten ontdekken en ervan te laten houden."
    ],
    "es": [
      "En espacios dedicados al descubrimiento y al encuentro, el equipo de YellowKorner le acompañará en su visita, con una única pasión, hacerle descubrir y amar la fotografía artística."
    ]
  },
  "rdfs:label": {
    "de": [
      "YellowKorner"
    ],
    "en": [
      "YellowKorner"
    ],
    "it": [
      "YellowKorner"
    ],
    "fr": [
      "Galerie YellowKorner Lyon Centre"
    ],
    "nl": [
      "YellowKorner"
    ],
    "es": [
      "YellowKorner"
    ]
  },
  "hasBeenCreatedBy": {
    "@id": "https://data.datatourisme.fr/13/45c48cce-2e2d-3fbd-aa1a-fc51c7c6ad26",
    "dc:identifier": "9",
    "schema:email": [
      "apidae@lyon-france.com",
      "seveillard@lyon-france.com",
      "vbilly@lyon-france.com"
    ],
    "schema:legalName": "Lyon Tourisme et Congrès / ONLYLYON Tourisme",
    "@type": [
      "schema:Organization",
      "foaf:Agent",
      "Agent"
    ],
    "foaf:homepage": [
      "https://www.lyon-france.com/"
    ]
  },
  "hasBeenPublishedBy": [
    {
      "@id": "https://data.datatourisme.fr/8a9feb4b-2cbd-3d2c-b507-bd6c6776b23b",
      "schema:legalName": "Apidae Tourisme Scic SA - source : Apidae Tourisme",
      "@type": [
        "schema:Organization",
        "foaf:Agent",
        "Agent"
      ],
      "foaf:homepage": [
        "https://www.apidae-tourisme.com/"
      ]
    }
  ],
  "hasContact": [
    {
      "@id": "https://data.datatourisme.fr/314150b5-42b4-3bba-acf0-f8c8baa36bef",
      "schema:email": [
        "galerie.lyonargue@yellowkorner.com"
      ],
      "schema:telephone": [
        "+33 4 72 61 13 47"
      ],
      "@type": [
        "foaf:Agent",
        "Agent"
      ]
    }
  ],
  "hasDescription": [
    {
      "@id": "https://data.datatourisme.fr/1313447b-1971-3054-add0-f6cc0ad36533",
      "@type": [
        "Description"
      ],
      "hasTranslatedProperty": [
        {
          "@id": "https://data.datatourisme.fr/2305f3a6-af40-3925-90c8-a6a1dc70c312",
          "dc:contributor": [
            "https://api.deepl.com/v2/translate"
          ],
          "rdf:language": [
            "it"
          ],
          "rdf:predicate": [
            "shortDescription"
          ]
        },
        {
          "@id": "https://data.datatourisme.fr/377ac602-4c18-33a5-b33b-53482c53179b",
          "dc:contributor": [
            "https://api.deepl.com/v2/translate"
          ],
          "rdf:language": [
            "de"
          ],
          "rdf:predicate": [
            "shortDescription"
          ]
        },
        {
          "@id": "https://data.datatourisme.fr/52000782-8099-3d95-8672-c09dd94ace33",
          "dc:contributor": [
            "https://api.deepl.com/v2/translate"
          ],
          "rdf:language": [
            "nl"
          ],
          "rdf:predicate": [
            "shortDescription"
          ]
        },
        {
          "@id": "https://data.datatourisme.fr/5f5cbcdf-30bc-369f-8ad0-62b22cd0cb84",
          "dc:contributor": [
            "https://api.deepl.com/v2/translate"
          ],
          "rdf:language": [
            "es"
          ],
          "rdf:predicate": [
            "shortDescription"
          ]
        },
        {
          "@id": "https://data.datatourisme.fr/82f18552-ea13-3a55-a7b0-ad20243157ee",
          "dc:contributor": [
            "https://api.deepl.com/v2/translate"
          ],
          "rdf:language": [
            "en"
          ],
          "rdf:predicate": [
            "shortDescription"
          ]
        }
      ],
      "shortDescription": {
        "de": [
          "In Räumen, die der Entdeckung und der Begegnung gewidmet sind, wird das YellowKorner-Team Sie bei Ihrem Besuch begleiten, mit einer einzigen Leidenschaft, Sie die Kunstfotografie entdecken und lieben zu lassen."
        ],
        "en": [
          "In areas dedicated to discovery and encounters, the YellowKorner team will accompany you on your visit, with a single passion, to help you discover and love fine art photography."
        ],
        "it": [
          "In spazi dedicati alla scoperta e all'incontro, il team di YellowKorner vi accompagnerà nella vostra visita, con un'unica passione, farvi scoprire e amare la fotografia d'arte."
        ],
        "fr": [
          "Dans des espaces consacrés à la découverte et aux rencontres, l’équipe YellowKorner vous accompagnera dans votre visite, avec une seule passion, vous faire découvrir et aimer la photographie d’art."
        ],
        "nl": [
          "Het team van YellowKorner begeleidt u tijdens uw bezoek in ruimtes die gewijd zijn aan ontdekkingen en ontmoetingen, met een enkele passie, om u de kunstfotografie te laten ontdekken en ervan te laten houden."
        ],
        "es": [
          "En espacios dedicados al descubrimiento y al encuentro, el equipo de YellowKorner le acompañará en su visita, con una única pasión, hacerle descubrir y amar la fotografía artística."
        ]
      }
    }
  ],
  "hasTranslatedProperty": [
    {
      "@id": "https://data.datatourisme.fr/743a033e-2645-3a2b-944e-e1bcbd7a618d",
      "dc:contributor": [
        "https://api.deepl.com/v2/translate"
      ],
      "rdf:language": [
        "nl"
      ],
      "rdf:predicate": [
        {
          "@id": "rdfs:comment"
        }
      ]
    },
    {
      "@id": "https://data.datatourisme.fr/c242a91d-6c46-3a14-84f0-15dc33cd265c",
      "dc:contributor": [
        "https://api.deepl.com/v2/translate"
      ],
      "rdf:language": [
        "it"
      ],
      "rdf:predicate": [
        {
          "@id": "rdfs:comment"
        }
      ]
    },
    {
      "@id": "https://data.datatourisme.fr/d2516060-f303-3e5b-afb2-605a943ff6f9",
      "dc:contributor": [
        "https://api.deepl.com/v2/translate"
      ],
      "rdf:language": [
        "en"
      ],
      "rdf:predicate": [
        {
          "@id": "rdfs:comment"
        }
      ]
    },
    {
      "@id": "https://data.datatourisme.fr/d28f1f10-e767-3473-821a-74e90685f578",
      "dc:contributor": [
        "https://api.deepl.com/v2/translate"
      ],
      "rdf:language": [
        "de"
      ],
      "rdf:predicate": [
        {
          "@id": "rdfs:comment"
        }
      ]
    },
    {
      "@id": "https://data.datatourisme.fr/e0c9de12-8f95-3e6a-a9c4-b42ab61eed2f",
      "dc:contributor": [
        "https://api.deepl.com/v2/translate"
      ],
      "rdf:language": [
        "es"
      ],
      "rdf:predicate": [
        {
          "@id": "rdfs:comment"
        }
      ]
    }
  ],
  "isLocatedAt": [
    {
      "@id": "https://data.datatourisme.fr/bfa067fb-8251-3854-a146-756546fe3e66",
      "schema:address": [
        {
          "@id": "https://data.datatourisme.fr/5489eec5-4b90-36ee-a422-16a356f20b6d",
          "schema:addressLocality": "Lyon 2e Arrondissement",
          "schema:postalCode": "69002",
          "schema:streetAddress": [
            "69 Passage de l'Argue"
          ],
          "@type": [
            "schema:PostalAddress",
            "PostalAddress"
          ],
          "hasAddressCity": {
            "@id": "kb:69382",
            "@type": [
              "City"
            ],
            "rdfs:label": {
              "de": [
                "Lyon 2e Arrondissement"
              ],
              "pt": [
                "Lyon 2e Arrondissement"
              ],
              "en": [
                "Lyon 2e Arrondissement"
              ],
              "it": [
                "Lyon 2e Arrondissement"
              ],
              "fr": [
                "Lyon 2e Arrondissement"
              ],
              "nl": [
                "Lyon 2e Arrondissement"
              ],
              "es": [
                "Lyon 2e Arrondissement"
              ]
            },
            "insee": "69382",
            "isPartOfDepartment": {
              "@id": "kb:France8469",
              "@type": [
                "Department"
              ],
              "rdfs:label": {
                "de": [
                  "Rhône"
                ],
                "pt": [
                  "Rhône"
                ],
                "en": [
                  "Rhône"
                ],
                "it": [
                  "Rhône"
                ],
                "fr": [
                  "Rhône"
                ],
                "nl": [
                  "Rhône"
                ],
                "es": [
                  "Rhône"
                ]
              },
              "insee": "69",
              "isPartOfRegion": {
                "@id": "kb:France84",
                "@type": [
                  "Region"
                ],
                "rdfs:label": {
                  "de": [
                    "Auvergne-Rhône-Alpes"
                  ],
                  "pt": [
                    "Auvergne-Rhône-Alpes"
                  ],
                  "en": [
                    "Auvergne-Rhône-Alpes"
                  ],
                  "it": [
                    "Auvergne-Rhône-Alpes"
                  ],
                  "fr": [
                    "Auvergne-Rhône-Alpes"
                  ],
                  "nl": [
                    "Auvergne-Rhône-Alpes"
                  ],
                  "es": [
                    "Auvergne-Rhône-Alpes"
                  ]
                },
                "insee": "84",
                "isPartOfCountry": {
                  "@id": "kb:France",
                  "@type": [
                    "schema:Country"
                  ],
                  "rdfs:label": {
                    "de": [
                      "France",
                      "Frankreich"
                    ],
                    "pt": [
                      "França",
                      "France"
                    ],
                    "en": [
                      "France"
                    ],
                    "it": [
                      "France",
                      "Francia"
                    ],
                    "fr": [
                      "France"
                    ],
                    "nl": [
                      "France",
                      "Frankrijk"
                    ],
                    "es": [
                      "France",
                      "Francia"
                    ]
                  }
                }
              }
            }
          }
        }
      ],
      "schema:geo": {
        "@id": "https://data.datatourisme.fr/b3cd46a3-60cf-3e87-9218-92276456f7d4",
        "schema:latitude": "45.761139",
        "schema:longitude": "4.83509",
        "@type": [
          "schema:GeoCoordinates"
        ]
      },
      "schema:openingHoursSpecification": [
        {
          "@id": "https://data.datatourisme.fr/d47f65e7-370b-31f6-abf9-a5e3a1b83a86",
          "schema:closes": "19:00:00",
          "schema:opens": "10:00:00",
          "schema:validFrom": "2023-01-01T00:00:00",
          "schema:validThrough": "2023-12-31T23:59:59",
          "@type": [
            "schema:OpeningHoursSpecification"
          ],
          "additionalInformation": {
            "de": [
              "und ab 14 Uhr am Montag"
            ],
            "en": [
              "and from 2pm on Monday"
            ],
            "it": [
              "e dalle 14.00 di lunedì"
            ],
            "fr": [
              "et à partir de 14h le lundi"
            ],
            "es": [
              "y a partir de las 14 horas del lunes"
            ],
            "nl": [
              "en vanaf 14.00 uur op maandag"
            ]
          },
          "hasTranslatedProperty": [
            {
              "@id": "https://data.datatourisme.fr/25df5c9f-6193-3df6-a32b-85fc429d872c",
              "dc:contributor": [
                "https://api.deepl.com/v2/translate"
              ],
              "rdf:language": [
                "it"
              ],
              "rdf:predicate": [
                "additionalInformation"
              ]
            },
            {
              "@id": "https://data.datatourisme.fr/348d3bd7-4798-3714-9a26-a9523535df47",
              "dc:contributor": [
                "https://api.deepl.com/v2/translate"
              ],
              "rdf:language": [
                "en"
              ],
              "rdf:predicate": [
                "additionalInformation"
              ]
            },
            {
              "@id": "https://data.datatourisme.fr/38fcbc88-87ab-321e-afa0-e003142ceed3",
              "dc:contributor": [
                "https://api.deepl.com/v2/translate"
              ],
              "rdf:language": [
                "de"
              ],
              "rdf:predicate": [
                "additionalInformation"
              ]
            },
            {
              "@id": "https://data.datatourisme.fr/96787a2c-84f9-356a-9084-cab7cff8dfa8",
              "dc:contributor": [
                "https://api.deepl.com/v2/translate"
              ],
              "rdf:language": [
                "nl"
              ],
              "rdf:predicate": [
                "additionalInformation"
              ]
            },
            {
              "@id": "https://data.datatourisme.fr/e639e54b-9e44-3c12-8746-bb5b9aeb2379",
              "dc:contributor": [
                "https://api.deepl.com/v2/translate"
              ],
              "rdf:language": [
                "es"
              ],
              "rdf:predicate": [
                "additionalInformation"
              ]
            }
          ]
        }
      ],
      "@type": [
        "schema:Place",
        "Place"
      ]
    }
  ],
  "isOwnedBy": [
    {
      "@id": "https://data.datatourisme.fr/33848473-e8f7-3b5e-a27f-1813fca76a01",
      "schema:email": [
        "apidae@lyon-france.com",
        "seveillard@lyon-france.com",
        "vbilly@lyon-france.com"
      ],
      "schema:legalName": "Lyon Tourisme et Congrès / ONLYLYON Tourisme",
      "@type": [
        "schema:Organization",
        "foaf:Agent",
        "Agent"
      ],
      "foaf:homepage": [
        "https://www.lyon-france.com/"
      ]
    }
  ],
  "lastUpdate": "2015-03-25",
  "lastUpdateDatatourisme": "2023-02-01T18:07:36.084Z"
}