{
  "@id": "https://data.datatourisme.fr/13/00c2b57d-93b3-3826-b315-b304bb714d6b",
  "dc:identifier": "462967",
  "@type": [
    "schema:LocalBusiness",
    "ActivityProvider",
    "PlaceOfInterest",
    "PointOfInterest",
    "Store"
  ],
  "rdfs:comment": {
    "de": [
      "Seit 1970 hat das Team des Bergführerbüros Klippen, Höhlen und Schluchten durchkämmt und unzählige kleine und große Berge durchwandert, sei es beim Wandern, Bergsteigen, auf Skiern oder mit Schneeschuhen. Kommen Sie und teilen Sie ihre Liebe zu den Bergen."
    ],
    "en": [
      "From 1970 our team guide you on the mountains, hiking, skiing, snowshoeing, climbing, pot holing, canyoning. Come and share our passion."
    ],
    "it": [
      "Dal 1970, l'équipe dell'ufficio guide ha perlustrato le scogliere, le grotte e i canyon, e ha percorso le innumerevoli montagne, grandi e piccole, con escursioni, alpinismo, sci o racchette da neve. Venite a condividere il loro amore per la montagna."
    ],
    "fr": [
      "Depuis 1970, l'équipe du bureau des guides a écumé les falaises, grottes et canyons, parcouru les innombrables montagnes, petites et grandes, en randonnée, en alpinisme, en skis ou en raquettes. Venez partager leur amour de la montagne."
    ],
    "nl": [
      "From 1970 our team guide you on the mountains, hiking, skiing, snowshoeing, climbing, pot holing, canyoning. Come and share our passion."
    ],
    "es": [
      "Desde 1970, el equipo de la oficina de guías ha explorado los acantilados, cuevas y cañones, y ha recorrido las innumerables montañas, grandes y pequeñas, a pie, en alpinismo, con esquís o con raquetas de nieve. Venga a compartir su amor por las montañas."
    ]
  },
  "rdfs:label": {
    "en": [
      "Mountain guides"
    ],
    "fr": [
      "Bureau des Guides"
    ],
    "nl": [
      "berggidsen"
    ]
  },
  "hasBeenCreatedBy": {
    "@id": "https://data.datatourisme.fr/13/b53b3a3d-6ab9-3ce0-a682-29151c9bde11",
    "dc:identifier": "55",
    "schema:email": [
      "laura@lescarroz.com",
      "melanie@lescarroz.com",
      "oceane@lescarroz.com",
      "tracy@lescarroz.com"
    ],
    "schema:legalName": "Office de Tourisme Les Carroz d'Arâches",
    "@type": [
      "schema:Organization",
      "foaf:Agent",
      "Agent"
    ],
    "foaf:homepage": [
      "https://www.lescarroz.com/"
    ]
  },
  "hasBeenPublishedBy": [
    {
      "@id": "https://data.datatourisme.fr/8a9feb4b-2cbd-3d2c-b507-bd6c6776b23b",
      "schema:legalName": "Apidae Tourisme Scic SA - source : Apidae Tourisme",
      "@type": [
        "schema:Organization",
        "foaf:Agent",
        "Agent"
      ],
      "foaf:homepage": [
        "https://www.apidae-tourisme.com/"
      ]
    }
  ],
  "hasContact": [
    {
      "@id": "https://data.datatourisme.fr/ea7f81d3-1f4e-3966-a2c5-154bae0e4541",
      "schema:email": [
        "guidesdescarroz@gmail.com"
      ],
      "schema:telephone": [
        "+33 6 23 26 13 00",
        "+33 6 99 20 24 01"
      ],
      "@type": [
        "foaf:Agent",
        "Agent"
      ],
      "foaf:homepage": [
        "https://www.guidesdescarroz.com/"
      ]
    }
  ],
  "hasDescription": [
    {
      "@id": "https://data.datatourisme.fr/d72009f9-901b-3060-ad0b-fda58f505390",
      "@type": [
        "Description"
      ],
      "hasTranslatedProperty": [
        {
          "@id": "https://data.datatourisme.fr/4f174c98-faaa-3f1d-8f07-f82d0580f5ad",
          "dc:contributor": [
            "https://api.deepl.com/v2/translate"
          ],
          "rdf:language": [
            "de"
          ],
          "rdf:predicate": [
            "shortDescription"
          ]
        },
        {
          "@id": "https://data.datatourisme.fr/c35f9aa5-03b8-39c2-acc4-275bfde43651",
          "dc:contributor": [
            "https://api.deepl.com/v2/translate"
          ],
          "rdf:language": [
            "it"
          ],
          "rdf:predicate": [
            "shortDescription"
          ]
        },
        {
          "@id": "https://data.datatourisme.fr/ce0fc825-5a33-3454-9220-1c7cdf6859dd",
          "dc:contributor": [
            "https://api.deepl.com/v2/translate"
          ],
          "rdf:language": [
            "es"
          ],
          "rdf:predicate": [
            "shortDescription"
          ]
        }
      ],
      "shortDescription": {
        "de": [
          "Seit 1970 hat das Team des Bergführerbüros Klippen, Höhlen und Schluchten durchkämmt und unzählige kleine und große Berge durchwandert, sei es beim Wandern, Bergsteigen, auf Skiern oder mit Schneeschuhen. Kommen Sie und teilen Sie ihre Liebe zu den Bergen."
        ],
        "en": [
          "From 1970 our team guide you on the mountains, hiking, skiing, snowshoeing, climbing, pot holing, canyoning. Come and share our passion."
        ],
        "it": [
          "Dal 1970, l'équipe dell'ufficio guide ha perlustrato le scogliere, le grotte e i canyon, e ha percorso le innumerevoli montagne, grandi e piccole, con escursioni, alpinismo, sci o racchette da neve. Venite a condividere il loro amore per la montagna."
        ],
        "fr": [
          "Depuis 1970, l'équipe du bureau des guides a écumé les falaises, grottes et canyons, parcouru les innombrables montagnes, petites et grandes, en randonnée, en alpinisme, en skis ou en raquettes. Venez partager leur amour de la montagne."
        ],
        "nl": [
          "From 1970 our team guide you on the mountains, hiking, skiing, snowshoeing, climbing, pot holing, canyoning. Come and share our passion."
        ],
        "es": [
          "Desde 1970, el equipo de la oficina de guías ha explorado los acantilados, cuevas y cañones, y ha recorrido las innumerables montañas, grandes y pequeñas, a pie, en alpinismo, con esquís o con raquetas de nieve. Venga a compartir su amor por las montañas."
        ]
      }
    }
  ],
  "hasTheme": [
    {
      "@id": "kb:AlpineSkiing",
      "@type": [
        "SportsTheme"
      ],
      "rdfs:label": {
        "de": [
          "Alpiner Skilauf"
        ],
        "pt": [
          "Esqui alpino"
        ],
        "en": [
          "Alpine skiing"
        ],
        "it": [
          "Sci alpino"
        ],
        "fr": [
          "Ski alpin"
        ],
        "es": [
          "Esquí alpino"
        ],
        "nl": [
          "Alpineskiën"
        ]
      }
    },
    {
      "@id": "kb:Bike",
      "@type": [
        "SportsTheme"
      ],
      "rdfs:label": {
        "de": [
          "Fahrrad"
        ],
        "pt": [
          "Bicicleta"
        ],
        "en": [
          "Bike"
        ],
        "it": [
          "Bicicletta"
        ],
        "fr": [
          "Vélo"
        ],
        "nl": [
          "Fiets"
        ],
        "es": [
          "Bicicleta"
        ]
      }
    },
    {
      "@id": "kb:Canyoning",
      "@type": [
        "SportsTheme"
      ],
      "rdfs:label": {
        "de": [
          "Canyoning"
        ],
        "pt": [
          "Canoagem"
        ],
        "en": [
          "Canyoning"
        ],
        "it": [
          "Canyoning"
        ],
        "fr": [
          "Canyoning"
        ],
        "es": [
          "Piragüismo"
        ],
        "nl": [
          "Canyoning"
        ]
      }
    },
    {
      "@id": "kb:Caving",
      "@type": [
        "SportsTheme"
      ],
      "rdfs:label": {
        "de": [
          "Höhlenforschung"
        ],
        "pt": [
          "Espeleologia"
        ],
        "en": [
          "Caving"
        ],
        "it": [
          "Speleologia"
        ],
        "fr": [
          "Spéléologie"
        ],
        "nl": [
          "Speleologie"
        ],
        "es": [
          "Espeleología"
        ]
      }
    },
    {
      "@id": "kb:Climbing",
      "@type": [
        "SportsTheme"
      ],
      "rdfs:label": {
        "de": [
          "Klettern"
        ],
        "pt": [
          "Escalada"
        ],
        "en": [
          "Climbing"
        ],
        "it": [
          "Arrampicata"
        ],
        "fr": [
          "Escalade"
        ],
        "nl": [
          "Klimmen"
        ],
        "es": [
          "Escalada"
        ]
      }
    },
    {
      "@id": "kb:FatBike",
      "@type": [
        "SportsTheme"
      ],
      "rdfs:label": {
        "de": [
          "Fat Bike"
        ],
        "pt": [
          "Bicicleta de neve"
        ],
        "en": [
          "Fat bike"
        ],
        "it": [
          "Fat bike"
        ],
        "fr": [
          "Fat bike"
        ],
        "nl": [
          "Fatbike"
        ],
        "es": [
          "Fat bike"
        ]
      }
    },
    {
      "@id": "kb:Hiking",
      "@type": [
        "SportsTheme"
      ],
      "rdfs:label": {
        "de": [
          "Wanderung"
        ],
        "pt": [
          "Caminhada"
        ],
        "en": [
          "Hiking"
        ],
        "it": [
          "Escursione"
        ],
        "fr": [
          "Randonnée"
        ],
        "nl": [
          "Wandelen"
        ],
        "es": [
          "Senderismo"
        ]
      }
    },
    {
      "@id": "kb:Motorsports",
      "@type": [
        "SportsTheme"
      ],
      "rdfs:label": {
        "de": [
          "Motorsport"
        ],
        "pt": [
          "Desporto mecânico"
        ],
        "en": [
          "Motorsports"
        ],
        "it": [
          "Sporto motoristici"
        ],
        "fr": [
          "Sport mécanique"
        ],
        "nl": [
          "Gemotoriseerde sport"
        ],
        "es": [
          "Deporte de motor"
        ]
      }
    },
    {
      "@id": "kb:Mountaineering",
      "@type": [
        "SportsTheme"
      ],
      "rdfs:label": {
        "de": [
          "Bergsteigen"
        ],
        "pt": [
          "Alpinismo"
        ],
        "en": [
          "Mountaineering"
        ],
        "it": [
          "Alpinismo"
        ],
        "fr": [
          "Alpinisme"
        ],
        "es": [
          "Alpinismo"
        ],
        "nl": [
          "Alpinisme"
        ]
      }
    },
    {
      "@id": "kb:Rafting",
      "@type": [
        "SportsTheme"
      ],
      "rdfs:label": {
        "de": [
          "Rafting"
        ],
        "pt": [
          "Rafting"
        ],
        "en": [
          "Rafting"
        ],
        "it": [
          "Rafting"
        ],
        "fr": [
          "Rafting"
        ],
        "es": [
          "Rafting"
        ],
        "nl": [
          "Raften"
        ]
      }
    },
    {
      "@id": "kb:SkiTouring",
      "@type": [
        "SportsTheme"
      ],
      "rdfs:label": {
        "de": [
          "Skitouren"
        ],
        "pt": [
          "Esqui de caminhada"
        ],
        "en": [
          "Ski touring"
        ],
        "it": [
          "Sci alpinismo"
        ],
        "fr": [
          "Ski de randonnée"
        ],
        "nl": [
          "Toerskiën"
        ],
        "es": [
          "Esquí de travesía"
        ]
      }
    },
    {
      "@id": "kb:ViaFerrata",
      "@type": [
        "SportsTheme"
      ],
      "rdfs:label": {
        "de": [
          "Klettersteig"
        ],
        "pt": [
          "Via ferrata"
        ],
        "en": [
          "Via ferrata"
        ],
        "it": [
          "Via ferrata"
        ],
        "fr": [
          "Via ferrata"
        ],
        "nl": [
          "Via ferrata"
        ],
        "es": [
          "Vía ferrata"
        ]
      }
    },
    {
      "@id": "kb:Wintersports",
      "@type": [
        "SportsTheme"
      ],
      "rdfs:label": {
        "de": [
          "Wintersport"
        ],
        "pt": [
          "Desportos de inverno"
        ],
        "en": [
          "Winter sports"
        ],
        "it": [
          "Sport invernali"
        ],
        "fr": [
          "Sports d'hiver"
        ],
        "nl": [
          "Wintersport"
        ],
        "es": [
          "Deportes de invierno"
        ]
      }
    }
  ],
  "hasTranslatedProperty": [
    {
      "@id": "https://data.datatourisme.fr/0e6f2fd4-4e35-34ba-9d06-eb878fb7dfba",
      "dc:contributor": [
        "https://api.deepl.com/v2/translate"
      ],
      "rdf:language": [
        "es"
      ],
      "rdf:predicate": [
        {
          "@id": "rdfs:comment"
        }
      ]
    },
    {
      "@id": "https://data.datatourisme.fr/c6482cc5-4521-35d9-9e8a-599ef7863828",
      "dc:contributor": [
        "https://api.deepl.com/v2/translate"
      ],
      "rdf:language": [
        "de"
      ],
      "rdf:predicate": [
        {
          "@id": "rdfs:comment"
        }
      ]
    },
    {
      "@id": "https://data.datatourisme.fr/ffc269ec-300f-3151-ae45-e2ba5b803359",
      "dc:contributor": [
        "https://api.deepl.com/v2/translate"
      ],
      "rdf:language": [
        "it"
      ],
      "rdf:predicate": [
        {
          "@id": "rdfs:comment"
        }
      ]
    }
  ],
  "isLocatedAt": [
    {
      "@id": "https://data.datatourisme.fr/d37b61da-ae49-3763-a2d5-0d861e3662ae",
      "schema:address": [
        {
          "@id": "https://data.datatourisme.fr/7f9c1d2d-d558-3a3e-91ba-408b86e3506d",
          "schema:addressLocality": "Arâches-la-Frasse",
          "schema:postalCode": "74300",
          "schema:streetAddress": [
            "2, Place de l'Ambiance"
          ],
          "@type": [
            "schema:PostalAddress",
            "PostalAddress"
          ],
          "hasAddressCity": {
            "@id": "kb:74014",
            "@type": [
              "City"
            ],
            "rdfs:label": {
              "de": [
                "Arâches-la-Frasse"
              ],
              "pt": [
                "Arâches-la-Frasse"
              ],
              "en": [
                "Arâches-la-Frasse"
              ],
              "it": [
                "Arâches-la-Frasse"
              ],
              "fr": [
                "Arâches-la-Frasse"
              ],
              "nl": [
                "Arâches-la-Frasse"
              ],
              "es": [
                "Arâches-la-Frasse"
              ]
            },
            "insee": "74014",
            "isPartOfDepartment": {
              "@id": "kb:France8474",
              "@type": [
                "Department"
              ],
              "rdfs:label": {
                "de": [
                  "Haute-Savoie"
                ],
                "pt": [
                  "Haute-Savoie"
                ],
                "en": [
                  "Haute-Savoie"
                ],
                "it": [
                  "Haute-Savoie"
                ],
                "fr": [
                  "Haute-Savoie"
                ],
                "nl": [
                  "Haute-Savoie"
                ],
                "es": [
                  "Haute-Savoie"
                ]
              },
              "insee": "74",
              "isPartOfRegion": {
                "@id": "kb:France84",
                "@type": [
                  "Region"
                ],
                "rdfs:label": {
                  "de": [
                    "Auvergne-Rhône-Alpes"
                  ],
                  "pt": [
                    "Auvergne-Rhône-Alpes"
                  ],
                  "en": [
                    "Auvergne-Rhône-Alpes"
                  ],
                  "it": [
                    "Auvergne-Rhône-Alpes"
                  ],
                  "fr": [
                    "Auvergne-Rhône-Alpes"
                  ],
                  "nl": [
                    "Auvergne-Rhône-Alpes"
                  ],
                  "es": [
                    "Auvergne-Rhône-Alpes"
                  ]
                },
                "insee": "84",
                "isPartOfCountry": {
                  "@id": "kb:France",
                  "@type": [
                    "schema:Country"
                  ],
                  "rdfs:label": {
                    "de": [
                      "France",
                      "Frankreich"
                    ],
                    "pt": [
                      "França",
                      "France"
                    ],
                    "en": [
                      "France"
                    ],
                    "it": [
                      "France",
                      "Francia"
                    ],
                    "fr": [
                      "France"
                    ],
                    "nl": [
                      "France",
                      "Frankrijk"
                    ],
                    "es": [
                      "France",
                      "Francia"
                    ]
                  }
                }
              }
            }
          }
        }
      ],
      "schema:geo": {
        "@id": "https://data.datatourisme.fr/c053839e-b3db-33f6-a47a-0f24db2046a2",
        "schema:elevation": "1116",
        "schema:latitude": "46.025886",
        "schema:longitude": "6.638159",
        "@type": [
          "schema:GeoCoordinates"
        ]
      },
      "schema:openingHoursSpecification": [
        {
          "@id": "https://data.datatourisme.fr/78bda839-bba6-3efa-8b3b-8c74192a5c37",
          "schema:validFrom": "2023-07-01T00:00:00",
          "schema:validThrough": "2023-08-28T23:59:59",
          "@type": [
            "schema:OpeningHoursSpecification"
          ]
        },
        {
          "@id": "https://data.datatourisme.fr/a3578072-c939-35ed-abb4-a716bf097b55",
          "schema:closes": "19:30:00",
          "schema:opens": "17:00:00",
          "schema:validFrom": "2023-08-29T00:00:00",
          "schema:validThrough": "2023-09-11T23:59:59",
          "@type": [
            "schema:OpeningHoursSpecification"
          ]
        },
        {
          "@id": "https://data.datatourisme.fr/e59b4005-729f-3ed8-baa7-98f8f420435f",
          "schema:validFrom": "2023-12-18T00:00:00",
          "schema:validThrough": "2023-04-17T23:59:59",
          "@type": [
            "schema:OpeningHoursSpecification"
          ]
        }
      ],
      "@type": [
        "schema:Place",
        "Place"
      ]
    }
  ],
  "isOwnedBy": [
    {
      "@id": "https://data.datatourisme.fr/e7c2cb24-1529-39c4-a468-6adf981d37c9",
      "schema:email": [
        "melanie@lescarroz.com",
        "tracy@lescarroz.com"
      ],
      "schema:legalName": "Office de Tourisme Les Carroz d'Arâches",
      "@type": [
        "schema:Organization",
        "foaf:Agent",
        "Agent"
      ],
      "foaf:homepage": [
        "https://www.lescarroz.com/"
      ]
    }
  ],
  "lastUpdate": "2023-04-24",
  "lastUpdateDatatourisme": "2023-04-25T05:43:15.415Z"
}