{
  "@id": "https://data.datatourisme.fr/13/0071bc5d-0bd0-3625-bfb6-65757c7d6a54",
  "dc:identifier": "556411",
  "@type": [
    "Church",
    "CulturalSite",
    "PlaceOfInterest",
    "PointOfInterest",
    "ReligiousSite"
  ],
  "rdfs:comment": {
    "de": [
      "Gebäude der frühen romanischen Kunst. Der am besten erhaltene Teil ist das Herz, das ein Querschiff und drei halbkreisförmige Apsiden umfasst."
    ],
    "en": [
      "Building of first Romanesque art. The best preserved part remains the heart which includes a transept and 3 semicircular apses."
    ],
    "it": [
      "L'edificio è in stile romanico antico. La parte meglio conservata è il cuore, che comprende un transetto e tre absidi semicircolari."
    ],
    "fr": [
      "Edifice de premier art roman. La partie mieux conservée reste le cœur qui comprend un transept et 3 absides semi-circulaires."
    ],
    "nl": [
      "Vroeg-Romaans gebouw. Het best bewaarde deel is het hart, dat een dwarsschip en drie halfronde apsissen omvat."
    ],
    "es": [
      "El edificio es de estilo románico temprano. La parte mejor conservada es el corazón, que incluye un crucero y tres ábsides semicirculares."
    ]
  },
  "rdfs:label": {
    "fr": [
      "Eglise Notre-Dame"
    ]
  },
  "hasBeenCreatedBy": {
    "@id": "https://data.datatourisme.fr/13/17e62166-fc85-36df-a4d1-bc0e1742c08b",
    "dc:identifier": "43",
    "schema:email": [
      "cboivin@paysforetdesaou.com",
      "clemence.otvaldedrome@gmail.com",
      "levy.otvaldedrome@gmail.com",
      "otvaldedrome@gmail.com"
    ],
    "schema:legalName": "Office de Tourisme du Val de Drôme",
    "@type": [
      "schema:Organization",
      "foaf:Agent",
      "Agent"
    ],
    "foaf:homepage": [
      "https://valleedeladrome-tourisme.com/"
    ]
  },
  "hasBeenPublishedBy": [
    {
      "@id": "https://data.datatourisme.fr/d48f2ccd-2357-3a8e-b949-cb8bf19a361f",
      "schema:legalName": "Agence d'Attractivité de la Drôme - source : Apidae Tourisme",
      "@type": [
        "schema:Organization",
        "foaf:Agent",
        "Agent"
      ],
      "foaf:homepage": [
        "https://www.apidae-tourisme.com/"
      ]
    }
  ],
  "hasContact": [
    {
      "@id": "https://data.datatourisme.fr/619009ce-a688-319d-8494-85aaba3b9795",
      "schema:telephone": [
        "+33 4 75 76 42 20"
      ],
      "@type": [
        "foaf:Agent",
        "Agent"
      ]
    }
  ],
  "hasDescription": [
    {
      "@id": "https://data.datatourisme.fr/e9c64db9-46ef-3365-bad4-5b2865a10d99",
      "@type": [
        "Description"
      ],
      "hasTranslatedProperty": [
        {
          "@id": "https://data.datatourisme.fr/5eb84b32-c66f-3dba-812e-5a39aadd20a9",
          "dc:contributor": [
            "https://api.deepl.com/v2/translate"
          ],
          "rdf:language": [
            "it"
          ],
          "rdf:predicate": [
            "shortDescription"
          ]
        },
        {
          "@id": "https://data.datatourisme.fr/74b068b3-c219-39a8-ba49-fdaaa2ee37f0",
          "dc:contributor": [
            "https://api.deepl.com/v2/translate"
          ],
          "rdf:language": [
            "es"
          ],
          "rdf:predicate": [
            "shortDescription"
          ]
        },
        {
          "@id": "https://data.datatourisme.fr/85504297-7dfc-398f-b164-7bc755b82852",
          "dc:contributor": [
            "https://api.deepl.com/v2/translate"
          ],
          "rdf:language": [
            "en"
          ],
          "rdf:predicate": [
            "shortDescription"
          ]
        },
        {
          "@id": "https://data.datatourisme.fr/eb4b4f22-11cd-3495-8ad0-43bd0169b343",
          "dc:contributor": [
            "https://api.deepl.com/v2/translate"
          ],
          "rdf:language": [
            "nl"
          ],
          "rdf:predicate": [
            "shortDescription"
          ]
        },
        {
          "@id": "https://data.datatourisme.fr/f0f00cd8-a6fd-3cec-9482-ee151a98e437",
          "dc:contributor": [
            "https://api.deepl.com/v2/translate"
          ],
          "rdf:language": [
            "de"
          ],
          "rdf:predicate": [
            "shortDescription"
          ]
        }
      ],
      "shortDescription": {
        "de": [
          "Gebäude der frühen romanischen Kunst. Der am besten erhaltene Teil ist das Herz, das ein Querschiff und drei halbkreisförmige Apsiden umfasst."
        ],
        "en": [
          "Building of first Romanesque art. The best preserved part remains the heart which includes a transept and 3 semicircular apses."
        ],
        "it": [
          "L'edificio è in stile romanico antico. La parte meglio conservata è il cuore, che comprende un transetto e tre absidi semicircolari."
        ],
        "fr": [
          "Edifice de premier art roman. La partie mieux conservée reste le cœur qui comprend un transept et 3 absides semi-circulaires."
        ],
        "nl": [
          "Vroeg-Romaans gebouw. Het best bewaarde deel is het hart, dat een dwarsschip en drie halfronde apsissen omvat."
        ],
        "es": [
          "El edificio es de estilo románico temprano. La parte mejor conservada es el corazón, que incluye un crucero y tres ábsides semicirculares."
        ]
      }
    }
  ],
  "hasTheme": [
    {
      "@id": "kb:Culture",
      "@type": [
        "CulturalTheme"
      ],
      "rdfs:label": {
        "de": [
          "Kultur"
        ],
        "pt": [
          "Cultura"
        ],
        "en": [
          "Culture"
        ],
        "it": [
          "Cultura"
        ],
        "fr": [
          "Culture"
        ],
        "nl": [
          "Cultuur"
        ],
        "es": [
          "Cultura"
        ]
      }
    }
  ],
  "hasTranslatedProperty": [
    {
      "@id": "https://data.datatourisme.fr/071bdb6a-5781-3cba-8871-488d720caf09",
      "dc:contributor": [
        "https://api.deepl.com/v2/translate"
      ],
      "rdf:language": [
        "de"
      ],
      "rdf:predicate": [
        {
          "@id": "rdfs:comment"
        }
      ]
    },
    {
      "@id": "https://data.datatourisme.fr/2f0997e3-34dc-33b2-bae3-0846d537231c",
      "dc:contributor": [
        "https://api.deepl.com/v2/translate"
      ],
      "rdf:language": [
        "es"
      ],
      "rdf:predicate": [
        {
          "@id": "rdfs:comment"
        }
      ]
    },
    {
      "@id": "https://data.datatourisme.fr/dafa52ce-0891-37ef-ad4e-5d477353c608",
      "dc:contributor": [
        "https://api.deepl.com/v2/translate"
      ],
      "rdf:language": [
        "it"
      ],
      "rdf:predicate": [
        {
          "@id": "rdfs:comment"
        }
      ]
    },
    {
      "@id": "https://data.datatourisme.fr/e21d8d19-8a6c-3830-842a-3ac6b69625ab",
      "dc:contributor": [
        "https://api.deepl.com/v2/translate"
      ],
      "rdf:language": [
        "nl"
      ],
      "rdf:predicate": [
        {
          "@id": "rdfs:comment"
        }
      ]
    },
    {
      "@id": "https://data.datatourisme.fr/fcd1bd20-bea5-3d1b-8e60-6bffddf229a5",
      "dc:contributor": [
        "https://api.deepl.com/v2/translate"
      ],
      "rdf:language": [
        "en"
      ],
      "rdf:predicate": [
        {
          "@id": "rdfs:comment"
        }
      ]
    }
  ],
  "isLocatedAt": [
    {
      "@id": "https://data.datatourisme.fr/b4e614ad-c60e-3a96-b6e6-6d27a059c535",
      "schema:address": [
        {
          "@id": "https://data.datatourisme.fr/054d58f7-72aa-3129-9001-e57cee9bf0cf",
          "schema:addressLocality": "Plan-de-Baix",
          "schema:postalCode": "26400",
          "@type": [
            "schema:PostalAddress",
            "PostalAddress"
          ],
          "hasAddressCity": {
            "@id": "kb:26240",
            "@type": [
              "City"
            ],
            "rdfs:label": {
              "de": [
                "Plan-de-Baix"
              ],
              "pt": [
                "Plan-de-Baix"
              ],
              "en": [
                "Plan-de-Baix"
              ],
              "it": [
                "Plan-de-Baix"
              ],
              "fr": [
                "Plan-de-Baix"
              ],
              "nl": [
                "Plan-de-Baix"
              ],
              "es": [
                "Plan-de-Baix"
              ]
            },
            "insee": "26240",
            "isPartOfDepartment": {
              "@id": "kb:France8426",
              "@type": [
                "Department"
              ],
              "rdfs:label": {
                "de": [
                  "Drôme"
                ],
                "pt": [
                  "Drôme"
                ],
                "en": [
                  "Drôme"
                ],
                "it": [
                  "Drôme"
                ],
                "fr": [
                  "Drôme"
                ],
                "nl": [
                  "Drôme"
                ],
                "es": [
                  "Drôme"
                ]
              },
              "insee": "26",
              "isPartOfRegion": {
                "@id": "kb:France84",
                "@type": [
                  "Region"
                ],
                "rdfs:label": {
                  "de": [
                    "Auvergne-Rhône-Alpes"
                  ],
                  "pt": [
                    "Auvergne-Rhône-Alpes"
                  ],
                  "en": [
                    "Auvergne-Rhône-Alpes"
                  ],
                  "it": [
                    "Auvergne-Rhône-Alpes"
                  ],
                  "fr": [
                    "Auvergne-Rhône-Alpes"
                  ],
                  "nl": [
                    "Auvergne-Rhône-Alpes"
                  ],
                  "es": [
                    "Auvergne-Rhône-Alpes"
                  ]
                },
                "insee": "84",
                "isPartOfCountry": {
                  "@id": "kb:France",
                  "@type": [
                    "schema:Country"
                  ],
                  "rdfs:label": {
                    "de": [
                      "France",
                      "Frankreich"
                    ],
                    "pt": [
                      "França",
                      "France"
                    ],
                    "en": [
                      "France"
                    ],
                    "it": [
                      "France",
                      "Francia"
                    ],
                    "fr": [
                      "France"
                    ],
                    "nl": [
                      "France",
                      "Frankrijk"
                    ],
                    "es": [
                      "France",
                      "Francia"
                    ]
                  }
                }
              }
            }
          }
        }
      ],
      "schema:geo": {
        "@id": "https://data.datatourisme.fr/73f16657-9d20-3e2e-820e-33423aa8821e",
        "schema:latitude": "44.813058",
        "schema:longitude": "5.165253",
        "@type": [
          "schema:GeoCoordinates"
        ]
      },
      "schema:openingHoursSpecification": [
        {
          "@id": "https://data.datatourisme.fr/744026a0-bcbe-3398-adf3-59dab7f3b6d6",
          "schema:validFrom": "2023-01-01T00:00:00",
          "schema:validThrough": "2023-12-31T23:59:59",
          "@type": [
            "schema:OpeningHoursSpecification"
          ],
          "additionalInformation": {
            "de": [
              "Besuch auf RDV"
            ],
            "en": [
              "Visit by appointment"
            ],
            "it": [
              "Visita su appuntamento"
            ],
            "fr": [
              "Visite sur RDV"
            ],
            "es": [
              "Visita con cita previa"
            ],
            "nl": [
              "Bezoek op afspraak"
            ]
          },
          "hasTranslatedProperty": [
            {
              "@id": "https://data.datatourisme.fr/13b38d53-9c99-3f3c-977c-0a32fcf1c75b",
              "dc:contributor": [
                "https://api.deepl.com/v2/translate"
              ],
              "rdf:language": [
                "en"
              ],
              "rdf:predicate": [
                "additionalInformation"
              ]
            },
            {
              "@id": "https://data.datatourisme.fr/1b47b56f-8c9e-30fd-8fe3-406150f27fec",
              "dc:contributor": [
                "https://api.deepl.com/v2/translate"
              ],
              "rdf:language": [
                "nl"
              ],
              "rdf:predicate": [
                "additionalInformation"
              ]
            },
            {
              "@id": "https://data.datatourisme.fr/8c7985c2-46ec-3390-88e0-12ed4edb1340",
              "dc:contributor": [
                "https://api.deepl.com/v2/translate"
              ],
              "rdf:language": [
                "de"
              ],
              "rdf:predicate": [
                "additionalInformation"
              ]
            },
            {
              "@id": "https://data.datatourisme.fr/ca1674c3-8a7a-3ae6-b715-e6c408262957",
              "dc:contributor": [
                "https://api.deepl.com/v2/translate"
              ],
              "rdf:language": [
                "it"
              ],
              "rdf:predicate": [
                "additionalInformation"
              ]
            },
            {
              "@id": "https://data.datatourisme.fr/ef84c723-e8fc-310a-9450-2dae9a01db80",
              "dc:contributor": [
                "https://api.deepl.com/v2/translate"
              ],
              "rdf:language": [
                "es"
              ],
              "rdf:predicate": [
                "additionalInformation"
              ]
            }
          ]
        }
      ],
      "@type": [
        "schema:Place",
        "Place"
      ]
    }
  ],
  "isOwnedBy": [
    {
      "@id": "https://data.datatourisme.fr/c3e1cf28-173c-3995-8351-7cd08502083c",
      "schema:email": [
        "cboivin@paysforetdesaou.com",
        "clemence.otvaldedrome@gmail.com",
        "otvaldedrome@gmail.com"
      ],
      "schema:legalName": "Office de Tourisme du Val de Drôme",
      "@type": [
        "schema:Organization",
        "foaf:Agent",
        "Agent"
      ],
      "foaf:homepage": [
        "https://valleedeladrome-tourisme.com/"
      ]
    }
  ],
  "lastUpdate": "2017-11-17",
  "lastUpdateDatatourisme": "2023-06-04T05:40:16.09Z"
}