{
  "@id": "https://data.datatourisme.fr/13/00d19cba-cdfe-3cba-94b2-7987f05f4f41",
  "dc:identifier": "612878",
  "@type": [
    "schema:LocalBusiness",
    "ActivityProvider",
    "PlaceOfInterest",
    "PointOfInterest",
    "Store"
  ],
  "rdfs:comment": {
    "de": [
      "Entdecken Sie die Freuden des Reitsports, mitten in der Natur. Für Groß und Klein, im Unterricht oder bei einem Ausritt."
    ],
    "en": [
      "Come and discover the joys of equestrian activities in the heart of nature. For young and old, in lessons or on rides."
    ],
    "it": [
      "Venite a scoprire le gioie dell'equitazione nel cuore della natura. Per grandi e piccini, con lezioni o passeggiate."
    ],
    "fr": [
      "Venez découvrir les joies des activités équestres, en pleine nature. Pour petits et grands, en cours ou en balade."
    ],
    "es": [
      "Venga a descubrir las alegrías de las actividades ecuestres, en plena naturaleza. Para grandes y pequeños, en clases o a caballo."
    ],
    "nl": [
      "Kom de geneugten van het paardrijden ontdekken, midden in de natuur. Voor jong en oud, in lessen of tijdens ritten."
    ]
  },
  "rdfs:label": {
    "en": [
      "Le Sabot du Verdon"
    ],
    "it": [
      "Le Sabot du Verdon"
    ],
    "fr": [
      "Le Sabot du Verdon"
    ]
  },
  "hasBeenCreatedBy": {
    "@id": "https://data.datatourisme.fr/13/288cc0ff-0228-37bd-bdf9-4bc9360b9c5d",
    "dc:identifier": "769",
    "schema:email": [
      "audrey.blache@verdontourisme.com",
      "direction@verdontourisme.com",
      "g.sainneville@pm.me",
      "marie.tapiau@verdontourisme.com",
      "nathalie.mistral@verdontourisme.com",
      "pascale.barneaud@verdontourisme.com",
      "webmaster@verdontourisme.com"
    ],
    "schema:legalName": "Verdon Tourisme",
    "@type": [
      "schema:Organization",
      "foaf:Agent",
      "Agent"
    ],
    "foaf:homepage": [
      "http://www.verdontourisme.com/"
    ]
  },
  "hasBeenPublishedBy": [
    {
      "@id": "https://data.datatourisme.fr/8a9feb4b-2cbd-3d2c-b507-bd6c6776b23b",
      "schema:legalName": "Apidae Tourisme Scic SA - source : Apidae Tourisme",
      "@type": [
        "schema:Organization",
        "foaf:Agent",
        "Agent"
      ],
      "foaf:homepage": [
        "https://www.apidae-tourisme.com/"
      ]
    }
  ],
  "hasContact": [
    {
      "@id": "https://data.datatourisme.fr/fcf91d16-3a4c-3b49-b475-33b0110c55b5",
      "schema:email": [
        "oriane.devathaire@free.fr"
      ],
      "schema:telephone": [
        "+33 6 87 09 55 98"
      ],
      "@type": [
        "foaf:Agent",
        "Agent"
      ],
      "foaf:homepage": [
        "https://www.le-sabot-du-verdon.fr/"
      ]
    }
  ],
  "hasDescription": [
    {
      "@id": "https://data.datatourisme.fr/2d210aa8-d45a-3a96-a38e-faf55626ef5c",
      "@type": [
        "Description"
      ],
      "hasTranslatedProperty": [
        {
          "@id": "https://data.datatourisme.fr/417407e3-61c4-31a8-a091-6059a60e80c2",
          "dc:contributor": [
            "https://api.deepl.com/v2/translate"
          ],
          "rdf:language": [
            "de"
          ],
          "rdf:predicate": [
            "shortDescription"
          ]
        },
        {
          "@id": "https://data.datatourisme.fr/a0fd9b32-db32-3d62-a69d-5bc17b341b09",
          "dc:contributor": [
            "https://api.deepl.com/v2/translate"
          ],
          "rdf:language": [
            "es"
          ],
          "rdf:predicate": [
            "shortDescription"
          ]
        },
        {
          "@id": "https://data.datatourisme.fr/ed15c7c3-5855-3015-bc52-490e9a5b97f2",
          "dc:contributor": [
            "https://api.deepl.com/v2/translate"
          ],
          "rdf:language": [
            "nl"
          ],
          "rdf:predicate": [
            "shortDescription"
          ]
        }
      ],
      "shortDescription": {
        "de": [
          "Entdecken Sie die Freuden des Reitsports, mitten in der Natur. Für Groß und Klein, im Unterricht oder bei einem Ausritt."
        ],
        "en": [
          "Come and discover the joys of equestrian activities in the heart of nature. For young and old, in lessons or on rides."
        ],
        "it": [
          "Venite a scoprire le gioie dell'equitazione nel cuore della natura. Per grandi e piccini, con lezioni o passeggiate."
        ],
        "fr": [
          "Venez découvrir les joies des activités équestres, en pleine nature. Pour petits et grands, en cours ou en balade."
        ],
        "es": [
          "Venga a descubrir las alegrías de las actividades ecuestres, en plena naturaleza. Para grandes y pequeños, en clases o a caballo."
        ],
        "nl": [
          "Kom de geneugten van het paardrijden ontdekken, midden in de natuur. Voor jong en oud, in lessen of tijdens ritten."
        ]
      }
    }
  ],
  "hasTheme": [
    {
      "@id": "kb:PonyRide",
      "@type": [
        "SportsTheme"
      ],
      "rdfs:label": {
        "de": [
          "Ponyreiten"
        ],
        "pt": [
          "Passeio de pónei"
        ],
        "en": [
          "Pony ride"
        ],
        "it": [
          "Giro in pony"
        ],
        "fr": [
          "Balade à poney"
        ],
        "nl": [
          "Ponyrit"
        ],
        "es": [
          "Paseo en poni"
        ]
      }
    },
    {
      "@id": "kb:Riding",
      "@type": [
        "SportsTheme"
      ],
      "rdfs:label": {
        "de": [
          "Reiten"
        ],
        "pt": [
          "Equitação"
        ],
        "en": [
          "Riding"
        ],
        "it": [
          "Equitazione"
        ],
        "fr": [
          "Equitation"
        ],
        "nl": [
          "Paardrijden"
        ],
        "es": [
          "Equitación"
        ]
      }
    }
  ],
  "hasTranslatedProperty": [
    {
      "@id": "https://data.datatourisme.fr/8827af85-76a3-3d5a-be73-9ccdc958b6f6",
      "dc:contributor": [
        "https://api.deepl.com/v2/translate"
      ],
      "rdf:language": [
        "es"
      ],
      "rdf:predicate": [
        {
          "@id": "rdfs:comment"
        }
      ]
    },
    {
      "@id": "https://data.datatourisme.fr/da9d6e5f-5ece-3988-95b1-78b8c7808e3c",
      "dc:contributor": [
        "https://api.deepl.com/v2/translate"
      ],
      "rdf:language": [
        "nl"
      ],
      "rdf:predicate": [
        {
          "@id": "rdfs:comment"
        }
      ]
    },
    {
      "@id": "https://data.datatourisme.fr/fe89ce03-3294-38e3-abcd-3aad0869562f",
      "dc:contributor": [
        "https://api.deepl.com/v2/translate"
      ],
      "rdf:language": [
        "de"
      ],
      "rdf:predicate": [
        {
          "@id": "rdfs:comment"
        }
      ]
    }
  ],
  "isLocatedAt": [
    {
      "@id": "https://data.datatourisme.fr/14ce97d7-f7e8-3858-b47f-07c2171f1799",
      "schema:address": [
        {
          "@id": "https://data.datatourisme.fr/09d94bcb-a7c3-316a-b43d-d556f0e04403",
          "schema:addressLocality": "Thorame-Haute",
          "schema:postalCode": "04170",
          "schema:streetAddress": [
            "Plan du Verdon",
            "Route de St André-Les-Alpes"
          ],
          "@type": [
            "schema:PostalAddress",
            "PostalAddress"
          ],
          "hasAddressCity": {
            "@id": "kb:04219",
            "@type": [
              "City"
            ],
            "rdfs:label": {
              "de": [
                "Thorame-Haute"
              ],
              "pt": [
                "Thorame-Haute"
              ],
              "en": [
                "Thorame-Haute"
              ],
              "it": [
                "Thorame-Haute"
              ],
              "fr": [
                "Thorame-Haute"
              ],
              "nl": [
                "Thorame-Haute"
              ],
              "es": [
                "Thorame-Haute"
              ]
            },
            "insee": "04219",
            "isPartOfDepartment": {
              "@id": "kb:France9304",
              "@type": [
                "Department"
              ],
              "rdfs:label": {
                "de": [
                  "Alpes-de-Haute-Provence"
                ],
                "pt": [
                  "Alpes-de-Haute-Provence"
                ],
                "en": [
                  "Alpes-de-Haute-Provence"
                ],
                "it": [
                  "Alpes-de-Haute-Provence"
                ],
                "fr": [
                  "Alpes-de-Haute-Provence"
                ],
                "nl": [
                  "Alpes-de-Haute-Provence"
                ],
                "es": [
                  "Alpes-de-Haute-Provence"
                ]
              },
              "insee": "04",
              "isPartOfRegion": {
                "@id": "kb:France93",
                "@type": [
                  "Region"
                ],
                "rdfs:label": {
                  "de": [
                    "Provence-Alpes-Côte d'Azur"
                  ],
                  "pt": [
                    "Provence-Alpes-Côte d'Azur"
                  ],
                  "en": [
                    "Provence-Alpes-Côte d'Azur"
                  ],
                  "it": [
                    "Provence-Alpes-Côte d'Azur"
                  ],
                  "fr": [
                    "Provence-Alpes-Côte d'Azur"
                  ],
                  "nl": [
                    "Provence-Alpes-Côte d'Azur"
                  ],
                  "es": [
                    "Provence-Alpes-Côte d'Azur"
                  ]
                },
                "insee": "93",
                "isPartOfCountry": {
                  "@id": "kb:France",
                  "@type": [
                    "schema:Country"
                  ],
                  "rdfs:label": {
                    "de": [
                      "France",
                      "Frankreich"
                    ],
                    "pt": [
                      "França",
                      "France"
                    ],
                    "en": [
                      "France"
                    ],
                    "it": [
                      "France",
                      "Francia"
                    ],
                    "fr": [
                      "France"
                    ],
                    "nl": [
                      "France",
                      "Frankrijk"
                    ],
                    "es": [
                      "France",
                      "Francia"
                    ]
                  }
                }
              }
            }
          }
        }
      ],
      "schema:geo": {
        "@id": "https://data.datatourisme.fr/62f42018-dd8b-3e9c-afd0-6d8c486d60b1",
        "schema:latitude": "44.083398",
        "schema:longitude": "6.564613",
        "@type": [
          "schema:GeoCoordinates"
        ]
      },
      "schema:openingHoursSpecification": [
        {
          "@id": "https://data.datatourisme.fr/43a4c340-3ee5-3bb2-aa9f-f8a9a5190ada",
          "schema:closes": "18:00:00",
          "schema:opens": "09:00:00",
          "schema:validFrom": "2023-07-08T00:00:00",
          "schema:validThrough": "2023-09-03T23:59:59",
          "@type": [
            "schema:OpeningHoursSpecification"
          ]
        },
        {
          "@id": "https://data.datatourisme.fr/6842a786-553b-3879-adaa-1bcd161f2561",
          "schema:closes": "18:00:00",
          "schema:opens": "09:00:00",
          "schema:validFrom": "2023-10-21T00:00:00",
          "schema:validThrough": "2023-11-05T23:59:59",
          "@type": [
            "schema:OpeningHoursSpecification"
          ]
        },
        {
          "@id": "https://data.datatourisme.fr/ad24573f-710c-3b35-8f8e-626d73a9755b",
          "schema:closes": "18:00:00",
          "schema:opens": "09:00:00",
          "schema:validFrom": "2023-09-04T00:00:00",
          "schema:validThrough": "2023-10-20T23:59:59",
          "@type": [
            "schema:OpeningHoursSpecification"
          ]
        },
        {
          "@id": "https://data.datatourisme.fr/d573673c-ca28-3a99-8130-a9a909990a8c",
          "schema:closes": "18:00:00",
          "schema:opens": "09:00:00",
          "schema:validFrom": "2023-05-19T00:00:00",
          "schema:validThrough": "2023-07-07T23:59:59",
          "@type": [
            "schema:OpeningHoursSpecification"
          ]
        },
        {
          "@id": "https://data.datatourisme.fr/f39156d8-c4d5-3705-8246-cfdf6fa3fa99",
          "schema:closes": "18:00:00",
          "schema:opens": "09:00:00",
          "schema:validFrom": "2023-11-06T00:00:00",
          "schema:validThrough": "2023-12-22T23:59:59",
          "@type": [
            "schema:OpeningHoursSpecification"
          ]
        }
      ],
      "@type": [
        "schema:Place",
        "Place"
      ]
    }
  ],
  "isOwnedBy": [
    {
      "@id": "https://data.datatourisme.fr/c6661c85-b942-3c29-9a66-318fca3b47d3",
      "schema:email": [
        "audrey.blache@verdontourisme.com",
        "direction@verdontourisme.com",
        "marie.tapiau@verdontourisme.com",
        "pascale.barneaud@verdontourisme.com",
        "webmaster@verdontourisme.com"
      ],
      "schema:legalName": "Verdon Tourisme",
      "@type": [
        "schema:Organization",
        "foaf:Agent",
        "Agent"
      ],
      "foaf:homepage": [
        "http://www.verdontourisme.com/"
      ]
    }
  ],
  "lastUpdate": "2023-06-02",
  "lastUpdateDatatourisme": "2023-06-03T05:42:26.027Z"
}