{
  "@id": "https://data.datatourisme.fr/13/0073ea52-f2ec-3056-acf3-472b32162b81",
  "dc:identifier": "6108896",
  "@type": [
    "PlaceOfInterest",
    "PointOfInterest",
    "SportsAndLeisurePlace"
  ],
  "rdfs:comment": {
    "de": [
      "FLY ON MARS wurde entwickelt, um Ihnen ein absolut einzigartiges Erlebnis zu bieten\r\nmit dem Hubschrauber über die schönsten Orte der Provence zu fliegen und dabei in direktem Kontakt mit den Elementen zu stehen."
    ],
    "en": [
      "FLY ON MARS has been designed to give you an absolutely unique experience:\r\nfly by helicopter, over the most beautiful sites in Provence, in direct contact with the elements."
    ],
    "it": [
      "FLY ON MARS è stato progettato per offrire un'esperienza assolutamente unica\r\nvolare in elicottero, sopra i siti più belli della Provenza, a diretto contatto con gli elementi."
    ],
    "fr": [
      "FLY ON MARS a été conçue pour vous faire vivre une expérience absolument unique : \r\nvoler en hélicoptère, au-dessus des plus beaux sites de Provence, en contact direct avec les éléments."
    ],
    "nl": [
      "FLY ON MARS is ontworpen om je een absoluut unieke ervaring te geven\r\nvliegen in een helikopter, boven de mooiste plekjes van de Provence, in direct contact met de elementen."
    ],
    "es": [
      "FLY ON MARS ha sido diseñado para ofrecerle una experiencia absolutamente única\r\nvolar en helicóptero, por encima de los lugares más bellos de la Provenza, en contacto directo con los elementos."
    ]
  },
  "rdfs:label": {
    "fr": [
      "Fly on mars"
    ]
  },
  "hasBeenCreatedBy": {
    "@id": "https://data.datatourisme.fr/13/a19acd7d-2689-307f-9047-f8cb01357370",
    "dc:identifier": "1867",
    "schema:email": [
      "evenementiel@ville-lecastellet.fr",
      "tourisme@ville-lecastellet.fr"
    ],
    "schema:legalName": "Espace touristique Gabriel Tambon Le Castellet",
    "@type": [
      "schema:Organization",
      "foaf:Agent",
      "Agent"
    ],
    "foaf:homepage": [
      "https://www.lecastellet.fr/"
    ]
  },
  "hasBeenPublishedBy": [
    {
      "@id": "https://data.datatourisme.fr/8a9feb4b-2cbd-3d2c-b507-bd6c6776b23b",
      "schema:legalName": "Apidae Tourisme Scic SA - source : Apidae Tourisme",
      "@type": [
        "schema:Organization",
        "foaf:Agent",
        "Agent"
      ],
      "foaf:homepage": [
        "https://www.apidae-tourisme.com/"
      ]
    }
  ],
  "hasContact": [
    {
      "@id": "https://data.datatourisme.fr/4c3eeb2d-a8b8-30b1-af52-728190d3e46a",
      "schema:email": [
        "roland@flyonmars.com"
      ],
      "schema:telephone": [
        "+33 4 91 44 18 87",
        "+33 6 18 64 49 61"
      ],
      "@type": [
        "foaf:Agent",
        "Agent"
      ],
      "foaf:homepage": [
        "https://www.flyonmars.com/"
      ]
    }
  ],
  "hasDescription": [
    {
      "@id": "https://data.datatourisme.fr/3596e139-83e0-31ff-8626-67cdd1f1a545",
      "@type": [
        "Description"
      ],
      "hasTranslatedProperty": [
        {
          "@id": "https://data.datatourisme.fr/8f98047f-6c53-3a93-b413-fa5b22b44e6a",
          "dc:contributor": [
            "https://api.deepl.com/v2/translate"
          ],
          "rdf:language": [
            "de"
          ],
          "rdf:predicate": [
            "shortDescription"
          ]
        },
        {
          "@id": "https://data.datatourisme.fr/935e8182-1287-384d-ae29-ccc6f1e11fdc",
          "dc:contributor": [
            "https://api.deepl.com/v2/translate"
          ],
          "rdf:language": [
            "nl"
          ],
          "rdf:predicate": [
            "shortDescription"
          ]
        },
        {
          "@id": "https://data.datatourisme.fr/a9c19b94-3e14-3b49-bbd4-3eaa4a664bf2",
          "dc:contributor": [
            "https://api.deepl.com/v2/translate"
          ],
          "rdf:language": [
            "it"
          ],
          "rdf:predicate": [
            "shortDescription"
          ]
        },
        {
          "@id": "https://data.datatourisme.fr/e4ee1060-a521-35aa-b9b5-1c890624d1b6",
          "dc:contributor": [
            "https://api.deepl.com/v2/translate"
          ],
          "rdf:language": [
            "es"
          ],
          "rdf:predicate": [
            "shortDescription"
          ]
        }
      ],
      "shortDescription": {
        "de": [
          "FLY ON MARS wurde entwickelt, um Ihnen ein absolut einzigartiges Erlebnis zu bieten\r\nmit dem Hubschrauber über die schönsten Orte der Provence zu fliegen und dabei in direktem Kontakt mit den Elementen zu stehen."
        ],
        "en": [
          "FLY ON MARS has been designed to give you an absolutely unique experience:\r\nfly by helicopter, over the most beautiful sites in Provence, in direct contact with the elements."
        ],
        "it": [
          "FLY ON MARS è stato progettato per offrire un'esperienza assolutamente unica\r\nvolare in elicottero, sopra i siti più belli della Provenza, a diretto contatto con gli elementi."
        ],
        "fr": [
          "FLY ON MARS a été conçue pour vous faire vivre une expérience absolument unique : \r\nvoler en hélicoptère, au-dessus des plus beaux sites de Provence, en contact direct avec les éléments."
        ],
        "nl": [
          "FLY ON MARS is ontworpen om je een absoluut unieke ervaring te geven\r\nvliegen in een helikopter, boven de mooiste plekjes van de Provence, in direct contact met de elementen."
        ],
        "es": [
          "FLY ON MARS ha sido diseñado para ofrecerle una experiencia absolutamente única\r\nvolar en helicóptero, por encima de los lugares más bellos de la Provenza, en contacto directo con los elementos."
        ]
      }
    }
  ],
  "hasTheme": [
    {
      "@id": "kb:AirSports",
      "@type": [
        "SportsTheme"
      ],
      "rdfs:label": {
        "de": [
          "Luftsport"
        ],
        "pt": [
          "Desporto aéreo"
        ],
        "en": [
          "Air sports"
        ],
        "it": [
          "Sport aereo"
        ],
        "fr": [
          "Sport aérien"
        ],
        "nl": [
          "Luchtsport"
        ],
        "es": [
          "Deporte aéreo"
        ]
      }
    }
  ],
  "hasTranslatedProperty": [
    {
      "@id": "https://data.datatourisme.fr/20cb47f5-c221-3539-8668-97dbec045b9d",
      "dc:contributor": [
        "https://api.deepl.com/v2/translate"
      ],
      "rdf:language": [
        "it"
      ],
      "rdf:predicate": [
        {
          "@id": "rdfs:comment"
        }
      ]
    },
    {
      "@id": "https://data.datatourisme.fr/31d43b04-5bed-3063-861e-0af5066574b9",
      "dc:contributor": [
        "https://api.deepl.com/v2/translate"
      ],
      "rdf:language": [
        "es"
      ],
      "rdf:predicate": [
        {
          "@id": "rdfs:comment"
        }
      ]
    },
    {
      "@id": "https://data.datatourisme.fr/3ad1811b-5ca1-31a8-a171-cf4926912f89",
      "dc:contributor": [
        "https://api.deepl.com/v2/translate"
      ],
      "rdf:language": [
        "de"
      ],
      "rdf:predicate": [
        {
          "@id": "rdfs:comment"
        }
      ]
    },
    {
      "@id": "https://data.datatourisme.fr/86ad56e1-c005-3354-872e-ea57481c1337",
      "dc:contributor": [
        "https://api.deepl.com/v2/translate"
      ],
      "rdf:language": [
        "nl"
      ],
      "rdf:predicate": [
        {
          "@id": "rdfs:comment"
        }
      ]
    }
  ],
  "isLocatedAt": [
    {
      "@id": "https://data.datatourisme.fr/b019826a-edc4-39b1-a570-e9ed8fdece5c",
      "schema:address": [
        {
          "@id": "https://data.datatourisme.fr/cae5e740-d1a2-3170-b747-9ccd0b4d98d9",
          "schema:addressLocality": "Le Castellet",
          "schema:postalCode": "83330",
          "schema:streetAddress": [
            "Aéroport International du Castellet",
            "Le Camp du Castellet"
          ],
          "@type": [
            "schema:PostalAddress",
            "PostalAddress"
          ],
          "hasAddressCity": {
            "@id": "kb:83035",
            "@type": [
              "City"
            ],
            "rdfs:label": {
              "de": [
                "Le Castellet"
              ],
              "pt": [
                "Le Castellet"
              ],
              "en": [
                "Le Castellet"
              ],
              "it": [
                "Le Castellet"
              ],
              "fr": [
                "Le Castellet"
              ],
              "nl": [
                "Le Castellet"
              ],
              "es": [
                "Le Castellet"
              ]
            },
            "insee": "83035",
            "isPartOfDepartment": {
              "@id": "kb:France9383",
              "@type": [
                "Department"
              ],
              "rdfs:label": {
                "de": [
                  "Var"
                ],
                "pt": [
                  "Var"
                ],
                "en": [
                  "Var"
                ],
                "it": [
                  "Var"
                ],
                "fr": [
                  "Var"
                ],
                "nl": [
                  "Var"
                ],
                "es": [
                  "Var"
                ]
              },
              "insee": "83",
              "isPartOfRegion": {
                "@id": "kb:France93",
                "@type": [
                  "Region"
                ],
                "rdfs:label": {
                  "de": [
                    "Provence-Alpes-Côte d'Azur"
                  ],
                  "pt": [
                    "Provence-Alpes-Côte d'Azur"
                  ],
                  "en": [
                    "Provence-Alpes-Côte d'Azur"
                  ],
                  "it": [
                    "Provence-Alpes-Côte d'Azur"
                  ],
                  "fr": [
                    "Provence-Alpes-Côte d'Azur"
                  ],
                  "nl": [
                    "Provence-Alpes-Côte d'Azur"
                  ],
                  "es": [
                    "Provence-Alpes-Côte d'Azur"
                  ]
                },
                "insee": "93",
                "isPartOfCountry": {
                  "@id": "kb:France",
                  "@type": [
                    "schema:Country"
                  ],
                  "rdfs:label": {
                    "de": [
                      "France",
                      "Frankreich"
                    ],
                    "pt": [
                      "França",
                      "France"
                    ],
                    "en": [
                      "France"
                    ],
                    "it": [
                      "France",
                      "Francia"
                    ],
                    "fr": [
                      "France"
                    ],
                    "nl": [
                      "France",
                      "Frankrijk"
                    ],
                    "es": [
                      "France",
                      "Francia"
                    ]
                  }
                }
              }
            }
          }
        }
      ],
      "schema:geo": {
        "@id": "https://data.datatourisme.fr/13001e2a-8c58-3920-ade7-934d02e76568",
        "schema:latitude": "43.251564",
        "schema:longitude": "5.783004",
        "@type": [
          "schema:GeoCoordinates"
        ]
      },
      "schema:openingHoursSpecification": [
        {
          "@id": "https://data.datatourisme.fr/a3873b2b-60f7-3c26-b205-3509ed810f9d",
          "schema:validFrom": "2023-01-01T00:00:00",
          "schema:validThrough": "2023-12-31T23:59:59",
          "@type": [
            "schema:OpeningHoursSpecification"
          ],
          "additionalInformation": {
            "de": [
              "auf RDV"
            ],
            "en": [
              "by appointment"
            ],
            "it": [
              "su appuntamento"
            ],
            "fr": [
              "sur RDV"
            ],
            "nl": [
              "op afspraak"
            ],
            "es": [
              "con cita previa"
            ]
          },
          "hasTranslatedProperty": [
            {
              "@id": "https://data.datatourisme.fr/2acb46d6-60bb-3b7a-b149-e94fb52da11a",
              "dc:contributor": [
                "https://api.deepl.com/v2/translate"
              ],
              "rdf:language": [
                "it"
              ],
              "rdf:predicate": [
                "additionalInformation"
              ]
            },
            {
              "@id": "https://data.datatourisme.fr/4bf4d5d2-a05f-3527-aa53-7074107e4cb4",
              "dc:contributor": [
                "https://api.deepl.com/v2/translate"
              ],
              "rdf:language": [
                "en"
              ],
              "rdf:predicate": [
                "additionalInformation"
              ]
            },
            {
              "@id": "https://data.datatourisme.fr/71d4e082-048b-3b17-a647-ead74fe6882e",
              "dc:contributor": [
                "https://api.deepl.com/v2/translate"
              ],
              "rdf:language": [
                "es"
              ],
              "rdf:predicate": [
                "additionalInformation"
              ]
            },
            {
              "@id": "https://data.datatourisme.fr/8cccfbbb-4275-3afa-b31b-947931010e37",
              "dc:contributor": [
                "https://api.deepl.com/v2/translate"
              ],
              "rdf:language": [
                "nl"
              ],
              "rdf:predicate": [
                "additionalInformation"
              ]
            },
            {
              "@id": "https://data.datatourisme.fr/d47b4567-b18b-3aef-a8d1-b0316d06b29c",
              "dc:contributor": [
                "https://api.deepl.com/v2/translate"
              ],
              "rdf:language": [
                "de"
              ],
              "rdf:predicate": [
                "additionalInformation"
              ]
            }
          ]
        }
      ],
      "@type": [
        "schema:Place",
        "Place"
      ]
    }
  ],
  "isOwnedBy": [
    {
      "@id": "https://data.datatourisme.fr/48066ba5-9262-395b-bf19-b5d0b73947d5",
      "schema:email": [
        "evenementiel@ville-lecastellet.fr",
        "tourisme@ville-lecastellet.fr"
      ],
      "schema:legalName": "Espace touristique Gabriel Tambon Le Castellet",
      "@type": [
        "schema:Organization",
        "foaf:Agent",
        "Agent"
      ],
      "foaf:homepage": [
        "https://www.lecastellet.fr/"
      ]
    }
  ],
  "lastUpdate": "2022-05-04",
  "lastUpdateDatatourisme": "2023-07-20T05:54:46.065Z"
}