{
  "@id": "https://data.datatourisme.fr/13/00aa725f-39e0-34ae-9528-443c82214628",
  "dc:identifier": "6565776",
  "schema:endDate": [
    "2023-10-04"
  ],
  "schema:startDate": [
    "2023-10-04"
  ],
  "@type": [
    "schema:Event",
    "schema:MusicEvent",
    "Concert",
    "CulturalEvent",
    "EntertainmentAndEvent",
    "PointOfInterest"
  ],
  "rdfs:comment": {
    "de": [
      "Chucho Valdés, der ultimative Gigant des Latin-Jazz in einem Konzert in der Oper von Saint-Etienne"
    ],
    "en": [
      "Chucho Valdés, the ultimate Latin jazz giant, in concert at the Opéra de Saint-Etienne"
    ],
    "it": [
      "Chucho Valdés, il gigante del jazz latino per eccellenza, in concerto all'Opéra de Saint-Etienne"
    ],
    "fr": [
      "Chucho Valdés, le géant ultime du latin-jazz en concert à l'Opéra de Saint-Etienne"
    ],
    "es": [
      "Chucho Valdés, el gigante del jazz latino por excelencia, en concierto en la Ópera de Saint-Etienne"
    ],
    "nl": [
      "Chucho Valdés, de ultieme Latin jazzgigant, in concert in de Opéra de Saint-Etienne"
    ]
  },
  "rdfs:label": {
    "fr": [
      "Rhinon Jazz(s) Festival - Concert - Chucho Valdes"
    ]
  },
  "hasBeenCreatedBy": {
    "@id": "https://data.datatourisme.fr/13/9b04d152-845e-30a3-b839-4003c96da594",
    "dc:identifier": "231",
    "schema:email": [
      "a.roy@saint-etiennetourisme.com",
      "b.faure@saint-etiennetourisme.com",
      "c.valour@saint-etiennetourisme.com",
      "chartreuse@saintecroixenjarez.com",
      "e.larue@saint-etiennetourisme.com",
      "j.faury@saint-etiennetourisme.com",
      "ml.romeyer@saint-etiennetourisme.com",
      "p.royon@saint-etiennetourisme.com",
      "t.zoulfa@saint-etiennetourisme.com"
    ],
    "schema:legalName": "Saint-Etienne Tourisme et Congrès",
    "@type": [
      "schema:Organization",
      "foaf:Agent",
      "Agent"
    ],
    "foaf:homepage": [
      "https://www.saint-etienne-hors-cadre.fr/"
    ]
  },
  "hasBeenPublishedBy": [
    {
      "@id": "https://data.datatourisme.fr/8a9feb4b-2cbd-3d2c-b507-bd6c6776b23b",
      "schema:legalName": "Apidae Tourisme Scic SA - source : Apidae Tourisme",
      "@type": [
        "schema:Organization",
        "foaf:Agent",
        "Agent"
      ],
      "foaf:homepage": [
        "https://www.apidae-tourisme.com/"
      ]
    }
  ],
  "hasContact": [
    {
      "@id": "https://data.datatourisme.fr/dcc55db5-ae1d-3590-9367-c0832c438335",
      "schema:email": [
        "billetterie@rhinojazz.com"
      ],
      "schema:telephone": [
        "+33 7 57 50 50 91"
      ],
      "@type": [
        "foaf:Agent",
        "Agent"
      ],
      "foaf:homepage": [
        "https://rhinojazz.com/"
      ]
    }
  ],
  "hasDescription": [
    {
      "@id": "https://data.datatourisme.fr/a7106c5d-4666-3ce0-8b9e-84bb440b3622",
      "@type": [
        "Description"
      ],
      "hasTranslatedProperty": [
        {
          "@id": "https://data.datatourisme.fr/11a078b3-3ed2-3def-adbe-8d0ffffcfabc",
          "dc:contributor": [
            "https://api.deepl.com/v2/translate"
          ],
          "rdf:language": [
            "es"
          ],
          "rdf:predicate": [
            "shortDescription"
          ]
        },
        {
          "@id": "https://data.datatourisme.fr/2608f0f0-f0a9-386b-b209-04ec4074f3ee",
          "dc:contributor": [
            "https://api.deepl.com/v2/translate"
          ],
          "rdf:language": [
            "en"
          ],
          "rdf:predicate": [
            "shortDescription"
          ]
        },
        {
          "@id": "https://data.datatourisme.fr/26eeea9a-c85a-3678-b39e-985611d43ee6",
          "dc:contributor": [
            "https://api.deepl.com/v2/translate"
          ],
          "rdf:language": [
            "de"
          ],
          "rdf:predicate": [
            "shortDescription"
          ]
        },
        {
          "@id": "https://data.datatourisme.fr/ed0475fe-b3c3-322e-a524-59502da2c071",
          "dc:contributor": [
            "https://api.deepl.com/v2/translate"
          ],
          "rdf:language": [
            "it"
          ],
          "rdf:predicate": [
            "shortDescription"
          ]
        },
        {
          "@id": "https://data.datatourisme.fr/fa6009b9-cea1-3b23-9045-7799b4f6df87",
          "dc:contributor": [
            "https://api.deepl.com/v2/translate"
          ],
          "rdf:language": [
            "nl"
          ],
          "rdf:predicate": [
            "shortDescription"
          ]
        }
      ],
      "shortDescription": {
        "de": [
          "Chucho Valdés, der ultimative Gigant des Latin-Jazz in einem Konzert in der Oper von Saint-Etienne"
        ],
        "en": [
          "Chucho Valdés, the ultimate Latin jazz giant, in concert at the Opéra de Saint-Etienne"
        ],
        "it": [
          "Chucho Valdés, il gigante del jazz latino per eccellenza, in concerto all'Opéra de Saint-Etienne"
        ],
        "fr": [
          "Chucho Valdés, le géant ultime du latin-jazz en concert à l'Opéra de Saint-Etienne"
        ],
        "es": [
          "Chucho Valdés, el gigante del jazz latino por excelencia, en concierto en la Ópera de Saint-Etienne"
        ],
        "nl": [
          "Chucho Valdés, de ultieme Latin jazzgigant, in concert in de Opéra de Saint-Etienne"
        ]
      }
    }
  ],
  "hasTranslatedProperty": [
    {
      "@id": "https://data.datatourisme.fr/0dd852e1-f1b5-341d-9b50-99c370ba8624",
      "dc:contributor": [
        "https://api.deepl.com/v2/translate"
      ],
      "rdf:language": [
        "es"
      ],
      "rdf:predicate": [
        {
          "@id": "rdfs:comment"
        }
      ]
    },
    {
      "@id": "https://data.datatourisme.fr/3cb43649-3158-3074-8eaf-896d43b9d071",
      "dc:contributor": [
        "https://api.deepl.com/v2/translate"
      ],
      "rdf:language": [
        "it"
      ],
      "rdf:predicate": [
        {
          "@id": "rdfs:comment"
        }
      ]
    },
    {
      "@id": "https://data.datatourisme.fr/977a7970-1156-36e9-ac53-b11a26e4e343",
      "dc:contributor": [
        "https://api.deepl.com/v2/translate"
      ],
      "rdf:language": [
        "en"
      ],
      "rdf:predicate": [
        {
          "@id": "rdfs:comment"
        }
      ]
    },
    {
      "@id": "https://data.datatourisme.fr/c2fbaf5c-31c0-3792-89be-5647edf6e8e6",
      "dc:contributor": [
        "https://api.deepl.com/v2/translate"
      ],
      "rdf:language": [
        "nl"
      ],
      "rdf:predicate": [
        {
          "@id": "rdfs:comment"
        }
      ]
    },
    {
      "@id": "https://data.datatourisme.fr/f8ce473c-ebc0-3fe4-9a92-167123c6d9e9",
      "dc:contributor": [
        "https://api.deepl.com/v2/translate"
      ],
      "rdf:language": [
        "de"
      ],
      "rdf:predicate": [
        {
          "@id": "rdfs:comment"
        }
      ]
    }
  ],
  "isLocatedAt": [
    {
      "@id": "https://data.datatourisme.fr/93fdafb2-520d-3da8-bf86-19783cddf7ea",
      "schema:address": [
        {
          "@id": "https://data.datatourisme.fr/bf342aaf-6b85-3b04-ba9e-cb4e6dd05f52",
          "schema:addressLocality": "Saint-Étienne",
          "schema:postalCode": "42000",
          "schema:streetAddress": [
            "Jardin des Plantes",
            "Opéra de Saint-Etienne"
          ],
          "@type": [
            "schema:PostalAddress",
            "PostalAddress"
          ],
          "hasAddressCity": {
            "@id": "kb:42218",
            "@type": [
              "City"
            ],
            "rdfs:label": {
              "de": [
                "Saint-Étienne"
              ],
              "pt": [
                "Saint-Étienne"
              ],
              "en": [
                "Saint-Étienne"
              ],
              "it": [
                "Saint-Étienne"
              ],
              "fr": [
                "Saint-Étienne"
              ],
              "nl": [
                "Saint-Étienne"
              ],
              "es": [
                "Saint-Étienne"
              ]
            },
            "insee": "42218",
            "isPartOfDepartment": {
              "@id": "kb:France8442",
              "@type": [
                "Department"
              ],
              "rdfs:label": {
                "de": [
                  "Loire"
                ],
                "pt": [
                  "Loire"
                ],
                "en": [
                  "Loire"
                ],
                "it": [
                  "Loire"
                ],
                "fr": [
                  "Loire"
                ],
                "nl": [
                  "Loire"
                ],
                "es": [
                  "Loire"
                ]
              },
              "insee": "42",
              "isPartOfRegion": {
                "@id": "kb:France84",
                "@type": [
                  "Region"
                ],
                "rdfs:label": {
                  "de": [
                    "Auvergne-Rhône-Alpes"
                  ],
                  "pt": [
                    "Auvergne-Rhône-Alpes"
                  ],
                  "en": [
                    "Auvergne-Rhône-Alpes"
                  ],
                  "it": [
                    "Auvergne-Rhône-Alpes"
                  ],
                  "fr": [
                    "Auvergne-Rhône-Alpes"
                  ],
                  "nl": [
                    "Auvergne-Rhône-Alpes"
                  ],
                  "es": [
                    "Auvergne-Rhône-Alpes"
                  ]
                },
                "insee": "84",
                "isPartOfCountry": {
                  "@id": "kb:France",
                  "@type": [
                    "schema:Country"
                  ],
                  "rdfs:label": {
                    "de": [
                      "France",
                      "Frankreich"
                    ],
                    "pt": [
                      "França",
                      "France"
                    ],
                    "en": [
                      "France"
                    ],
                    "it": [
                      "France",
                      "Francia"
                    ],
                    "fr": [
                      "France"
                    ],
                    "nl": [
                      "France",
                      "Frankrijk"
                    ],
                    "es": [
                      "France",
                      "Francia"
                    ]
                  }
                }
              }
            }
          }
        }
      ],
      "schema:geo": {
        "@id": "https://data.datatourisme.fr/80581f53-58aa-39aa-a6fb-f8fe50d5d328",
        "schema:latitude": "45.434084",
        "schema:longitude": "4.397446",
        "@type": [
          "schema:GeoCoordinates"
        ]
      },
      "schema:openingHoursSpecification": [
        {
          "@id": "https://data.datatourisme.fr/f23e4a66-3460-36a2-ae5e-1716acbd9677",
          "schema:validFrom": "2023-10-04T00:00:00",
          "schema:validThrough": "2023-10-04T23:59:59",
          "@type": [
            "schema:OpeningHoursSpecification"
          ]
        }
      ],
      "@type": [
        "schema:Place",
        "Place"
      ]
    }
  ],
  "isOwnedBy": [
    {
      "@id": "https://data.datatourisme.fr/51163ded-c81a-3049-8c1f-c312e3b6baa3",
      "schema:email": [
        "a.roy@saint-etiennetourisme.com",
        "b.faure@saint-etiennetourisme.com",
        "c.valour@saint-etiennetourisme.com",
        "chartreuse@saintecroixenjarez.com",
        "e.larue@saint-etiennetourisme.com",
        "j.faury@saint-etiennetourisme.com",
        "ml.romeyer@saint-etiennetourisme.com",
        "p.royon@saint-etiennetourisme.com",
        "t.zoulfa@saint-etiennetourisme.com"
      ],
      "schema:legalName": "Saint-Etienne Tourisme et Congrès",
      "@type": [
        "schema:Organization",
        "foaf:Agent",
        "Agent"
      ],
      "foaf:homepage": [
        "https://www.saint-etienne-hors-cadre.fr/"
      ]
    }
  ],
  "lastUpdate": "2023-06-15",
  "lastUpdateDatatourisme": "2023-09-28T05:52:38.898Z",
  "offers": [
    {
      "@id": "https://data.datatourisme.fr/1a8303bb-ebca-33ef-8715-819ad2efe8d1",
      "schema:priceSpecification": [
        {
          "@id": "https://data.datatourisme.fr/deef5b1b-b7e3-3511-9c19-b4dc2697a120",
          "schema:maxPrice": [
            "27",
            "30"
          ],
          "schema:minPrice": [
            "27",
            "30"
          ],
          "schema:priceCurrency": "EUR",
          "@type": [
            "schema:PriceSpecification",
            "PriceSpecification"
          ],
          "appliesOnPeriod": [
            {
              "@id": "https://data.datatourisme.fr/b60c2ccf-7d20-3572-8462-3354a9316b21",
              "@type": [
                "Period"
              ],
              "endDate": "2023-10-04",
              "startDate": "2023-10-04"
            }
          ]
        }
      ],
      "@type": [
        "schema:Offer",
        "Offer"
      ]
    }
  ],
  "takesPlaceAt": [
    {
      "@id": "https://data.datatourisme.fr/b60c2ccf-7d20-3572-8462-3354a9316b21",
      "@type": [
        "Period"
      ],
      "endDate": "2023-10-04",
      "startDate": "2023-10-04"
    }
  ]
}