{
  "@id": "https://data.datatourisme.fr/13/003d0d17-2151-3c95-b65c-ab6a5e3f1816",
  "dc:identifier": "5440908",
  "@type": [
    "schema:Product",
    "PointOfInterest",
    "Practice",
    "Product"
  ],
  "rdfs:comment": {
    "de": [
      "Alle Stufen Kinder ab 2 Jahren Spazieren mit der Familie oder mit Begleitung. Ponyanfahrt und -entdeckung ab 6 Jahren, Einführung in Reitertourismus, Praktika (Gruppe max. 6 Kinder). \r\nNur nach Voranmeldung des Besuchs."
    ],
    "en": [
      "All levels.  Children from 2 years old.  Rides with your family, or with a guide. Introduction to the world of poneys from 6 years old, hoidays on horse-back for beginners, courses (maximum 6 children per group).  Must be booked in advance."
    ],
    "it": [
      "Tutti i livelli. Bambini a partire da 2 anni. Viaggi in famiglia o con accompagnatore. Avvicinamento e scoperta dei pony a partire dai 6 anni, introduzione al turismo equestre, corsi di formazione (gruppo max 6 bambini)\r\nSolo su appuntamento."
    ],
    "fr": [
      "Tous niveaux. Enfants à partir de 2 ans. Promenades en famille ou accompagnées. Approche et découverte des poneys dès 6 ans, initiation au tourisme équestre, stages (groupe maxi 6 enfants). \r\nSur rendez-vous uniquement."
    ],
    "nl": [
      "Voor alle niveaus. Kinderen vanaf 2 jaar. Tochten met het gezin of onder leiding. Kennismaking met de pony's vanaf 6 jaar, kennismaking met paardrijden, lessen in groepen van max. 6 kinderen. Uitsluitend na reservering."
    ],
    "es": [
      "Todos los niveles. Niños a partir de 2 años. Paseos en familia o acompañados. Acercamiento y descubrimiento de los ponis a partir de los 6 años, introducción al turismo ecuestre, cursos de formación (grupo máximo de 6 niños)\r\nSólo con cita previa."
    ]
  },
  "rdfs:label": {
    "de": [
      "Poneys Natur'"
    ],
    "ru": [
      "Poneys Natur'"
    ],
    "en": [
      "Poneys Natur'"
    ],
    "it": [
      "Poneys Natur'"
    ],
    "fr": [
      "Poneys Natur'"
    ],
    "zh": [
      "Poneys Natur'"
    ],
    "nl": [
      "Poneys Natur'"
    ],
    "es": [
      "Poneys Natur'"
    ]
  },
  "hasBeenCreatedBy": {
    "@id": "https://data.datatourisme.fr/13/757b505c-fd34-364c-85ca-5b5690ee5293",
    "dc:identifier": "201",
    "schema:email": [
      "k.despeysse@montelimar-tourisme.com",
      "lisa@montelimar-tourisme.com",
      "n.castanet@montelimar-tourisme.com"
    ],
    "schema:legalName": "Montélimar Tourisme Agglomération",
    "@type": [
      "schema:Organization",
      "foaf:Agent",
      "Agent"
    ],
    "foaf:homepage": [
      "http://www.montelimar-tourisme.com/"
    ]
  },
  "hasBeenPublishedBy": [
    {
      "@id": "https://data.datatourisme.fr/d48f2ccd-2357-3a8e-b949-cb8bf19a361f",
      "schema:legalName": "Agence d'Attractivité de la Drôme - source : Apidae Tourisme",
      "@type": [
        "schema:Organization",
        "foaf:Agent",
        "Agent"
      ],
      "foaf:homepage": [
        "https://www.apidae-tourisme.com/"
      ]
    }
  ],
  "hasContact": [
    {
      "@id": "https://data.datatourisme.fr/031e3ad4-cb63-3340-85eb-c651dd73331e",
      "schema:email": [
        "dominique.danrey@wanadoo.fr"
      ],
      "schema:telephone": [
        "+33 4 75 90 16 68",
        "+33 6 61 79 24 30"
      ],
      "@type": [
        "foaf:Agent",
        "Agent"
      ],
      "foaf:homepage": [
        "https://poneysnatur.monsite-orange.fr/"
      ]
    }
  ],
  "hasDescription": [
    {
      "@id": "https://data.datatourisme.fr/ad985b63-502a-367d-9703-09edb3d3b82d",
      "@type": [
        "Description"
      ],
      "hasTranslatedProperty": [
        {
          "@id": "https://data.datatourisme.fr/546394d7-da25-3881-91af-6b638acc7ef7",
          "dc:contributor": [
            "https://api.deepl.com/v2/translate"
          ],
          "rdf:language": [
            "it"
          ],
          "rdf:predicate": [
            "shortDescription"
          ]
        },
        {
          "@id": "https://data.datatourisme.fr/acccc608-9a09-38d8-ae67-bc1cc72a877b",
          "dc:contributor": [
            "https://api.deepl.com/v2/translate"
          ],
          "rdf:language": [
            "es"
          ],
          "rdf:predicate": [
            "shortDescription"
          ]
        }
      ],
      "shortDescription": {
        "de": [
          "Alle Stufen Kinder ab 2 Jahren Spazieren mit der Familie oder mit Begleitung. Ponyanfahrt und -entdeckung ab 6 Jahren, Einführung in Reitertourismus, Praktika (Gruppe max. 6 Kinder). \r\nNur nach Voranmeldung des Besuchs."
        ],
        "en": [
          "All levels.  Children from 2 years old.  Rides with your family, or with a guide. Introduction to the world of poneys from 6 years old, hoidays on horse-back for beginners, courses (maximum 6 children per group).  Must be booked in advance."
        ],
        "it": [
          "Tutti i livelli. Bambini a partire da 2 anni. Viaggi in famiglia o con accompagnatore. Avvicinamento e scoperta dei pony a partire dai 6 anni, introduzione al turismo equestre, corsi di formazione (gruppo max 6 bambini)\r\nSolo su appuntamento."
        ],
        "fr": [
          "Tous niveaux. Enfants à partir de 2 ans. Promenades en famille ou accompagnées. Approche et découverte des poneys dès 6 ans, initiation au tourisme équestre, stages (groupe maxi 6 enfants). \r\nSur rendez-vous uniquement."
        ],
        "nl": [
          "Voor alle niveaus. Kinderen vanaf 2 jaar. Tochten met het gezin of onder leiding. Kennismaking met de pony's vanaf 6 jaar, kennismaking met paardrijden, lessen in groepen van max. 6 kinderen. Uitsluitend na reservering."
        ],
        "es": [
          "Todos los niveles. Niños a partir de 2 años. Paseos en familia o acompañados. Acercamiento y descubrimiento de los ponis a partir de los 6 años, introducción al turismo ecuestre, cursos de formación (grupo máximo de 6 niños)\r\nSólo con cita previa."
        ]
      }
    }
  ],
  "hasTheme": [
    {
      "@id": "kb:PonyRide",
      "@type": [
        "SportsTheme"
      ],
      "rdfs:label": {
        "de": [
          "Ponyreiten"
        ],
        "pt": [
          "Passeio de pónei"
        ],
        "en": [
          "Pony ride"
        ],
        "it": [
          "Giro in pony"
        ],
        "fr": [
          "Balade à poney"
        ],
        "nl": [
          "Ponyrit"
        ],
        "es": [
          "Paseo en poni"
        ]
      }
    },
    {
      "@id": "kb:Riding",
      "@type": [
        "SportsTheme"
      ],
      "rdfs:label": {
        "de": [
          "Reiten"
        ],
        "pt": [
          "Equitação"
        ],
        "en": [
          "Riding"
        ],
        "it": [
          "Equitazione"
        ],
        "fr": [
          "Equitation"
        ],
        "nl": [
          "Paardrijden"
        ],
        "es": [
          "Equitación"
        ]
      }
    }
  ],
  "hasTranslatedProperty": [
    {
      "@id": "https://data.datatourisme.fr/6c0035e8-99e8-3cef-b3a0-976263d25c2a",
      "dc:contributor": [
        "https://api.deepl.com/v2/translate"
      ],
      "rdf:language": [
        "it"
      ],
      "rdf:predicate": [
        {
          "@id": "rdfs:comment"
        }
      ]
    },
    {
      "@id": "https://data.datatourisme.fr/8e95e2f6-7195-31f2-8293-34343efeec44",
      "dc:contributor": [
        "https://api.deepl.com/v2/translate"
      ],
      "rdf:language": [
        "es"
      ],
      "rdf:predicate": [
        {
          "@id": "rdfs:comment"
        }
      ]
    }
  ],
  "isLocatedAt": [
    {
      "@id": "https://data.datatourisme.fr/60ccd569-b174-34bd-8ec7-12563fed0f26",
      "schema:address": [
        {
          "@id": "https://data.datatourisme.fr/32606279-57d6-3aa7-ba35-5d5f78dbc114",
          "schema:addressLocality": "Roynac",
          "schema:postalCode": "26450",
          "schema:streetAddress": [
            "Quartier Courbières"
          ],
          "@type": [
            "schema:PostalAddress",
            "PostalAddress"
          ],
          "hasAddressCity": {
            "@id": "kb:26287",
            "@type": [
              "City"
            ],
            "rdfs:label": {
              "de": [
                "Roynac"
              ],
              "pt": [
                "Roynac"
              ],
              "en": [
                "Roynac"
              ],
              "it": [
                "Roynac"
              ],
              "fr": [
                "Roynac"
              ],
              "nl": [
                "Roynac"
              ],
              "es": [
                "Roynac"
              ]
            },
            "insee": "26287",
            "isPartOfDepartment": {
              "@id": "kb:France8426",
              "@type": [
                "Department"
              ],
              "rdfs:label": {
                "de": [
                  "Drôme"
                ],
                "pt": [
                  "Drôme"
                ],
                "en": [
                  "Drôme"
                ],
                "it": [
                  "Drôme"
                ],
                "fr": [
                  "Drôme"
                ],
                "nl": [
                  "Drôme"
                ],
                "es": [
                  "Drôme"
                ]
              },
              "insee": "26",
              "isPartOfRegion": {
                "@id": "kb:France84",
                "@type": [
                  "Region"
                ],
                "rdfs:label": {
                  "de": [
                    "Auvergne-Rhône-Alpes"
                  ],
                  "pt": [
                    "Auvergne-Rhône-Alpes"
                  ],
                  "en": [
                    "Auvergne-Rhône-Alpes"
                  ],
                  "it": [
                    "Auvergne-Rhône-Alpes"
                  ],
                  "fr": [
                    "Auvergne-Rhône-Alpes"
                  ],
                  "nl": [
                    "Auvergne-Rhône-Alpes"
                  ],
                  "es": [
                    "Auvergne-Rhône-Alpes"
                  ]
                },
                "insee": "84",
                "isPartOfCountry": {
                  "@id": "kb:France",
                  "@type": [
                    "schema:Country"
                  ],
                  "rdfs:label": {
                    "de": [
                      "France",
                      "Frankreich"
                    ],
                    "pt": [
                      "França",
                      "France"
                    ],
                    "en": [
                      "France"
                    ],
                    "it": [
                      "France",
                      "Francia"
                    ],
                    "fr": [
                      "France"
                    ],
                    "nl": [
                      "France",
                      "Frankrijk"
                    ],
                    "es": [
                      "France",
                      "Francia"
                    ]
                  }
                }
              }
            }
          }
        }
      ],
      "schema:geo": {
        "@id": "https://data.datatourisme.fr/e10bfa26-7501-307d-88e2-02d6d22760a5",
        "schema:elevation": "410",
        "schema:latitude": "44.643355",
        "schema:longitude": "4.940734",
        "@type": [
          "schema:GeoCoordinates"
        ]
      },
      "schema:openingHoursSpecification": [
        {
          "@id": "https://data.datatourisme.fr/6f33700e-4fa6-38d6-86a2-ffef9bd30d13",
          "schema:validFrom": "2023-02-04T00:00:00",
          "schema:validThrough": "2023-11-30T23:59:59",
          "@type": [
            "schema:OpeningHoursSpecification"
          ],
          "additionalInformation": {
            "de": [
              "Von den Februarferien bis Ende November, Mittwoch und Samstag außerhalb der Schulferien. Während der Schulferien täglich außer sonntags. Nur nach Vereinbarung."
            ],
            "en": [
              "From February to the end of November, Wednesday and Saturday outside school vacations. Every day except Sunday during school vacations. By appointment only."
            ],
            "it": [
              "Da febbraio a fine novembre, il mercoledì e il sabato al di fuori delle vacanze scolastiche. Tutti i giorni tranne la domenica durante le vacanze scolastiche. Solo su appuntamento."
            ],
            "fr": [
              "Des vacances de février à fin novembre, mercredi et samedi hors vacances scolaires. Tous les jours sauf le dimanche pendant les vacances scolaires. Sur rendez-vous uniquement."
            ],
            "nl": [
              "Van februari tot eind november, woensdag en zaterdag buiten de schoolvakanties. Alle dagen behalve zondag tijdens de schoolvakanties. Alleen op afspraak."
            ],
            "es": [
              "De febrero a finales de noviembre, los miércoles y sábados no festivos. Todos los días excepto el domingo durante las vacaciones escolares. Sólo con cita previa."
            ]
          },
          "hasTranslatedProperty": [
            {
              "@id": "https://data.datatourisme.fr/1cd1cf1e-60b1-3b7a-b49e-596377a392d6",
              "dc:contributor": [
                "https://api.deepl.com/v2/translate"
              ],
              "rdf:language": [
                "it"
              ],
              "rdf:predicate": [
                "additionalInformation"
              ]
            },
            {
              "@id": "https://data.datatourisme.fr/2fc699e9-f013-349e-918a-f3618bc03460",
              "dc:contributor": [
                "https://api.deepl.com/v2/translate"
              ],
              "rdf:language": [
                "es"
              ],
              "rdf:predicate": [
                "additionalInformation"
              ]
            },
            {
              "@id": "https://data.datatourisme.fr/6e9b1366-f042-3326-be6d-e3a9d6b03bd5",
              "dc:contributor": [
                "https://api.deepl.com/v2/translate"
              ],
              "rdf:language": [
                "nl"
              ],
              "rdf:predicate": [
                "additionalInformation"
              ]
            },
            {
              "@id": "https://data.datatourisme.fr/8a84fe2a-ba29-3bac-b4cf-09aa14d6d5d0",
              "dc:contributor": [
                "https://api.deepl.com/v2/translate"
              ],
              "rdf:language": [
                "en"
              ],
              "rdf:predicate": [
                "additionalInformation"
              ]
            },
            {
              "@id": "https://data.datatourisme.fr/c46250e0-7948-3e5f-995f-4a5e9b415595",
              "dc:contributor": [
                "https://api.deepl.com/v2/translate"
              ],
              "rdf:language": [
                "de"
              ],
              "rdf:predicate": [
                "additionalInformation"
              ]
            }
          ]
        }
      ],
      "@type": [
        "schema:Place",
        "Place"
      ]
    }
  ],
  "isOwnedBy": [
    {
      "@id": "https://data.datatourisme.fr/b4af561f-fea3-38aa-b299-f963a5f31dcc",
      "schema:email": [
        "k.despeysse@montelimar-tourisme.com",
        "lisa@montelimar-tourisme.com",
        "n.castanet@montelimar-tourisme.com"
      ],
      "schema:legalName": "Montélimar Tourisme Agglomération",
      "@type": [
        "schema:Organization",
        "foaf:Agent",
        "Agent"
      ],
      "foaf:homepage": [
        "http://www.montelimar-tourisme.com/"
      ]
    }
  ],
  "lastUpdate": "2023-05-29",
  "lastUpdateDatatourisme": "2023-05-30T05:49:20.327Z",
  "offers": [
    {
      "@id": "https://data.datatourisme.fr/2c7d0da9-145c-3a1d-8608-285ae204774f",
      "schema:priceSpecification": [
        {
          "@id": "https://data.datatourisme.fr/cd870d4e-ef84-3ef7-8ad9-78c78dee93a0",
          "schema:maxPrice": [
            "20"
          ],
          "schema:minPrice": [
            "17.5"
          ],
          "schema:priceCurrency": "EUR",
          "@type": [
            "schema:PriceSpecification",
            "PriceSpecification"
          ],
          "appliesOnPeriod": [
            {
              "@id": "https://data.datatourisme.fr/183b1223-9c0b-30e4-80e9-d72cb0b3c734",
              "@type": [
                "Period"
              ],
              "endDate": "2023-11-30",
              "startDate": "2023-02-04"
            }
          ]
        }
      ],
      "@type": [
        "schema:Offer",
        "Offer"
      ]
    }
  ]
}