{
  "@id": "https://data.datatourisme.fr/13/00d39cba-25d2-34b4-83d2-1cc6dd075db5",
  "dc:identifier": "111391",
  "schema:endDate": [
    "2023-12-31"
  ],
  "schema:startDate": [
    "2023-01-01"
  ],
  "@type": [
    "schema:Event",
    "schema:SaleEvent",
    "EntertainmentAndEvent",
    "Market",
    "PointOfInterest",
    "SaleEvent"
  ],
  "rdfs:comment": {
    "de": [
      "Jahrmarkt und Lebensmittelmarkt."
    ],
    "en": [
      "Fairground and food market."
    ],
    "it": [
      "Fiera e mercato alimentare."
    ],
    "fr": [
      "Marché forain et alimentaire."
    ],
    "nl": [
      "Kermis en voedselmarkt."
    ],
    "es": [
      "Feria y mercado de alimentos."
    ]
  },
  "rdfs:label": {
    "fr": [
      "Marché du mercredi - Cité La Monnaie à Romans"
    ]
  },
  "hasBeenCreatedBy": {
    "@id": "https://data.datatourisme.fr/13/d67d8ab4-f4c1-3bf2-aaa3-53e27879133c",
    "dc:identifier": "39",
    "schema:email": [
      "a.beurriand@valenceromanstourisme.com",
      "c.magnin@valenceromanstourisme.com",
      "c.matuchet@valenceromanstourisme.com",
      "c.thivolle@valenceromanstourisme.com",
      "f.oudelet@valenceromanstourisme.com",
      "m.lombard@valenceromanstourisme.com",
      "mc.charignon@valenceromanstourisme.com",
      "s.jacquier@valenceromanstourisme.com"
    ],
    "schema:legalName": "Valence Romans Tourisme",
    "@type": [
      "schema:Organization",
      "foaf:Agent",
      "Agent"
    ],
    "foaf:homepage": [
      "https://www.valence-romans-tourisme.com/fr/"
    ]
  },
  "hasBeenPublishedBy": [
    {
      "@id": "https://data.datatourisme.fr/d48f2ccd-2357-3a8e-b949-cb8bf19a361f",
      "schema:legalName": "Agence d'Attractivité de la Drôme - source : Apidae Tourisme",
      "@type": [
        "schema:Organization",
        "foaf:Agent",
        "Agent"
      ],
      "foaf:homepage": [
        "https://www.apidae-tourisme.com/"
      ]
    }
  ],
  "hasContact": [
    {
      "@id": "https://data.datatourisme.fr/f83d9dd4-2a07-32fc-ae3f-8a6786e580a4",
      "schema:email": [
        "contact@ville-romans26.fr"
      ],
      "schema:telephone": [
        "+33 4 75 05 51 51"
      ],
      "@type": [
        "foaf:Agent",
        "Agent"
      ],
      "foaf:homepage": [
        "https://www.ville-romans.fr/"
      ]
    }
  ],
  "hasDescription": [
    {
      "@id": "https://data.datatourisme.fr/bdc6e6a8-4381-391d-897c-af1b6a4018c0",
      "@type": [
        "Description"
      ],
      "hasTranslatedProperty": [
        {
          "@id": "https://data.datatourisme.fr/4da598a1-8642-37e4-a542-f8dee2974423",
          "dc:contributor": [
            "https://api.deepl.com/v2/translate"
          ],
          "rdf:language": [
            "it"
          ],
          "rdf:predicate": [
            "shortDescription"
          ]
        },
        {
          "@id": "https://data.datatourisme.fr/77d919be-91f3-35e4-86f2-8afba8a7aa0d",
          "dc:contributor": [
            "https://api.deepl.com/v2/translate"
          ],
          "rdf:language": [
            "nl"
          ],
          "rdf:predicate": [
            "shortDescription"
          ]
        },
        {
          "@id": "https://data.datatourisme.fr/79d2cff4-5c0e-320b-b45a-04168c5d058e",
          "dc:contributor": [
            "https://api.deepl.com/v2/translate"
          ],
          "rdf:language": [
            "es"
          ],
          "rdf:predicate": [
            "shortDescription"
          ]
        },
        {
          "@id": "https://data.datatourisme.fr/94ae6ef5-2c1d-34d6-8dac-4fe6ee55d93d",
          "dc:contributor": [
            "https://api.deepl.com/v2/translate"
          ],
          "rdf:language": [
            "de"
          ],
          "rdf:predicate": [
            "shortDescription"
          ]
        },
        {
          "@id": "https://data.datatourisme.fr/b2f76ef8-f600-3d0c-b004-a1302b116cbb",
          "dc:contributor": [
            "https://api.deepl.com/v2/translate"
          ],
          "rdf:language": [
            "en"
          ],
          "rdf:predicate": [
            "shortDescription"
          ]
        }
      ],
      "shortDescription": {
        "de": [
          "Jahrmarkt und Lebensmittelmarkt."
        ],
        "en": [
          "Fairground and food market."
        ],
        "it": [
          "Fiera e mercato alimentare."
        ],
        "fr": [
          "Marché forain et alimentaire."
        ],
        "nl": [
          "Kermis en voedselmarkt."
        ],
        "es": [
          "Feria y mercado de alimentos."
        ]
      }
    }
  ],
  "hasTranslatedProperty": [
    {
      "@id": "https://data.datatourisme.fr/58274f71-763d-3def-b19c-8ec5484c8b55",
      "dc:contributor": [
        "https://api.deepl.com/v2/translate"
      ],
      "rdf:language": [
        "it"
      ],
      "rdf:predicate": [
        {
          "@id": "rdfs:comment"
        }
      ]
    },
    {
      "@id": "https://data.datatourisme.fr/cf8e6ad6-2428-351c-a041-b979dc631a4d",
      "dc:contributor": [
        "https://api.deepl.com/v2/translate"
      ],
      "rdf:language": [
        "es"
      ],
      "rdf:predicate": [
        {
          "@id": "rdfs:comment"
        }
      ]
    },
    {
      "@id": "https://data.datatourisme.fr/d9a48097-2825-3f2c-916f-a81523c48500",
      "dc:contributor": [
        "https://api.deepl.com/v2/translate"
      ],
      "rdf:language": [
        "en"
      ],
      "rdf:predicate": [
        {
          "@id": "rdfs:comment"
        }
      ]
    },
    {
      "@id": "https://data.datatourisme.fr/e0b3d2f8-203f-3955-ac1f-eab5db3ea069",
      "dc:contributor": [
        "https://api.deepl.com/v2/translate"
      ],
      "rdf:language": [
        "de"
      ],
      "rdf:predicate": [
        {
          "@id": "rdfs:comment"
        }
      ]
    },
    {
      "@id": "https://data.datatourisme.fr/eb6b17d8-43ae-3f7e-b96b-0aeba9f43503",
      "dc:contributor": [
        "https://api.deepl.com/v2/translate"
      ],
      "rdf:language": [
        "nl"
      ],
      "rdf:predicate": [
        {
          "@id": "rdfs:comment"
        }
      ]
    }
  ],
  "isLocatedAt": [
    {
      "@id": "https://data.datatourisme.fr/4edce261-fb4d-338e-bf27-d0d75618f4db",
      "schema:address": [
        {
          "@id": "https://data.datatourisme.fr/28ea72d1-44ee-352a-8bab-732e8b5b4597",
          "schema:addressLocality": "Romans-sur-Isère",
          "schema:postalCode": "26100",
          "schema:streetAddress": [
            "Place Hector Berlioz"
          ],
          "@type": [
            "schema:PostalAddress",
            "PostalAddress"
          ],
          "hasAddressCity": {
            "@id": "kb:26281",
            "@type": [
              "City"
            ],
            "rdfs:label": {
              "de": [
                "Romans-sur-Isère"
              ],
              "pt": [
                "Romans-sur-Isère"
              ],
              "en": [
                "Romans-sur-Isère"
              ],
              "it": [
                "Romans-sur-Isère"
              ],
              "fr": [
                "Romans-sur-Isère"
              ],
              "nl": [
                "Romans-sur-Isère"
              ],
              "es": [
                "Romans-sur-Isère"
              ]
            },
            "insee": "26281",
            "isPartOfDepartment": {
              "@id": "kb:France8426",
              "@type": [
                "Department"
              ],
              "rdfs:label": {
                "de": [
                  "Drôme"
                ],
                "pt": [
                  "Drôme"
                ],
                "en": [
                  "Drôme"
                ],
                "it": [
                  "Drôme"
                ],
                "fr": [
                  "Drôme"
                ],
                "nl": [
                  "Drôme"
                ],
                "es": [
                  "Drôme"
                ]
              },
              "insee": "26",
              "isPartOfRegion": {
                "@id": "kb:France84",
                "@type": [
                  "Region"
                ],
                "rdfs:label": {
                  "de": [
                    "Auvergne-Rhône-Alpes"
                  ],
                  "pt": [
                    "Auvergne-Rhône-Alpes"
                  ],
                  "en": [
                    "Auvergne-Rhône-Alpes"
                  ],
                  "it": [
                    "Auvergne-Rhône-Alpes"
                  ],
                  "fr": [
                    "Auvergne-Rhône-Alpes"
                  ],
                  "nl": [
                    "Auvergne-Rhône-Alpes"
                  ],
                  "es": [
                    "Auvergne-Rhône-Alpes"
                  ]
                },
                "insee": "84",
                "isPartOfCountry": {
                  "@id": "kb:France",
                  "@type": [
                    "schema:Country"
                  ],
                  "rdfs:label": {
                    "de": [
                      "France",
                      "Frankreich"
                    ],
                    "pt": [
                      "França",
                      "France"
                    ],
                    "en": [
                      "France"
                    ],
                    "it": [
                      "France",
                      "Francia"
                    ],
                    "fr": [
                      "France"
                    ],
                    "nl": [
                      "France",
                      "Frankrijk"
                    ],
                    "es": [
                      "France",
                      "Francia"
                    ]
                  }
                }
              }
            }
          }
        }
      ],
      "schema:geo": {
        "@id": "https://data.datatourisme.fr/9f4c6a5f-61b7-37f2-9fcb-7e438e0c50ec",
        "schema:elevation": "172",
        "schema:latitude": "45.046689",
        "schema:longitude": "5.076881",
        "@type": [
          "schema:GeoCoordinates"
        ]
      },
      "schema:openingHoursSpecification": [
        {
          "@id": "https://data.datatourisme.fr/bb635f8b-6205-3375-8811-3685da9607ed",
          "schema:closes": "12:00:00",
          "schema:opens": "08:00:00",
          "schema:validFrom": "2023-01-01T00:00:00",
          "schema:validThrough": "2023-12-31T23:59:59",
          "@type": [
            "schema:OpeningHoursSpecification"
          ]
        }
      ],
      "@type": [
        "schema:Place",
        "Place"
      ]
    }
  ],
  "isOwnedBy": [
    {
      "@id": "https://data.datatourisme.fr/03dc9480-1914-33fc-b7f0-2aaf1a67f241",
      "schema:email": [
        "a.beurriand@valenceromanstourisme.com",
        "c.magnin@valenceromanstourisme.com",
        "c.matuchet@valenceromanstourisme.com",
        "c.thivolle@valenceromanstourisme.com",
        "m.lombard@valenceromanstourisme.com",
        "s.jacquier@valenceromanstourisme.com"
      ],
      "schema:legalName": "Valence Romans Tourisme",
      "@type": [
        "schema:Organization",
        "foaf:Agent",
        "Agent"
      ],
      "foaf:homepage": [
        "https://www.valence-romans-tourisme.com/fr/"
      ]
    }
  ],
  "lastUpdate": "2023-02-08",
  "lastUpdateDatatourisme": "2023-07-16T05:40:56.421Z",
  "takesPlaceAt": [
    {
      "@id": "https://data.datatourisme.fr/0200df78-828f-3f63-8cd1-767ddb9f9d61",
      "@type": [
        "Period",
        "RecurrentPeriod"
      ],
      "appliesOnDay": [
        {
          "@id": "schema:Wednesday",
          "@type": [
            "schema:DayOfWeek"
          ],
          "rdfs:label": {
            "de": [
              "Mittwoch"
            ],
            "pt": [
              "Quarta-feira"
            ],
            "en": [
              "Wednesday"
            ],
            "it": [
              "Mercoledì"
            ],
            "fr": [
              "Mercredi"
            ],
            "nl": [
              "Woensdag"
            ],
            "es": [
              "Miércoles"
            ]
          }
        }
      ],
      "endDate": "2023-12-31",
      "endTime": "12:00:00",
      "startDate": "2023-01-01",
      "startTime": "08:00:00"
    }
  ]
}