{
  "@id": "https://data.datatourisme.fr/13/000d20cb-c639-35e7-ae98-7da6a57db588",
  "dc:identifier": "177295",
  "@type": [
    "schema:LocalBusiness",
    "PlaceOfInterest",
    "PointOfInterest",
    "SportsAndLeisurePlace",
    "SwimmingPool"
  ],
  "rdfs:comment": {
    "de": [
      "Klimatisiertes und überwachtes Freibad mit 2 Becken nebeneinander und einem kleinen Kinderbecken, sonniger Park, Picknicktisch, Liegewiese, Spiele und Schaukeln, in der Nähe des städtischen Campingplatzes Beausoleil, schattig und ruhig gelegen."
    ],
    "en": [
      "Outdoor swimming pool, air-conditioned.and supervised with 2 side by side pools and a small pool for children, sunny landscaped park, picnic table, lawn, games and swings, located near the Municipal Beausoleil campsite, shady and quiet."
    ],
    "it": [
      "Piscina all'aperto, climatizzata, sorvegliata, con 2 vasche affiancate e una piccola piscina per bambini, parco soleggiato, tavolo da picnic, prato, giochi e altalene, situato vicino al campeggio comunale di Beausoleil, ombreggiato e tranquillo."
    ],
    "fr": [
      "Piscine en plein air, climatisée.et surveillée avec 2 bassins côte à côte et un petit bassin pour enfants, parc aménagé et ensoleillé, table pique-nique, pelouse, jeux et balançoires, située près du camping Municipal Beausoleil, ombragé et calme."
    ],
    "es": [
      "Piscina al aire libre, climatizada y vigilada con 2 piscinas contiguas y una pequeña piscina para niños, parque soleado, mesa de picnic, césped, juegos y columpios, situado cerca del camping municipal de Beausoleil, sombreado y tranquilo."
    ],
    "nl": [
      "Openluchtzwembad met airconditioning, bewaakt met 2 baden naast elkaar en een klein kinderbad, zonnig park, picknicktafel, grasveld, spelletjes en schommels, gelegen in de buurt van de gemeentelijke camping van Beausoleil, schaduwrijk en rustig."
    ]
  },
  "rdfs:label": {
    "fr": [
      "Piscine Municipale de la Pacaudière"
    ]
  },
  "hasBeenCreatedBy": {
    "@id": "https://data.datatourisme.fr/13/ec8ce6ab-b3e9-32a8-9b85-51ba726a1227",
    "dc:identifier": "220",
    "schema:email": [
      "accueil-tourisme@ccpu.fr",
      "amendes@roannais-tourisme.com",
      "claplace@roannais-tourisme.com",
      "claroche@copler.fr",
      "fguerin@roannais-tourisme.com",
      "sscarciello@ot-roanne.fr",
      "tourisme@ccvai.fr",
      "vbourlier@roannais-tourisme.com"
    ],
    "schema:legalName": "Office de Tourisme du Roannais",
    "@type": [
      "schema:Organization",
      "foaf:Agent",
      "Agent"
    ],
    "foaf:homepage": [
      "https://www.roannais-tourisme.com/"
    ]
  },
  "hasBeenPublishedBy": [
    {
      "@id": "https://data.datatourisme.fr/8a9feb4b-2cbd-3d2c-b507-bd6c6776b23b",
      "schema:legalName": "Apidae Tourisme Scic SA - source : Apidae Tourisme",
      "@type": [
        "schema:Organization",
        "foaf:Agent",
        "Agent"
      ],
      "foaf:homepage": [
        "https://www.apidae-tourisme.com/"
      ]
    }
  ],
  "hasContact": [
    {
      "@id": "https://data.datatourisme.fr/2fec396b-0ebb-37d6-ab0c-0375c964feee",
      "schema:email": [
        "camping.de.beausoleil@orange.fr",
        "lapacaudiere@wanadoo.fr"
      ],
      "schema:telephone": [
        "+33 4 77 64 11 50"
      ],
      "@type": [
        "foaf:Agent",
        "Agent"
      ],
      "foaf:homepage": [
        "http://www.la-pacaudiere.fr/"
      ]
    }
  ],
  "hasDescription": [
    {
      "@id": "https://data.datatourisme.fr/a0f6ab71-e172-3169-b1bb-6a88f3bf70bf",
      "@type": [
        "Description"
      ],
      "hasTranslatedProperty": [
        {
          "@id": "https://data.datatourisme.fr/0007b40e-0f3b-3285-b9df-2833ee8e455f",
          "dc:contributor": [
            "https://api.deepl.com/v2/translate"
          ],
          "rdf:language": [
            "it"
          ],
          "rdf:predicate": [
            "shortDescription"
          ]
        },
        {
          "@id": "https://data.datatourisme.fr/50b51c25-cc60-3b06-8275-f1b2545eb341",
          "dc:contributor": [
            "https://api.deepl.com/v2/translate"
          ],
          "rdf:language": [
            "de"
          ],
          "rdf:predicate": [
            "shortDescription"
          ]
        },
        {
          "@id": "https://data.datatourisme.fr/669a7f08-7ffa-31a2-9f6c-6802959864bd",
          "dc:contributor": [
            "https://api.deepl.com/v2/translate"
          ],
          "rdf:language": [
            "en"
          ],
          "rdf:predicate": [
            "shortDescription"
          ]
        },
        {
          "@id": "https://data.datatourisme.fr/81a744c9-96aa-3b54-99cb-ac18ce6cb229",
          "dc:contributor": [
            "https://api.deepl.com/v2/translate"
          ],
          "rdf:language": [
            "es"
          ],
          "rdf:predicate": [
            "shortDescription"
          ]
        },
        {
          "@id": "https://data.datatourisme.fr/a61f26c5-6cb6-301a-8b89-1708d742dc4c",
          "dc:contributor": [
            "https://api.deepl.com/v2/translate"
          ],
          "rdf:language": [
            "nl"
          ],
          "rdf:predicate": [
            "shortDescription"
          ]
        }
      ],
      "shortDescription": {
        "de": [
          "Klimatisiertes und überwachtes Freibad mit 2 Becken nebeneinander und einem kleinen Kinderbecken, sonniger Park, Picknicktisch, Liegewiese, Spiele und Schaukeln, in der Nähe des städtischen Campingplatzes Beausoleil, schattig und ruhig gelegen."
        ],
        "en": [
          "Outdoor swimming pool, air-conditioned.and supervised with 2 side by side pools and a small pool for children, sunny landscaped park, picnic table, lawn, games and swings, located near the Municipal Beausoleil campsite, shady and quiet."
        ],
        "it": [
          "Piscina all'aperto, climatizzata, sorvegliata, con 2 vasche affiancate e una piccola piscina per bambini, parco soleggiato, tavolo da picnic, prato, giochi e altalene, situato vicino al campeggio comunale di Beausoleil, ombreggiato e tranquillo."
        ],
        "fr": [
          "Piscine en plein air, climatisée.et surveillée avec 2 bassins côte à côte et un petit bassin pour enfants, parc aménagé et ensoleillé, table pique-nique, pelouse, jeux et balançoires, située près du camping Municipal Beausoleil, ombragé et calme."
        ],
        "es": [
          "Piscina al aire libre, climatizada y vigilada con 2 piscinas contiguas y una pequeña piscina para niños, parque soleado, mesa de picnic, césped, juegos y columpios, situado cerca del camping municipal de Beausoleil, sombreado y tranquilo."
        ],
        "nl": [
          "Openluchtzwembad met airconditioning, bewaakt met 2 baden naast elkaar en een klein kinderbad, zonnig park, picknicktafel, grasveld, spelletjes en schommels, gelegen in de buurt van de gemeentelijke camping van Beausoleil, schaduwrijk en rustig."
        ]
      }
    }
  ],
  "hasTheme": [
    {
      "@id": "kb:Bathing",
      "@type": [
        "AccommodationAmenity",
        "SportsTheme"
      ],
      "rdfs:label": {
        "de": [
          "Baden"
        ],
        "pt": [
          "Banho"
        ],
        "en": [
          "Bathing"
        ],
        "it": [
          "Bagno"
        ],
        "fr": [
          "Baignade"
        ],
        "nl": [
          "Zwemmen"
        ],
        "es": [
          "Baño"
        ]
      }
    }
  ],
  "hasTranslatedProperty": [
    {
      "@id": "https://data.datatourisme.fr/48a76df2-c22a-305f-94af-15564739bf73",
      "dc:contributor": [
        "https://api.deepl.com/v2/translate"
      ],
      "rdf:language": [
        "it"
      ],
      "rdf:predicate": [
        {
          "@id": "rdfs:comment"
        }
      ]
    },
    {
      "@id": "https://data.datatourisme.fr/9a75ac25-a67c-341c-996d-f45fba9f5d93",
      "dc:contributor": [
        "https://api.deepl.com/v2/translate"
      ],
      "rdf:language": [
        "es"
      ],
      "rdf:predicate": [
        {
          "@id": "rdfs:comment"
        }
      ]
    },
    {
      "@id": "https://data.datatourisme.fr/9c6e3237-535f-3f77-b5ba-b35ddf7d14c8",
      "dc:contributor": [
        "https://api.deepl.com/v2/translate"
      ],
      "rdf:language": [
        "nl"
      ],
      "rdf:predicate": [
        {
          "@id": "rdfs:comment"
        }
      ]
    },
    {
      "@id": "https://data.datatourisme.fr/ad717440-e129-3cdf-b075-94e39dff16bc",
      "dc:contributor": [
        "https://api.deepl.com/v2/translate"
      ],
      "rdf:language": [
        "en"
      ],
      "rdf:predicate": [
        {
          "@id": "rdfs:comment"
        }
      ]
    },
    {
      "@id": "https://data.datatourisme.fr/bee2689d-329f-3abb-be8c-abc27a533d8f",
      "dc:contributor": [
        "https://api.deepl.com/v2/translate"
      ],
      "rdf:language": [
        "de"
      ],
      "rdf:predicate": [
        {
          "@id": "rdfs:comment"
        }
      ]
    }
  ],
  "isLocatedAt": [
    {
      "@id": "https://data.datatourisme.fr/c104b9ef-d208-30eb-a7b7-87930d87a7c3",
      "schema:address": [
        {
          "@id": "https://data.datatourisme.fr/876e327f-aefa-3028-ac24-261fa2051284",
          "schema:addressLocality": "La Pacaudière",
          "schema:postalCode": "42310",
          "schema:streetAddress": [
            "138 route du stade"
          ],
          "@type": [
            "schema:PostalAddress",
            "PostalAddress"
          ],
          "hasAddressCity": {
            "@id": "kb:42163",
            "@type": [
              "City"
            ],
            "rdfs:label": {
              "de": [
                "La Pacaudière"
              ],
              "pt": [
                "La Pacaudière"
              ],
              "en": [
                "La Pacaudière"
              ],
              "it": [
                "La Pacaudière"
              ],
              "fr": [
                "La Pacaudière"
              ],
              "nl": [
                "La Pacaudière"
              ],
              "es": [
                "La Pacaudière"
              ]
            },
            "insee": "42163",
            "isPartOfDepartment": {
              "@id": "kb:France8442",
              "@type": [
                "Department"
              ],
              "rdfs:label": {
                "de": [
                  "Loire"
                ],
                "pt": [
                  "Loire"
                ],
                "en": [
                  "Loire"
                ],
                "it": [
                  "Loire"
                ],
                "fr": [
                  "Loire"
                ],
                "nl": [
                  "Loire"
                ],
                "es": [
                  "Loire"
                ]
              },
              "insee": "42",
              "isPartOfRegion": {
                "@id": "kb:France84",
                "@type": [
                  "Region"
                ],
                "rdfs:label": {
                  "de": [
                    "Auvergne-Rhône-Alpes"
                  ],
                  "pt": [
                    "Auvergne-Rhône-Alpes"
                  ],
                  "en": [
                    "Auvergne-Rhône-Alpes"
                  ],
                  "it": [
                    "Auvergne-Rhône-Alpes"
                  ],
                  "fr": [
                    "Auvergne-Rhône-Alpes"
                  ],
                  "nl": [
                    "Auvergne-Rhône-Alpes"
                  ],
                  "es": [
                    "Auvergne-Rhône-Alpes"
                  ]
                },
                "insee": "84",
                "isPartOfCountry": {
                  "@id": "kb:France",
                  "@type": [
                    "schema:Country"
                  ],
                  "rdfs:label": {
                    "de": [
                      "France",
                      "Frankreich"
                    ],
                    "pt": [
                      "França",
                      "France"
                    ],
                    "en": [
                      "France"
                    ],
                    "it": [
                      "France",
                      "Francia"
                    ],
                    "fr": [
                      "France"
                    ],
                    "nl": [
                      "France",
                      "Frankrijk"
                    ],
                    "es": [
                      "France",
                      "Francia"
                    ]
                  }
                }
              }
            }
          }
        }
      ],
      "schema:geo": {
        "@id": "https://data.datatourisme.fr/d8a9d265-b5d7-3dee-8d49-7335d159812b",
        "schema:latitude": "46.175432",
        "schema:longitude": "3.876457",
        "@type": [
          "schema:GeoCoordinates"
        ]
      },
      "schema:openingHoursSpecification": [
        {
          "@id": "https://data.datatourisme.fr/73856a7e-4e0f-32c5-bc54-551cb022fbf3",
          "schema:closes": "19:00:00",
          "schema:opens": "13:30:00",
          "schema:validFrom": "2023-07-01T00:00:00",
          "schema:validThrough": "2023-08-31T23:59:59",
          "@type": [
            "schema:OpeningHoursSpecification"
          ]
        },
        {
          "@id": "https://data.datatourisme.fr/9266b8f1-71f8-3233-8ccd-9af677d4e396",
          "schema:closes": "19:00:00",
          "schema:opens": "14:00:00",
          "schema:validFrom": "2023-06-01T00:00:00",
          "schema:validThrough": "2023-06-30T23:59:59",
          "@type": [
            "schema:OpeningHoursSpecification"
          ]
        }
      ],
      "@type": [
        "schema:Place",
        "Place"
      ]
    }
  ],
  "isOwnedBy": [
    {
      "@id": "https://data.datatourisme.fr/d7b5efee-9b67-3556-8e9b-264fbf471164",
      "schema:email": [
        "accueil-tourisme@ccpu.fr",
        "amendes@roannais-tourisme.com",
        "claroche@copler.fr",
        "fguerin@roannais-tourisme.com",
        "sscarciello@ot-roanne.fr",
        "tourisme@ccvai.fr"
      ],
      "schema:legalName": "Office de Tourisme du Roannais",
      "@type": [
        "schema:Organization",
        "foaf:Agent",
        "Agent"
      ],
      "foaf:homepage": [
        "https://www.roannais-tourisme.com/"
      ]
    }
  ],
  "lastUpdate": "2022-02-25",
  "lastUpdateDatatourisme": "2023-09-28T05:52:38.805Z",
  "offers": [
    {
      "@id": "https://data.datatourisme.fr/9a58277b-de3b-32bd-9b04-5265a1ad7700",
      "schema:priceSpecification": [
        {
          "@id": "https://data.datatourisme.fr/55620ebc-9ec8-3012-821d-a26dc2baeb37",
          "schema:maxPrice": [
            "1.8",
            "3.6"
          ],
          "schema:minPrice": [
            "1.8",
            "3.6"
          ],
          "schema:priceCurrency": "EUR",
          "@type": [
            "schema:PriceSpecification",
            "PriceSpecification"
          ],
          "appliesOnPeriod": [
            {
              "@id": "https://data.datatourisme.fr/dfe74b66-a2b1-3322-afc2-b4ecf34bc46e",
              "@type": [
                "Period"
              ],
              "endDate": "2022-08-31",
              "startDate": "2022-06-01"
            }
          ]
        }
      ],
      "@type": [
        "schema:Offer",
        "Offer"
      ]
    }
  ]
}