{
  "@id": "https://data.datatourisme.fr/13/0023d763-54c9-32b4-a75d-975e388d1a8c",
  "dc:identifier": "523075",
  "@type": [
    "schema:Library",
    "CulturalSite",
    "Library",
    "PlaceOfInterest",
    "PointOfInterest",
    "SportsAndLeisurePlace"
  ],
  "rdfs:comment": {
    "de": [
      "Die Bibliothek von Chambles bietet die Ausleihe von Büchern in Verbindung mit dem Internet, Animationen vor allem vor den Weihnachtsferien rund um Leseabende mit dem Landheim sowie einen Bücherbus."
    ],
    "en": [
      "The library of Chambles proposes the loan of books in connection with Internet, animations in particular before the Christmas holidays around evenings reading with the rural home as well as a bibliobus."
    ],
    "it": [
      "La biblioteca di Chambles offre il prestito di libri collegati a Internet, attività, in particolare prima delle vacanze di Natale, intorno alle serate di lettura con il Foyer Rural e una biblioteca mobile."
    ],
    "fr": [
      "La bibliothèque de Chambles propose le prêt de livres en lien avec internet, des animations notamment avant les vacances de noel autour de veillées lecture avec le foyer rural ainsi qu'un bibliobus."
    ],
    "es": [
      "La biblioteca de Chambles ofrece el préstamo de libros conectados a Internet, actividades, sobre todo antes de las vacaciones de Navidad, en torno a las tardes de lectura con el Foyer Rural y una biblioteca móvil."
    ],
    "nl": [
      "De bibliotheek van Chambles biedt de uitleen van boeken gekoppeld aan het internet, activiteiten, vooral voor de kerstvakantie, rond voorleesavonden met de Foyer Rural en een mobiele bibliotheek."
    ]
  },
  "rdfs:label": {
    "fr": [
      "Bibliothèque"
    ]
  },
  "hasBeenCreatedBy": {
    "@id": "https://data.datatourisme.fr/13/e1654211-10ba-3309-9a1c-0393373c5b43",
    "dc:identifier": "233",
    "schema:email": [
      "anne@loireforez.com",
      "audrey@loireforez.com",
      "coralie@loireforez.com",
      "gaelle@loireforez.com",
      "michael@loireforez.com",
      "pauline@loireforez.com",
      "sandrine@loireforez.com",
      "sophie@loireforez.com",
      "valerie@loireforez.com",
      "yannick@loireforez.com"
    ],
    "schema:legalName": "Office de Tourisme Loire Forez",
    "@type": [
      "schema:Organization",
      "foaf:Agent",
      "Agent"
    ],
    "foaf:homepage": [
      "http://rendezvousenforez.com/",
      "http://www.loireforez.com/"
    ]
  },
  "hasBeenPublishedBy": [
    {
      "@id": "https://data.datatourisme.fr/8a9feb4b-2cbd-3d2c-b507-bd6c6776b23b",
      "schema:legalName": "Apidae Tourisme Scic SA - source : Apidae Tourisme",
      "@type": [
        "schema:Organization",
        "foaf:Agent",
        "Agent"
      ],
      "foaf:homepage": [
        "https://www.apidae-tourisme.com/"
      ]
    }
  ],
  "hasContact": [
    {
      "@id": "https://data.datatourisme.fr/357c119d-05ec-3534-978d-c1dee53d7b47",
      "schema:telephone": [
        "+33 4 77 52 48 07"
      ],
      "@type": [
        "foaf:Agent",
        "Agent"
      ]
    }
  ],
  "hasDescription": [
    {
      "@id": "https://data.datatourisme.fr/296a6984-beb3-3753-9ca1-f409fd8409b8",
      "@type": [
        "Description"
      ],
      "hasTranslatedProperty": [
        {
          "@id": "https://data.datatourisme.fr/0c6e30db-f54e-302e-b3e9-b1415a8957c6",
          "dc:contributor": [
            "https://api.deepl.com/v2/translate"
          ],
          "rdf:language": [
            "it"
          ],
          "rdf:predicate": [
            "shortDescription"
          ]
        },
        {
          "@id": "https://data.datatourisme.fr/11d12d52-6f30-307b-b2a7-a611322ad4ed",
          "dc:contributor": [
            "https://api.deepl.com/v2/translate"
          ],
          "rdf:language": [
            "nl"
          ],
          "rdf:predicate": [
            "shortDescription"
          ]
        },
        {
          "@id": "https://data.datatourisme.fr/20528638-89cc-3a50-9a54-51121b6f19ce",
          "dc:contributor": [
            "https://api.deepl.com/v2/translate"
          ],
          "rdf:language": [
            "en"
          ],
          "rdf:predicate": [
            "shortDescription"
          ]
        },
        {
          "@id": "https://data.datatourisme.fr/2209cb1e-a77c-3033-a4fe-7c73d52035df",
          "dc:contributor": [
            "https://api.deepl.com/v2/translate"
          ],
          "rdf:language": [
            "es"
          ],
          "rdf:predicate": [
            "shortDescription"
          ]
        },
        {
          "@id": "https://data.datatourisme.fr/4817f8ea-2769-371b-bb39-2caad40f8ef5",
          "dc:contributor": [
            "https://api.deepl.com/v2/translate"
          ],
          "rdf:language": [
            "de"
          ],
          "rdf:predicate": [
            "shortDescription"
          ]
        }
      ],
      "shortDescription": {
        "de": [
          "Die Bibliothek von Chambles bietet die Ausleihe von Büchern in Verbindung mit dem Internet, Animationen vor allem vor den Weihnachtsferien rund um Leseabende mit dem Landheim sowie einen Bücherbus."
        ],
        "en": [
          "The library of Chambles proposes the loan of books in connection with Internet, animations in particular before the Christmas holidays around evenings reading with the rural home as well as a bibliobus."
        ],
        "it": [
          "La biblioteca di Chambles offre il prestito di libri collegati a Internet, attività, in particolare prima delle vacanze di Natale, intorno alle serate di lettura con il Foyer Rural e una biblioteca mobile."
        ],
        "fr": [
          "La bibliothèque de Chambles propose le prêt de livres en lien avec internet, des animations notamment avant les vacances de noel autour de veillées lecture avec le foyer rural ainsi qu'un bibliobus."
        ],
        "es": [
          "La biblioteca de Chambles ofrece el préstamo de libros conectados a Internet, actividades, sobre todo antes de las vacaciones de Navidad, en torno a las tardes de lectura con el Foyer Rural y una biblioteca móvil."
        ],
        "nl": [
          "De bibliotheek van Chambles biedt de uitleen van boeken gekoppeld aan het internet, activiteiten, vooral voor de kerstvakantie, rond voorleesavonden met de Foyer Rural en een mobiele bibliotheek."
        ]
      }
    }
  ],
  "hasTranslatedProperty": [
    {
      "@id": "https://data.datatourisme.fr/0b6377ac-f52e-365c-88e2-887d743bdd34",
      "dc:contributor": [
        "https://api.deepl.com/v2/translate"
      ],
      "rdf:language": [
        "de"
      ],
      "rdf:predicate": [
        {
          "@id": "rdfs:comment"
        }
      ]
    },
    {
      "@id": "https://data.datatourisme.fr/4431b153-102d-38a3-9bc4-6fb960107304",
      "dc:contributor": [
        "https://api.deepl.com/v2/translate"
      ],
      "rdf:language": [
        "es"
      ],
      "rdf:predicate": [
        {
          "@id": "rdfs:comment"
        }
      ]
    },
    {
      "@id": "https://data.datatourisme.fr/b5f8a6fb-1e8e-3114-b34c-d1d5c06347a1",
      "dc:contributor": [
        "https://api.deepl.com/v2/translate"
      ],
      "rdf:language": [
        "en"
      ],
      "rdf:predicate": [
        {
          "@id": "rdfs:comment"
        }
      ]
    },
    {
      "@id": "https://data.datatourisme.fr/c5762d16-d100-3a64-b3ed-e1cb48683308",
      "dc:contributor": [
        "https://api.deepl.com/v2/translate"
      ],
      "rdf:language": [
        "nl"
      ],
      "rdf:predicate": [
        {
          "@id": "rdfs:comment"
        }
      ]
    },
    {
      "@id": "https://data.datatourisme.fr/f7978f85-438d-3820-a49a-b479213fea1d",
      "dc:contributor": [
        "https://api.deepl.com/v2/translate"
      ],
      "rdf:language": [
        "it"
      ],
      "rdf:predicate": [
        {
          "@id": "rdfs:comment"
        }
      ]
    }
  ],
  "isLocatedAt": [
    {
      "@id": "https://data.datatourisme.fr/7ed903bf-2c2a-38dc-b2c1-0d4b141b8f41",
      "schema:address": [
        {
          "@id": "https://data.datatourisme.fr/141d7c59-f2b7-3e54-96e2-f24838ea5077",
          "schema:addressLocality": "Chambles",
          "schema:postalCode": "42170",
          "schema:streetAddress": [
            "le bourg"
          ],
          "@type": [
            "schema:PostalAddress",
            "PostalAddress"
          ],
          "hasAddressCity": {
            "@id": "kb:42042",
            "@type": [
              "City"
            ],
            "rdfs:label": {
              "de": [
                "Chambles"
              ],
              "pt": [
                "Chambles"
              ],
              "en": [
                "Chambles"
              ],
              "it": [
                "Chambles"
              ],
              "fr": [
                "Chambles"
              ],
              "nl": [
                "Chambles"
              ],
              "es": [
                "Chambles"
              ]
            },
            "insee": "42042",
            "isPartOfDepartment": {
              "@id": "kb:France8442",
              "@type": [
                "Department"
              ],
              "rdfs:label": {
                "de": [
                  "Loire"
                ],
                "pt": [
                  "Loire"
                ],
                "en": [
                  "Loire"
                ],
                "it": [
                  "Loire"
                ],
                "fr": [
                  "Loire"
                ],
                "nl": [
                  "Loire"
                ],
                "es": [
                  "Loire"
                ]
              },
              "insee": "42",
              "isPartOfRegion": {
                "@id": "kb:France84",
                "@type": [
                  "Region"
                ],
                "rdfs:label": {
                  "de": [
                    "Auvergne-Rhône-Alpes"
                  ],
                  "pt": [
                    "Auvergne-Rhône-Alpes"
                  ],
                  "en": [
                    "Auvergne-Rhône-Alpes"
                  ],
                  "it": [
                    "Auvergne-Rhône-Alpes"
                  ],
                  "fr": [
                    "Auvergne-Rhône-Alpes"
                  ],
                  "nl": [
                    "Auvergne-Rhône-Alpes"
                  ],
                  "es": [
                    "Auvergne-Rhône-Alpes"
                  ]
                },
                "insee": "84",
                "isPartOfCountry": {
                  "@id": "kb:France",
                  "@type": [
                    "schema:Country"
                  ],
                  "rdfs:label": {
                    "de": [
                      "France",
                      "Frankreich"
                    ],
                    "pt": [
                      "França",
                      "France"
                    ],
                    "en": [
                      "France"
                    ],
                    "it": [
                      "France",
                      "Francia"
                    ],
                    "fr": [
                      "France"
                    ],
                    "nl": [
                      "France",
                      "Frankrijk"
                    ],
                    "es": [
                      "France",
                      "Francia"
                    ]
                  }
                }
              }
            }
          }
        }
      ],
      "schema:geo": {
        "@id": "https://data.datatourisme.fr/d9bd36b3-5c67-30b3-aefa-e3ef2ba69668",
        "schema:elevation": "629",
        "schema:latitude": "45.442375",
        "schema:longitude": "4.240153",
        "@type": [
          "schema:GeoCoordinates"
        ]
      },
      "schema:openingHoursSpecification": [
        {
          "@id": "https://data.datatourisme.fr/621ecdf5-cc67-33d6-8bf3-8a1dfd0c2155",
          "schema:closes": "12:00:00",
          "schema:opens": "10:00:00",
          "schema:validFrom": "2023-01-01T00:00:00",
          "schema:validThrough": "2023-12-31T23:59:59",
          "@type": [
            "schema:OpeningHoursSpecification"
          ]
        }
      ],
      "@type": [
        "schema:Place",
        "Place"
      ]
    }
  ],
  "isOwnedBy": [
    {
      "@id": "https://data.datatourisme.fr/6c0a7f59-a9b5-3223-8f15-793657fbfab6",
      "schema:email": [
        "coralie@loireforez.com",
        "gaelle@loireforez.com",
        "michael@loireforez.com",
        "sandrine@loireforez.com",
        "valerie@loireforez.com"
      ],
      "schema:legalName": "Office de Tourisme Loire Forez",
      "@type": [
        "schema:Organization",
        "foaf:Agent",
        "Agent"
      ],
      "foaf:homepage": [
        "http://rendezvousenforez.com/"
      ]
    }
  ],
  "lastUpdate": "2015-03-26",
  "lastUpdateDatatourisme": "2023-06-12T05:48:54.456Z"
}