{
  "@id": "https://data.datatourisme.fr/13/00fa1a3d-57d6-3cdc-a5ea-dbff0d1cab58",
  "dc:identifier": "6253458",
  "@type": [
    "PlaceOfInterest",
    "PointOfInterest",
    "SportsAndLeisurePlace"
  ],
  "rdfs:comment": {
    "de": [
      "Sportkomplex in Brioude, erfüllt die Bedürfnisse von Mannschaftssportarten in der Halle (Handball, Basketball, Volleyball und Behindertensport), insbesondere für Schulen und Vereine."
    ],
    "en": [
      "Brioude sports complex, meets the needs of team sports indoors (handball, basketball, volleyball and handisport), especially for schools and clubs."
    ],
    "it": [
      "Il complesso sportivo di Brioude risponde alle esigenze degli sport di squadra indoor (pallamano, pallacanestro, pallavolo e sport manuali), in particolare per le scuole e i club."
    ],
    "fr": [
      "Complexe sportif de Brioude, répond aux besoins des sports collectifs en salle (hand-ball, basket-ball, volley-ball et handisport), notamment pour les scolaires et les clubs."
    ],
    "nl": [
      "Het sportcomplex van Brioude voorziet in de behoeften van indoor teamsporten (handbal, basketbal, volleybal en handisport), met name voor scholen en verenigingen."
    ],
    "es": [
      "El complejo deportivo de Brioude responde a las necesidades de los deportes de equipo de interior (balonmano, baloncesto, voleibol y deporte de mano), especialmente para las escuelas y los clubes."
    ]
  },
  "rdfs:label": {
    "fr": [
      "Halle aux Sports"
    ]
  },
  "hasBeenCreatedBy": {
    "@id": "https://data.datatourisme.fr/13/9aa42b31-882e-3039-965f-3c4923ce901b",
    "dc:identifier": "1421",
    "schema:email": [
      "fmeunier@ot-brioude.fr",
      "tourisme@brioudesudauvergne.fr"
    ],
    "schema:legalName": "Office de Tourisme Brioude Sud-Auvergne",
    "@type": [
      "schema:Organization",
      "foaf:Agent",
      "Agent"
    ],
    "foaf:homepage": [
      "http://www.tourisme-brioudesudauvergne.fr/"
    ]
  },
  "hasBeenPublishedBy": [
    {
      "@id": "https://data.datatourisme.fr/36ac2aa2-25d7-341e-b68a-2e78c6066065",
      "schema:legalName": "Maison du Tourisme de la Haute-Loire - source : Apidae Tourisme",
      "@type": [
        "schema:Organization",
        "foaf:Agent",
        "Agent"
      ],
      "foaf:homepage": [
        "https://www.apidae-tourisme.com/"
      ]
    }
  ],
  "hasContact": [
    {
      "@id": "https://data.datatourisme.fr/e042314b-18d7-3d45-af39-ee1e05e01544",
      "schema:email": [
        "halledessportsbrioude@orange.fr"
      ],
      "schema:telephone": [
        "+33 4 71 76 91 29"
      ],
      "@type": [
        "foaf:Agent",
        "Agent"
      ]
    }
  ],
  "hasDescription": [
    {
      "@id": "https://data.datatourisme.fr/f236cd09-0ee8-3142-9100-2fa94dbfeac5",
      "@type": [
        "Description"
      ],
      "hasTranslatedProperty": [
        {
          "@id": "https://data.datatourisme.fr/3b54bfae-80eb-3fb2-b9b1-50b0311c2ddf",
          "dc:contributor": [
            "https://api.deepl.com/v2/translate"
          ],
          "rdf:language": [
            "nl"
          ],
          "rdf:predicate": [
            "shortDescription"
          ]
        },
        {
          "@id": "https://data.datatourisme.fr/5de9d7ed-14f5-3300-bf29-e5b7d4f08ad5",
          "dc:contributor": [
            "https://api.deepl.com/v2/translate"
          ],
          "rdf:language": [
            "it"
          ],
          "rdf:predicate": [
            "shortDescription"
          ]
        },
        {
          "@id": "https://data.datatourisme.fr/6a95acf1-20c3-3bbc-932f-95beda41328d",
          "dc:contributor": [
            "https://api.deepl.com/v2/translate"
          ],
          "rdf:language": [
            "de"
          ],
          "rdf:predicate": [
            "shortDescription"
          ]
        },
        {
          "@id": "https://data.datatourisme.fr/cf97a94f-392d-3533-92ae-2641f9bb18fd",
          "dc:contributor": [
            "https://api.deepl.com/v2/translate"
          ],
          "rdf:language": [
            "es"
          ],
          "rdf:predicate": [
            "shortDescription"
          ]
        },
        {
          "@id": "https://data.datatourisme.fr/e96f6074-9b91-3325-8b14-4350106624fb",
          "dc:contributor": [
            "https://api.deepl.com/v2/translate"
          ],
          "rdf:language": [
            "en"
          ],
          "rdf:predicate": [
            "shortDescription"
          ]
        }
      ],
      "shortDescription": {
        "de": [
          "Sportkomplex in Brioude, erfüllt die Bedürfnisse von Mannschaftssportarten in der Halle (Handball, Basketball, Volleyball und Behindertensport), insbesondere für Schulen und Vereine."
        ],
        "en": [
          "Brioude sports complex, meets the needs of team sports indoors (handball, basketball, volleyball and handisport), especially for schools and clubs."
        ],
        "it": [
          "Il complesso sportivo di Brioude risponde alle esigenze degli sport di squadra indoor (pallamano, pallacanestro, pallavolo e sport manuali), in particolare per le scuole e i club."
        ],
        "fr": [
          "Complexe sportif de Brioude, répond aux besoins des sports collectifs en salle (hand-ball, basket-ball, volley-ball et handisport), notamment pour les scolaires et les clubs."
        ],
        "nl": [
          "Het sportcomplex van Brioude voorziet in de behoeften van indoor teamsporten (handbal, basketbal, volleybal en handisport), met name voor scholen en verenigingen."
        ],
        "es": [
          "El complejo deportivo de Brioude responde a las necesidades de los deportes de equipo de interior (balonmano, baloncesto, voleibol y deporte de mano), especialmente para las escuelas y los clubes."
        ]
      }
    }
  ],
  "hasTranslatedProperty": [
    {
      "@id": "https://data.datatourisme.fr/4f22813e-9a5c-34ca-8f35-bd1288fb4b9a",
      "dc:contributor": [
        "https://api.deepl.com/v2/translate"
      ],
      "rdf:language": [
        "es"
      ],
      "rdf:predicate": [
        {
          "@id": "rdfs:comment"
        }
      ]
    },
    {
      "@id": "https://data.datatourisme.fr/5cdb060e-d7b4-3015-ab2d-82914975f77a",
      "dc:contributor": [
        "https://api.deepl.com/v2/translate"
      ],
      "rdf:language": [
        "nl"
      ],
      "rdf:predicate": [
        {
          "@id": "rdfs:comment"
        }
      ]
    },
    {
      "@id": "https://data.datatourisme.fr/73ceea89-b2fe-3ae4-91b0-d39e77414e58",
      "dc:contributor": [
        "https://api.deepl.com/v2/translate"
      ],
      "rdf:language": [
        "de"
      ],
      "rdf:predicate": [
        {
          "@id": "rdfs:comment"
        }
      ]
    },
    {
      "@id": "https://data.datatourisme.fr/9061e900-3236-3975-9df5-db8d44f6560e",
      "dc:contributor": [
        "https://api.deepl.com/v2/translate"
      ],
      "rdf:language": [
        "en"
      ],
      "rdf:predicate": [
        {
          "@id": "rdfs:comment"
        }
      ]
    },
    {
      "@id": "https://data.datatourisme.fr/c5db10ca-8325-3424-a784-6b290512f4a9",
      "dc:contributor": [
        "https://api.deepl.com/v2/translate"
      ],
      "rdf:language": [
        "it"
      ],
      "rdf:predicate": [
        {
          "@id": "rdfs:comment"
        }
      ]
    }
  ],
  "isLocatedAt": [
    {
      "@id": "https://data.datatourisme.fr/bed0c62f-b897-3752-b98a-025355576a4f",
      "schema:address": [
        {
          "@id": "https://data.datatourisme.fr/40466c55-ddf8-36be-b19f-6da73951c7af",
          "schema:addressLocality": "Brioude",
          "schema:postalCode": "43100",
          "schema:streetAddress": [
            "Halle aux Sports",
            "Rue Pierre Mendès-France"
          ],
          "@type": [
            "schema:PostalAddress",
            "PostalAddress"
          ],
          "hasAddressCity": {
            "@id": "kb:43040",
            "@type": [
              "City"
            ],
            "rdfs:label": {
              "de": [
                "Brioude"
              ],
              "pt": [
                "Brioude"
              ],
              "en": [
                "Brioude"
              ],
              "it": [
                "Brioude"
              ],
              "fr": [
                "Brioude"
              ],
              "nl": [
                "Brioude"
              ],
              "es": [
                "Brioude"
              ]
            },
            "insee": "43040",
            "isPartOfDepartment": {
              "@id": "kb:France8443",
              "@type": [
                "Department"
              ],
              "rdfs:label": {
                "de": [
                  "Haute-Loire"
                ],
                "pt": [
                  "Haute-Loire"
                ],
                "en": [
                  "Haute-Loire"
                ],
                "it": [
                  "Haute-Loire"
                ],
                "fr": [
                  "Haute-Loire"
                ],
                "nl": [
                  "Haute-Loire"
                ],
                "es": [
                  "Haute-Loire"
                ]
              },
              "insee": "43",
              "isPartOfRegion": {
                "@id": "kb:France84",
                "@type": [
                  "Region"
                ],
                "rdfs:label": {
                  "de": [
                    "Auvergne-Rhône-Alpes"
                  ],
                  "pt": [
                    "Auvergne-Rhône-Alpes"
                  ],
                  "en": [
                    "Auvergne-Rhône-Alpes"
                  ],
                  "it": [
                    "Auvergne-Rhône-Alpes"
                  ],
                  "fr": [
                    "Auvergne-Rhône-Alpes"
                  ],
                  "nl": [
                    "Auvergne-Rhône-Alpes"
                  ],
                  "es": [
                    "Auvergne-Rhône-Alpes"
                  ]
                },
                "insee": "84",
                "isPartOfCountry": {
                  "@id": "kb:France",
                  "@type": [
                    "schema:Country"
                  ],
                  "rdfs:label": {
                    "de": [
                      "France",
                      "Frankreich"
                    ],
                    "pt": [
                      "França",
                      "France"
                    ],
                    "en": [
                      "France"
                    ],
                    "it": [
                      "France",
                      "Francia"
                    ],
                    "fr": [
                      "France"
                    ],
                    "nl": [
                      "France",
                      "Frankrijk"
                    ],
                    "es": [
                      "France",
                      "Francia"
                    ]
                  }
                }
              }
            }
          }
        }
      ],
      "schema:geo": {
        "@id": "https://data.datatourisme.fr/acb49f82-2fe6-3e34-b8fb-42424b421f8b",
        "schema:latitude": "45.295971",
        "schema:longitude": "3.390437",
        "@type": [
          "schema:GeoCoordinates"
        ]
      },
      "schema:openingHoursSpecification": [
        {
          "@id": "https://data.datatourisme.fr/07d6c882-1160-3cfe-ac0d-0b8b481b4221",
          "schema:validFrom": "2023-01-02T00:00:00",
          "schema:validThrough": "2023-12-31T23:59:59",
          "@type": [
            "schema:OpeningHoursSpecification"
          ],
          "additionalInformation": {
            "de": [
              "Öffnung nach Sportbegegnungen"
            ],
            "en": [
              "Opening following the sports meetings"
            ],
            "it": [
              "Apertura a seguito di eventi sportivi"
            ],
            "fr": [
              "Ouverture suivant les rencontres sportives"
            ],
            "nl": [
              "Opening na sportevenementen"
            ],
            "es": [
              "Apertura tras acontecimientos deportivos"
            ]
          },
          "hasTranslatedProperty": [
            {
              "@id": "https://data.datatourisme.fr/1777b66d-5116-35ee-9d2f-7f8bfbb16fae",
              "dc:contributor": [
                "https://api.deepl.com/v2/translate"
              ],
              "rdf:language": [
                "nl"
              ],
              "rdf:predicate": [
                "additionalInformation"
              ]
            },
            {
              "@id": "https://data.datatourisme.fr/8181072f-8c94-337d-a699-d36f3f5f4c46",
              "dc:contributor": [
                "https://api.deepl.com/v2/translate"
              ],
              "rdf:language": [
                "es"
              ],
              "rdf:predicate": [
                "additionalInformation"
              ]
            },
            {
              "@id": "https://data.datatourisme.fr/8846c76d-dbb3-3dac-b329-9553d1ccab5e",
              "dc:contributor": [
                "https://api.deepl.com/v2/translate"
              ],
              "rdf:language": [
                "it"
              ],
              "rdf:predicate": [
                "additionalInformation"
              ]
            },
            {
              "@id": "https://data.datatourisme.fr/cb0f5b59-cefe-3de1-803f-631951dea461",
              "dc:contributor": [
                "https://api.deepl.com/v2/translate"
              ],
              "rdf:language": [
                "de"
              ],
              "rdf:predicate": [
                "additionalInformation"
              ]
            },
            {
              "@id": "https://data.datatourisme.fr/cb581ca6-ebd4-3730-b292-4b531c0288f6",
              "dc:contributor": [
                "https://api.deepl.com/v2/translate"
              ],
              "rdf:language": [
                "en"
              ],
              "rdf:predicate": [
                "additionalInformation"
              ]
            }
          ]
        }
      ],
      "@type": [
        "schema:Place",
        "Place"
      ]
    }
  ],
  "isOwnedBy": [
    {
      "@id": "https://data.datatourisme.fr/a52e22c7-64d7-3265-bf22-7650893b4fa3",
      "schema:email": [
        "fmeunier@ot-brioude.fr",
        "tourisme@brioudesudauvergne.fr"
      ],
      "schema:legalName": "Office de Tourisme Brioude Sud-Auvergne",
      "@type": [
        "schema:Organization",
        "foaf:Agent",
        "Agent"
      ],
      "foaf:homepage": [
        "http://www.tourisme-brioudesudauvergne.fr/"
      ]
    }
  ],
  "lastUpdate": "2023-01-04",
  "lastUpdateDatatourisme": "2023-02-01T18:07:36.086Z"
}