{
  "@id": "https://data.datatourisme.fr/13/00f338d7-e176-30fd-ae24-abe0508fd5ac",
  "dc:identifier": "109966",
  "schema:endDate": [
    "2023-12-31"
  ],
  "schema:startDate": [
    "2023-11-10"
  ],
  "@type": [
    "schema:Event",
    "schema:SaleEvent",
    "EntertainmentAndEvent",
    "Market",
    "PointOfInterest",
    "SaleEvent"
  ],
  "rdfs:comment": {
    "de": [
      "Markt für Fertigwaren und Lebensmittel."
    ],
    "en": [
      "Manufactured goods and food market."
    ],
    "it": [
      "Mercato dei manufatti e degli alimenti."
    ],
    "fr": [
      "Marché de produits manufacturés et alimentaires."
    ],
    "es": [
      "Mercado de productos manufacturados y alimentos."
    ],
    "nl": [
      "Markt voor industrieproducten en voedsel."
    ]
  },
  "rdfs:label": {
    "fr": [
      "Marché de Bellevue"
    ]
  },
  "hasBeenCreatedBy": {
    "@id": "https://data.datatourisme.fr/13/9b04d152-845e-30a3-b839-4003c96da594",
    "dc:identifier": "231",
    "schema:email": [
      "a.roy@saint-etiennetourisme.com",
      "b.faure@saint-etiennetourisme.com",
      "c.valour@saint-etiennetourisme.com",
      "chartreuse@saintecroixenjarez.com",
      "e.larue@saint-etiennetourisme.com",
      "j.faury@saint-etiennetourisme.com",
      "ml.romeyer@saint-etiennetourisme.com",
      "p.royon@saint-etiennetourisme.com",
      "t.zoulfa@saint-etiennetourisme.com"
    ],
    "schema:legalName": "Saint-Etienne Tourisme et Congrès",
    "@type": [
      "schema:Organization",
      "foaf:Agent",
      "Agent"
    ],
    "foaf:homepage": [
      "https://www.saint-etienne-hors-cadre.fr/"
    ]
  },
  "hasBeenPublishedBy": [
    {
      "@id": "https://data.datatourisme.fr/8a9feb4b-2cbd-3d2c-b507-bd6c6776b23b",
      "schema:legalName": "Apidae Tourisme Scic SA - source : Apidae Tourisme",
      "@type": [
        "schema:Organization",
        "foaf:Agent",
        "Agent"
      ],
      "foaf:homepage": [
        "https://www.apidae-tourisme.com/"
      ]
    }
  ],
  "hasContact": [
    {
      "@id": "https://data.datatourisme.fr/9859af88-0c85-35dc-8b10-365c12c3266f",
      "schema:telephone": [
        "+33 4 77 48 77 48"
      ],
      "@type": [
        "foaf:Agent",
        "Agent"
      ]
    }
  ],
  "hasDescription": [
    {
      "@id": "https://data.datatourisme.fr/3a49fed5-f121-3540-8288-ebeaa2583255",
      "@type": [
        "Description"
      ],
      "hasTranslatedProperty": [
        {
          "@id": "https://data.datatourisme.fr/207613e3-bb83-3907-a83b-2c2b96d75e72",
          "dc:contributor": [
            "https://api.deepl.com/v2/translate"
          ],
          "rdf:language": [
            "de"
          ],
          "rdf:predicate": [
            "shortDescription"
          ]
        },
        {
          "@id": "https://data.datatourisme.fr/73fe1347-2434-3326-a9ac-133c0a7a0148",
          "dc:contributor": [
            "https://api.deepl.com/v2/translate"
          ],
          "rdf:language": [
            "es"
          ],
          "rdf:predicate": [
            "shortDescription"
          ]
        },
        {
          "@id": "https://data.datatourisme.fr/aacf9baf-f239-38b4-87dd-f56215b7e15b",
          "dc:contributor": [
            "https://api.deepl.com/v2/translate"
          ],
          "rdf:language": [
            "en"
          ],
          "rdf:predicate": [
            "shortDescription"
          ]
        },
        {
          "@id": "https://data.datatourisme.fr/b82abedc-cff0-37c5-9275-99ec68a8d132",
          "dc:contributor": [
            "https://api.deepl.com/v2/translate"
          ],
          "rdf:language": [
            "it"
          ],
          "rdf:predicate": [
            "shortDescription"
          ]
        },
        {
          "@id": "https://data.datatourisme.fr/b93b3fba-59f5-3398-9bdd-a83cd27fa69d",
          "dc:contributor": [
            "https://api.deepl.com/v2/translate"
          ],
          "rdf:language": [
            "nl"
          ],
          "rdf:predicate": [
            "shortDescription"
          ]
        }
      ],
      "shortDescription": {
        "de": [
          "Markt für Fertigwaren und Lebensmittel."
        ],
        "en": [
          "Manufactured goods and food market."
        ],
        "it": [
          "Mercato dei manufatti e degli alimenti."
        ],
        "fr": [
          "Marché de produits manufacturés et alimentaires."
        ],
        "es": [
          "Mercado de productos manufacturados y alimentos."
        ],
        "nl": [
          "Markt voor industrieproducten en voedsel."
        ]
      }
    }
  ],
  "hasTranslatedProperty": [
    {
      "@id": "https://data.datatourisme.fr/1f285910-2096-325f-adb5-48fb95df4ba8",
      "dc:contributor": [
        "https://api.deepl.com/v2/translate"
      ],
      "rdf:language": [
        "it"
      ],
      "rdf:predicate": [
        {
          "@id": "rdfs:comment"
        }
      ]
    },
    {
      "@id": "https://data.datatourisme.fr/726b28f6-e1e6-3ad9-92f4-2f0e4b59aa06",
      "dc:contributor": [
        "https://api.deepl.com/v2/translate"
      ],
      "rdf:language": [
        "nl"
      ],
      "rdf:predicate": [
        {
          "@id": "rdfs:comment"
        }
      ]
    },
    {
      "@id": "https://data.datatourisme.fr/8e7f23db-60d0-32c2-a18e-59e3851a2bd4",
      "dc:contributor": [
        "https://api.deepl.com/v2/translate"
      ],
      "rdf:language": [
        "en"
      ],
      "rdf:predicate": [
        {
          "@id": "rdfs:comment"
        }
      ]
    },
    {
      "@id": "https://data.datatourisme.fr/a1ff3bd1-d4d2-3e2e-a248-fb4731b593a1",
      "dc:contributor": [
        "https://api.deepl.com/v2/translate"
      ],
      "rdf:language": [
        "de"
      ],
      "rdf:predicate": [
        {
          "@id": "rdfs:comment"
        }
      ]
    },
    {
      "@id": "https://data.datatourisme.fr/d04b67c5-b3b9-3bf7-9864-936e915c64f9",
      "dc:contributor": [
        "https://api.deepl.com/v2/translate"
      ],
      "rdf:language": [
        "es"
      ],
      "rdf:predicate": [
        {
          "@id": "rdfs:comment"
        }
      ]
    }
  ],
  "isLocatedAt": [
    {
      "@id": "https://data.datatourisme.fr/c17f9c0c-8a0c-34aa-8d88-cc1c2bd0080b",
      "schema:address": [
        {
          "@id": "https://data.datatourisme.fr/122dabab-2f42-3ab0-a7ca-8d89fa84c939",
          "schema:addressLocality": "Saint-Étienne",
          "schema:postalCode": "42000",
          "schema:streetAddress": [
            "Place Bellevue"
          ],
          "@type": [
            "schema:PostalAddress",
            "PostalAddress"
          ],
          "hasAddressCity": {
            "@id": "kb:42218",
            "@type": [
              "City"
            ],
            "rdfs:label": {
              "de": [
                "Saint-Étienne"
              ],
              "pt": [
                "Saint-Étienne"
              ],
              "en": [
                "Saint-Étienne"
              ],
              "it": [
                "Saint-Étienne"
              ],
              "fr": [
                "Saint-Étienne"
              ],
              "nl": [
                "Saint-Étienne"
              ],
              "es": [
                "Saint-Étienne"
              ]
            },
            "insee": "42218",
            "isPartOfDepartment": {
              "@id": "kb:France8442",
              "@type": [
                "Department"
              ],
              "rdfs:label": {
                "de": [
                  "Loire"
                ],
                "pt": [
                  "Loire"
                ],
                "en": [
                  "Loire"
                ],
                "it": [
                  "Loire"
                ],
                "fr": [
                  "Loire"
                ],
                "nl": [
                  "Loire"
                ],
                "es": [
                  "Loire"
                ]
              },
              "insee": "42",
              "isPartOfRegion": {
                "@id": "kb:France84",
                "@type": [
                  "Region"
                ],
                "rdfs:label": {
                  "de": [
                    "Auvergne-Rhône-Alpes"
                  ],
                  "pt": [
                    "Auvergne-Rhône-Alpes"
                  ],
                  "en": [
                    "Auvergne-Rhône-Alpes"
                  ],
                  "it": [
                    "Auvergne-Rhône-Alpes"
                  ],
                  "fr": [
                    "Auvergne-Rhône-Alpes"
                  ],
                  "nl": [
                    "Auvergne-Rhône-Alpes"
                  ],
                  "es": [
                    "Auvergne-Rhône-Alpes"
                  ]
                },
                "insee": "84",
                "isPartOfCountry": {
                  "@id": "kb:France",
                  "@type": [
                    "schema:Country"
                  ],
                  "rdfs:label": {
                    "de": [
                      "France",
                      "Frankreich"
                    ],
                    "pt": [
                      "França",
                      "France"
                    ],
                    "en": [
                      "France"
                    ],
                    "it": [
                      "France",
                      "Francia"
                    ],
                    "fr": [
                      "France"
                    ],
                    "nl": [
                      "France",
                      "Frankrijk"
                    ],
                    "es": [
                      "France",
                      "Francia"
                    ]
                  }
                }
              }
            }
          }
        }
      ],
      "schema:geo": {
        "@id": "https://data.datatourisme.fr/2bafccab-c150-3f8e-a1d7-6e0e8e9b8d03",
        "schema:latitude": "45.416207",
        "schema:longitude": "4.393805",
        "@type": [
          "schema:GeoCoordinates"
        ]
      },
      "schema:openingHoursSpecification": [
        {
          "@id": "https://data.datatourisme.fr/9d89f6a1-ad89-3843-b9e7-cff35dbff949",
          "schema:closes": "13:00:00",
          "schema:opens": "06:00:00",
          "schema:validFrom": "2023-11-10T00:00:00",
          "schema:validThrough": "2023-12-31T23:59:59",
          "@type": [
            "schema:OpeningHoursSpecification"
          ]
        }
      ],
      "@type": [
        "schema:Place",
        "Place"
      ]
    }
  ],
  "isOwnedBy": [
    {
      "@id": "https://data.datatourisme.fr/51163ded-c81a-3049-8c1f-c312e3b6baa3",
      "schema:email": [
        "a.roy@saint-etiennetourisme.com",
        "b.faure@saint-etiennetourisme.com",
        "c.valour@saint-etiennetourisme.com",
        "chartreuse@saintecroixenjarez.com",
        "e.larue@saint-etiennetourisme.com",
        "j.faury@saint-etiennetourisme.com",
        "ml.romeyer@saint-etiennetourisme.com",
        "p.royon@saint-etiennetourisme.com",
        "t.zoulfa@saint-etiennetourisme.com"
      ],
      "schema:legalName": "Saint-Etienne Tourisme et Congrès",
      "@type": [
        "schema:Organization",
        "foaf:Agent",
        "Agent"
      ],
      "foaf:homepage": [
        "https://www.saint-etienne-hors-cadre.fr/"
      ]
    }
  ],
  "lastUpdate": "2021-12-29",
  "lastUpdateDatatourisme": "2023-02-01T18:07:35.954Z",
  "takesPlaceAt": [
    {
      "@id": "https://data.datatourisme.fr/e1411ddf-2aa8-3b10-bcb9-6abf65e7717b",
      "@type": [
        "Period",
        "RecurrentPeriod"
      ],
      "appliesOnDay": [
        {
          "@id": "schema:Sunday",
          "@type": [
            "schema:DayOfWeek"
          ],
          "rdfs:label": {
            "de": [
              "Sonntag"
            ],
            "pt": [
              "Domingo"
            ],
            "en": [
              "Sunday"
            ],
            "it": [
              "Domenica"
            ],
            "fr": [
              "Dimanche"
            ],
            "nl": [
              "Zondag"
            ],
            "es": [
              "Domingo"
            ]
          }
        },
        {
          "@id": "schema:Thursday",
          "@type": [
            "schema:DayOfWeek"
          ],
          "rdfs:label": {
            "de": [
              "Donnerstag"
            ],
            "pt": [
              "Quinta-feira"
            ],
            "en": [
              "Thursday"
            ],
            "it": [
              "Giovedì"
            ],
            "fr": [
              "Jeudi"
            ],
            "es": [
              "Jueves"
            ],
            "nl": [
              "Donderdag"
            ]
          }
        },
        {
          "@id": "schema:Tuesday",
          "@type": [
            "schema:DayOfWeek"
          ],
          "rdfs:label": {
            "de": [
              "Dienstag"
            ],
            "pt": [
              "Terça-feira"
            ],
            "en": [
              "Tuesday"
            ],
            "it": [
              "Martedì"
            ],
            "fr": [
              "Mardi"
            ],
            "es": [
              "Martes"
            ],
            "nl": [
              "Dinsdag"
            ]
          }
        }
      ],
      "endDate": "2023-12-31",
      "endTime": "13:00:00",
      "startDate": "2023-11-10",
      "startTime": "06:00:00"
    }
  ]
}