{
  "@id": "https://data.datatourisme.fr/14/005d3d22-fd7a-32a2-8a9b-f06b7359a027",
  "dc:identifier": "57674",
  "@type": [
    "CulturalSite",
    "PlaceOfInterest",
    "PointOfInterest"
  ],
  "rdfs:label": {
    "fr": [
      "CHÂTEAU DE CREMINIL"
    ]
  },
  "owl:sameAs": [
    "http://www.wikidata.org/entity/Q2519490"
  ],
  "hasBeenCreatedBy": {
    "@id": "https://data.datatourisme.fr/13bf9c01-ddfc-34da-b05d-64a7fbd4b53e",
    "schema:email": [
      "datatourisme62@gmail.com"
    ],
    "schema:legalName": "Pas-de-Calais Tourisme",
    "@type": [
      "schema:Organization",
      "foaf:Agent",
      "Agent"
    ],
    "foaf:homepage": [
      "http://www.datatourisme62.com/"
    ]
  },
  "hasBeenPublishedBy": [
    {
      "@id": "https://data.datatourisme.fr/13bf9c01-ddfc-34da-b05d-64a7fbd4b53e",
      "schema:email": [
        "datatourisme62@gmail.com"
      ],
      "schema:legalName": "Pas-de-Calais Tourisme",
      "@type": [
        "schema:Organization",
        "foaf:Agent",
        "Agent"
      ],
      "foaf:homepage": [
        "http://www.datatourisme62.com/"
      ]
    }
  ],
  "hasContact": [
    {
      "@id": "https://data.datatourisme.fr/9ca19741-e553-3163-ba19-2362a0c19428",
      "schema:address": [
        {
          "@id": "https://data.datatourisme.fr/f51a0e52-e1d7-36eb-aee7-70ea4f2498fe",
          "schema:addressLocality": "Estrée-Blanche",
          "schema:postalCode": "62145",
          "@type": [
            "schema:PostalAddress",
            "PostalAddress"
          ],
          "hasAddressCity": {
            "@id": "kb:62313",
            "@type": [
              "City"
            ],
            "rdfs:label": {
              "de": [
                "Estrée-Blanche"
              ],
              "pt": [
                "Estrée-Blanche"
              ],
              "en": [
                "Estrée-Blanche"
              ],
              "it": [
                "Estrée-Blanche"
              ],
              "fr": [
                "Estrée-Blanche"
              ],
              "nl": [
                "Estrée-Blanche"
              ],
              "es": [
                "Estrée-Blanche"
              ]
            },
            "insee": "62313",
            "isPartOfDepartment": {
              "@id": "kb:France3262",
              "@type": [
                "Department"
              ],
              "rdfs:label": {
                "de": [
                  "Pas-de-Calais"
                ],
                "pt": [
                  "Pas-de-Calais"
                ],
                "en": [
                  "Pas-de-Calais"
                ],
                "it": [
                  "Pas-de-Calais"
                ],
                "fr": [
                  "Pas-de-Calais"
                ],
                "nl": [
                  "Pas-de-Calais"
                ],
                "es": [
                  "Pas-de-Calais"
                ]
              },
              "insee": "62",
              "isPartOfRegion": {
                "@id": "kb:France32",
                "@type": [
                  "Region"
                ],
                "rdfs:label": {
                  "de": [
                    "Hauts-de-France"
                  ],
                  "pt": [
                    "Hauts-de-France"
                  ],
                  "en": [
                    "Hauts-de-France"
                  ],
                  "it": [
                    "Hauts-de-France"
                  ],
                  "fr": [
                    "Hauts-de-France"
                  ],
                  "nl": [
                    "Hauts-de-France"
                  ],
                  "es": [
                    "Hauts-de-France"
                  ]
                },
                "insee": "32",
                "isPartOfCountry": {
                  "@id": "kb:France",
                  "@type": [
                    "schema:Country"
                  ],
                  "rdfs:label": {
                    "de": [
                      "France",
                      "Frankreich"
                    ],
                    "pt": [
                      "França",
                      "France"
                    ],
                    "en": [
                      "France"
                    ],
                    "it": [
                      "France",
                      "Francia"
                    ],
                    "fr": [
                      "France"
                    ],
                    "nl": [
                      "France",
                      "Frankrijk"
                    ],
                    "es": [
                      "France",
                      "Francia"
                    ]
                  }
                }
              }
            }
          }
        }
      ],
      "schema:email": [
        "amis.chateau.creminil@wanadoo.fr"
      ],
      "schema:legalName": "CHÂTEAU DE CREMINIL",
      "schema:telephone": [
        "+33 6 75 87 65 92"
      ],
      "@type": [
        "schema:Organization",
        "foaf:Agent",
        "Agent"
      ]
    }
  ],
  "hasDescription": [
    {
      "@id": "https://data.datatourisme.fr/f2fabbaa-7236-3f87-9f28-9b0f8d4d5726",
      "dc:description": {
        "de": [
          "Entdecken Sie das Schloss Céminil, ein bemerkenswertes Beispiel für die Architektur des 15. Jahrhunderts mit seinen von Türmen getrennten Kurtinen, die von Bogenschützen und Kurtinen durchbrochen sind, seinen Wassergräben und seiner Zugbrücke.\nBesuchen Sie die Gärten der Burg und erfahren Sie mehr über das Leben im Mittelalter: Heil- und Gewürzpflanzen, Bouquetier-Garten, Gemüsegarten, Obstgarten und Garten der geheimen Pflanzen.\nDauer 2 Stunden, Führungen, Animation über das Mittelalter mit pädagogischem Begleitheft (Kindergarten, CE2, CM1/CM2, 5. Klasse)"
        ],
        "en": [
          "Discovery of the Céminil Castle, a remarkable example of the architecture of the 10th century with its curtain walls separated by towers, archways and couronnières, its moat and drawbridge.\nUnderstand life in the Middle Ages by visiting its gardens: Medicinal and condiment plants, flower garden, vegetable garden, orchard and garden of secret plants.\nDuration 2 hours, guided tours, animation on the Middle Ages with educational booklet (kindergarten, CE2, CM1/CM2, class of 5ème)"
        ],
        "it": [
          "Scoperta del castello di Céminil, notevole esempio di architettura del X secolo, con le sue cortine separate da torri, traforate da archi e cortine, il suo fossato e il ponte levatoio.\nPer capire la vita nel Medioevo, visitate i suoi giardini: piante medicinali e da condimento, giardino dei fiori, orto, frutteto e giardino delle piante segrete.\nDurata 2 ore, visite guidate, animazione sul Medioevo con libretto didattico (scuola materna, CE2, CM1/CM2, classe 5ème)"
        ],
        "fr": [
          "Découverte du Château de Céminil, un exemple remarquables de l'architecture du Xvème siècle avec ses courtines séparées par des tours, percées d'archères et de couronnières, ses douves, son pont-levis.\nComprendre la vie au Moyen-Age en visitant ses jardins : Plantes médicinales et condimentaires, jardin bouquetier, potager, verger et jardin des plantes secrètes.\nDurée 2 heures, visites guidées, animation sur le moyen âge avec livret pédagogique (maternelle, CE2, CM1/CM2, classe de 5ème)"
        ],
        "nl": [
          "Ontdekking van het kasteel van Céminil, een opmerkelijk voorbeeld van architectuur uit de 10e eeuw, met zijn door torens gescheiden gordijnmuren, doorboord door bogen en gordijnmuren, zijn slotgracht en ophaalbrug.\nBegrijp het leven in de Middeleeuwen door de tuinen te bezoeken: medicinale en kruidige planten, bloementuin, moestuin, boomgaard en tuin van geheime planten.\nDuur 2 uur, rondleidingen, animatie over de Middeleeuwen met educatief boekje (kleuterschool, CE2, CM1/CM2, klas van 5ème)"
        ],
        "es": [
          "Descubrimiento del castillo de Céminil, notable ejemplo de arquitectura del siglo X con sus muros de cortina separados por torres, perforados por arcos y muros de cortina, su foso y su puente levadizo.\nComprende la vida en la Edad Media visitando sus jardines: plantas medicinales y de condimento, jardín de flores, huerto, huerto y jardín de plantas secretas.\nDuración 2 horas, visitas guiadas, animación sobre la Edad Media con folleto didáctico (jardín de infancia, CE2, CM1/CM2, clase de 5ème)"
        ]
      },
      "@type": [
        "Description"
      ],
      "hasTranslatedProperty": [
        {
          "@id": "https://data.datatourisme.fr/263e9c48-ba4b-339d-ba25-93d3f520ef13",
          "dc:contributor": [
            "https://api.deepl.com/v2/translate"
          ],
          "rdf:language": [
            "es"
          ],
          "rdf:predicate": [
            {
              "@id": "dc:description"
            }
          ]
        },
        {
          "@id": "https://data.datatourisme.fr/26cda820-8c95-3d84-8cc3-19af5ccc7542",
          "dc:contributor": [
            "https://api.deepl.com/v2/translate"
          ],
          "rdf:language": [
            "it"
          ],
          "rdf:predicate": [
            {
              "@id": "dc:description"
            }
          ]
        },
        {
          "@id": "https://data.datatourisme.fr/3566f26a-fea7-36f4-a9df-08f2aa17f2ea",
          "dc:contributor": [
            "https://api.deepl.com/v2/translate"
          ],
          "rdf:language": [
            "nl"
          ],
          "rdf:predicate": [
            {
              "@id": "dc:description"
            }
          ]
        },
        {
          "@id": "https://data.datatourisme.fr/8e1bf88f-c895-304c-86b6-cdfd0e1165d9",
          "dc:contributor": [
            "https://api.deepl.com/v2/translate"
          ],
          "rdf:language": [
            "de"
          ],
          "rdf:predicate": [
            {
              "@id": "dc:description"
            }
          ]
        },
        {
          "@id": "https://data.datatourisme.fr/a359086e-ba21-3686-9695-912f881d78ae",
          "dc:contributor": [
            "https://api.deepl.com/v2/translate"
          ],
          "rdf:language": [
            "en"
          ],
          "rdf:predicate": [
            {
              "@id": "dc:description"
            }
          ]
        }
      ]
    }
  ],
  "hasRepresentation": [
    {
      "@id": "https://data.datatourisme.fr/a2652886-556f-36e1-b7b2-b4e7fd611e43",
      "ebucore:hasAnnotation": [
        {
          "@id": "https://data.datatourisme.fr/7b89a510-aab7-3614-be39-76c9e1543240",
          "ebucore:isCoveredBy": "CC-BY-SA-3.0",
          "ebucore:title": {
            "fr": [
              "Creminil2"
            ]
          },
          "@type": [
            "ebucore:Annotation"
          ],
          "credits": [
            "L’auteur n’a pas pu être identifié automatiquement. Il est supposé qu'il s'agit de : <a href=\"//commons.wikimedia.org/wiki/User:Pir6mon\" title=\"User:Pir6mon\">Pir6mon</a> (étant donné la revendication de droit d’auteur)."
          ]
        }
      ],
      "ebucore:hasRelatedResource": [
        {
          "@id": "https://data.datatourisme.fr/48006634-2da9-303d-8ab0-32973734e311",
          "ebucore:fileSize": [
            52218
          ],
          "ebucore:hasMimeType": [
            {
              "@id": "kb:JPEG",
              "@type": [
                "ebucore:MimeType"
              ],
              "rdfs:comment": {
                "de": [
                  "JPEG-Bild"
                ],
                "pt": [
                  "Imagem JPEG"
                ],
                "en": [
                  "JPEG image file"
                ],
                "it": [
                  "Immagine JPEG"
                ],
                "fr": [
                  "Image JPEG"
                ],
                "nl": [
                  "JPEG-afbeelding"
                ],
                "es": [
                  "Imagen JPEG"
                ]
              },
              "rdfs:label": {
                "de": [
                  "image/jpeg"
                ],
                "pt": [
                  "image/jpeg"
                ],
                "en": [
                  "image/jpeg"
                ],
                "it": [
                  "image/jpeg"
                ],
                "fr": [
                  "image/jpeg"
                ],
                "nl": [
                  "image/jpeg"
                ],
                "es": [
                  "image/jpeg"
                ]
              }
            }
          ],
          "ebucore:height": 500,
          "ebucore:locator": [
            "https://upload.wikimedia.org/wikipedia/commons/6/60/Creminil2.jpg"
          ],
          "ebucore:width": 371,
          "@type": [
            "ebucore:Resource"
          ]
        }
      ],
      "@type": [
        "ebucore:EditorialObject"
      ]
    }
  ],
  "isLocatedAt": [
    {
      "@id": "https://data.datatourisme.fr/3f4155ff-3090-3c01-a125-e7ddc76c382d",
      "schema:address": [
        {
          "@id": "https://data.datatourisme.fr/f51a0e52-e1d7-36eb-aee7-70ea4f2498fe",
          "schema:addressLocality": "Estrée-Blanche",
          "schema:postalCode": "62145",
          "@type": [
            "schema:PostalAddress",
            "PostalAddress"
          ],
          "hasAddressCity": {
            "@id": "kb:62313",
            "@type": [
              "City"
            ],
            "rdfs:label": {
              "de": [
                "Estrée-Blanche"
              ],
              "pt": [
                "Estrée-Blanche"
              ],
              "en": [
                "Estrée-Blanche"
              ],
              "it": [
                "Estrée-Blanche"
              ],
              "fr": [
                "Estrée-Blanche"
              ],
              "nl": [
                "Estrée-Blanche"
              ],
              "es": [
                "Estrée-Blanche"
              ]
            },
            "insee": "62313",
            "isPartOfDepartment": {
              "@id": "kb:France3262",
              "@type": [
                "Department"
              ],
              "rdfs:label": {
                "de": [
                  "Pas-de-Calais"
                ],
                "pt": [
                  "Pas-de-Calais"
                ],
                "en": [
                  "Pas-de-Calais"
                ],
                "it": [
                  "Pas-de-Calais"
                ],
                "fr": [
                  "Pas-de-Calais"
                ],
                "nl": [
                  "Pas-de-Calais"
                ],
                "es": [
                  "Pas-de-Calais"
                ]
              },
              "insee": "62",
              "isPartOfRegion": {
                "@id": "kb:France32",
                "@type": [
                  "Region"
                ],
                "rdfs:label": {
                  "de": [
                    "Hauts-de-France"
                  ],
                  "pt": [
                    "Hauts-de-France"
                  ],
                  "en": [
                    "Hauts-de-France"
                  ],
                  "it": [
                    "Hauts-de-France"
                  ],
                  "fr": [
                    "Hauts-de-France"
                  ],
                  "nl": [
                    "Hauts-de-France"
                  ],
                  "es": [
                    "Hauts-de-France"
                  ]
                },
                "insee": "32",
                "isPartOfCountry": {
                  "@id": "kb:France",
                  "@type": [
                    "schema:Country"
                  ],
                  "rdfs:label": {
                    "de": [
                      "France",
                      "Frankreich"
                    ],
                    "pt": [
                      "França",
                      "France"
                    ],
                    "en": [
                      "France"
                    ],
                    "it": [
                      "France",
                      "Francia"
                    ],
                    "fr": [
                      "France"
                    ],
                    "nl": [
                      "France",
                      "Frankrijk"
                    ],
                    "es": [
                      "France",
                      "Francia"
                    ]
                  }
                }
              }
            }
          }
        }
      ],
      "schema:geo": {
        "@id": "https://data.datatourisme.fr/0b600ffa-8fed-3d10-90a5-dfea756dc525",
        "schema:latitude": "50.592135",
        "schema:longitude": "2.328417",
        "@type": [
          "schema:GeoCoordinates"
        ]
      },
      "@type": [
        "schema:Place",
        "Place"
      ]
    }
  ],
  "isOwnedBy": [
    {
      "@id": "https://data.datatourisme.fr/233bf843-50c0-3107-bd8e-ddc7b62db184",
      "schema:legalName": "CHÂTEAU DE CREMINIL",
      "@type": [
        "schema:Organization",
        "foaf:Agent",
        "Agent"
      ]
    }
  ],
  "lastUpdate": "2016-02-19",
  "lastUpdateDatatourisme": "2022-06-03T13:57:07.857Z"
}