{
  "@id": "https://data.datatourisme.fr/15/0093ea03-894d-3536-87cd-4cf8e95a4c90",
  "dc:identifier": "FMACEN045V501IF8",
  "schema:endDate": [
    "2023-10-08"
  ],
  "schema:startDate": [
    "2023-10-06"
  ],
  "@type": [
    "schema:Event",
    "schema:MusicEvent",
    "schema:SocialEvent",
    "Concert",
    "CulturalEvent",
    "EntertainmentAndEvent",
    "PointOfInterest",
    "ReligiousEvent",
    "SocialEvent"
  ],
  "rdfs:comment": {
    "de": [
      "Die Chöre von Cléry, fünf Solisten und das Orchester des Kapitels vereinen ihre Talente, um die Große Messe in c-Moll, die feierliche Vesper eines Beichtvaters und das berühmte Ave verum von W.A. MOZART zu interpretieren."
    ],
    "en": [
      "The Cléry choir, five soloists and the Orchestre du Chapitre combine their talents to perform W.A. MOZART's Grande Messe en ut mineur, Vêpres solennelles d'un confesseur and the famous Ave verum."
    ],
    "it": [
      "Il coro Cléry, cinque solisti e l'Orchestra Capitolare uniscono i loro talenti per eseguire la Grande Messe in do minore, il Vespro del Confessore e il famoso Ave verum di W.A. MOZART."
    ],
    "fr": [
      "Les choeurs de Cléry,  cinq solistes et l'Orchestre du Chapitre unissent leurs talents pour interpréter la Grande Messe en ut mineur, les Vêpres solennelles d'un confesseur et le célèbre Ave verum de W.A. MOZART."
    ],
    "nl": [
      "Het koor van Cléry, vijf solisten en het Kapittelorkest bundelen hun talenten om de Grande Messe in C klein, de Vespers van een Belijder en het beroemde Ave verum van W.A. MOZART uit te voeren."
    ],
    "es": [
      "El coro Cléry, cinco solistas y la Orquesta Capitular unen sus talentos para interpretar la Grande Messe en do menor, las Vísperas de un Confesor y el famoso Ave verum de W.A. MOZART."
    ]
  },
  "rdfs:label": {
    "fr": [
      "Concert Mozart proposé par Lumières sur Notre-Dame de Cléry"
    ]
  },
  "availableLanguage": [
    "fr"
  ],
  "creationDate": "2017-06-27",
  "hasAudience": [
    {
      "@id": "kb:Regional",
      "@type": [
        "GeographicReach"
      ],
      "rdfs:label": {
        "de": [
          "Regional"
        ],
        "pt": [
          "Regional"
        ],
        "en": [
          "Regional"
        ],
        "it": [
          "Regionale"
        ],
        "fr": [
          "Régionale"
        ],
        "es": [
          "Regional"
        ],
        "nl": [
          "Regionaal"
        ]
      }
    }
  ],
  "hasBeenCreatedBy": {
    "@id": "https://data.datatourisme.fr/15/e0288d5a-744b-3147-9f2a-2a0d9d0dca37",
    "dc:identifier": "2a2df09f-985d-47ad-9e27-0d133bcca72f",
    "schema:legalName": "ADRT45",
    "@type": [
      "schema:Organization",
      "foaf:Agent",
      "Agent"
    ]
  },
  "hasBeenPublishedBy": [
    {
      "@id": "https://data.datatourisme.fr/bba35b4d-022c-3fa7-90a3-07eba818e3a5",
      "schema:legalName": "SIT Centre-Val de Loire",
      "@type": [
        "schema:Organization",
        "foaf:Agent",
        "Agent"
      ]
    }
  ],
  "hasBookingContact": [
    {
      "@id": "https://data.datatourisme.fr/c2f74576-01a1-3d12-bc1c-63d2f9c31053",
      "schema:email": [
        "billeterie.lsndc@gmail.com"
      ],
      "schema:legalName": "Lumières sur Notre Dame de Cléry",
      "schema:telephone": [
        "+33 6 29 27 96 13"
      ],
      "@type": [
        "schema:Organization",
        "foaf:Agent",
        "Agent"
      ]
    }
  ],
  "hasContact": [
    {
      "@id": "https://data.datatourisme.fr/18017ba5-bb6c-37ab-ad35-3d6eb42edca3",
      "schema:email": [
        "billeterie.lsndc@gmail.com"
      ],
      "schema:telephone": [
        "+33 6 29 27 96 13"
      ],
      "@type": [
        "foaf:Agent",
        "Agent"
      ],
      "foaf:homepage": [
        "http://lumieresndclery.blogspot.com/"
      ]
    },
    {
      "@id": "https://data.datatourisme.fr/c2f74576-01a1-3d12-bc1c-63d2f9c31053",
      "schema:email": [
        "billeterie.lsndc@gmail.com"
      ],
      "schema:legalName": "Lumières sur Notre Dame de Cléry",
      "schema:telephone": [
        "+33 6 29 27 96 13"
      ],
      "@type": [
        "schema:Organization",
        "foaf:Agent",
        "Agent"
      ]
    }
  ],
  "hasDescription": [
    {
      "@id": "https://data.datatourisme.fr/c95c09ca-73ad-3a45-9e8a-86ed2642b6fa",
      "dc:description": {
        "de": [
          "Die Große Messe in c-Moll von Wolfgang Amadeus Mozart ist zusammen mit dem Requiem das Meisterwerk im Repertoire der Kirchenmusik des berühmten Komponisten. Sie ist ausdrucksstark, dramatisch und majestätisch und wird von einem großen Chor, einem Kammerchor, einem Symphonieorchester und hochkarätigen Solisten in der wunderschönen Basilika von Cléry-Saint-André aufgeführt.\nDie Basilika dient als Kulisse für dieses Ereignis. Sie wird den ganzen Abend über beleuchtet und beschallt, um Ihnen ein visuelles Spektakel von hoher Qualität zu bieten.\n- Dauer des Konzerts: 2 Stunden\n- Ein Orchester aus 32 Instrumentalisten\n- Ein Chor mit 120 Sängern (ein großer Chor und ein Kammerchor), und 5 Solisten.\n\nEin unumgängliches Konzert, das Sie mit Ihrer Familie und Ihren Freunden erleben sollten!"
        ],
        "en": [
          "Wolfgang Amadeus Mozart's Great Mass in C minor is, along with the Requiem, the masterpiece of the famous composer's sacred music repertoire. Expressive, dramatic and majestic, it is performed by a large choir, a chamber choir, a symphony orchestra and soloists of the highest calibre in the magnificent basilica of Cléry-Saint-André.\nThe Basilica will be the setting for this event. The Basilica will be illuminated and equipped with sound throughout the evening, providing a visual spectacle of the highest quality.\n- Concert duration: 2 hours\n- 32-strong orchestra\n- A choir of 120 singers (a large choir and a chamber choir), and 5 soloists.\n\nA must-see concert for families and friends!"
        ],
        "it": [
          "La Grande Messa in do minore di Wolfgang Amadeus Mozart è, insieme al Requiem, il capolavoro del repertorio di musica sacra del celebre compositore. Espressiva, drammatica e maestosa, viene eseguita da un grande coro, un coro da camera, un'orchestra sinfonica e solisti di altissimo livello nella magnifica basilica di Cléry-Saint-André.\nLa Basilica sarà la cornice di questo evento. La Basilica sarà illuminata e sonorizzata per tutta la serata, offrendo uno spettacolo visivo di altissima qualità.\n- Durata del concerto: 2 ore\n- Un'orchestra di 32 strumentisti\n- Un coro di 120 cantanti (un grande coro e un coro da camera) e 5 solisti.\n\nUn concerto imperdibile per tutta la famiglia e gli amici!"
        ],
        "fr": [
          "La Grande Messe en ut mineur de Wolfgang Amadeus Mozart est, avec le Requiem, le chef d’œuvre du répertoire de musique sacrée du célèbre compositeur. Expressive, dramatique et majestueuse, elle est interprétée par un grand chœur, un chœur de chambre, un orchestre symphonique et des solistes de très haut niveau dans la magnifique basilique de Cléry-Saint-André.\nLa Basilique servira d’écrin à cet évènement. Elle est mise en lumières et sonorisée toute la soirée pour vous offrir un spectacle visuel de grande qualité.\n- Durée du concert : 2h\n- Un orchestre de 32 instrumentistes\n- Un chœur de 120 choristes (un grand chœur et un chœur de chambre), et 5 solistes.\n\nUn concert incontournable à découvrir en famille et entre amis !"
        ],
        "es": [
          "La Gran Misa en do menor de Wolfgang Amadeus Mozart es, junto con el Réquiem, la obra maestra del repertorio de música sacra del célebre compositor. Expresiva, dramática y majestuosa, es interpretada por un gran coro, un coro de cámara, una orquesta sinfónica y solistas del más alto nivel en la magnífica basílica de Cléry-Saint-André.\nLa basílica será el escenario de este acontecimiento. La Basílica estará iluminada y sonorizada durante toda la velada, ofreciendo un espectáculo visual de la más alta calidad.\n- Duración del concierto: 2 horas\n- Una orquesta de 32 instrumentistas\n- Un coro de 120 cantantes (un coro grande y un coro de cámara), y 5 solistas.\n\n¡Un concierto ineludible para toda la familia y los amigos!"
        ],
        "nl": [
          "De Grote Mis in c-klein van Wolfgang Amadeus Mozart is samen met het Requiem het meesterwerk van het repertoire gewijde muziek van de beroemde componist. Deze expressieve, dramatische en majestueuze mis wordt uitgevoerd door een groot koor, een kamerkoor, een symfonieorkest en solisten van het hoogste kaliber in de prachtige basiliek van Cléry-Saint-André.\nDe Basiliek vormt het decor voor dit evenement. De Basiliek wordt de hele avond verlicht en voorzien van geluid, wat een visueel spektakel van de hoogste kwaliteit oplevert.\n- Duur van het concert: 2 uur\n- Een orkest van 32 instrumentalisten\n- Een koor van 120 zangers (een groot koor en een kamerkoor), en 5 solisten.\n\nEen niet te missen concert voor de hele familie en vrienden!"
        ]
      },
      "@type": [
        "Description"
      ],
      "hasTranslatedProperty": [
        {
          "@id": "https://data.datatourisme.fr/037c2e69-9c9b-39af-b1f6-2347d290270c",
          "dc:contributor": [
            "https://api.deepl.com/v2/translate"
          ],
          "rdf:language": [
            "es"
          ],
          "rdf:predicate": [
            {
              "@id": "dc:description"
            }
          ]
        },
        {
          "@id": "https://data.datatourisme.fr/195213e2-cf39-3ed0-a6a7-4690c718459a",
          "dc:contributor": [
            "https://api.deepl.com/v2/translate"
          ],
          "rdf:language": [
            "en"
          ],
          "rdf:predicate": [
            "shortDescription"
          ]
        },
        {
          "@id": "https://data.datatourisme.fr/2a4d675d-ba60-372e-905d-1bfe267df2cc",
          "dc:contributor": [
            "https://api.deepl.com/v2/translate"
          ],
          "rdf:language": [
            "es"
          ],
          "rdf:predicate": [
            "shortDescription"
          ]
        },
        {
          "@id": "https://data.datatourisme.fr/5a85c3b2-9d77-3b8d-80a7-b67004b195cc",
          "dc:contributor": [
            "https://api.deepl.com/v2/translate"
          ],
          "rdf:language": [
            "en"
          ],
          "rdf:predicate": [
            {
              "@id": "dc:description"
            }
          ]
        },
        {
          "@id": "https://data.datatourisme.fr/7bb6cb79-0389-32d2-a6e9-ed6c29f8bc89",
          "dc:contributor": [
            "https://api.deepl.com/v2/translate"
          ],
          "rdf:language": [
            "nl"
          ],
          "rdf:predicate": [
            {
              "@id": "dc:description"
            }
          ]
        },
        {
          "@id": "https://data.datatourisme.fr/87781128-e7d7-3251-a73e-302f9c6f0ba9",
          "dc:contributor": [
            "https://api.deepl.com/v2/translate"
          ],
          "rdf:language": [
            "nl"
          ],
          "rdf:predicate": [
            "shortDescription"
          ]
        },
        {
          "@id": "https://data.datatourisme.fr/9932f405-6d3d-3df4-bb50-970f76c3c34e",
          "dc:contributor": [
            "https://api.deepl.com/v2/translate"
          ],
          "rdf:language": [
            "de"
          ],
          "rdf:predicate": [
            {
              "@id": "dc:description"
            }
          ]
        },
        {
          "@id": "https://data.datatourisme.fr/b3ba66ae-6bd3-3a99-a0b0-09aae8a0a2ac",
          "dc:contributor": [
            "https://api.deepl.com/v2/translate"
          ],
          "rdf:language": [
            "it"
          ],
          "rdf:predicate": [
            {
              "@id": "dc:description"
            }
          ]
        },
        {
          "@id": "https://data.datatourisme.fr/c6e31723-09ff-3d6c-bd34-bf1312fe5658",
          "dc:contributor": [
            "https://api.deepl.com/v2/translate"
          ],
          "rdf:language": [
            "it"
          ],
          "rdf:predicate": [
            "shortDescription"
          ]
        },
        {
          "@id": "https://data.datatourisme.fr/e7e2ee99-5802-359b-8d66-3f44540fe711",
          "dc:contributor": [
            "https://api.deepl.com/v2/translate"
          ],
          "rdf:language": [
            "de"
          ],
          "rdf:predicate": [
            "shortDescription"
          ]
        }
      ],
      "shortDescription": {
        "de": [
          "Die Chöre von Cléry, fünf Solisten und das Orchester des Kapitels vereinen ihre Talente, um die Große Messe in c-Moll, die feierliche Vesper eines Beichtvaters und das berühmte Ave verum von W.A. MOZART zu interpretieren."
        ],
        "en": [
          "The Cléry choir, five soloists and the Orchestre du Chapitre combine their talents to perform W.A. MOZART's Grande Messe en ut mineur, Vêpres solennelles d'un confesseur and the famous Ave verum."
        ],
        "it": [
          "Il coro Cléry, cinque solisti e l'Orchestra Capitolare uniscono i loro talenti per eseguire la Grande Messe in do minore, il Vespro del Confessore e il famoso Ave verum di W.A. MOZART."
        ],
        "fr": [
          "Les choeurs de Cléry,  cinq solistes et l'Orchestre du Chapitre unissent leurs talents pour interpréter la Grande Messe en ut mineur, les Vêpres solennelles d'un confesseur et le célèbre Ave verum de W.A. MOZART."
        ],
        "nl": [
          "Het koor van Cléry, vijf solisten en het Kapittelorkest bundelen hun talenten om de Grande Messe in C klein, de Vespers van een Belijder en het beroemde Ave verum van W.A. MOZART uit te voeren."
        ],
        "es": [
          "El coro Cléry, cinco solistas y la Orquesta Capitular unen sus talentos para interpretar la Grande Messe en do menor, las Vísperas de un Confesor y el famoso Ave verum de W.A. MOZART."
        ]
      }
    }
  ],
  "hasFeature": [
    {
      "@id": "https://data.datatourisme.fr/ba33f346-b910-33a4-9f43-fee86bc351ab",
      "@type": [
        "schema:PropertyValue",
        "FeatureSpecification"
      ],
      "features": [
        {
          "@id": "kb:Toilet",
          "@type": [
            "CommonAmenity"
          ],
          "rdfs:label": {
            "de": [
              "Toiletten"
            ],
            "pt": [
              "Sanitários"
            ],
            "en": [
              "Toilets"
            ],
            "it": [
              "Servizi igienici"
            ],
            "fr": [
              "Toilettes"
            ],
            "nl": [
              "Toiletten"
            ],
            "es": [
              "Aseos"
            ]
          }
        }
      ],
      "petsAllowed": false
    }
  ],
  "hasGeographicReach": [
    {
      "@id": "kb:Regional",
      "@type": [
        "GeographicReach"
      ],
      "rdfs:label": {
        "de": [
          "Regional"
        ],
        "pt": [
          "Regional"
        ],
        "en": [
          "Regional"
        ],
        "it": [
          "Regionale"
        ],
        "fr": [
          "Régionale"
        ],
        "es": [
          "Regional"
        ],
        "nl": [
          "Regionaal"
        ]
      }
    }
  ],
  "hasMainRepresentation": [
    {
      "@id": "https://data.datatourisme.fr/e6c16a6e-e965-3ae7-9eab-c09dc27635dd",
      "ebucore:hasAnnotation": [
        {
          "@id": "https://data.datatourisme.fr/68bfdf15-dce8-3da4-8868-c7d1e671e23b",
          "ebucore:title": {
            "fr": [
              "Concert LSNDC"
            ]
          },
          "@type": [
            "ebucore:Annotation",
            "Annotation"
          ],
          "credits": [
            "Cléry"
          ],
          "rightsEndDate": "2033-06-12",
          "rightsStartDate": "2019-09-05"
        }
      ],
      "ebucore:hasRelatedResource": [
        {
          "@id": "https://data.datatourisme.fr/a44ca02f-b1d2-3814-a2d2-9802c7da508d",
          "ebucore:hasMimeType": [
            {
              "@id": "kb:JPEG",
              "@type": [
                "ebucore:MimeType"
              ],
              "rdfs:comment": {
                "de": [
                  "JPEG-Bild"
                ],
                "pt": [
                  "Imagem JPEG"
                ],
                "en": [
                  "JPEG image file"
                ],
                "it": [
                  "Immagine JPEG"
                ],
                "fr": [
                  "Image JPEG"
                ],
                "nl": [
                  "JPEG-afbeelding"
                ],
                "es": [
                  "Imagen JPEG"
                ]
              },
              "rdfs:label": {
                "de": [
                  "image/jpeg"
                ],
                "pt": [
                  "image/jpeg"
                ],
                "en": [
                  "image/jpeg"
                ],
                "it": [
                  "image/jpeg"
                ],
                "fr": [
                  "image/jpeg"
                ],
                "nl": [
                  "image/jpeg"
                ],
                "es": [
                  "image/jpeg"
                ]
              }
            }
          ],
          "ebucore:locator": [
            "https://centre.media.tourinsoft.eu/upload/-DSC5334-x-800-3.jpg"
          ],
          "@type": [
            "ebucore:Resource"
          ]
        }
      ],
      "@type": [
        "ebucore:EditorialObject"
      ]
    }
  ],
  "hasNeighborhood": [
    {
      "@id": "kb:InTheVillage",
      "@type": [
        "SpatialEnvironmentTheme"
      ],
      "rdfs:label": {
        "de": [
          "Im Dorf"
        ],
        "pt": [
          "Na aldeia"
        ],
        "en": [
          "In the village"
        ],
        "it": [
          "Nel villaggio"
        ],
        "fr": [
          "Dans le village"
        ],
        "nl": [
          "In het dorp"
        ],
        "es": [
          "En el pueblo"
        ]
      }
    }
  ],
  "hasRepresentation": [
    {
      "@id": "https://data.datatourisme.fr/cf9ea440-3565-335c-9180-b123f9b0641e",
      "ebucore:hasAnnotation": [
        {
          "@id": "https://data.datatourisme.fr/3f452bee-519b-3d5e-9b67-425c1e51307c",
          "ebucore:isCoveredBy": "oui",
          "ebucore:title": {
            "fr": [
              "Concert LSNDC"
            ]
          },
          "@type": [
            "ebucore:Annotation",
            "Annotation"
          ],
          "credits": [
            "Cléry"
          ],
          "rightsEndDate": "2033-06-12",
          "rightsStartDate": "2019-09-05"
        }
      ],
      "ebucore:hasRelatedResource": [
        {
          "@id": "https://data.datatourisme.fr/a44ca02f-b1d2-3814-a2d2-9802c7da508d",
          "ebucore:hasMimeType": [
            {
              "@id": "kb:JPEG",
              "@type": [
                "ebucore:MimeType"
              ],
              "rdfs:comment": {
                "de": [
                  "JPEG-Bild"
                ],
                "pt": [
                  "Imagem JPEG"
                ],
                "en": [
                  "JPEG image file"
                ],
                "it": [
                  "Immagine JPEG"
                ],
                "fr": [
                  "Image JPEG"
                ],
                "nl": [
                  "JPEG-afbeelding"
                ],
                "es": [
                  "Imagen JPEG"
                ]
              },
              "rdfs:label": {
                "de": [
                  "image/jpeg"
                ],
                "pt": [
                  "image/jpeg"
                ],
                "en": [
                  "image/jpeg"
                ],
                "it": [
                  "image/jpeg"
                ],
                "fr": [
                  "image/jpeg"
                ],
                "nl": [
                  "image/jpeg"
                ],
                "es": [
                  "image/jpeg"
                ]
              }
            }
          ],
          "ebucore:locator": [
            "https://centre.media.tourinsoft.eu/upload/-DSC5334-x-800-3.jpg"
          ],
          "@type": [
            "ebucore:Resource"
          ]
        }
      ],
      "@type": [
        "ebucore:EditorialObject"
      ]
    },
    {
      "@id": "https://data.datatourisme.fr/e6c16a6e-e965-3ae7-9eab-c09dc27635dd",
      "ebucore:hasAnnotation": [
        {
          "@id": "https://data.datatourisme.fr/68bfdf15-dce8-3da4-8868-c7d1e671e23b",
          "ebucore:title": {
            "fr": [
              "Concert LSNDC"
            ]
          },
          "@type": [
            "ebucore:Annotation",
            "Annotation"
          ],
          "credits": [
            "Cléry"
          ],
          "rightsEndDate": "2033-06-12",
          "rightsStartDate": "2019-09-05"
        }
      ],
      "ebucore:hasRelatedResource": [
        {
          "@id": "https://data.datatourisme.fr/a44ca02f-b1d2-3814-a2d2-9802c7da508d",
          "ebucore:hasMimeType": [
            {
              "@id": "kb:JPEG",
              "@type": [
                "ebucore:MimeType"
              ],
              "rdfs:comment": {
                "de": [
                  "JPEG-Bild"
                ],
                "pt": [
                  "Imagem JPEG"
                ],
                "en": [
                  "JPEG image file"
                ],
                "it": [
                  "Immagine JPEG"
                ],
                "fr": [
                  "Image JPEG"
                ],
                "nl": [
                  "JPEG-afbeelding"
                ],
                "es": [
                  "Imagen JPEG"
                ]
              },
              "rdfs:label": {
                "de": [
                  "image/jpeg"
                ],
                "pt": [
                  "image/jpeg"
                ],
                "en": [
                  "image/jpeg"
                ],
                "it": [
                  "image/jpeg"
                ],
                "fr": [
                  "image/jpeg"
                ],
                "nl": [
                  "image/jpeg"
                ],
                "es": [
                  "image/jpeg"
                ]
              }
            }
          ],
          "ebucore:locator": [
            "https://centre.media.tourinsoft.eu/upload/-DSC5334-x-800-3.jpg"
          ],
          "@type": [
            "ebucore:Resource"
          ]
        }
      ],
      "@type": [
        "ebucore:EditorialObject"
      ]
    },
    {
      "@id": "https://data.datatourisme.fr/fd6db793-e096-32ea-9462-845dad0f16ca",
      "ebucore:hasAnnotation": [
        {
          "@id": "https://data.datatourisme.fr/3be5a361-67d1-3962-8c0e-bfb18fb84b59",
          "ebucore:isCoveredBy": "oui",
          "ebucore:title": {
            "fr": [
              "cléry concert"
            ]
          },
          "@type": [
            "ebucore:Annotation",
            "Annotation"
          ],
          "credits": [
            "Cléry"
          ],
          "rightsEndDate": "2033-06-16"
        }
      ],
      "ebucore:hasRelatedResource": [
        {
          "@id": "https://data.datatourisme.fr/cf0449da-4ae2-3359-b0d8-a421d647573e",
          "ebucore:hasMimeType": [
            {
              "@id": "kb:JPEG",
              "@type": [
                "ebucore:MimeType"
              ],
              "rdfs:comment": {
                "de": [
                  "JPEG-Bild"
                ],
                "pt": [
                  "Imagem JPEG"
                ],
                "en": [
                  "JPEG image file"
                ],
                "it": [
                  "Immagine JPEG"
                ],
                "fr": [
                  "Image JPEG"
                ],
                "nl": [
                  "JPEG-afbeelding"
                ],
                "es": [
                  "Imagen JPEG"
                ]
              },
              "rdfs:label": {
                "de": [
                  "image/jpeg"
                ],
                "pt": [
                  "image/jpeg"
                ],
                "en": [
                  "image/jpeg"
                ],
                "it": [
                  "image/jpeg"
                ],
                "fr": [
                  "image/jpeg"
                ],
                "nl": [
                  "image/jpeg"
                ],
                "es": [
                  "image/jpeg"
                ]
              }
            }
          ],
          "ebucore:locator": [
            "https://centre.media.tourinsoft.eu/upload/clery-concert.jpg"
          ],
          "@type": [
            "ebucore:Resource"
          ]
        }
      ],
      "@type": [
        "ebucore:EditorialObject"
      ]
    }
  ],
  "hasTheme": [
    {
      "@id": "kb:InTheVillage",
      "@type": [
        "SpatialEnvironmentTheme"
      ],
      "rdfs:label": {
        "de": [
          "Im Dorf"
        ],
        "pt": [
          "Na aldeia"
        ],
        "en": [
          "In the village"
        ],
        "it": [
          "Nel villaggio"
        ],
        "fr": [
          "Dans le village"
        ],
        "nl": [
          "In het dorp"
        ],
        "es": [
          "En el pueblo"
        ]
      }
    }
  ],
  "hasTranslatedProperty": [
    {
      "@id": "https://data.datatourisme.fr/96ba5974-bfe1-3029-8013-97dc41225137",
      "dc:contributor": [
        "https://api.deepl.com/v2/translate"
      ],
      "rdf:language": [
        "it"
      ],
      "rdf:predicate": [
        {
          "@id": "rdfs:comment"
        }
      ]
    },
    {
      "@id": "https://data.datatourisme.fr/a34d85d2-4e3e-31e3-a633-2e75f7d5a12e",
      "dc:contributor": [
        "https://api.deepl.com/v2/translate"
      ],
      "rdf:language": [
        "nl"
      ],
      "rdf:predicate": [
        {
          "@id": "rdfs:comment"
        }
      ]
    },
    {
      "@id": "https://data.datatourisme.fr/a950f96e-6116-38b5-ac55-bc8e4be3ab1b",
      "dc:contributor": [
        "https://api.deepl.com/v2/translate"
      ],
      "rdf:language": [
        "es"
      ],
      "rdf:predicate": [
        {
          "@id": "rdfs:comment"
        }
      ]
    },
    {
      "@id": "https://data.datatourisme.fr/e5e4d5b8-3afb-3049-954a-defeec05deff",
      "dc:contributor": [
        "https://api.deepl.com/v2/translate"
      ],
      "rdf:language": [
        "en"
      ],
      "rdf:predicate": [
        {
          "@id": "rdfs:comment"
        }
      ]
    },
    {
      "@id": "https://data.datatourisme.fr/f5579027-690d-3def-adac-2bae9e311564",
      "dc:contributor": [
        "https://api.deepl.com/v2/translate"
      ],
      "rdf:language": [
        "de"
      ],
      "rdf:predicate": [
        {
          "@id": "rdfs:comment"
        }
      ]
    }
  ],
  "isLocatedAt": [
    {
      "@id": "https://data.datatourisme.fr/b8acb61c-285c-3e8a-9edd-c8bd608310ff",
      "schema:address": [
        {
          "@id": "https://data.datatourisme.fr/def64518-b0b4-347e-ae5a-7f887f752715",
          "schema:addressLocality": "Cléry-Saint-André",
          "schema:postalCode": "45370",
          "schema:streetAddress": [
            "1 rue du Cloître"
          ],
          "@type": [
            "schema:PostalAddress",
            "PostalAddress"
          ],
          "hasAddressCity": {
            "@id": "kb:45098",
            "@type": [
              "City"
            ],
            "rdfs:label": {
              "de": [
                "Cléry-Saint-André"
              ],
              "pt": [
                "Cléry-Saint-André"
              ],
              "en": [
                "Cléry-Saint-André"
              ],
              "it": [
                "Cléry-Saint-André"
              ],
              "fr": [
                "Cléry-Saint-André"
              ],
              "nl": [
                "Cléry-Saint-André"
              ],
              "es": [
                "Cléry-Saint-André"
              ]
            },
            "insee": "45098",
            "isPartOfDepartment": {
              "@id": "kb:France2445",
              "@type": [
                "Department"
              ],
              "rdfs:label": {
                "de": [
                  "Loiret"
                ],
                "pt": [
                  "Loiret"
                ],
                "en": [
                  "Loiret"
                ],
                "it": [
                  "Loiret"
                ],
                "fr": [
                  "Loiret"
                ],
                "nl": [
                  "Loiret"
                ],
                "es": [
                  "Loiret"
                ]
              },
              "insee": "45",
              "isPartOfRegion": {
                "@id": "kb:France24",
                "@type": [
                  "Region"
                ],
                "rdfs:label": {
                  "de": [
                    "Centre-Val de Loire"
                  ],
                  "pt": [
                    "Centre-Val de Loire"
                  ],
                  "en": [
                    "Centre-Val de Loire"
                  ],
                  "it": [
                    "Centre-Val de Loire"
                  ],
                  "fr": [
                    "Centre-Val de Loire"
                  ],
                  "nl": [
                    "Centre-Val de Loire"
                  ],
                  "es": [
                    "Centre-Val de Loire"
                  ]
                },
                "insee": "24",
                "isPartOfCountry": {
                  "@id": "kb:France",
                  "@type": [
                    "schema:Country"
                  ],
                  "rdfs:label": {
                    "de": [
                      "France",
                      "Frankreich"
                    ],
                    "pt": [
                      "França",
                      "France"
                    ],
                    "en": [
                      "France"
                    ],
                    "it": [
                      "France",
                      "Francia"
                    ],
                    "fr": [
                      "France"
                    ],
                    "nl": [
                      "France",
                      "Frankrijk"
                    ],
                    "es": [
                      "France",
                      "Francia"
                    ]
                  }
                }
              }
            }
          }
        }
      ],
      "schema:geo": {
        "@id": "https://data.datatourisme.fr/3e5d14c8-4e83-33d0-a2a7-f8c959999101",
        "schema:latitude": "47.820335",
        "schema:longitude": "1.7561283",
        "@type": [
          "schema:GeoCoordinates"
        ]
      },
      "schema:openingHoursSpecification": [
        {
          "@id": "https://data.datatourisme.fr/341746ae-0984-3a98-bf38-722cab4a2a7a",
          "schema:closes": "22:30:00",
          "schema:dayOfWeek": [
            {
              "@id": "schema:Saturday",
              "@type": [
                "schema:DayOfWeek"
              ],
              "rdfs:label": {
                "de": [
                  "Samstag"
                ],
                "pt": [
                  "Sábado"
                ],
                "en": [
                  "Saturday"
                ],
                "it": [
                  "Sabato"
                ],
                "fr": [
                  "Samedi"
                ],
                "nl": [
                  "Zaterdag"
                ],
                "es": [
                  "Sábado"
                ]
              }
            }
          ],
          "schema:opens": "20:30:00",
          "schema:validFrom": "2023-10-06T00:00:00",
          "schema:validThrough": "2023-10-08T00:00:00",
          "@type": [
            "schema:OpeningHoursSpecification"
          ]
        },
        {
          "@id": "https://data.datatourisme.fr/360db00c-af3f-3930-a384-020bd8753085",
          "schema:closes": "18:00:00",
          "schema:dayOfWeek": [
            {
              "@id": "schema:Sunday",
              "@type": [
                "schema:DayOfWeek"
              ],
              "rdfs:label": {
                "de": [
                  "Sonntag"
                ],
                "pt": [
                  "Domingo"
                ],
                "en": [
                  "Sunday"
                ],
                "it": [
                  "Domenica"
                ],
                "fr": [
                  "Dimanche"
                ],
                "nl": [
                  "Zondag"
                ],
                "es": [
                  "Domingo"
                ]
              }
            }
          ],
          "schema:opens": "16:00:00",
          "schema:validFrom": "2023-10-06T00:00:00",
          "schema:validThrough": "2023-10-08T00:00:00",
          "@type": [
            "schema:OpeningHoursSpecification"
          ]
        },
        {
          "@id": "https://data.datatourisme.fr/4943cb05-c805-3337-a5e9-d3b015379064",
          "schema:closes": "22:30:00",
          "schema:dayOfWeek": [
            {
              "@id": "schema:Friday",
              "@type": [
                "schema:DayOfWeek"
              ],
              "rdfs:label": {
                "de": [
                  "Freitag"
                ],
                "pt": [
                  "Sexta-feira"
                ],
                "en": [
                  "Friday"
                ],
                "it": [
                  "Venerdì"
                ],
                "fr": [
                  "Vendredi"
                ],
                "nl": [
                  "Vrijdag"
                ],
                "es": [
                  "Viernes"
                ]
              }
            }
          ],
          "schema:opens": "20:30:00",
          "schema:validFrom": "2023-10-06T00:00:00",
          "schema:validThrough": "2023-10-08T00:00:00",
          "@type": [
            "schema:OpeningHoursSpecification"
          ]
        }
      ],
      "@type": [
        "schema:Place",
        "Place"
      ],
      "petsAllowed": false
    }
  ],
  "lastUpdate": "2023-07-10",
  "lastUpdateDatatourisme": "2023-08-31T14:11:20.273Z",
  "offers": [
    {
      "@id": "https://data.datatourisme.fr/b8d588d5-da79-3637-aab7-c1657f76f6d8",
      "schema:acceptedPaymentMethod": [
        {
          "@id": "kb:BlueCard",
          "@type": [
            "schema:PaymentMethod"
          ],
          "rdfs:label": {
            "de": [
              "Carte bleue"
            ],
            "pt": [
              "Cartão de pagamento (Carte bleue)"
            ],
            "en": [
              "Blue card"
            ],
            "it": [
              "Carta blu"
            ],
            "fr": [
              "Carte bleue"
            ],
            "es": [
              "Tarjeta bancaria"
            ],
            "nl": [
              "Carte Bleue"
            ]
          }
        },
        {
          "@id": "kb:Cash",
          "@type": [
            "schema:PaymentMethod"
          ],
          "rdfs:label": {
            "de": [
              "Art"
            ],
            "pt": [
              "Espécie"
            ],
            "en": [
              "Cash"
            ],
            "it": [
              "Contanti"
            ],
            "fr": [
              "Espèce"
            ],
            "es": [
              "Especie"
            ],
            "nl": [
              "Contant"
            ]
          }
        },
        {
          "@id": "kb:Check",
          "@type": [
            "schema:PaymentMethod"
          ],
          "rdfs:label": {
            "de": [
              "Scheck"
            ],
            "pt": [
              "Cheque"
            ],
            "en": [
              "Check"
            ],
            "it": [
              "Assegno"
            ],
            "fr": [
              "Chèque"
            ],
            "nl": [
              "Cheque"
            ],
            "es": [
              "Cheque"
            ]
          }
        }
      ],
      "schema:priceSpecification": [
        {
          "@id": "https://data.datatourisme.fr/046de8dc-508a-3eee-9b76-d5a6fe4b7e86",
          "schema:minPrice": [
            "20"
          ],
          "schema:price": "20",
          "schema:priceCurrency": "EUR",
          "@type": [
            "schema:PriceSpecification",
            "PriceSpecification"
          ],
          "hasEligiblePolicy": [
            {
              "@id": "kb:BaseRateFullRate",
              "@type": [
                "PricingPolicy"
              ],
              "rdfs:label": {
                "de": [
                  "Basistarif – voller Tarif"
                ],
                "pt": [
                  "Preço de base — preço total"
                ],
                "en": [
                  "Base rate - full rate"
                ],
                "it": [
                  "Tariffa di base — tariffa intera"
                ],
                "fr": [
                  "Tarif de base - plein tarif"
                ],
                "es": [
                  "Tarifa básica - tarifa completa"
                ],
                "nl": [
                  "Basistarief - vol tarief"
                ]
              }
            }
          ]
        },
        {
          "@id": "https://data.datatourisme.fr/12149d64-aad7-3c91-804f-c8acbc48e96a",
          "schema:minPrice": [
            "17"
          ],
          "schema:price": "17",
          "schema:priceCurrency": "EUR",
          "@type": [
            "schema:PriceSpecification",
            "PriceSpecification"
          ],
          "hasEligiblePolicy": [
            {
              "@id": "kb:BaseRateFullRate",
              "@type": [
                "PricingPolicy"
              ],
              "rdfs:label": {
                "de": [
                  "Basistarif – voller Tarif"
                ],
                "pt": [
                  "Preço de base — preço total"
                ],
                "en": [
                  "Base rate - full rate"
                ],
                "it": [
                  "Tariffa di base — tariffa intera"
                ],
                "fr": [
                  "Tarif de base - plein tarif"
                ],
                "es": [
                  "Tarifa básica - tarifa completa"
                ],
                "nl": [
                  "Basistarief - vol tarief"
                ]
              }
            }
          ]
        },
        {
          "@id": "https://data.datatourisme.fr/3b412dea-88ff-3cf8-96d5-17dad9ada643",
          "schema:minPrice": [
            "160"
          ],
          "schema:price": "160",
          "schema:priceCurrency": "EUR",
          "@type": [
            "schema:PriceSpecification",
            "PriceSpecification"
          ],
          "hasEligiblePolicy": [
            {
              "@id": "kb:Group",
              "@type": [
                "PricingPolicy"
              ],
              "rdfs:label": {
                "de": [
                  "Gruppentarif"
                ],
                "pt": [
                  "Preço para Grupos"
                ],
                "en": [
                  "Group rate"
                ],
                "it": [
                  "Tariffa per gruppi"
                ],
                "fr": [
                  "Tarif Groupe"
                ],
                "es": [
                  "Tarifa de grupo"
                ],
                "nl": [
                  "Groepstarief"
                ]
              }
            }
          ]
        },
        {
          "@id": "https://data.datatourisme.fr/de06e86a-ccf7-3c9f-b31c-a435bc0616c1",
          "schema:priceCurrency": "EUR",
          "@type": [
            "schema:PriceSpecification",
            "PriceSpecification"
          ],
          "hasEligiblePolicy": [
            {
              "@id": "kb:Free",
              "@type": [
                "PricingPolicy"
              ],
              "rdfs:label": {
                "de": [
                  "Kostenlos"
                ],
                "pt": [
                  "Gratuito"
                ],
                "en": [
                  "Free"
                ],
                "it": [
                  "Gratuito"
                ],
                "fr": [
                  "Gratuit"
                ],
                "es": [
                  "Gratuito"
                ],
                "nl": [
                  "Gratis"
                ]
              }
            }
          ]
        }
      ],
      "@type": [
        "schema:Offer",
        "Offer"
      ]
    }
  ],
  "reducedMobilityAccess": true,
  "takesPlaceAt": [
    {
      "@id": "https://data.datatourisme.fr/4923951e-4dee-3eb8-a082-c510a0e707e2",
      "@type": [
        "Period"
      ],
      "endDate": "2023-10-08",
      "startDate": "2023-10-06"
    }
  ]
}