{
  "@id": "https://data.datatourisme.fr/15/0016cd72-06d0-3416-8d65-480804c72ad6",
  "dc:identifier": "PCUCENBERV50E3KV",
  "@type": [
    "CulturalSite",
    "PlaceOfInterest",
    "PointOfInterest"
  ],
  "rdfs:comment": {
    "de": [
      "Bei der Gourmet-Tour vermischt sich das Kulturerbe mit der Gastronomie! Nachdem wir den Geist genährt haben, gehen wir dazu über, die lokalen Produkte zu entdecken."
    ],
    "en": [
      "With the Gourmet Visit, heritage blends with gastronomy! After having nourished the spirit, let's move on to discover local products."
    ],
    "it": [
      "Con il Gourmet Tour, il patrimonio incontra la gastronomia! Dopo aver nutrito lo spirito, passiamo alla scoperta dei prodotti locali."
    ],
    "fr": [
      "Avec la Visite gourmande, le patrimoine se mêle à la gastronomie ! Après avoir nourri l’esprit, passons à la découverte des produits locaux."
    ],
    "nl": [
      "Met de Gourmet Tour ontmoeten erfgoed en gastronomie elkaar! Na de geest te hebben gevoed, gaan we over tot de ontdekking van lokale producten."
    ],
    "es": [
      "Con el Gourmet Tour, el patrimonio se une a la gastronomía Después de haber alimentado el espíritu, pasemos a descubrir los productos locales."
    ]
  },
  "rdfs:label": {
    "fr": [
      "Visite gourmande de Sancerre"
    ]
  },
  "availableLanguage": [
    "en",
    "fr"
  ],
  "creationDate": "2022-09-19",
  "hasArchitecturalStyle": [
    {
      "@id": "kb:Medieval",
      "@type": [
        "ArchitecturalStyle",
        "CulturalTheme"
      ],
      "rdfs:label": {
        "de": [
          "Mittelalterlich"
        ],
        "pt": [
          "Medieval"
        ],
        "en": [
          "Medieval"
        ],
        "it": [
          "Medievale"
        ],
        "fr": [
          "Médiéval"
        ],
        "nl": [
          "Middeleeuws"
        ],
        "es": [
          "Medieval"
        ]
      }
    },
    {
      "@id": "kb:Renaissance",
      "@type": [
        "ArchitecturalStyle"
      ],
      "rdfs:label": {
        "de": [
          "Renaissance"
        ],
        "pt": [
          "Renascença"
        ],
        "en": [
          "Renaissance"
        ],
        "it": [
          "Rinascimento"
        ],
        "fr": [
          "Renaissance"
        ],
        "nl": [
          "Renaissance"
        ],
        "es": [
          "Renacimiento"
        ]
      }
    }
  ],
  "hasBeenCreatedBy": {
    "@id": "https://data.datatourisme.fr/15/36a7d4f0-78e5-3bfd-b381-1d4a719736c9",
    "dc:identifier": "f6767352-2079-4c3d-9cb4-3aa308b0196b",
    "schema:legalName": "Office de tourisme du Grand Sancerrois",
    "@type": [
      "schema:Organization",
      "foaf:Agent",
      "Agent"
    ]
  },
  "hasBeenPublishedBy": [
    {
      "@id": "https://data.datatourisme.fr/bba35b4d-022c-3fa7-90a3-07eba818e3a5",
      "schema:legalName": "SIT Centre-Val de Loire",
      "@type": [
        "schema:Organization",
        "foaf:Agent",
        "Agent"
      ]
    }
  ],
  "hasContact": [
    {
      "@id": "https://data.datatourisme.fr/b7a3ddff-aee8-3b73-9cda-76fb6860e28a",
      "schema:email": [
        "accueil@tourisme-sancerre.com"
      ],
      "schema:telephone": [
        "+33 2 48 54 08 21"
      ],
      "@type": [
        "foaf:Agent",
        "Agent"
      ],
      "foaf:homepage": [
        "https://www.tourisme-sancerre.com/"
      ]
    }
  ],
  "hasDescription": [
    {
      "@id": "https://data.datatourisme.fr/b64dd4f5-d511-392f-b929-4ae1c15c1462",
      "dc:description": {
        "de": [
          "Bei einem Spaziergang durch den historischen Stadtkern können Sie durch die Straßen und Gassen schlendern und den Charme und die Schönheit dieser Stadt entdecken. Auf dem Rundgang erfährt der Besucher mehr über die Geschichte der mittelalterlichen Stadt und trifft auf Gebäude und Denkmäler, in denen sich die Höhepunkte ihrer Geschichte abgespielt haben\nDer Besuch endet mit einem gemütlichen Beisammensein und einem Austausch. Dann ist es Zeit, die lokalen Produkte zu entdecken: Crottin de Chavignol und Sancerre-Schinken lassen sich am besten mit einem Glas Sancerre genießen\nReservierungen sind unbedingt erforderlich."
        ],
        "en": [
          "Strolling through the historic heart of the city allows you to explore its streets and alleys and discover all the charm and beauty of the city. Along the way, the visitor discovers the history of the medieval city, meets the buildings and monuments where the highlights of its history took place\nThe visit ends with a time of conviviality and exchange. It is then time to discover the local products: the crottin de Chavignol and the Sancerre ham can be tasted with a glass of Sancerre\nReservation essential."
        ],
        "it": [
          "Una passeggiata nel cuore storico della città permette di esplorare le sue strade e i suoi vicoli e di scoprire il fascino e la bellezza della città. Lungo il percorso, il visitatore scopre la storia della città medievale e incontra gli edifici e i monumenti in cui si sono svolti i momenti salienti della sua storia\nLa visita si conclude con un momento di convivialità e scambio. È il momento di scoprire i prodotti locali: il crottin de Chavignol e il prosciutto di Sancerre possono essere gustati con un bicchiere di Sancerre\nÈ indispensabile la prenotazione."
        ],
        "fr": [
          "Déambuler dans le cœur historique permet de parcourir ses rues et ruelles, de découvrir tout le charme et la beauté de cette ville. Au gré du parcours, le visiteur découvre l’histoire de la Cité médiévale, rencontre les bâtisses et monuments où ont eu lieu les temps forts de son histoire. \nLa visite se termine par un temps de convivialité et d’échange. C’est alors le moment de découvrir les produits locaux : le crottin de Chavignol et le jambon de Sancerre se dégustent avec un verre de Sancerre. \nRéservation indispensable."
        ],
        "es": [
          "Un paseo por el centro histórico de la ciudad permite explorar sus calles y callejones y descubrir el encanto y la belleza de la ciudad. A lo largo del recorrido, el visitante descubre la historia de la ciudad medieval y conoce los edificios y monumentos en los que tuvieron lugar los momentos álgidos de su historia\nLa visita termina con un momento de convivencia e intercambio. Es el momento de descubrir los productos locales: el crottin de Chavignol y el jamón de Sancerre se pueden degustar con una copa de Sancerre\nImprescindible reservar."
        ],
        "nl": [
          "Tijdens een wandeling door het historische centrum kunt u de straten en steegjes verkennen en de charme en schoonheid van deze stad ontdekken. Onderweg ontdekt de bezoeker de geschiedenis van de middeleeuwse stad en maakt hij kennis met de gebouwen en monumenten waar de hoogtepunten van haar geschiedenis plaatsvonden\nHet bezoek eindigt met gezelligheid en uitwisseling. Dit is het moment om de lokale producten te ontdekken: crottin de Chavignol en Sancerre ham kunnen worden genoten met een glas Sancerre\nReserveren is noodzakelijk."
        ]
      },
      "@type": [
        "Description"
      ],
      "hasTranslatedProperty": [
        {
          "@id": "https://data.datatourisme.fr/03e1f86a-de47-30c2-8b52-883907f57be0",
          "dc:contributor": [
            "https://api.deepl.com/v2/translate"
          ],
          "rdf:language": [
            "de"
          ],
          "rdf:predicate": [
            {
              "@id": "dc:description"
            }
          ]
        },
        {
          "@id": "https://data.datatourisme.fr/069902bb-c388-30ba-a079-1693f7f682a7",
          "dc:contributor": [
            "https://api.deepl.com/v2/translate"
          ],
          "rdf:language": [
            "es"
          ],
          "rdf:predicate": [
            "shortDescription"
          ]
        },
        {
          "@id": "https://data.datatourisme.fr/282fe43e-ffb1-384e-8458-730585452fdf",
          "dc:contributor": [
            "https://api.deepl.com/v2/translate"
          ],
          "rdf:language": [
            "en"
          ],
          "rdf:predicate": [
            "shortDescription"
          ]
        },
        {
          "@id": "https://data.datatourisme.fr/817ed105-c380-34c1-aad7-2ea252423448",
          "dc:contributor": [
            "https://api.deepl.com/v2/translate"
          ],
          "rdf:language": [
            "nl"
          ],
          "rdf:predicate": [
            "shortDescription"
          ]
        },
        {
          "@id": "https://data.datatourisme.fr/8d00d037-534d-3c44-8420-f8a2fc0fc5e6",
          "dc:contributor": [
            "https://api.deepl.com/v2/translate"
          ],
          "rdf:language": [
            "de"
          ],
          "rdf:predicate": [
            "shortDescription"
          ]
        },
        {
          "@id": "https://data.datatourisme.fr/9cc8f5ef-736f-3333-bd96-0a6565fdd1a0",
          "dc:contributor": [
            "https://api.deepl.com/v2/translate"
          ],
          "rdf:language": [
            "nl"
          ],
          "rdf:predicate": [
            {
              "@id": "dc:description"
            }
          ]
        },
        {
          "@id": "https://data.datatourisme.fr/b66a1915-716a-3a0c-b787-4157f183c3df",
          "dc:contributor": [
            "https://api.deepl.com/v2/translate"
          ],
          "rdf:language": [
            "en"
          ],
          "rdf:predicate": [
            {
              "@id": "dc:description"
            }
          ]
        },
        {
          "@id": "https://data.datatourisme.fr/c4c14869-a811-31ab-b286-3115822ede39",
          "dc:contributor": [
            "https://api.deepl.com/v2/translate"
          ],
          "rdf:language": [
            "es"
          ],
          "rdf:predicate": [
            {
              "@id": "dc:description"
            }
          ]
        },
        {
          "@id": "https://data.datatourisme.fr/c623f44f-0c03-3c22-9dfa-18e66a4d354e",
          "dc:contributor": [
            "https://api.deepl.com/v2/translate"
          ],
          "rdf:language": [
            "it"
          ],
          "rdf:predicate": [
            {
              "@id": "dc:description"
            }
          ]
        },
        {
          "@id": "https://data.datatourisme.fr/e64986d0-d76b-3c42-b5d9-c45f0d28bcc5",
          "dc:contributor": [
            "https://api.deepl.com/v2/translate"
          ],
          "rdf:language": [
            "it"
          ],
          "rdf:predicate": [
            "shortDescription"
          ]
        }
      ],
      "shortDescription": {
        "de": [
          "Bei der Gourmet-Tour vermischt sich das Kulturerbe mit der Gastronomie! Nachdem wir den Geist genährt haben, gehen wir dazu über, die lokalen Produkte zu entdecken."
        ],
        "en": [
          "With the Gourmet Visit, heritage blends with gastronomy! After having nourished the spirit, let's move on to discover local products."
        ],
        "it": [
          "Con il Gourmet Tour, il patrimonio incontra la gastronomia! Dopo aver nutrito lo spirito, passiamo alla scoperta dei prodotti locali."
        ],
        "fr": [
          "Avec la Visite gourmande, le patrimoine se mêle à la gastronomie ! Après avoir nourri l’esprit, passons à la découverte des produits locaux."
        ],
        "nl": [
          "Met de Gourmet Tour ontmoeten erfgoed en gastronomie elkaar! Na de geest te hebben gevoed, gaan we over tot de ontdekking van lokale producten."
        ],
        "es": [
          "Con el Gourmet Tour, el patrimonio se une a la gastronomía Después de haber alimentado el espíritu, pasemos a descubrir los productos locales."
        ]
      }
    }
  ],
  "hasMainRepresentation": [
    {
      "@id": "https://data.datatourisme.fr/76a8e5e5-5cb3-3344-afdc-c77f548c3c61",
      "ebucore:hasAnnotation": [
        {
          "@id": "https://data.datatourisme.fr/13347542-e38a-3738-9de6-d74af94a67c7",
          "ebucore:title": {
            "fr": [
              "Viste Ville Sancerre (109)"
            ]
          },
          "@type": [
            "ebucore:Annotation",
            "Annotation"
          ],
          "credits": [
            "©Victoire Jacquot"
          ],
          "rightsEndDate": "2024-05-24",
          "rightsStartDate": "2020-05-28"
        }
      ],
      "ebucore:hasRelatedResource": [
        {
          "@id": "https://data.datatourisme.fr/a805f84e-95c9-3aa5-8d06-a4247c01b0cd",
          "ebucore:hasMimeType": [
            {
              "@id": "kb:JPEG",
              "@type": [
                "ebucore:MimeType"
              ],
              "rdfs:comment": {
                "de": [
                  "JPEG-Bild"
                ],
                "pt": [
                  "Imagem JPEG"
                ],
                "en": [
                  "JPEG image file"
                ],
                "it": [
                  "Immagine JPEG"
                ],
                "fr": [
                  "Image JPEG"
                ],
                "nl": [
                  "JPEG-afbeelding"
                ],
                "es": [
                  "Imagen JPEG"
                ]
              },
              "rdfs:label": {
                "de": [
                  "image/jpeg"
                ],
                "pt": [
                  "image/jpeg"
                ],
                "en": [
                  "image/jpeg"
                ],
                "it": [
                  "image/jpeg"
                ],
                "fr": [
                  "image/jpeg"
                ],
                "nl": [
                  "image/jpeg"
                ],
                "es": [
                  "image/jpeg"
                ]
              }
            }
          ],
          "ebucore:locator": [
            "https://centre.media.tourinsoft.eu/upload/Viste-Ville-Sancerre--109-.JPG"
          ],
          "@type": [
            "ebucore:Resource"
          ]
        }
      ],
      "@type": [
        "ebucore:EditorialObject"
      ]
    }
  ],
  "hasRepresentation": [
    {
      "@id": "https://data.datatourisme.fr/0e77ac95-8a24-3ba3-9e48-22ccac3690ab",
      "ebucore:hasAnnotation": [
        {
          "@id": "https://data.datatourisme.fr/58e8da32-c563-3678-811c-387a7a9246af",
          "ebucore:isCoveredBy": "oui",
          "ebucore:title": {
            "fr": [
              "Viste Ville Sancerre (109)"
            ]
          },
          "@type": [
            "ebucore:Annotation",
            "Annotation"
          ],
          "credits": [
            "©Victoire Jacquot"
          ],
          "rightsEndDate": "2024-05-24",
          "rightsStartDate": "2020-05-28"
        }
      ],
      "ebucore:hasRelatedResource": [
        {
          "@id": "https://data.datatourisme.fr/a805f84e-95c9-3aa5-8d06-a4247c01b0cd",
          "ebucore:hasMimeType": [
            {
              "@id": "kb:JPEG",
              "@type": [
                "ebucore:MimeType"
              ],
              "rdfs:comment": {
                "de": [
                  "JPEG-Bild"
                ],
                "pt": [
                  "Imagem JPEG"
                ],
                "en": [
                  "JPEG image file"
                ],
                "it": [
                  "Immagine JPEG"
                ],
                "fr": [
                  "Image JPEG"
                ],
                "nl": [
                  "JPEG-afbeelding"
                ],
                "es": [
                  "Imagen JPEG"
                ]
              },
              "rdfs:label": {
                "de": [
                  "image/jpeg"
                ],
                "pt": [
                  "image/jpeg"
                ],
                "en": [
                  "image/jpeg"
                ],
                "it": [
                  "image/jpeg"
                ],
                "fr": [
                  "image/jpeg"
                ],
                "nl": [
                  "image/jpeg"
                ],
                "es": [
                  "image/jpeg"
                ]
              }
            }
          ],
          "ebucore:locator": [
            "https://centre.media.tourinsoft.eu/upload/Viste-Ville-Sancerre--109-.JPG"
          ],
          "@type": [
            "ebucore:Resource"
          ]
        }
      ],
      "@type": [
        "ebucore:EditorialObject"
      ]
    },
    {
      "@id": "https://data.datatourisme.fr/40e05e8d-602d-3abc-8c32-6bc48316be4c",
      "ebucore:hasAnnotation": [
        {
          "@id": "https://data.datatourisme.fr/3f4c80f7-2857-384e-addb-0a38b7c9b032",
          "ebucore:isCoveredBy": "oui",
          "ebucore:title": {
            "fr": [
              "Sancerre _ depuis la Tour"
            ]
          },
          "@type": [
            "ebucore:Annotation",
            "Annotation"
          ],
          "credits": [
            "©Thibaut Soulet"
          ],
          "rightsEndDate": "2024-05-28",
          "rightsStartDate": "2020-05-28"
        }
      ],
      "ebucore:hasRelatedResource": [
        {
          "@id": "https://data.datatourisme.fr/e955cbdc-e27a-3d4f-9fe7-9aca7500ddda",
          "ebucore:hasMimeType": [
            {
              "@id": "kb:JPEG",
              "@type": [
                "ebucore:MimeType"
              ],
              "rdfs:comment": {
                "de": [
                  "JPEG-Bild"
                ],
                "pt": [
                  "Imagem JPEG"
                ],
                "en": [
                  "JPEG image file"
                ],
                "it": [
                  "Immagine JPEG"
                ],
                "fr": [
                  "Image JPEG"
                ],
                "nl": [
                  "JPEG-afbeelding"
                ],
                "es": [
                  "Imagen JPEG"
                ]
              },
              "rdfs:label": {
                "de": [
                  "image/jpeg"
                ],
                "pt": [
                  "image/jpeg"
                ],
                "en": [
                  "image/jpeg"
                ],
                "it": [
                  "image/jpeg"
                ],
                "fr": [
                  "image/jpeg"
                ],
                "nl": [
                  "image/jpeg"
                ],
                "es": [
                  "image/jpeg"
                ]
              }
            }
          ],
          "ebucore:locator": [
            "https://centre.media.tourinsoft.eu/upload/Sancerre---depuis-la-Tour-41159c93bc9241d8b261a9399b255ece.jpg"
          ],
          "@type": [
            "ebucore:Resource"
          ]
        }
      ],
      "@type": [
        "ebucore:EditorialObject"
      ]
    },
    {
      "@id": "https://data.datatourisme.fr/76a8e5e5-5cb3-3344-afdc-c77f548c3c61",
      "ebucore:hasAnnotation": [
        {
          "@id": "https://data.datatourisme.fr/13347542-e38a-3738-9de6-d74af94a67c7",
          "ebucore:title": {
            "fr": [
              "Viste Ville Sancerre (109)"
            ]
          },
          "@type": [
            "ebucore:Annotation",
            "Annotation"
          ],
          "credits": [
            "©Victoire Jacquot"
          ],
          "rightsEndDate": "2024-05-24",
          "rightsStartDate": "2020-05-28"
        }
      ],
      "ebucore:hasRelatedResource": [
        {
          "@id": "https://data.datatourisme.fr/a805f84e-95c9-3aa5-8d06-a4247c01b0cd",
          "ebucore:hasMimeType": [
            {
              "@id": "kb:JPEG",
              "@type": [
                "ebucore:MimeType"
              ],
              "rdfs:comment": {
                "de": [
                  "JPEG-Bild"
                ],
                "pt": [
                  "Imagem JPEG"
                ],
                "en": [
                  "JPEG image file"
                ],
                "it": [
                  "Immagine JPEG"
                ],
                "fr": [
                  "Image JPEG"
                ],
                "nl": [
                  "JPEG-afbeelding"
                ],
                "es": [
                  "Imagen JPEG"
                ]
              },
              "rdfs:label": {
                "de": [
                  "image/jpeg"
                ],
                "pt": [
                  "image/jpeg"
                ],
                "en": [
                  "image/jpeg"
                ],
                "it": [
                  "image/jpeg"
                ],
                "fr": [
                  "image/jpeg"
                ],
                "nl": [
                  "image/jpeg"
                ],
                "es": [
                  "image/jpeg"
                ]
              }
            }
          ],
          "ebucore:locator": [
            "https://centre.media.tourinsoft.eu/upload/Viste-Ville-Sancerre--109-.JPG"
          ],
          "@type": [
            "ebucore:Resource"
          ]
        }
      ],
      "@type": [
        "ebucore:EditorialObject"
      ]
    },
    {
      "@id": "https://data.datatourisme.fr/df62a66b-5a89-3782-a47a-9afeb97a6a98",
      "ebucore:hasAnnotation": [
        {
          "@id": "https://data.datatourisme.fr/1fd2dec7-64d3-3b55-b079-0f220e042de1",
          "ebucore:isCoveredBy": "oui",
          "ebucore:title": {
            "fr": [
              "Sancerre Victoire Jacquot (61)"
            ]
          },
          "@type": [
            "ebucore:Annotation",
            "Annotation"
          ],
          "credits": [
            "©Victoire Jacquot"
          ],
          "rightsEndDate": "2024-05-28",
          "rightsStartDate": "2020-05-28"
        }
      ],
      "ebucore:hasRelatedResource": [
        {
          "@id": "https://data.datatourisme.fr/65b34ba0-d021-31ff-a52a-46cebb187dff",
          "ebucore:hasMimeType": [
            {
              "@id": "kb:JPEG",
              "@type": [
                "ebucore:MimeType"
              ],
              "rdfs:comment": {
                "de": [
                  "JPEG-Bild"
                ],
                "pt": [
                  "Imagem JPEG"
                ],
                "en": [
                  "JPEG image file"
                ],
                "it": [
                  "Immagine JPEG"
                ],
                "fr": [
                  "Image JPEG"
                ],
                "nl": [
                  "JPEG-afbeelding"
                ],
                "es": [
                  "Imagen JPEG"
                ]
              },
              "rdfs:label": {
                "de": [
                  "image/jpeg"
                ],
                "pt": [
                  "image/jpeg"
                ],
                "en": [
                  "image/jpeg"
                ],
                "it": [
                  "image/jpeg"
                ],
                "fr": [
                  "image/jpeg"
                ],
                "nl": [
                  "image/jpeg"
                ],
                "es": [
                  "image/jpeg"
                ]
              }
            }
          ],
          "ebucore:locator": [
            "https://centre.media.tourinsoft.eu/upload/Sancerre-Victoire-Jacquot--61--a5cf2e8e43d6450eaa1ad20809a7cb01.JPG"
          ],
          "@type": [
            "ebucore:Resource"
          ]
        }
      ],
      "@type": [
        "ebucore:EditorialObject"
      ]
    }
  ],
  "hasTheme": [
    {
      "@id": "kb:Medieval",
      "@type": [
        "ArchitecturalStyle",
        "CulturalTheme"
      ],
      "rdfs:label": {
        "de": [
          "Mittelalterlich"
        ],
        "pt": [
          "Medieval"
        ],
        "en": [
          "Medieval"
        ],
        "it": [
          "Medievale"
        ],
        "fr": [
          "Médiéval"
        ],
        "nl": [
          "Middeleeuws"
        ],
        "es": [
          "Medieval"
        ]
      }
    },
    {
      "@id": "kb:Renaissance",
      "@type": [
        "ArchitecturalStyle"
      ],
      "rdfs:label": {
        "de": [
          "Renaissance"
        ],
        "pt": [
          "Renascença"
        ],
        "en": [
          "Renaissance"
        ],
        "it": [
          "Rinascimento"
        ],
        "fr": [
          "Renaissance"
        ],
        "nl": [
          "Renaissance"
        ],
        "es": [
          "Renacimiento"
        ]
      }
    }
  ],
  "hasTranslatedProperty": [
    {
      "@id": "https://data.datatourisme.fr/2aed36cc-1d0d-39ce-8590-cdc8bc425eef",
      "dc:contributor": [
        "https://api.deepl.com/v2/translate"
      ],
      "rdf:language": [
        "nl"
      ],
      "rdf:predicate": [
        {
          "@id": "rdfs:comment"
        }
      ]
    },
    {
      "@id": "https://data.datatourisme.fr/420b24c7-1b27-3a11-9bf1-8b91d63f4f92",
      "dc:contributor": [
        "https://api.deepl.com/v2/translate"
      ],
      "rdf:language": [
        "it"
      ],
      "rdf:predicate": [
        {
          "@id": "rdfs:comment"
        }
      ]
    },
    {
      "@id": "https://data.datatourisme.fr/4ca15f1d-8666-3882-bc6a-c02260f0a3f1",
      "dc:contributor": [
        "https://api.deepl.com/v2/translate"
      ],
      "rdf:language": [
        "en"
      ],
      "rdf:predicate": [
        {
          "@id": "rdfs:comment"
        }
      ]
    },
    {
      "@id": "https://data.datatourisme.fr/6d7cae7f-ea76-3ab0-a31a-1498d6bc2d55",
      "dc:contributor": [
        "https://api.deepl.com/v2/translate"
      ],
      "rdf:language": [
        "de"
      ],
      "rdf:predicate": [
        {
          "@id": "rdfs:comment"
        }
      ]
    },
    {
      "@id": "https://data.datatourisme.fr/c05406a0-99c0-3635-87a0-a1062c27510c",
      "dc:contributor": [
        "https://api.deepl.com/v2/translate"
      ],
      "rdf:language": [
        "es"
      ],
      "rdf:predicate": [
        {
          "@id": "rdfs:comment"
        }
      ]
    }
  ],
  "isLocatedAt": [
    {
      "@id": "https://data.datatourisme.fr/c5521b40-94ea-31ae-b892-00f9180a1da2",
      "schema:address": [
        {
          "@id": "https://data.datatourisme.fr/f3570464-425a-312b-abf5-91b97e4ac188",
          "schema:addressLocality": "Sancerre",
          "schema:postalCode": "18300",
          "schema:streetAddress": [
            "Esplanade Porte Cesar"
          ],
          "@type": [
            "schema:PostalAddress",
            "PostalAddress"
          ],
          "hasAddressCity": {
            "@id": "kb:18241",
            "@type": [
              "City"
            ],
            "rdfs:label": {
              "de": [
                "Sancerre"
              ],
              "pt": [
                "Sancerre"
              ],
              "en": [
                "Sancerre"
              ],
              "it": [
                "Sancerre"
              ],
              "fr": [
                "Sancerre"
              ],
              "nl": [
                "Sancerre"
              ],
              "es": [
                "Sancerre"
              ]
            },
            "insee": "18241",
            "isPartOfDepartment": {
              "@id": "kb:France2418",
              "@type": [
                "Department"
              ],
              "rdfs:label": {
                "de": [
                  "Cher"
                ],
                "pt": [
                  "Cher"
                ],
                "en": [
                  "Cher"
                ],
                "it": [
                  "Cher"
                ],
                "fr": [
                  "Cher"
                ],
                "nl": [
                  "Cher"
                ],
                "es": [
                  "Cher"
                ]
              },
              "insee": "18",
              "isPartOfRegion": {
                "@id": "kb:France24",
                "@type": [
                  "Region"
                ],
                "rdfs:label": {
                  "de": [
                    "Centre-Val de Loire"
                  ],
                  "pt": [
                    "Centre-Val de Loire"
                  ],
                  "en": [
                    "Centre-Val de Loire"
                  ],
                  "it": [
                    "Centre-Val de Loire"
                  ],
                  "fr": [
                    "Centre-Val de Loire"
                  ],
                  "nl": [
                    "Centre-Val de Loire"
                  ],
                  "es": [
                    "Centre-Val de Loire"
                  ]
                },
                "insee": "24",
                "isPartOfCountry": {
                  "@id": "kb:France",
                  "@type": [
                    "schema:Country"
                  ],
                  "rdfs:label": {
                    "de": [
                      "France",
                      "Frankreich"
                    ],
                    "pt": [
                      "França",
                      "France"
                    ],
                    "en": [
                      "France"
                    ],
                    "it": [
                      "France",
                      "Francia"
                    ],
                    "fr": [
                      "France"
                    ],
                    "nl": [
                      "France",
                      "Frankrijk"
                    ],
                    "es": [
                      "France",
                      "Francia"
                    ]
                  }
                }
              }
            }
          }
        }
      ],
      "schema:geo": {
        "@id": "https://data.datatourisme.fr/dd136869-16f2-34d5-8de6-415891bac46f",
        "schema:latitude": "47.332929",
        "schema:longitude": "2.840888",
        "@type": [
          "schema:GeoCoordinates"
        ]
      },
      "schema:openingHoursSpecification": [
        {
          "@id": "https://data.datatourisme.fr/c953d071-0076-37a2-8d56-f911a997857d",
          "schema:closes": "12:30:00",
          "schema:dayOfWeek": [
            {
              "@id": "schema:Saturday",
              "@type": [
                "schema:DayOfWeek"
              ],
              "rdfs:label": {
                "de": [
                  "Samstag"
                ],
                "pt": [
                  "Sábado"
                ],
                "en": [
                  "Saturday"
                ],
                "it": [
                  "Sabato"
                ],
                "fr": [
                  "Samedi"
                ],
                "nl": [
                  "Zaterdag"
                ],
                "es": [
                  "Sábado"
                ]
              }
            }
          ],
          "schema:opens": "10:30:00",
          "schema:validFrom": "2023-05-06T00:00:00",
          "schema:validThrough": "2023-09-30T00:00:00",
          "@type": [
            "schema:OpeningHoursSpecification"
          ]
        }
      ],
      "@type": [
        "schema:Place",
        "Place"
      ]
    }
  ],
  "lastUpdate": "2023-05-28",
  "lastUpdateDatatourisme": "2023-08-31T14:10:09.691Z",
  "offers": [
    {
      "@id": "https://data.datatourisme.fr/7b2e5bc9-62ec-3f5d-b809-702312aa01a8",
      "schema:acceptedPaymentMethod": [
        {
          "@id": "kb:BlueCard",
          "@type": [
            "schema:PaymentMethod"
          ],
          "rdfs:label": {
            "de": [
              "Carte bleue"
            ],
            "pt": [
              "Cartão de pagamento (Carte bleue)"
            ],
            "en": [
              "Blue card"
            ],
            "it": [
              "Carta blu"
            ],
            "fr": [
              "Carte bleue"
            ],
            "es": [
              "Tarjeta bancaria"
            ],
            "nl": [
              "Carte Bleue"
            ]
          }
        },
        {
          "@id": "kb:Cash",
          "@type": [
            "schema:PaymentMethod"
          ],
          "rdfs:label": {
            "de": [
              "Art"
            ],
            "pt": [
              "Espécie"
            ],
            "en": [
              "Cash"
            ],
            "it": [
              "Contanti"
            ],
            "fr": [
              "Espèce"
            ],
            "es": [
              "Especie"
            ],
            "nl": [
              "Contant"
            ]
          }
        },
        {
          "@id": "kb:Check",
          "@type": [
            "schema:PaymentMethod"
          ],
          "rdfs:label": {
            "de": [
              "Scheck"
            ],
            "pt": [
              "Cheque"
            ],
            "en": [
              "Check"
            ],
            "it": [
              "Assegno"
            ],
            "fr": [
              "Chèque"
            ],
            "nl": [
              "Cheque"
            ],
            "es": [
              "Cheque"
            ]
          }
        }
      ],
      "schema:priceSpecification": [
        {
          "@id": "https://data.datatourisme.fr/176b420c-7ca0-3451-a3f1-96d5d52c2f29",
          "schema:minPrice": [
            "10"
          ],
          "schema:price": "10",
          "schema:priceCurrency": "EUR",
          "@type": [
            "schema:PriceSpecification"
          ]
        },
        {
          "@id": "https://data.datatourisme.fr/4d416a7c-82ca-3bc4-9b28-58ad7a523fa0",
          "schema:minPrice": [
            "6"
          ],
          "schema:price": "6",
          "schema:priceCurrency": "EUR",
          "@type": [
            "schema:PriceSpecification"
          ]
        }
      ],
      "@type": [
        "schema:Offer",
        "Offer"
      ]
    }
  ],
  "reducedMobilityAccess": false
}