{
  "@id": "https://data.datatourisme.fr/19/004f41b0-f3bc-326a-808b-61c1b014d722",
  "dc:identifier": "211d5f9e-8b66-ff1e-44b8-501ba40513fe",
  "@type": [
    "schema:Product",
    "PointOfInterest",
    "Product",
    "Visit"
  ],
  "rdfs:label": {
    "fr": [
      "Aerfun Montgolfières"
    ]
  },
  "hasBeenCreatedBy": {
    "@id": "https://data.datatourisme.fr/73f9361b-7fdb-3a8c-8c11-182ef0152392",
    "schema:email": [
      "opendata@parisinfo.com"
    ],
    "schema:legalName": "Office de Tourisme de Paris",
    "@type": [
      "schema:Organization",
      "foaf:Agent",
      "Agent"
    ],
    "foaf:homepage": [
      "https://www.parisinfo.com/"
    ]
  },
  "hasBeenPublishedBy": [
    {
      "@id": "https://data.datatourisme.fr/73f9361b-7fdb-3a8c-8c11-182ef0152392",
      "schema:email": [
        "opendata@parisinfo.com"
      ],
      "schema:legalName": "Office de Tourisme de Paris",
      "@type": [
        "schema:Organization",
        "foaf:Agent",
        "Agent"
      ],
      "foaf:homepage": [
        "https://www.parisinfo.com/"
      ]
    }
  ],
  "hasContact": [
    {
      "@id": "https://data.datatourisme.fr/31050125-3c51-31b8-a601-060e84184e2f",
      "schema:email": [
        "info@aerfun.com"
      ],
      "schema:telephone": [
        "+33 6 28 23 12 94"
      ],
      "@type": [
        "foaf:Agent",
        "Agent"
      ],
      "foaf:homepage": [
        "http://www.aerfun.com/"
      ]
    }
  ],
  "isLocatedAt": [
    {
      "@id": "https://data.datatourisme.fr/f89e4c53-cfe9-31e1-8bed-5e9402260122",
      "schema:address": [
        {
          "@id": "https://data.datatourisme.fr/047b6460-0eb1-3c81-a746-d9aab4e59d20",
          "schema:addressLocality": "Dourdan",
          "schema:postalCode": "91410",
          "schema:streetAddress": [
            "22 rue de l'Épine Blanche"
          ],
          "@type": [
            "schema:PostalAddress",
            "PostalAddress"
          ],
          "hasAddressCity": {
            "@id": "kb:91200",
            "@type": [
              "City"
            ],
            "rdfs:label": {
              "de": [
                "Dourdan"
              ],
              "pt": [
                "Dourdan"
              ],
              "en": [
                "Dourdan"
              ],
              "it": [
                "Dourdan"
              ],
              "fr": [
                "Dourdan"
              ],
              "nl": [
                "Dourdan"
              ],
              "es": [
                "Dourdan"
              ]
            },
            "insee": "91200",
            "isPartOfDepartment": {
              "@id": "kb:France1191",
              "@type": [
                "Department"
              ],
              "rdfs:label": {
                "de": [
                  "Essonne"
                ],
                "pt": [
                  "Essonne"
                ],
                "en": [
                  "Essonne"
                ],
                "it": [
                  "Essonne"
                ],
                "fr": [
                  "Essonne"
                ],
                "nl": [
                  "Essonne"
                ],
                "es": [
                  "Essonne"
                ]
              },
              "insee": "91",
              "isPartOfRegion": {
                "@id": "kb:France11",
                "@type": [
                  "Region"
                ],
                "rdfs:label": {
                  "de": [
                    "Île-de-France"
                  ],
                  "pt": [
                    "Île-de-France"
                  ],
                  "en": [
                    "Île-de-France"
                  ],
                  "it": [
                    "Île-de-France"
                  ],
                  "fr": [
                    "Île-de-France"
                  ],
                  "nl": [
                    "Île-de-France"
                  ],
                  "es": [
                    "Île-de-France"
                  ]
                },
                "insee": "11",
                "isPartOfCountry": {
                  "@id": "kb:France",
                  "@type": [
                    "schema:Country"
                  ],
                  "rdfs:label": {
                    "de": [
                      "France",
                      "Frankreich"
                    ],
                    "pt": [
                      "França",
                      "France"
                    ],
                    "en": [
                      "France"
                    ],
                    "it": [
                      "France",
                      "Francia"
                    ],
                    "fr": [
                      "France"
                    ],
                    "nl": [
                      "France",
                      "Frankrijk"
                    ],
                    "es": [
                      "France",
                      "Francia"
                    ]
                  }
                }
              }
            }
          }
        }
      ],
      "schema:geo": {
        "@id": "https://data.datatourisme.fr/2fb5ff87-fdfd-3cc9-94ca-489f511eaea0",
        "schema:latitude": "48.5368508",
        "schema:longitude": "2.0111186999999973",
        "@type": [
          "schema:GeoCoordinates"
        ]
      },
      "@type": [
        "schema:Place",
        "Place"
      ]
    }
  ],
  "lastUpdate": "2020-10-23",
  "lastUpdateDatatourisme": "2022-12-06T14:33:28.349Z"
}