{
  "@id": "https://data.datatourisme.fr/22/007b7346-042c-398d-be92-b54d8ec15a5f",
  "dc:identifier": "DEGMIP046V519YMG",
  "@type": [
    "schema:LocalBusiness",
    "schema:Product",
    "PlaceOfInterest",
    "PointOfInterest",
    "Practice",
    "Product",
    "Tasting",
    "TastingProvider"
  ],
  "rdfs:comment": {
    "de": [
      "Auf den Anhöhen von Figeac in einem Naturschutzgebiet beherbergt der Weiler La Balatie seit 1833 unsere \"Scheune der 1000 Samen\". Entdecken Sie ländliche Fertigkeiten beim Umweg über den Garten, den Secadou, den Brotbackofen oder die Entdeckungspfade. Hier teilen wir mit Ihnen die Ressourcen, die Mutter Natur bietet, und laden Sie ein, mit gesünderen, leichteren und bewussteren Lebenspraktiken zu experimentieren. Geselligkeit, Wissen und Einfachheit sind garantiert mit den öko-ludischen Workshops in Gärtnerei, Kräuterkunde und Naturheilkunde!"
    ],
    "en": [
      "On the heights of Figeac in a protected natural area, the hamlet of La Balatie has been home to our \"grange aux 1000 graines\" since 1833. Come and discover rural know-how in the garden, the secadou, the bread oven or along the discovery paths. Here we share with you the resources that Mother Nature offers and invite you to experience healthier, easier, more conscious living practices. Conviviality, knowledge and simplicity are guaranteed with the eco-friendly workshops in gardening, crusinery, naturopathy!!"
    ],
    "it": [
      "Sulle alture di Figeac, in un'area naturale protetta, la frazione di La Balatie ospita il nostro \"fienile dei 1000 semi\" dal 1833. Venite a scoprire il sapere rurale nell'orto, nel secadou, nel forno per il pane o nei percorsi di scoperta. Qui condividiamo con voi le risorse che Madre Natura ha da offrire e vi invitiamo a sperimentare modi di vivere più sani, più semplici e più consapevoli. Convivialità, conoscenza e semplicità sono garantite con i laboratori eco-ludici di giardinaggio, materie prime, naturopatia!"
    ],
    "fr": [
      "Sur les hauteurs de Figeac en zone naturelle protégée, le hameau de la Balatie abrite depuis 1833 notre \"grange aux 1000 graines\". Venez découvrir des savoir-faire ruraux au détour du jardin, du sécadou, du four à pain ou des sentiers découvertes. Ici nous vous partageons les ressources que Dame nature offre et vous invitons à expérimenter des pratiques de vie plus saines, plus faciles, plus conscientes. Convivialité, connaissances et simplicité garanties avec les ateliers éco-ludiques en jardinologie, crusinerie, naturopathie !!!"
    ],
    "nl": [
      "Op de hoogten van Figeac, in een beschermd natuurgebied, is het gehucht La Balatie sinds 1833 de thuisbasis van onze \"schuur met 1000 zaden\". Kom en ontdek de landelijke knowhow in de tuin, de secadou, de broodoven of de ontdekkingstochten. Hier delen wij met u de middelen die Moeder Natuur te bieden heeft en nodigen wij u uit om te experimenteren met gezondere, eenvoudigere en bewustere manieren van leven. Gezelligheid, kennis en eenvoud zijn gegarandeerd bij de eco-ludieke workshops tuinieren, tuinieren en natuurgeneeskunde!"
    ],
    "es": [
      "En las alturas de Figeac, en un espacio natural protegido, la aldea de La Balatie alberga desde 1833 nuestro \"granero de las 1000 semillas\". Venga a descubrir el saber hacer rural en el jardín, el secadou, el horno de pan o los senderos de descubrimiento. Aquí compartimos con usted los recursos que ofrece la madre naturaleza y le invitamos a experimentar con formas de vida más sanas, fáciles y conscientes. La convivencia, el conocimiento y la sencillez están garantizados con los talleres ecolúdicos de jardinería, materias primas y naturopatía"
    ]
  },
  "rdfs:label": {
    "fr": [
      "La Grange Aux Mille Graines"
    ],
    "es": [
      "La Grange Aux Mille Graines"
    ]
  },
  "availableLanguage": [
    "en",
    "es",
    "fr"
  ],
  "hasBeenCreatedBy": {
    "@id": "https://data.datatourisme.fr/19c899c1-d889-360d-889c-17be6754f7cd",
    "schema:legalName": "OT Figeac",
    "@type": [
      "schema:Organization",
      "foaf:Agent",
      "Agent"
    ]
  },
  "hasBeenPublishedBy": [
    {
      "@id": "https://data.datatourisme.fr/a91cfac3-26b1-32ff-a4d1-03a88ee24fce",
      "schema:legalName": "Lot Tourisme - Agence de Développement Touristique",
      "schema:logo": "https://image.jimcdn.com/app/cms/image/transf/dimension=150x150:format=jpg/path/s241e622ed1e390b3/image/if282e9258e4ddfa7/version/1391472379/image.jpg",
      "@type": [
        "schema:Organization",
        "foaf:Agent",
        "Agent"
      ],
      "foaf:homepage": [
        "http://www.tourisme-lot.com/"
      ]
    }
  ],
  "hasContact": [
    {
      "@id": "https://data.datatourisme.fr/9de70faf-1273-3eba-a120-7761fcf7eb4a",
      "schema:legalName": "La Grange Aux Mille Graines",
      "schema:telephone": [
        "+33 7 78 47 13 29"
      ],
      "@type": [
        "schema:Organization",
        "foaf:Agent",
        "Agent"
      ]
    }
  ],
  "hasDescription": [
    {
      "@id": "https://data.datatourisme.fr/e02f84ef-01c1-3725-ac6b-3871167ff1d9",
      "dc:description": {
        "de": [
          "Auf den Anhöhen von Figeac in einem Naturschutzgebiet beherbergt der Weiler La Balatie seit 1833 unsere \"Scheune der 1000 Samen\". Entdecken Sie ländliche Fertigkeiten beim Umweg über den Garten, den Secadou, den Brotbackofen oder die Entdeckungspfade. Hier teilen wir mit Ihnen die Ressourcen, die Mutter Natur bietet, und laden Sie ein, mit gesünderen, leichteren und bewussteren Lebenspraktiken zu experimentieren. Geselligkeit, Wissen und Einfachheit sind garantiert mit den öko-ludischen Workshops in Gärtnerei, Kräuterkunde und Naturheilkunde!"
        ],
        "en": [
          "On the heights of Figeac in a protected natural area, the hamlet of La Balatie has been home to our \"grange aux 1000 graines\" since 1833. Come and discover rural know-how in the garden, the secadou, the bread oven or along the discovery paths. Here we share with you the resources that Mother Nature offers and invite you to experience healthier, easier, more conscious living practices. Conviviality, knowledge and simplicity are guaranteed with the eco-friendly workshops in gardening, crusinery, naturopathy!!"
        ],
        "it": [
          "Sulle alture di Figeac, in un'area naturale protetta, la frazione di La Balatie ospita il nostro \"fienile dei 1000 semi\" dal 1833. Venite a scoprire il sapere rurale nell'orto, nel secadou, nel forno per il pane o nei percorsi di scoperta. Qui condividiamo con voi le risorse che Madre Natura ha da offrire e vi invitiamo a sperimentare modi di vivere più sani, più semplici e più consapevoli. Convivialità, conoscenza e semplicità sono garantite con i laboratori eco-ludici di giardinaggio, materie prime, naturopatia!"
        ],
        "fr": [
          "Sur les hauteurs de Figeac en zone naturelle protégée, le hameau de la Balatie abrite depuis 1833 notre \"grange aux 1000 graines\". Venez découvrir des savoir-faire ruraux au détour du jardin, du sécadou, du four à pain ou des sentiers découvertes. Ici nous vous partageons les ressources que Dame nature offre et vous invitons à expérimenter des pratiques de vie plus saines, plus faciles, plus conscientes. Convivialité, connaissances et simplicité garanties avec les ateliers éco-ludiques en jardinologie, crusinerie, naturopathie !!!"
        ],
        "nl": [
          "Op de hoogten van Figeac, in een beschermd natuurgebied, is het gehucht La Balatie sinds 1833 de thuisbasis van onze \"schuur met 1000 zaden\". Kom en ontdek de landelijke knowhow in de tuin, de secadou, de broodoven of de ontdekkingstochten. Hier delen wij met u de middelen die Moeder Natuur te bieden heeft en nodigen wij u uit om te experimenteren met gezondere, eenvoudigere en bewustere manieren van leven. Gezelligheid, kennis en eenvoud zijn gegarandeerd bij de eco-ludieke workshops tuinieren, tuinieren en natuurgeneeskunde!"
        ],
        "es": [
          "En las alturas de Figeac, en un espacio natural protegido, la aldea de La Balatie alberga desde 1833 nuestro \"granero de las 1000 semillas\". Venga a descubrir el saber hacer rural en el jardín, el secadou, el horno de pan o los senderos de descubrimiento. Aquí compartimos con usted los recursos que ofrece la madre naturaleza y le invitamos a experimentar con formas de vida más sanas, fáciles y conscientes. La convivencia, el conocimiento y la sencillez están garantizados con los talleres ecolúdicos de jardinería, materias primas y naturopatía"
        ]
      },
      "@type": [
        "Description"
      ],
      "hasTranslatedProperty": [
        {
          "@id": "https://data.datatourisme.fr/7a6ffbb8-f5c4-3044-9d2b-1d47a0018a7a",
          "dc:contributor": [
            "https://api.deepl.com/v2/translate"
          ],
          "rdf:language": [
            "en"
          ],
          "rdf:predicate": [
            {
              "@id": "dc:description"
            }
          ]
        },
        {
          "@id": "https://data.datatourisme.fr/87077339-90c6-3133-9654-dacf60165f3b",
          "dc:contributor": [
            "https://api.deepl.com/v2/translate"
          ],
          "rdf:language": [
            "de"
          ],
          "rdf:predicate": [
            {
              "@id": "dc:description"
            }
          ]
        },
        {
          "@id": "https://data.datatourisme.fr/89c94093-2e12-3efb-b01d-0b09f34b6585",
          "dc:contributor": [
            "https://api.deepl.com/v2/translate"
          ],
          "rdf:language": [
            "de"
          ],
          "rdf:predicate": [
            "shortDescription"
          ]
        },
        {
          "@id": "https://data.datatourisme.fr/b708d42c-d145-3516-a144-9aff73884aa0",
          "dc:contributor": [
            "https://api.deepl.com/v2/translate"
          ],
          "rdf:language": [
            "it"
          ],
          "rdf:predicate": [
            "shortDescription"
          ]
        },
        {
          "@id": "https://data.datatourisme.fr/baa7be1d-513d-3cb4-9100-62a272d24790",
          "dc:contributor": [
            "https://api.deepl.com/v2/translate"
          ],
          "rdf:language": [
            "nl"
          ],
          "rdf:predicate": [
            "shortDescription"
          ]
        },
        {
          "@id": "https://data.datatourisme.fr/d2f363e4-04c2-3c5e-b1d1-f8f5bfdd7dec",
          "dc:contributor": [
            "https://api.deepl.com/v2/translate"
          ],
          "rdf:language": [
            "it"
          ],
          "rdf:predicate": [
            {
              "@id": "dc:description"
            }
          ]
        },
        {
          "@id": "https://data.datatourisme.fr/d4afd795-b372-30d3-9c73-399485bfb3bc",
          "dc:contributor": [
            "https://api.deepl.com/v2/translate"
          ],
          "rdf:language": [
            "nl"
          ],
          "rdf:predicate": [
            {
              "@id": "dc:description"
            }
          ]
        },
        {
          "@id": "https://data.datatourisme.fr/e59e68e5-aac2-36b7-bfc4-cb0c6b19847c",
          "dc:contributor": [
            "https://api.deepl.com/v2/translate"
          ],
          "rdf:language": [
            "en"
          ],
          "rdf:predicate": [
            "shortDescription"
          ]
        }
      ],
      "shortDescription": {
        "de": [
          "Auf den Anhöhen von Figeac in einem Naturschutzgebiet beherbergt der Weiler La Balatie seit 1833 unsere \"Scheune der 1000 Samen\". Entdecken Sie ländliche Fertigkeiten beim Umweg über den Garten, den Secadou, den Brotbackofen oder die Entdeckungspfade. Hier teilen wir mit Ihnen die Ressourcen, die Mutter Natur bietet, und laden Sie ein, mit gesünderen, leichteren und bewussteren Lebenspraktiken zu experimentieren. Geselligkeit, Wissen und Einfachheit sind garantiert mit den öko-ludischen Workshops in Gärtnerei, Kräuterkunde und Naturheilkunde!"
        ],
        "en": [
          "On the heights of Figeac in a protected natural area, the hamlet of La Balatie has been home to our \"grange aux 1000 graines\" since 1833. Come and discover rural know-how in the garden, the secadou, the bread oven or along the discovery paths. Here we share with you the resources that Mother Nature offers and invite you to experience healthier, easier, more conscious living practices. Conviviality, knowledge and simplicity are guaranteed with the eco-friendly workshops in gardening, crusinery, naturopathy!!"
        ],
        "it": [
          "Sulle alture di Figeac, in un'area naturale protetta, la frazione di La Balatie ospita il nostro \"fienile dei 1000 semi\" dal 1833. Venite a scoprire il sapere rurale nell'orto, nel secadou, nel forno per il pane o nei percorsi di scoperta. Qui condividiamo con voi le risorse che Madre Natura ha da offrire e vi invitiamo a sperimentare modi di vivere più sani, più semplici e più consapevoli. Convivialità, conoscenza e semplicità sono garantite con i laboratori eco-ludici di giardinaggio, materie prime, naturopatia!"
        ],
        "fr": [
          "Sur les hauteurs de Figeac en zone naturelle protégée, le hameau de la Balatie abrite depuis 1833 notre \"grange aux 1000 graines\". Venez découvrir des savoir-faire ruraux au détour du jardin, du sécadou, du four à pain ou des sentiers découvertes. Ici nous vous partageons les ressources que Dame nature offre et vous invitons à expérimenter des pratiques de vie plus saines, plus faciles, plus conscientes. Convivialité, connaissances et simplicité garanties avec les ateliers éco-ludiques en jardinologie, crusinerie, naturopathie !!!"
        ],
        "nl": [
          "Op de hoogten van Figeac, in een beschermd natuurgebied, is het gehucht La Balatie sinds 1833 de thuisbasis van onze \"schuur met 1000 zaden\". Kom en ontdek de landelijke knowhow in de tuin, de secadou, de broodoven of de ontdekkingstochten. Hier delen wij met u de middelen die Moeder Natuur te bieden heeft en nodigen wij u uit om te experimenteren met gezondere, eenvoudigere en bewustere manieren van leven. Gezelligheid, kennis en eenvoud zijn gegarandeerd bij de eco-ludieke workshops tuinieren, tuinieren en natuurgeneeskunde!"
        ],
        "es": [
          "En las alturas de Figeac, en un espacio natural protegido, la aldea de La Balatie alberga desde 1833 nuestro \"granero de las 1000 semillas\". Venga a descubrir el saber hacer rural en el jardín, el secadou, el horno de pan o los senderos de descubrimiento. Aquí compartimos con usted los recursos que ofrece la madre naturaleza y le invitamos a experimentar con formas de vida más sanas, fáciles y conscientes. La convivencia, el conocimiento y la sencillez están garantizados con los talleres ecolúdicos de jardinería, materias primas y naturopatía"
        ]
      }
    }
  ],
  "hasTheme": [
    {
      "@id": "kb:Bread",
      "@type": [
        "FoodProduct"
      ],
      "rdfs:label": {
        "de": [
          "Brot"
        ],
        "pt": [
          "Pão"
        ],
        "en": [
          "Bread"
        ],
        "it": [
          "Pane"
        ],
        "fr": [
          "Pain"
        ],
        "es": [
          "Pan"
        ],
        "nl": [
          "Brood"
        ]
      }
    }
  ],
  "hasTranslatedProperty": [
    {
      "@id": "https://data.datatourisme.fr/12cc3c97-63e9-359d-b42c-faa537d0f052",
      "dc:contributor": [
        "https://api.deepl.com/v2/translate"
      ],
      "rdf:language": [
        "es"
      ],
      "rdf:predicate": [
        {
          "@id": "rdfs:comment"
        }
      ]
    },
    {
      "@id": "https://data.datatourisme.fr/2534dbc5-fc3f-3d1a-895e-a5824b2fa636",
      "dc:contributor": [
        "https://api.deepl.com/v2/translate"
      ],
      "rdf:language": [
        "en"
      ],
      "rdf:predicate": [
        {
          "@id": "rdfs:comment"
        }
      ]
    },
    {
      "@id": "https://data.datatourisme.fr/9642bbcd-213f-34ca-a020-58d679901c71",
      "dc:contributor": [
        "https://api.deepl.com/v2/translate"
      ],
      "rdf:language": [
        "de"
      ],
      "rdf:predicate": [
        {
          "@id": "rdfs:comment"
        }
      ]
    },
    {
      "@id": "https://data.datatourisme.fr/a29b7e66-d51e-37d7-98ad-790457389884",
      "dc:contributor": [
        "https://api.deepl.com/v2/translate"
      ],
      "rdf:language": [
        "it"
      ],
      "rdf:predicate": [
        {
          "@id": "rdfs:comment"
        }
      ]
    },
    {
      "@id": "https://data.datatourisme.fr/ec4ce47d-0e86-3dc7-9e05-fe989aa334be",
      "dc:contributor": [
        "https://api.deepl.com/v2/translate"
      ],
      "rdf:language": [
        "nl"
      ],
      "rdf:predicate": [
        {
          "@id": "rdfs:comment"
        }
      ]
    }
  ],
  "isLocatedAt": [
    {
      "@id": "https://data.datatourisme.fr/911980da-a1e1-3523-b91b-4c6f49cd6513",
      "schema:address": [
        {
          "@id": "https://data.datatourisme.fr/189fb682-b884-3c32-9a6a-c5bccc3e2e72",
          "schema:addressLocality": "Figeac",
          "schema:postalCode": "46100",
          "schema:streetAddress": [
            "Hameau de la Balatie"
          ],
          "@type": [
            "schema:PostalAddress",
            "PostalAddress"
          ],
          "hasAddressCity": {
            "@id": "kb:46102",
            "@type": [
              "City"
            ],
            "rdfs:label": {
              "de": [
                "Figeac"
              ],
              "pt": [
                "Figeac"
              ],
              "en": [
                "Figeac"
              ],
              "it": [
                "Figeac"
              ],
              "fr": [
                "Figeac"
              ],
              "nl": [
                "Figeac"
              ],
              "es": [
                "Figeac"
              ]
            },
            "insee": "46102",
            "isPartOfDepartment": {
              "@id": "kb:France7646",
              "@type": [
                "Department"
              ],
              "rdfs:label": {
                "de": [
                  "Lot"
                ],
                "pt": [
                  "Lot"
                ],
                "en": [
                  "Lot"
                ],
                "it": [
                  "Lot"
                ],
                "fr": [
                  "Lot"
                ],
                "nl": [
                  "Lot"
                ],
                "es": [
                  "Lot"
                ]
              },
              "insee": "46",
              "isPartOfRegion": {
                "@id": "kb:France76",
                "@type": [
                  "Region"
                ],
                "rdfs:label": {
                  "de": [
                    "Occitanie"
                  ],
                  "pt": [
                    "Occitanie"
                  ],
                  "en": [
                    "Occitanie"
                  ],
                  "it": [
                    "Occitanie"
                  ],
                  "fr": [
                    "Occitanie"
                  ],
                  "nl": [
                    "Occitanie"
                  ],
                  "es": [
                    "Occitanie"
                  ]
                },
                "insee": "76",
                "isPartOfCountry": {
                  "@id": "kb:France",
                  "@type": [
                    "schema:Country"
                  ],
                  "rdfs:label": {
                    "de": [
                      "France",
                      "Frankreich"
                    ],
                    "pt": [
                      "França",
                      "France"
                    ],
                    "en": [
                      "France"
                    ],
                    "it": [
                      "France",
                      "Francia"
                    ],
                    "fr": [
                      "France"
                    ],
                    "nl": [
                      "France",
                      "Frankrijk"
                    ],
                    "es": [
                      "France",
                      "Francia"
                    ]
                  }
                }
              }
            }
          }
        }
      ],
      "schema:geo": {
        "@id": "https://data.datatourisme.fr/1cc3549c-7150-34f4-ac6c-cd16ec5ae31a",
        "schema:latitude": "44.542082",
        "schema:longitude": "1.972078",
        "@type": [
          "schema:GeoCoordinates"
        ]
      },
      "@type": [
        "schema:Place",
        "Place"
      ]
    }
  ],
  "isOwnedBy": [
    {
      "@id": "https://data.datatourisme.fr/19c899c1-d889-360d-889c-17be6754f7cd",
      "schema:legalName": "OT Figeac",
      "@type": [
        "schema:Organization",
        "foaf:Agent",
        "Agent"
      ]
    }
  ],
  "lastUpdate": "2023-03-24",
  "lastUpdateDatatourisme": "2023-04-13T16:17:34.371Z",
  "offers": [
    {
      "@id": "https://data.datatourisme.fr/582ad7ea-70ba-3179-83f2-8ae2246f275f",
      "schema:acceptedPaymentMethod": [
        {
          "@id": "kb:Cash",
          "@type": [
            "schema:PaymentMethod"
          ],
          "rdfs:label": {
            "de": [
              "Art"
            ],
            "pt": [
              "Espécie"
            ],
            "en": [
              "Cash"
            ],
            "it": [
              "Contanti"
            ],
            "fr": [
              "Espèce"
            ],
            "es": [
              "Especie"
            ],
            "nl": [
              "Contant"
            ]
          }
        },
        {
          "@id": "kb:Check",
          "@type": [
            "schema:PaymentMethod"
          ],
          "rdfs:label": {
            "de": [
              "Scheck"
            ],
            "pt": [
              "Cheque"
            ],
            "en": [
              "Check"
            ],
            "it": [
              "Assegno"
            ],
            "fr": [
              "Chèque"
            ],
            "nl": [
              "Cheque"
            ],
            "es": [
              "Cheque"
            ]
          }
        }
      ],
      "schema:priceSpecification": [
        {
          "@id": "https://data.datatourisme.fr/7a89fc3d-27f5-3f43-81e3-ad85f3adf452",
          "schema:priceCurrency": "EUR",
          "@type": [
            "schema:PriceSpecification"
          ],
          "name": {
            "fr": [
              "Visite et dégustation Tarif enfant"
            ],
            "es": [
              "Tarifa infantil"
            ]
          }
        },
        {
          "@id": "https://data.datatourisme.fr/a508be39-0be5-3cc7-a006-73b7a4c98415",
          "schema:priceCurrency": "EUR",
          "@type": [
            "schema:PriceSpecification"
          ],
          "name": {
            "fr": [
              "Visite et dégustation Tarif de groupe"
            ],
            "es": [
              "Tarifa de grupo"
            ]
          }
        },
        {
          "@id": "https://data.datatourisme.fr/eb453d5c-6a65-31b2-8d16-d1ff7e60b788",
          "schema:priceCurrency": "EUR",
          "@type": [
            "schema:PriceSpecification"
          ],
          "name": {
            "fr": [
              "Visite et dégustation Tarif adulte"
            ],
            "es": [
              "Tarifa adulto"
            ]
          }
        }
      ],
      "@type": [
        "schema:Offer",
        "Offer"
      ]
    }
  ]
}