{
  "@id": "https://data.datatourisme.fr/22/0018b65e-ca32-3696-bd07-d7a81e82e2b7",
  "dc:identifier": "PCUMIP046V5136FI",
  "@type": [
    "Church",
    "CulturalSite",
    "PlaceOfInterest",
    "PointOfInterest",
    "ReligiousSite"
  ],
  "rdfs:comment": {
    "de": [
      "Kirche aus dem 17. Jahrhundert mit einem Hauptaltarbild aus geschnitztem Holz, das durch seine komplexe Symbolsprache auffällt, die typisch für das große Jahrhundert ist. Die Lektüre ist sehr interessant."
    ],
    "en": [
      "Church of the 17th century with a major altarpiece of carved wood, remarkable for its complex symbolic language, typical of the great century. Its reading is very interesting."
    ],
    "it": [
      "Chiesa del XVII secolo con una grande pala d'altare in legno intagliato, notevole per il suo complesso linguaggio simbolico, tipico del grande secolo. È molto interessante da leggere."
    ],
    "fr": [
      "Eglise du 17ème siècle au retable majeur de bois sculpté, remarquable par son langage symbolique complexe, typique du grand siècle. Sa lecture est très intéressante."
    ],
    "nl": [
      "Kerk uit de 17e eeuw met een belangrijk altaarstuk van houtsnijwerk, opmerkelijk vanwege de complexe symbolentaal, typisch voor de grote eeuw. Het is erg interessant om te lezen."
    ],
    "es": [
      "Iglesia del siglo XVII con un retablo mayor de madera tallada, notable por su complejo lenguaje simbólico, típico del gran siglo. Es muy interesante leerlo."
    ]
  },
  "rdfs:label": {
    "fr": [
      "Eglise Saint-Michel"
    ],
    "es": [
      "Eglise Saint-Michel"
    ]
  },
  "hasBeenCreatedBy": {
    "@id": "https://data.datatourisme.fr/303eec4f-9e51-305e-895f-e034dd33c03d",
    "schema:legalName": "OT CVL Vignoble",
    "@type": [
      "schema:Organization",
      "foaf:Agent",
      "Agent"
    ]
  },
  "hasBeenPublishedBy": [
    {
      "@id": "https://data.datatourisme.fr/a91cfac3-26b1-32ff-a4d1-03a88ee24fce",
      "schema:legalName": "Lot Tourisme - Agence de Développement Touristique",
      "schema:logo": "https://image.jimcdn.com/app/cms/image/transf/dimension=150x150:format=jpg/path/s241e622ed1e390b3/image/if282e9258e4ddfa7/version/1391472379/image.jpg",
      "@type": [
        "schema:Organization",
        "foaf:Agent",
        "Agent"
      ],
      "foaf:homepage": [
        "http://www.tourisme-lot.com/"
      ]
    }
  ],
  "hasContact": [
    {
      "@id": "https://data.datatourisme.fr/99944ee3-b21e-3278-964b-edef498ef2c1",
      "schema:email": [
        "mairie.villeseque@orange.fr"
      ],
      "schema:legalName": "Eglise Saint-Michel",
      "schema:telephone": [
        "+33 5 65 35 43 75"
      ],
      "@type": [
        "schema:Organization",
        "foaf:Agent",
        "Agent"
      ],
      "foaf:homepage": [
        "http://www.villeseque.org/"
      ]
    }
  ],
  "hasDescription": [
    {
      "@id": "https://data.datatourisme.fr/fc657888-3c46-3ab4-bc92-74deb3c48043",
      "dc:description": {
        "de": [
          "Kirche aus dem 17. Jahrhundert mit einem Hauptaltarbild aus geschnitztem Holz, das durch seine komplexe Symbolsprache auffällt, die typisch für das große Jahrhundert ist. Die Lektüre ist sehr interessant."
        ],
        "en": [
          "Church of the 17th century with a major altarpiece of carved wood, remarkable for its complex symbolic language, typical of the great century. Its reading is very interesting."
        ],
        "it": [
          "Chiesa del XVII secolo con una grande pala d'altare in legno intagliato, notevole per il suo complesso linguaggio simbolico, tipico del grande secolo. È molto interessante da leggere."
        ],
        "fr": [
          "Eglise du 17ème siècle au retable majeur de bois sculpté, remarquable par son langage symbolique complexe, typique du grand siècle. Sa lecture est très intéressante."
        ],
        "nl": [
          "Kerk uit de 17e eeuw met een belangrijk altaarstuk van houtsnijwerk, opmerkelijk vanwege de complexe symbolentaal, typisch voor de grote eeuw. Het is erg interessant om te lezen."
        ],
        "es": [
          "Iglesia del siglo XVII con un retablo mayor de madera tallada, notable por su complejo lenguaje simbólico, típico del gran siglo. Es muy interesante leerlo."
        ]
      },
      "@type": [
        "Description"
      ],
      "hasTranslatedProperty": [
        {
          "@id": "https://data.datatourisme.fr/0193872c-385b-3e5a-b821-2ac4e1a12667",
          "dc:contributor": [
            "https://api.deepl.com/v2/translate"
          ],
          "rdf:language": [
            "de"
          ],
          "rdf:predicate": [
            "shortDescription"
          ]
        },
        {
          "@id": "https://data.datatourisme.fr/0e48d41d-2994-330d-8cf2-32b32ba4937f",
          "dc:contributor": [
            "https://api.deepl.com/v2/translate"
          ],
          "rdf:language": [
            "nl"
          ],
          "rdf:predicate": [
            {
              "@id": "dc:description"
            }
          ]
        },
        {
          "@id": "https://data.datatourisme.fr/2f9a5627-20d2-374e-bd6f-ed4442a5d129",
          "dc:contributor": [
            "https://api.deepl.com/v2/translate"
          ],
          "rdf:language": [
            "de"
          ],
          "rdf:predicate": [
            {
              "@id": "dc:description"
            }
          ]
        },
        {
          "@id": "https://data.datatourisme.fr/5edca0fd-d5de-3695-96ad-93450d2904ee",
          "dc:contributor": [
            "https://api.deepl.com/v2/translate"
          ],
          "rdf:language": [
            "nl"
          ],
          "rdf:predicate": [
            "shortDescription"
          ]
        },
        {
          "@id": "https://data.datatourisme.fr/6ea77388-0ba6-381e-9166-712b2a02a27b",
          "dc:contributor": [
            "https://api.deepl.com/v2/translate"
          ],
          "rdf:language": [
            "it"
          ],
          "rdf:predicate": [
            {
              "@id": "dc:description"
            }
          ]
        },
        {
          "@id": "https://data.datatourisme.fr/821969ae-69ba-393c-8cdf-4ec56a9a8c58",
          "dc:contributor": [
            "https://api.deepl.com/v2/translate"
          ],
          "rdf:language": [
            "en"
          ],
          "rdf:predicate": [
            {
              "@id": "dc:description"
            }
          ]
        },
        {
          "@id": "https://data.datatourisme.fr/b4e53189-f91c-3eb7-bc39-0cb6d13f21b5",
          "dc:contributor": [
            "https://api.deepl.com/v2/translate"
          ],
          "rdf:language": [
            "en"
          ],
          "rdf:predicate": [
            "shortDescription"
          ]
        },
        {
          "@id": "https://data.datatourisme.fr/db9b525f-4fb5-3fc1-b558-6b29e72daba0",
          "dc:contributor": [
            "https://api.deepl.com/v2/translate"
          ],
          "rdf:language": [
            "it"
          ],
          "rdf:predicate": [
            "shortDescription"
          ]
        }
      ],
      "shortDescription": {
        "de": [
          "Kirche aus dem 17. Jahrhundert mit einem Hauptaltarbild aus geschnitztem Holz, das durch seine komplexe Symbolsprache auffällt, die typisch für das große Jahrhundert ist. Die Lektüre ist sehr interessant."
        ],
        "en": [
          "Church of the 17th century with a major altarpiece of carved wood, remarkable for its complex symbolic language, typical of the great century. Its reading is very interesting."
        ],
        "it": [
          "Chiesa del XVII secolo con una grande pala d'altare in legno intagliato, notevole per il suo complesso linguaggio simbolico, tipico del grande secolo. È molto interessante da leggere."
        ],
        "fr": [
          "Eglise du 17ème siècle au retable majeur de bois sculpté, remarquable par son langage symbolique complexe, typique du grand siècle. Sa lecture est très intéressante."
        ],
        "nl": [
          "Kerk uit de 17e eeuw met een belangrijk altaarstuk van houtsnijwerk, opmerkelijk vanwege de complexe symbolentaal, typisch voor de grote eeuw. Het is erg interessant om te lezen."
        ],
        "es": [
          "Iglesia del siglo XVII con un retablo mayor de madera tallada, notable por su complejo lenguaje simbólico, típico del gran siglo. Es muy interesante leerlo."
        ]
      }
    }
  ],
  "hasMainRepresentation": [
    {
      "@id": "https://data.datatourisme.fr/2c33c08f-dcf3-3127-8e72-311845cf9d36",
      "ebucore:hasAnnotation": [
        {
          "@id": "https://data.datatourisme.fr/d524ae00-1281-301e-87da-3b6ba2cb4c9b",
          "ebucore:title": {
            "fr": [
              "Eglise Saint-Michel - Villesèque"
            ],
            "es": [
              "Eglise Saint-Michel - Villesèque"
            ]
          },
          "@type": [
            "ebucore:Annotation"
          ],
          "credits": [
            "©eglise"
          ]
        }
      ],
      "ebucore:hasRelatedResource": [
        {
          "@id": "https://data.datatourisme.fr/c1ed6d2a-99a2-3213-9316-fbea98453790",
          "ebucore:hasMimeType": [
            {
              "@id": "kb:JPEG",
              "@type": [
                "ebucore:MimeType"
              ],
              "rdfs:comment": {
                "de": [
                  "JPEG-Bild"
                ],
                "pt": [
                  "Imagem JPEG"
                ],
                "en": [
                  "JPEG image file"
                ],
                "it": [
                  "Immagine JPEG"
                ],
                "fr": [
                  "Image JPEG"
                ],
                "nl": [
                  "JPEG-afbeelding"
                ],
                "es": [
                  "Imagen JPEG"
                ]
              },
              "rdfs:label": {
                "de": [
                  "image/jpeg"
                ],
                "pt": [
                  "image/jpeg"
                ],
                "en": [
                  "image/jpeg"
                ],
                "it": [
                  "image/jpeg"
                ],
                "fr": [
                  "image/jpeg"
                ],
                "nl": [
                  "image/jpeg"
                ],
                "es": [
                  "image/jpeg"
                ]
              }
            }
          ],
          "ebucore:locator": [
            "http://cdt46.media.tourinsoft.com/upload/Eglise-Saint-Michel---Villeseque.jpg"
          ],
          "@type": [
            "ebucore:Resource"
          ]
        }
      ],
      "@type": [
        "ebucore:EditorialObject"
      ]
    }
  ],
  "hasRepresentation": [
    {
      "@id": "https://data.datatourisme.fr/2c33c08f-dcf3-3127-8e72-311845cf9d36",
      "ebucore:hasAnnotation": [
        {
          "@id": "https://data.datatourisme.fr/d524ae00-1281-301e-87da-3b6ba2cb4c9b",
          "ebucore:title": {
            "fr": [
              "Eglise Saint-Michel - Villesèque"
            ],
            "es": [
              "Eglise Saint-Michel - Villesèque"
            ]
          },
          "@type": [
            "ebucore:Annotation"
          ],
          "credits": [
            "©eglise"
          ]
        }
      ],
      "ebucore:hasRelatedResource": [
        {
          "@id": "https://data.datatourisme.fr/c1ed6d2a-99a2-3213-9316-fbea98453790",
          "ebucore:hasMimeType": [
            {
              "@id": "kb:JPEG",
              "@type": [
                "ebucore:MimeType"
              ],
              "rdfs:comment": {
                "de": [
                  "JPEG-Bild"
                ],
                "pt": [
                  "Imagem JPEG"
                ],
                "en": [
                  "JPEG image file"
                ],
                "it": [
                  "Immagine JPEG"
                ],
                "fr": [
                  "Image JPEG"
                ],
                "nl": [
                  "JPEG-afbeelding"
                ],
                "es": [
                  "Imagen JPEG"
                ]
              },
              "rdfs:label": {
                "de": [
                  "image/jpeg"
                ],
                "pt": [
                  "image/jpeg"
                ],
                "en": [
                  "image/jpeg"
                ],
                "it": [
                  "image/jpeg"
                ],
                "fr": [
                  "image/jpeg"
                ],
                "nl": [
                  "image/jpeg"
                ],
                "es": [
                  "image/jpeg"
                ]
              }
            }
          ],
          "ebucore:locator": [
            "http://cdt46.media.tourinsoft.com/upload/Eglise-Saint-Michel---Villeseque.jpg"
          ],
          "@type": [
            "ebucore:Resource"
          ]
        }
      ],
      "@type": [
        "ebucore:EditorialObject"
      ]
    },
    {
      "@id": "https://data.datatourisme.fr/d7c79726-f3f8-3ede-a4a5-5efd9bf0ad6b",
      "ebucore:hasAnnotation": [
        {
          "@id": "https://data.datatourisme.fr/240d2ce3-6938-3c02-bd02-4beb184d4832",
          "ebucore:title": {
            "fr": [
              "Eglise Saint-Michel - Villesèque"
            ]
          },
          "@type": [
            "ebucore:Annotation"
          ],
          "credits": [
            "©eglise"
          ]
        }
      ],
      "ebucore:hasRelatedResource": [
        {
          "@id": "https://data.datatourisme.fr/c1ed6d2a-99a2-3213-9316-fbea98453790",
          "ebucore:hasMimeType": [
            {
              "@id": "kb:JPEG",
              "@type": [
                "ebucore:MimeType"
              ],
              "rdfs:comment": {
                "de": [
                  "JPEG-Bild"
                ],
                "pt": [
                  "Imagem JPEG"
                ],
                "en": [
                  "JPEG image file"
                ],
                "it": [
                  "Immagine JPEG"
                ],
                "fr": [
                  "Image JPEG"
                ],
                "nl": [
                  "JPEG-afbeelding"
                ],
                "es": [
                  "Imagen JPEG"
                ]
              },
              "rdfs:label": {
                "de": [
                  "image/jpeg"
                ],
                "pt": [
                  "image/jpeg"
                ],
                "en": [
                  "image/jpeg"
                ],
                "it": [
                  "image/jpeg"
                ],
                "fr": [
                  "image/jpeg"
                ],
                "nl": [
                  "image/jpeg"
                ],
                "es": [
                  "image/jpeg"
                ]
              }
            }
          ],
          "ebucore:locator": [
            "http://cdt46.media.tourinsoft.com/upload/Eglise-Saint-Michel---Villeseque.jpg"
          ],
          "@type": [
            "ebucore:Resource"
          ]
        }
      ],
      "@type": [
        "ebucore:EditorialObject"
      ]
    }
  ],
  "hasTranslatedProperty": [
    {
      "@id": "https://data.datatourisme.fr/0744b430-921b-34c1-9db6-33522b8986d0",
      "dc:contributor": [
        "https://api.deepl.com/v2/translate"
      ],
      "rdf:language": [
        "en"
      ],
      "rdf:predicate": [
        {
          "@id": "rdfs:comment"
        }
      ]
    },
    {
      "@id": "https://data.datatourisme.fr/1076741f-a61d-3531-8919-4378a34ac659",
      "dc:contributor": [
        "https://api.deepl.com/v2/translate"
      ],
      "rdf:language": [
        "de"
      ],
      "rdf:predicate": [
        {
          "@id": "rdfs:comment"
        }
      ]
    },
    {
      "@id": "https://data.datatourisme.fr/22dedc3b-fafc-306d-8dbc-ac1a48f6036c",
      "dc:contributor": [
        "https://api.deepl.com/v2/translate"
      ],
      "rdf:language": [
        "nl"
      ],
      "rdf:predicate": [
        {
          "@id": "rdfs:comment"
        }
      ]
    },
    {
      "@id": "https://data.datatourisme.fr/31bb4267-3230-35d4-8467-b7b367e8dfb1",
      "dc:contributor": [
        "https://api.deepl.com/v2/translate"
      ],
      "rdf:language": [
        "it"
      ],
      "rdf:predicate": [
        {
          "@id": "rdfs:comment"
        }
      ]
    },
    {
      "@id": "https://data.datatourisme.fr/32ae81e3-9903-388a-9cf5-00250cd419e8",
      "dc:contributor": [
        "https://api.deepl.com/v2/translate"
      ],
      "rdf:language": [
        "es"
      ],
      "rdf:predicate": [
        {
          "@id": "rdfs:comment"
        }
      ]
    }
  ],
  "isLocatedAt": [
    {
      "@id": "https://data.datatourisme.fr/91325676-beca-36e3-b9cb-777c72606d91",
      "schema:address": [
        {
          "@id": "https://data.datatourisme.fr/33f8c9b3-a865-3772-abf4-9939d233a931",
          "schema:addressLocality": "Villesèque",
          "schema:postalCode": "46090",
          "schema:streetAddress": [
            "Rue Louis de la Serre"
          ],
          "@type": [
            "schema:PostalAddress",
            "PostalAddress"
          ],
          "hasAddressCity": {
            "@id": "kb:46335",
            "@type": [
              "City"
            ],
            "rdfs:label": {
              "de": [
                "Villesèque"
              ],
              "pt": [
                "Villesèque"
              ],
              "en": [
                "Villesèque"
              ],
              "it": [
                "Villesèque"
              ],
              "fr": [
                "Villesèque"
              ],
              "nl": [
                "Villesèque"
              ],
              "es": [
                "Villesèque"
              ]
            },
            "insee": "46335",
            "isPartOfDepartment": {
              "@id": "kb:France7646",
              "@type": [
                "Department"
              ],
              "rdfs:label": {
                "de": [
                  "Lot"
                ],
                "pt": [
                  "Lot"
                ],
                "en": [
                  "Lot"
                ],
                "it": [
                  "Lot"
                ],
                "fr": [
                  "Lot"
                ],
                "nl": [
                  "Lot"
                ],
                "es": [
                  "Lot"
                ]
              },
              "insee": "46",
              "isPartOfRegion": {
                "@id": "kb:France76",
                "@type": [
                  "Region"
                ],
                "rdfs:label": {
                  "de": [
                    "Occitanie"
                  ],
                  "pt": [
                    "Occitanie"
                  ],
                  "en": [
                    "Occitanie"
                  ],
                  "it": [
                    "Occitanie"
                  ],
                  "fr": [
                    "Occitanie"
                  ],
                  "nl": [
                    "Occitanie"
                  ],
                  "es": [
                    "Occitanie"
                  ]
                },
                "insee": "76",
                "isPartOfCountry": {
                  "@id": "kb:France",
                  "@type": [
                    "schema:Country"
                  ],
                  "rdfs:label": {
                    "de": [
                      "France",
                      "Frankreich"
                    ],
                    "pt": [
                      "França",
                      "France"
                    ],
                    "en": [
                      "France"
                    ],
                    "it": [
                      "France",
                      "Francia"
                    ],
                    "fr": [
                      "France"
                    ],
                    "nl": [
                      "France",
                      "Frankrijk"
                    ],
                    "es": [
                      "France",
                      "Francia"
                    ]
                  }
                }
              }
            }
          }
        }
      ],
      "schema:geo": {
        "@id": "https://data.datatourisme.fr/fb140736-0d0a-3291-a46e-085d06fd6b2c",
        "schema:latitude": "44.391038",
        "schema:longitude": "1.31801661",
        "@type": [
          "schema:GeoCoordinates"
        ]
      },
      "@type": [
        "schema:Place",
        "Place"
      ]
    }
  ],
  "isOwnedBy": [
    {
      "@id": "https://data.datatourisme.fr/303eec4f-9e51-305e-895f-e034dd33c03d",
      "schema:legalName": "OT CVL Vignoble",
      "@type": [
        "schema:Organization",
        "foaf:Agent",
        "Agent"
      ]
    }
  ],
  "lastUpdate": "2023-03-24",
  "lastUpdateDatatourisme": "2023-04-13T16:17:34.363Z",
  "offers": [
    {
      "@id": "https://data.datatourisme.fr/a01c3326-989a-3178-9834-071cea68ce23",
      "schema:priceSpecification": [
        {
          "@id": "https://data.datatourisme.fr/d624edd2-3159-3550-9a7c-4314355b012a",
          "schema:priceCurrency": "EUR",
          "@type": [
            "schema:PriceSpecification"
          ],
          "name": {
            "fr": [
              "Gratuité"
            ],
            "es": [
              "Gratuidad"
            ]
          }
        }
      ],
      "@type": [
        "schema:Offer",
        "Offer"
      ]
    }
  ]
}