{
  "@id": "https://data.datatourisme.fr/22/0046b990-3993-3b1e-8f7b-c406d725af0e",
  "dc:identifier": "FMAMIP046V527Z4A",
  "schema:endDate": [
    "2023-08-16"
  ],
  "schema:startDate": [
    "2023-08-16"
  ],
  "@type": [
    "schema:BusinessEvent",
    "schema:Event",
    "BusinessEvent",
    "ChildrensEvent",
    "CulturalEvent",
    "EntertainmentAndEvent",
    "PointOfInterest"
  ],
  "rdfs:comment": {
    "de": [
      "Vom befestigten Dorf Sousceyrac aus begeben wir uns auf eine Rundreise, die von Jacques, einem Fremdenführer, begleitet wird.\nAn Bord Ihres Wagens entdecken Sie die Landschaften des Ségala, bevor Sie ein bemerkenswertes ländliches Ensemble in der Nähe von Comiac bewundern und anschließend das Dorf Teyssieu von seiner romanischen Kirche bis zu seinem mittelalterlichen Turm besuchen.\nDauer: 3 Stunden, Fahrzeug erforderlich.\nFahrkarten sind in den Fremdenverkehrsbüros des Dordogne-Tals und auf der Website pays-vallee-dordogne.com erhältlich\nTreffpunkt auf dem Buchungsticket angegeben."
    ],
    "en": [
      "From the fortified village of Sousceyrac, let's go for a tour accompanied by Jacques, a guide.\nAboard your cars, discover the landscapes of Ségala before admiring a remarkable rural ensemble near Comiac and visiting the village of Teyssieu, from its Romanesque church to its medieval tower.\nDuration: 3 hours, vehicle required.\nTicket on sale in the tourist offices of the Dordogne valley and on the website pays-vallee-dordogne.com\nAppointment given on the reservation ticket."
    ],
    "it": [
      "Dal villaggio fortificato di Sousceyrac, partiamo per un tour accompagnati da Jacques, una guida congressuale.\nIn auto, scoprite i paesaggi di Ségala prima di ammirare un notevole insieme rurale vicino a Comiac e poi visitare il villaggio di Teyssieu, dalla sua chiesa romanica alla sua torre medievale.\nDurata: 3 ore, veicolo necessario.\nBiglietti in vendita presso gli Uffici del Turismo della Valle della Dordogna e sul sito pays-vallee-dordogne.com\nPunto d'incontro indicato sul biglietto di prenotazione."
    ],
    "fr": [
      "Depuis le village fortifié de Sousceyrac, partons pour un circuit accompagné de Jacques, guide conférencier. \nA bord de vos voitures, découvrez les paysages du Ségala avant d’admirer un ensemble rural remarquable proche de Comiac puis de visiter le village de Teyssieu, de son église romane à sa tour médiévale.\nDurée : 3h, véhicule nécessaire.\nBillet en vente dans les Offices de tourisme de la vallée de la Dordogne et sur site internet pays-vallee-dordogne.com\nRendez-vous donné sur le billet de réservation."
    ],
    "nl": [
      "Vanuit het versterkte dorp Sousceyrac vertrekken we voor een tocht onder leiding van conferentiegids Jacques.\nIn uw auto's ontdekt u de landschappen van Ségala voordat u een opmerkelijk landelijk ensemble bij Comiac bewondert en vervolgens het dorp Teyssieu bezoekt, van de Romaanse kerk tot de middeleeuwse toren.\nDuur: 3 uur, voertuig verplicht.\nTickets te koop in de VVV-kantoren van de Dordogne-vallei en op de website pays-vallee-dordogne.com\nTrefpunt aangegeven op het reserveringsbewijs."
    ],
    "es": [
      "Desde el pueblo fortificado de Sousceyrac, emprendamos una excursión acompañados por Jacques, guía de conferencias.\nEn sus coches, descubra los paisajes de Ségala antes de admirar un notable conjunto rural cerca de Comiac y visitar después el pueblo de Teyssieu, desde su iglesia románica hasta su torre medieval.\nDuración: 3 horas, se necesita vehículo.\nBilletes a la venta en las Oficinas de Turismo del Valle del Dordoña y en la página web pays-vallee-dordogne.com\nPunto de encuentro indicado en el billete de reserva."
    ]
  },
  "rdfs:label": {
    "fr": [
      "Pays d'Art et d'Histoire : Circuit Découverte - Le Ségala, entre Auvergne et Quercy"
    ]
  },
  "creationDate": "2023-04-19",
  "hasAdministrativeContact": [
    {
      "@id": "https://data.datatourisme.fr/6112a32e-f417-3dab-8834-80ec827f2c5a",
      "schema:email": [
        "patrimoine@cauvaldor.fr"
      ],
      "@type": [
        "foaf:Agent",
        "Agent"
      ],
      "foaf:homepage": [
        "https://www.pays-vallee-dordogne.com/"
      ]
    }
  ],
  "hasAudience": [
    {
      "@id": "kb:Departmental",
      "@type": [
        "GeographicReach"
      ],
      "rdfs:label": {
        "de": [
          "Des Départements"
        ],
        "pt": [
          "Departamental"
        ],
        "en": [
          "Departmental"
        ],
        "it": [
          "Dipartimentale"
        ],
        "fr": [
          "Départementale"
        ],
        "nl": [
          "Departementaal"
        ],
        "es": [
          "Departamental"
        ]
      }
    },
    {
      "@id": "kb:Regional",
      "@type": [
        "GeographicReach"
      ],
      "rdfs:label": {
        "de": [
          "Regional"
        ],
        "pt": [
          "Regional"
        ],
        "en": [
          "Regional"
        ],
        "it": [
          "Regionale"
        ],
        "fr": [
          "Régionale"
        ],
        "es": [
          "Regional"
        ],
        "nl": [
          "Regionaal"
        ]
      }
    }
  ],
  "hasBeenCreatedBy": {
    "@id": "https://data.datatourisme.fr/15f4fddc-01d7-3117-b406-35b6f53d0dcb",
    "schema:legalName": "VD - Pays Art & Histoire",
    "@type": [
      "schema:Organization",
      "foaf:Agent",
      "Agent"
    ]
  },
  "hasBeenPublishedBy": [
    {
      "@id": "https://data.datatourisme.fr/a91cfac3-26b1-32ff-a4d1-03a88ee24fce",
      "schema:legalName": "Lot Tourisme - Agence de Développement Touristique",
      "schema:logo": "https://image.jimcdn.com/app/cms/image/transf/dimension=150x150:format=jpg/path/s241e622ed1e390b3/image/if282e9258e4ddfa7/version/1391472379/image.jpg",
      "@type": [
        "schema:Organization",
        "foaf:Agent",
        "Agent"
      ],
      "foaf:homepage": [
        "http://www.tourisme-lot.com/"
      ]
    }
  ],
  "hasContact": [
    {
      "@id": "https://data.datatourisme.fr/6112a32e-f417-3dab-8834-80ec827f2c5a",
      "schema:email": [
        "patrimoine@cauvaldor.fr"
      ],
      "@type": [
        "foaf:Agent",
        "Agent"
      ],
      "foaf:homepage": [
        "https://www.pays-vallee-dordogne.com/"
      ]
    },
    {
      "@id": "https://data.datatourisme.fr/80493f1e-f774-3e8d-83ab-8079233bb726",
      "schema:email": [
        "patrimoine@cauvaldor.fr"
      ],
      "schema:familyName": [
        "Pays d'art et d'histoire Causses et Vallée de la Dordogne"
      ],
      "schema:legalName": "Cauvaldor-PAH Causses Vallée de la Dordogne",
      "schema:telephone": [
        "+33 5 65 33 81 36"
      ],
      "@type": [
        "schema:Organization",
        "schema:Person",
        "foaf:Agent",
        "Agent"
      ]
    }
  ],
  "hasDescription": [
    {
      "@id": "https://data.datatourisme.fr/3532f319-ce25-303a-bc83-bd85a2657ef6",
      "@type": [
        "Description"
      ],
      "hasTranslatedProperty": [
        {
          "@id": "https://data.datatourisme.fr/01a301f3-5984-3744-b997-720e78c34777",
          "dc:contributor": [
            "https://api.deepl.com/v2/translate"
          ],
          "rdf:language": [
            "it"
          ],
          "rdf:predicate": [
            "shortDescription"
          ]
        },
        {
          "@id": "https://data.datatourisme.fr/5088ae5a-1589-32cf-a47d-9b5a34f0acee",
          "dc:contributor": [
            "https://api.deepl.com/v2/translate"
          ],
          "rdf:language": [
            "es"
          ],
          "rdf:predicate": [
            "shortDescription"
          ]
        },
        {
          "@id": "https://data.datatourisme.fr/534fa855-ae88-3e3b-8e2e-98d6a772e521",
          "dc:contributor": [
            "https://api.deepl.com/v2/translate"
          ],
          "rdf:language": [
            "de"
          ],
          "rdf:predicate": [
            "shortDescription"
          ]
        },
        {
          "@id": "https://data.datatourisme.fr/ab01c474-f8a7-3f78-8503-415d090c87b8",
          "dc:contributor": [
            "https://api.deepl.com/v2/translate"
          ],
          "rdf:language": [
            "en"
          ],
          "rdf:predicate": [
            "shortDescription"
          ]
        },
        {
          "@id": "https://data.datatourisme.fr/be0243d8-7a4b-38d9-b885-6cc698423891",
          "dc:contributor": [
            "https://api.deepl.com/v2/translate"
          ],
          "rdf:language": [
            "nl"
          ],
          "rdf:predicate": [
            "shortDescription"
          ]
        }
      ],
      "shortDescription": {
        "de": [
          "Vom befestigten Dorf Sousceyrac aus begeben wir uns auf eine Rundreise, die von Jacques, einem Fremdenführer, begleitet wird.\nAn Bord Ihres Wagens entdecken Sie die Landschaften des Ségala, bevor Sie ein bemerkenswertes ländliches Ensemble in der Nähe von Comiac bewundern und anschließend das Dorf Teyssieu von seiner romanischen Kirche bis zu seinem mittelalterlichen Turm besuchen.\nDauer: 3 Stunden, Fahrzeug erforderlich.\nFahrkarten sind in den Fremdenverkehrsbüros des Dordogne-Tals und auf der Website pays-vallee-dordogne.com erhältlich\nTreffpunkt auf dem Buchungsticket angegeben."
        ],
        "en": [
          "From the fortified village of Sousceyrac, let's go for a tour accompanied by Jacques, a guide.\nAboard your cars, discover the landscapes of Ségala before admiring a remarkable rural ensemble near Comiac and visiting the village of Teyssieu, from its Romanesque church to its medieval tower.\nDuration: 3 hours, vehicle required.\nTicket on sale in the tourist offices of the Dordogne valley and on the website pays-vallee-dordogne.com\nAppointment given on the reservation ticket."
        ],
        "it": [
          "Dal villaggio fortificato di Sousceyrac, partiamo per un tour accompagnati da Jacques, una guida congressuale.\nIn auto, scoprite i paesaggi di Ségala prima di ammirare un notevole insieme rurale vicino a Comiac e poi visitare il villaggio di Teyssieu, dalla sua chiesa romanica alla sua torre medievale.\nDurata: 3 ore, veicolo necessario.\nBiglietti in vendita presso gli Uffici del Turismo della Valle della Dordogna e sul sito pays-vallee-dordogne.com\nPunto d'incontro indicato sul biglietto di prenotazione."
        ],
        "fr": [
          "Depuis le village fortifié de Sousceyrac, partons pour un circuit accompagné de Jacques, guide conférencier. \nA bord de vos voitures, découvrez les paysages du Ségala avant d’admirer un ensemble rural remarquable proche de Comiac puis de visiter le village de Teyssieu, de son église romane à sa tour médiévale.\nDurée : 3h, véhicule nécessaire.\nBillet en vente dans les Offices de tourisme de la vallée de la Dordogne et sur site internet pays-vallee-dordogne.com\nRendez-vous donné sur le billet de réservation."
        ],
        "nl": [
          "Vanuit het versterkte dorp Sousceyrac vertrekken we voor een tocht onder leiding van conferentiegids Jacques.\nIn uw auto's ontdekt u de landschappen van Ségala voordat u een opmerkelijk landelijk ensemble bij Comiac bewondert en vervolgens het dorp Teyssieu bezoekt, van de Romaanse kerk tot de middeleeuwse toren.\nDuur: 3 uur, voertuig verplicht.\nTickets te koop in de VVV-kantoren van de Dordogne-vallei en op de website pays-vallee-dordogne.com\nTrefpunt aangegeven op het reserveringsbewijs."
        ],
        "es": [
          "Desde el pueblo fortificado de Sousceyrac, emprendamos una excursión acompañados por Jacques, guía de conferencias.\nEn sus coches, descubra los paisajes de Ségala antes de admirar un notable conjunto rural cerca de Comiac y visitar después el pueblo de Teyssieu, desde su iglesia románica hasta su torre medieval.\nDuración: 3 horas, se necesita vehículo.\nBilletes a la venta en las Oficinas de Turismo del Valle del Dordoña y en la página web pays-vallee-dordogne.com\nPunto de encuentro indicado en el billete de reserva."
        ]
      }
    }
  ],
  "hasGeographicReach": [
    {
      "@id": "kb:Departmental",
      "@type": [
        "GeographicReach"
      ],
      "rdfs:label": {
        "de": [
          "Des Départements"
        ],
        "pt": [
          "Departamental"
        ],
        "en": [
          "Departmental"
        ],
        "it": [
          "Dipartimentale"
        ],
        "fr": [
          "Départementale"
        ],
        "nl": [
          "Departementaal"
        ],
        "es": [
          "Departamental"
        ]
      }
    },
    {
      "@id": "kb:Regional",
      "@type": [
        "GeographicReach"
      ],
      "rdfs:label": {
        "de": [
          "Regional"
        ],
        "pt": [
          "Regional"
        ],
        "en": [
          "Regional"
        ],
        "it": [
          "Regionale"
        ],
        "fr": [
          "Régionale"
        ],
        "es": [
          "Regional"
        ],
        "nl": [
          "Regionaal"
        ]
      }
    }
  ],
  "hasMainRepresentation": [
    {
      "@id": "https://data.datatourisme.fr/f7655478-f977-398c-979b-f13cfca97f2d",
      "ebucore:hasAnnotation": [
        {
          "@id": "https://data.datatourisme.fr/cda20e03-7cb6-38e8-ab63-e94ac573a289",
          "ebucore:title": {
            "fr": [
              "Circuit découverte - Ségala - 6 mai ©Dominique Viet"
            ]
          },
          "@type": [
            "ebucore:Annotation"
          ],
          "credits": [
            "Dominique Viet"
          ]
        }
      ],
      "ebucore:hasRelatedResource": [
        {
          "@id": "https://data.datatourisme.fr/0bbc9c6f-5de2-3480-ad07-ead0e9ebefad",
          "ebucore:hasMimeType": [
            {
              "@id": "kb:JPEG",
              "@type": [
                "ebucore:MimeType"
              ],
              "rdfs:comment": {
                "de": [
                  "JPEG-Bild"
                ],
                "pt": [
                  "Imagem JPEG"
                ],
                "en": [
                  "JPEG image file"
                ],
                "it": [
                  "Immagine JPEG"
                ],
                "fr": [
                  "Image JPEG"
                ],
                "nl": [
                  "JPEG-afbeelding"
                ],
                "es": [
                  "Imagen JPEG"
                ]
              },
              "rdfs:label": {
                "de": [
                  "image/jpeg"
                ],
                "pt": [
                  "image/jpeg"
                ],
                "en": [
                  "image/jpeg"
                ],
                "it": [
                  "image/jpeg"
                ],
                "fr": [
                  "image/jpeg"
                ],
                "nl": [
                  "image/jpeg"
                ],
                "es": [
                  "image/jpeg"
                ]
              }
            }
          ],
          "ebucore:locator": [
            "http://cdt46.media.tourinsoft.com/upload/Circuit-decouverte---Segala---6-mai--Dominique-Viet.jpg"
          ],
          "@type": [
            "ebucore:Resource"
          ]
        }
      ],
      "@type": [
        "ebucore:EditorialObject"
      ]
    }
  ],
  "hasRepresentation": [
    {
      "@id": "https://data.datatourisme.fr/f7655478-f977-398c-979b-f13cfca97f2d",
      "ebucore:hasAnnotation": [
        {
          "@id": "https://data.datatourisme.fr/cda20e03-7cb6-38e8-ab63-e94ac573a289",
          "ebucore:title": {
            "fr": [
              "Circuit découverte - Ségala - 6 mai ©Dominique Viet"
            ]
          },
          "@type": [
            "ebucore:Annotation"
          ],
          "credits": [
            "Dominique Viet"
          ]
        }
      ],
      "ebucore:hasRelatedResource": [
        {
          "@id": "https://data.datatourisme.fr/0bbc9c6f-5de2-3480-ad07-ead0e9ebefad",
          "ebucore:hasMimeType": [
            {
              "@id": "kb:JPEG",
              "@type": [
                "ebucore:MimeType"
              ],
              "rdfs:comment": {
                "de": [
                  "JPEG-Bild"
                ],
                "pt": [
                  "Imagem JPEG"
                ],
                "en": [
                  "JPEG image file"
                ],
                "it": [
                  "Immagine JPEG"
                ],
                "fr": [
                  "Image JPEG"
                ],
                "nl": [
                  "JPEG-afbeelding"
                ],
                "es": [
                  "Imagen JPEG"
                ]
              },
              "rdfs:label": {
                "de": [
                  "image/jpeg"
                ],
                "pt": [
                  "image/jpeg"
                ],
                "en": [
                  "image/jpeg"
                ],
                "it": [
                  "image/jpeg"
                ],
                "fr": [
                  "image/jpeg"
                ],
                "nl": [
                  "image/jpeg"
                ],
                "es": [
                  "image/jpeg"
                ]
              }
            }
          ],
          "ebucore:locator": [
            "http://cdt46.media.tourinsoft.com/upload/Circuit-decouverte---Segala---6-mai--Dominique-Viet.jpg"
          ],
          "@type": [
            "ebucore:Resource"
          ]
        }
      ],
      "@type": [
        "ebucore:EditorialObject"
      ]
    }
  ],
  "hasTranslatedProperty": [
    {
      "@id": "https://data.datatourisme.fr/29c3e86c-0f63-3a94-b2ac-43bb9a31e83e",
      "dc:contributor": [
        "https://api.deepl.com/v2/translate"
      ],
      "rdf:language": [
        "es"
      ],
      "rdf:predicate": [
        {
          "@id": "rdfs:comment"
        }
      ]
    },
    {
      "@id": "https://data.datatourisme.fr/721cda42-8b35-3db1-ba22-9213cee513db",
      "dc:contributor": [
        "https://api.deepl.com/v2/translate"
      ],
      "rdf:language": [
        "en"
      ],
      "rdf:predicate": [
        {
          "@id": "rdfs:comment"
        }
      ]
    },
    {
      "@id": "https://data.datatourisme.fr/81991649-6402-334f-8251-6b0e49a6d94c",
      "dc:contributor": [
        "https://api.deepl.com/v2/translate"
      ],
      "rdf:language": [
        "de"
      ],
      "rdf:predicate": [
        {
          "@id": "rdfs:comment"
        }
      ]
    },
    {
      "@id": "https://data.datatourisme.fr/a9aeaf95-aae8-3555-8689-504aac48aced",
      "dc:contributor": [
        "https://api.deepl.com/v2/translate"
      ],
      "rdf:language": [
        "nl"
      ],
      "rdf:predicate": [
        {
          "@id": "rdfs:comment"
        }
      ]
    },
    {
      "@id": "https://data.datatourisme.fr/d26b456c-6c1d-3bb4-9ae4-08fad3c396f3",
      "dc:contributor": [
        "https://api.deepl.com/v2/translate"
      ],
      "rdf:language": [
        "it"
      ],
      "rdf:predicate": [
        {
          "@id": "rdfs:comment"
        }
      ]
    }
  ],
  "isLocatedAt": [
    {
      "@id": "https://data.datatourisme.fr/1aa92d3d-6334-3032-b881-1d4b13625f01",
      "schema:address": [
        {
          "@id": "https://data.datatourisme.fr/55307283-8459-3cd0-bb7e-861e89c42b3a",
          "schema:addressLocality": "Sousceyrac-en-Quercy",
          "schema:postalCode": "46190",
          "schema:streetAddress": [
            "le Rdv  pour le départ sera donné à l'inscription"
          ],
          "@type": [
            "schema:PostalAddress",
            "PostalAddress"
          ],
          "hasAddressCity": {
            "@id": "kb:46311",
            "@type": [
              "City"
            ],
            "rdfs:label": {
              "de": [
                "Sousceyrac-en-Quercy"
              ],
              "pt": [
                "Sousceyrac-en-Quercy"
              ],
              "en": [
                "Sousceyrac-en-Quercy"
              ],
              "it": [
                "Sousceyrac-en-Quercy"
              ],
              "fr": [
                "Sousceyrac-en-Quercy"
              ],
              "nl": [
                "Sousceyrac-en-Quercy"
              ],
              "es": [
                "Sousceyrac-en-Quercy"
              ]
            },
            "insee": "46311",
            "isPartOfDepartment": {
              "@id": "kb:France7646",
              "@type": [
                "Department"
              ],
              "rdfs:label": {
                "de": [
                  "Lot"
                ],
                "pt": [
                  "Lot"
                ],
                "en": [
                  "Lot"
                ],
                "it": [
                  "Lot"
                ],
                "fr": [
                  "Lot"
                ],
                "nl": [
                  "Lot"
                ],
                "es": [
                  "Lot"
                ]
              },
              "insee": "46",
              "isPartOfRegion": {
                "@id": "kb:France76",
                "@type": [
                  "Region"
                ],
                "rdfs:label": {
                  "de": [
                    "Occitanie"
                  ],
                  "pt": [
                    "Occitanie"
                  ],
                  "en": [
                    "Occitanie"
                  ],
                  "it": [
                    "Occitanie"
                  ],
                  "fr": [
                    "Occitanie"
                  ],
                  "nl": [
                    "Occitanie"
                  ],
                  "es": [
                    "Occitanie"
                  ]
                },
                "insee": "76",
                "isPartOfCountry": {
                  "@id": "kb:France",
                  "@type": [
                    "schema:Country"
                  ],
                  "rdfs:label": {
                    "de": [
                      "France",
                      "Frankreich"
                    ],
                    "pt": [
                      "França",
                      "France"
                    ],
                    "en": [
                      "France"
                    ],
                    "it": [
                      "France",
                      "Francia"
                    ],
                    "fr": [
                      "France"
                    ],
                    "nl": [
                      "France",
                      "Frankrijk"
                    ],
                    "es": [
                      "France",
                      "Francia"
                    ]
                  }
                }
              }
            }
          }
        }
      ],
      "schema:geo": {
        "@id": "https://data.datatourisme.fr/779f0e94-6437-346d-a7b8-214697a23e72",
        "schema:latitude": "44.8766999",
        "schema:longitude": "2.03681195",
        "@type": [
          "schema:GeoCoordinates"
        ]
      },
      "schema:openingHoursSpecification": [
        {
          "@id": "https://data.datatourisme.fr/65eb9cd7-0ee9-3222-9547-8e829e549e47",
          "schema:closes": "12:30:00",
          "schema:opens": "09:30:00",
          "schema:validFrom": "2023-08-16T00:00:00",
          "schema:validThrough": "2023-08-16T00:00:00",
          "@type": [
            "schema:OpeningHoursSpecification"
          ]
        }
      ],
      "@type": [
        "schema:Place",
        "Place"
      ]
    }
  ],
  "lastUpdate": "2023-08-09",
  "lastUpdateDatatourisme": "2023-09-28T10:02:07.123Z",
  "offers": [
    {
      "@id": "https://data.datatourisme.fr/496b65d3-f00d-35dd-9f2f-556ce152d76e",
      "schema:acceptedPaymentMethod": [
        {
          "@id": "kb:Cash",
          "@type": [
            "schema:PaymentMethod"
          ],
          "rdfs:label": {
            "de": [
              "Art"
            ],
            "pt": [
              "Espécie"
            ],
            "en": [
              "Cash"
            ],
            "it": [
              "Contanti"
            ],
            "fr": [
              "Espèce"
            ],
            "es": [
              "Especie"
            ],
            "nl": [
              "Contant"
            ]
          }
        },
        {
          "@id": "kb:Check",
          "@type": [
            "schema:PaymentMethod"
          ],
          "rdfs:label": {
            "de": [
              "Scheck"
            ],
            "pt": [
              "Cheque"
            ],
            "en": [
              "Check"
            ],
            "it": [
              "Assegno"
            ],
            "fr": [
              "Chèque"
            ],
            "nl": [
              "Cheque"
            ],
            "es": [
              "Cheque"
            ]
          }
        }
      ],
      "schema:priceSpecification": [
        {
          "@id": "https://data.datatourisme.fr/606cc202-e510-3f4d-bac4-660648752449",
          "schema:eligibleQuantity": "Demandeurs d'emploi - Etudiants -  Personnes handicapées",
          "schema:priceCurrency": "EUR",
          "@type": [
            "schema:PriceSpecification",
            "PriceSpecification"
          ],
          "hasEligiblePolicy": [
            {
              "@id": "kb:Free",
              "@type": [
                "PricingPolicy"
              ],
              "rdfs:label": {
                "de": [
                  "Kostenlos"
                ],
                "pt": [
                  "Gratuito"
                ],
                "en": [
                  "Free"
                ],
                "it": [
                  "Gratuito"
                ],
                "fr": [
                  "Gratuit"
                ],
                "es": [
                  "Gratuito"
                ],
                "nl": [
                  "Gratis"
                ]
              }
            }
          ],
          "name": {
            "fr": [
              "Gratuit"
            ]
          }
        },
        {
          "@id": "https://data.datatourisme.fr/92980bd9-4612-3ee6-bc6a-8d9a2fd2b630",
          "schema:eligibleQuantity": "Jusqu'&agrave; 18 ans.",
          "schema:priceCurrency": "EUR",
          "@type": [
            "schema:PriceSpecification",
            "PriceSpecification"
          ],
          "hasEligiblePolicy": [
            {
              "@id": "kb:Free",
              "@type": [
                "PricingPolicy"
              ],
              "rdfs:label": {
                "de": [
                  "Kostenlos"
                ],
                "pt": [
                  "Gratuito"
                ],
                "en": [
                  "Free"
                ],
                "it": [
                  "Gratuito"
                ],
                "fr": [
                  "Gratuit"
                ],
                "es": [
                  "Gratuito"
                ],
                "nl": [
                  "Gratis"
                ]
              }
            }
          ],
          "name": {
            "fr": [
              "Gratuit"
            ]
          }
        },
        {
          "@id": "https://data.datatourisme.fr/e0c420a9-0932-34cd-9de1-21619109f731",
          "schema:minPrice": [
            "7.5"
          ],
          "schema:price": "7.5",
          "schema:priceCurrency": "EUR",
          "@type": [
            "schema:PriceSpecification",
            "PriceSpecification"
          ],
          "hasEligiblePolicy": [
            {
              "@id": "kb:BaseRateFullRate",
              "@type": [
                "PricingPolicy"
              ],
              "rdfs:label": {
                "de": [
                  "Basistarif – voller Tarif"
                ],
                "pt": [
                  "Preço de base — preço total"
                ],
                "en": [
                  "Base rate - full rate"
                ],
                "it": [
                  "Tariffa di base — tariffa intera"
                ],
                "fr": [
                  "Tarif de base - plein tarif"
                ],
                "es": [
                  "Tarifa básica - tarifa completa"
                ],
                "nl": [
                  "Basistarief - vol tarief"
                ]
              }
            }
          ],
          "name": {
            "fr": [
              "Tarif adulte"
            ]
          }
        }
      ],
      "@type": [
        "schema:Offer",
        "Offer"
      ]
    }
  ],
  "takesPlaceAt": [
    {
      "@id": "https://data.datatourisme.fr/2e3aa70c-0b1b-3a3a-934b-626a28342c58",
      "@type": [
        "Period"
      ],
      "endDate": "2023-08-16",
      "endTime": "12:30:00",
      "startDate": "2023-08-16",
      "startTime": "09:30:00"
    }
  ]
}