{
  "@id": "https://data.datatourisme.fr/22/0044e3d9-5cd4-3f9f-8a31-5ad92eccdbd4",
  "dc:identifier": "FMAMIP046V50XQYW",
  "schema:endDate": [
    "2023-08-17"
  ],
  "schema:startDate": [
    "2023-08-17"
  ],
  "@type": [
    "schema:Event",
    "schema:SocialEvent",
    "EntertainmentAndEvent",
    "LocalAnimation",
    "PointOfInterest",
    "SocialEvent",
    "SportsEvent"
  ],
  "rdfs:comment": {
    "de": [
      "Der Verein Clef de Voûte , ein Verein zur Erhaltung des Kulturerbes in Labathude, lädt Sie zu einem Spaziergang zum Thema Felsen und Bauten in Ségala ein."
    ],
    "en": [
      "The Clef de Voûte association, an organization dedicated to safeguarding Labathude's heritage, invites you to a walk on the theme of rocks and buildings in Ségala."
    ],
    "it": [
      "L'associazione Clef de Voûte, organizzazione dedicata alla salvaguardia del patrimonio di Labathude, vi invita a partecipare a una passeggiata sul tema delle rocce e degli edifici di Ségala."
    ],
    "fr": [
      "L' association Clef de Voûte , association de sauvegarde du patrimoine à Labathude, vous invite à une balade sur le thème des roches et des constructions en Ségala."
    ],
    "es": [
      "La asociación Clef de Voûte, organización dedicada a salvaguardar el patrimonio de Labathude, le invita a participar en un paseo sobre el tema de las rocas y los edificios de Ségala."
    ],
    "nl": [
      "De vereniging Clef de Voûte, een organisatie die zich inzet voor het behoud van het erfgoed van Labathude, nodigt u uit om deel te nemen aan een wandeling over het thema rotsen en gebouwen in Ségala."
    ]
  },
  "rdfs:label": {
    "fr": [
      "Balade commentée et pauses surprises"
    ]
  },
  "creationDate": "2016-06-28",
  "hasAudience": [
    {
      "@id": "kb:Local",
      "@type": [
        "GeographicReach"
      ],
      "rdfs:label": {
        "de": [
          "Lokal"
        ],
        "pt": [
          "Local"
        ],
        "en": [
          "Local"
        ],
        "it": [
          "Locale"
        ],
        "fr": [
          "Locale"
        ],
        "nl": [
          "Lokaal"
        ],
        "es": [
          "Local"
        ]
      }
    }
  ],
  "hasBeenCreatedBy": {
    "@id": "https://data.datatourisme.fr/175b06dd-79b8-3a80-a5ab-a17e2785c954",
    "schema:legalName": "OT Lacapelle Marival",
    "@type": [
      "schema:Organization",
      "foaf:Agent",
      "Agent"
    ]
  },
  "hasBeenPublishedBy": [
    {
      "@id": "https://data.datatourisme.fr/a91cfac3-26b1-32ff-a4d1-03a88ee24fce",
      "schema:legalName": "Lot Tourisme - Agence de Développement Touristique",
      "schema:logo": "https://image.jimcdn.com/app/cms/image/transf/dimension=150x150:format=jpg/path/s241e622ed1e390b3/image/if282e9258e4ddfa7/version/1391472379/image.jpg",
      "@type": [
        "schema:Organization",
        "foaf:Agent",
        "Agent"
      ],
      "foaf:homepage": [
        "http://www.tourisme-lot.com/"
      ]
    }
  ],
  "hasContact": [
    {
      "@id": "https://data.datatourisme.fr/8b8655ff-5d3d-362b-8f61-2e5d762f25e1",
      "schema:telephone": [
        "+33 6 85 43 53 79"
      ],
      "@type": [
        "foaf:Agent",
        "Agent"
      ]
    }
  ],
  "hasDescription": [
    {
      "@id": "https://data.datatourisme.fr/532eefc1-a443-366e-a2bb-c05001b88c98",
      "dc:description": {
        "de": [
          "Abfahrt von LABATHUDE (Ort) um 14 Uhr\nRundweg von 6 km\nNach Anmeldung: 06 85 43 53 79"
        ],
        "en": [
          "Departure from LABATHUDE (locality) at 2 p.m\n6 km loop\nRegistration: 06 85 43 53 79"
        ],
        "it": [
          "Partenza da LABATHUDE (località) alle ore 14:00\nAnello di 6 km\nIscrizione obbligatoria: 06 85 43 53 79"
        ],
        "fr": [
          "Départ de LABATHUDE (lieu-dit) à 14h\nBoucle de 6 km\nSur inscription : 06 85 43 53 79"
        ],
        "nl": [
          "Vertrek uit LABATHUDE (plaats) om 14u00\nLus van 6 km\nInschrijving verplicht: 06 85 43 53 79"
        ],
        "es": [
          "Salida de LABATHUDE (localidad) a las 14h00\nCircuito de 6 km\nInscripción obligatoria: 06 85 43 53 79"
        ]
      },
      "@type": [
        "Description"
      ],
      "hasTranslatedProperty": [
        {
          "@id": "https://data.datatourisme.fr/3e60c73b-5728-3028-be78-c549ee44d27e",
          "dc:contributor": [
            "https://api.deepl.com/v2/translate"
          ],
          "rdf:language": [
            "de"
          ],
          "rdf:predicate": [
            "shortDescription"
          ]
        },
        {
          "@id": "https://data.datatourisme.fr/6c3ad414-635d-3ffd-922a-aadda991b94f",
          "dc:contributor": [
            "https://api.deepl.com/v2/translate"
          ],
          "rdf:language": [
            "en"
          ],
          "rdf:predicate": [
            "shortDescription"
          ]
        },
        {
          "@id": "https://data.datatourisme.fr/82b8d96d-35ea-3248-86e7-1853739721b3",
          "dc:contributor": [
            "https://api.deepl.com/v2/translate"
          ],
          "rdf:language": [
            "it"
          ],
          "rdf:predicate": [
            {
              "@id": "dc:description"
            }
          ]
        },
        {
          "@id": "https://data.datatourisme.fr/8ab5290f-9728-337c-8905-4051cefc9fc7",
          "dc:contributor": [
            "https://api.deepl.com/v2/translate"
          ],
          "rdf:language": [
            "es"
          ],
          "rdf:predicate": [
            {
              "@id": "dc:description"
            }
          ]
        },
        {
          "@id": "https://data.datatourisme.fr/98b661d1-5e5a-3d9f-afe6-e820d7f40ac3",
          "dc:contributor": [
            "https://api.deepl.com/v2/translate"
          ],
          "rdf:language": [
            "de"
          ],
          "rdf:predicate": [
            {
              "@id": "dc:description"
            }
          ]
        },
        {
          "@id": "https://data.datatourisme.fr/9c6b253d-ed76-30ed-9ecf-327e68ad39f9",
          "dc:contributor": [
            "https://api.deepl.com/v2/translate"
          ],
          "rdf:language": [
            "nl"
          ],
          "rdf:predicate": [
            "shortDescription"
          ]
        },
        {
          "@id": "https://data.datatourisme.fr/af76f1a6-5f3e-3ade-a1ac-d23c1dcb3604",
          "dc:contributor": [
            "https://api.deepl.com/v2/translate"
          ],
          "rdf:language": [
            "es"
          ],
          "rdf:predicate": [
            "shortDescription"
          ]
        },
        {
          "@id": "https://data.datatourisme.fr/d7a162f0-d8ed-3805-b452-c67cf85cef86",
          "dc:contributor": [
            "https://api.deepl.com/v2/translate"
          ],
          "rdf:language": [
            "it"
          ],
          "rdf:predicate": [
            "shortDescription"
          ]
        },
        {
          "@id": "https://data.datatourisme.fr/e829ed58-3cb2-32cd-906a-02cdebc89a88",
          "dc:contributor": [
            "https://api.deepl.com/v2/translate"
          ],
          "rdf:language": [
            "en"
          ],
          "rdf:predicate": [
            {
              "@id": "dc:description"
            }
          ]
        },
        {
          "@id": "https://data.datatourisme.fr/e9c94fe8-5c16-3ed1-9164-3991750bd276",
          "dc:contributor": [
            "https://api.deepl.com/v2/translate"
          ],
          "rdf:language": [
            "nl"
          ],
          "rdf:predicate": [
            {
              "@id": "dc:description"
            }
          ]
        }
      ],
      "shortDescription": {
        "de": [
          "Der Verein Clef de Voûte , ein Verein zur Erhaltung des Kulturerbes in Labathude, lädt Sie zu einem Spaziergang zum Thema Felsen und Bauten in Ségala ein."
        ],
        "en": [
          "The Clef de Voûte association, an organization dedicated to safeguarding Labathude's heritage, invites you to a walk on the theme of rocks and buildings in Ségala."
        ],
        "it": [
          "L'associazione Clef de Voûte, organizzazione dedicata alla salvaguardia del patrimonio di Labathude, vi invita a partecipare a una passeggiata sul tema delle rocce e degli edifici di Ségala."
        ],
        "fr": [
          "L' association Clef de Voûte , association de sauvegarde du patrimoine à Labathude, vous invite à une balade sur le thème des roches et des constructions en Ségala."
        ],
        "es": [
          "La asociación Clef de Voûte, organización dedicada a salvaguardar el patrimonio de Labathude, le invita a participar en un paseo sobre el tema de las rocas y los edificios de Ségala."
        ],
        "nl": [
          "De vereniging Clef de Voûte, een organisatie die zich inzet voor het behoud van het erfgoed van Labathude, nodigt u uit om deel te nemen aan een wandeling over het thema rotsen en gebouwen in Ségala."
        ]
      }
    }
  ],
  "hasGeographicReach": [
    {
      "@id": "kb:Local",
      "@type": [
        "GeographicReach"
      ],
      "rdfs:label": {
        "de": [
          "Lokal"
        ],
        "pt": [
          "Local"
        ],
        "en": [
          "Local"
        ],
        "it": [
          "Locale"
        ],
        "fr": [
          "Locale"
        ],
        "nl": [
          "Lokaal"
        ],
        "es": [
          "Local"
        ]
      }
    }
  ],
  "hasMainRepresentation": [
    {
      "@id": "https://data.datatourisme.fr/4c3daa91-497e-339e-b44a-944c2b4c55ff",
      "ebucore:hasAnnotation": [
        {
          "@id": "https://data.datatourisme.fr/34c5a5ea-3535-3268-a4c8-416f5c00c327",
          "ebucore:title": {
            "fr": [
              "Labathude"
            ]
          },
          "@type": [
            "ebucore:Annotation"
          ],
          "credits": [
            "Cle de voute"
          ]
        }
      ],
      "ebucore:hasRelatedResource": [
        {
          "@id": "https://data.datatourisme.fr/5fadec25-308a-3d7c-baba-2d9d27fa5974",
          "ebucore:hasMimeType": [
            {
              "@id": "kb:JPEG",
              "@type": [
                "ebucore:MimeType"
              ],
              "rdfs:comment": {
                "de": [
                  "JPEG-Bild"
                ],
                "pt": [
                  "Imagem JPEG"
                ],
                "en": [
                  "JPEG image file"
                ],
                "it": [
                  "Immagine JPEG"
                ],
                "fr": [
                  "Image JPEG"
                ],
                "nl": [
                  "JPEG-afbeelding"
                ],
                "es": [
                  "Imagen JPEG"
                ]
              },
              "rdfs:label": {
                "de": [
                  "image/jpeg"
                ],
                "pt": [
                  "image/jpeg"
                ],
                "en": [
                  "image/jpeg"
                ],
                "it": [
                  "image/jpeg"
                ],
                "fr": [
                  "image/jpeg"
                ],
                "nl": [
                  "image/jpeg"
                ],
                "es": [
                  "image/jpeg"
                ]
              }
            }
          ],
          "ebucore:locator": [
            "http://cdt46.media.tourinsoft.com/upload/Labathude.jpg"
          ],
          "@type": [
            "ebucore:Resource"
          ]
        }
      ],
      "@type": [
        "ebucore:EditorialObject"
      ]
    }
  ],
  "hasRepresentation": [
    {
      "@id": "https://data.datatourisme.fr/4c3daa91-497e-339e-b44a-944c2b4c55ff",
      "ebucore:hasAnnotation": [
        {
          "@id": "https://data.datatourisme.fr/34c5a5ea-3535-3268-a4c8-416f5c00c327",
          "ebucore:title": {
            "fr": [
              "Labathude"
            ]
          },
          "@type": [
            "ebucore:Annotation"
          ],
          "credits": [
            "Cle de voute"
          ]
        }
      ],
      "ebucore:hasRelatedResource": [
        {
          "@id": "https://data.datatourisme.fr/5fadec25-308a-3d7c-baba-2d9d27fa5974",
          "ebucore:hasMimeType": [
            {
              "@id": "kb:JPEG",
              "@type": [
                "ebucore:MimeType"
              ],
              "rdfs:comment": {
                "de": [
                  "JPEG-Bild"
                ],
                "pt": [
                  "Imagem JPEG"
                ],
                "en": [
                  "JPEG image file"
                ],
                "it": [
                  "Immagine JPEG"
                ],
                "fr": [
                  "Image JPEG"
                ],
                "nl": [
                  "JPEG-afbeelding"
                ],
                "es": [
                  "Imagen JPEG"
                ]
              },
              "rdfs:label": {
                "de": [
                  "image/jpeg"
                ],
                "pt": [
                  "image/jpeg"
                ],
                "en": [
                  "image/jpeg"
                ],
                "it": [
                  "image/jpeg"
                ],
                "fr": [
                  "image/jpeg"
                ],
                "nl": [
                  "image/jpeg"
                ],
                "es": [
                  "image/jpeg"
                ]
              }
            }
          ],
          "ebucore:locator": [
            "http://cdt46.media.tourinsoft.com/upload/Labathude.jpg"
          ],
          "@type": [
            "ebucore:Resource"
          ]
        }
      ],
      "@type": [
        "ebucore:EditorialObject"
      ]
    }
  ],
  "hasTranslatedProperty": [
    {
      "@id": "https://data.datatourisme.fr/556f3d60-0f43-38ab-ad83-e5f612cfc67d",
      "dc:contributor": [
        "https://api.deepl.com/v2/translate"
      ],
      "rdf:language": [
        "en"
      ],
      "rdf:predicate": [
        {
          "@id": "rdfs:comment"
        }
      ]
    },
    {
      "@id": "https://data.datatourisme.fr/9ebde23c-f3ab-3192-ba24-29314a3d137b",
      "dc:contributor": [
        "https://api.deepl.com/v2/translate"
      ],
      "rdf:language": [
        "de"
      ],
      "rdf:predicate": [
        {
          "@id": "rdfs:comment"
        }
      ]
    },
    {
      "@id": "https://data.datatourisme.fr/b4a6f8ea-442b-3a6e-aceb-3b6480d22217",
      "dc:contributor": [
        "https://api.deepl.com/v2/translate"
      ],
      "rdf:language": [
        "it"
      ],
      "rdf:predicate": [
        {
          "@id": "rdfs:comment"
        }
      ]
    },
    {
      "@id": "https://data.datatourisme.fr/b4ba4822-17b4-350b-b731-1382d9d1418b",
      "dc:contributor": [
        "https://api.deepl.com/v2/translate"
      ],
      "rdf:language": [
        "es"
      ],
      "rdf:predicate": [
        {
          "@id": "rdfs:comment"
        }
      ]
    },
    {
      "@id": "https://data.datatourisme.fr/c4774f91-a949-3712-95f4-0c66086ceb71",
      "dc:contributor": [
        "https://api.deepl.com/v2/translate"
      ],
      "rdf:language": [
        "nl"
      ],
      "rdf:predicate": [
        {
          "@id": "rdfs:comment"
        }
      ]
    }
  ],
  "isLocatedAt": [
    {
      "@id": "https://data.datatourisme.fr/0a935a37-3547-3917-92a7-f3cf3a0bd2fb",
      "schema:address": [
        {
          "@id": "https://data.datatourisme.fr/392ed8bc-5aac-3499-8d77-dfaffbe888ef",
          "schema:addressLocality": "Labathude",
          "schema:postalCode": "46120",
          "@type": [
            "schema:PostalAddress",
            "PostalAddress"
          ],
          "hasAddressCity": {
            "@id": "kb:46139",
            "@type": [
              "City"
            ],
            "rdfs:label": {
              "de": [
                "Labathude"
              ],
              "pt": [
                "Labathude"
              ],
              "en": [
                "Labathude"
              ],
              "it": [
                "Labathude"
              ],
              "fr": [
                "Labathude"
              ],
              "nl": [
                "Labathude"
              ],
              "es": [
                "Labathude"
              ]
            },
            "insee": "46139",
            "isPartOfDepartment": {
              "@id": "kb:France7646",
              "@type": [
                "Department"
              ],
              "rdfs:label": {
                "de": [
                  "Lot"
                ],
                "pt": [
                  "Lot"
                ],
                "en": [
                  "Lot"
                ],
                "it": [
                  "Lot"
                ],
                "fr": [
                  "Lot"
                ],
                "nl": [
                  "Lot"
                ],
                "es": [
                  "Lot"
                ]
              },
              "insee": "46",
              "isPartOfRegion": {
                "@id": "kb:France76",
                "@type": [
                  "Region"
                ],
                "rdfs:label": {
                  "de": [
                    "Occitanie"
                  ],
                  "pt": [
                    "Occitanie"
                  ],
                  "en": [
                    "Occitanie"
                  ],
                  "it": [
                    "Occitanie"
                  ],
                  "fr": [
                    "Occitanie"
                  ],
                  "nl": [
                    "Occitanie"
                  ],
                  "es": [
                    "Occitanie"
                  ]
                },
                "insee": "76",
                "isPartOfCountry": {
                  "@id": "kb:France",
                  "@type": [
                    "schema:Country"
                  ],
                  "rdfs:label": {
                    "de": [
                      "France",
                      "Frankreich"
                    ],
                    "pt": [
                      "França",
                      "France"
                    ],
                    "en": [
                      "France"
                    ],
                    "it": [
                      "France",
                      "Francia"
                    ],
                    "fr": [
                      "France"
                    ],
                    "nl": [
                      "France",
                      "Frankrijk"
                    ],
                    "es": [
                      "France",
                      "Francia"
                    ]
                  }
                }
              }
            }
          }
        }
      ],
      "schema:geo": {
        "@id": "https://data.datatourisme.fr/8443ae31-da4c-3d39-b581-14cf8ce0848c",
        "schema:latitude": "44.752587",
        "schema:longitude": "1.988074",
        "@type": [
          "schema:GeoCoordinates"
        ]
      },
      "schema:openingHoursSpecification": [
        {
          "@id": "https://data.datatourisme.fr/8765a0ff-c008-3175-b6f4-782533159615",
          "schema:opens": "14:00:00",
          "schema:validFrom": "2023-08-17T00:00:00",
          "schema:validThrough": "2023-08-17T00:00:00",
          "@type": [
            "schema:OpeningHoursSpecification"
          ]
        }
      ],
      "@type": [
        "schema:Place",
        "Place"
      ]
    }
  ],
  "lastUpdate": "2023-08-09",
  "lastUpdateDatatourisme": "2023-09-18T15:54:53.032Z",
  "takesPlaceAt": [
    {
      "@id": "https://data.datatourisme.fr/f78269d6-6a88-3cf0-a2bf-e7666111244c",
      "@type": [
        "Period"
      ],
      "endDate": "2023-08-17",
      "startDate": "2023-08-17",
      "startTime": "14:00:00"
    }
  ]
}