{
  "@id": "https://data.datatourisme.fr/22/00b61ea3-6b23-33b4-a173-5342d3a59b32",
  "dc:identifier": "FMAMIP046V522Z3K",
  "schema:endDate": [
    "2023-08-06"
  ],
  "schema:startDate": [
    "2023-08-06"
  ],
  "@type": [
    "schema:Event",
    "schema:SocialEvent",
    "ChildrensEvent",
    "CulturalEvent",
    "EntertainmentAndEvent",
    "PointOfInterest",
    "ShowEvent",
    "SocialEvent",
    "TraditionalCelebration"
  ],
  "rdfs:comment": {
    "de": [
      "Alles über Küche und Tischkultur, Hygiene, Waffen, Kampf im 15. Jahrhundert.\nEs war ein echtes Vergnügen, mit Ihnen die originellsten Aspekte des Mittelalters zu entdecken\", sagte Jacques, als er den Vorführungen beiwohnte, die auch Sie während der Mittelaltertage in Gourdon erleben können."
    ],
    "en": [
      "Everything about cooking and tableware, hygiene, weapons, combat, in the 15th century.\nScenes on the art of war, archery and crossbow demonstrations, sword fights, medieval songs \"It was a real pleasure to discover with you the most original aspects of the Middle Ages\" said Jacques while attending these demonstrations that you can also discover throughout these two days during the Medieval Festival of Gourdon."
    ],
    "it": [
      "Tutto ciò che riguarda la cucina e l'alimentazione, l'igiene, le armi, il combattimento, nel XV secolo.\nScene sull'arte della guerra, dimostrazioni di tiro con l'arco e con la balestra, combattimenti con la spada, canti medievali \"È stato un vero piacere scoprire con voi gli aspetti più originali del Medioevo\", ha detto Jacques assistendo a queste dimostrazioni che potrete scoprire anche voi in questi due giorni durante le Médiévales de Gourdon."
    ],
    "fr": [
      "Tout sur la cuisine et art de la table, hygiène, armes, combat, au XVème siècle.\nScénettes sur l'art de la guerre, démonstrations de tir à l'arc et à l'arbalète, combats d'épée, chants médiévaux « Ce fut un réel plaisir de découvrir avec vous les aspects les plus originaux du moyen-âge » dira Jacques en assistant à ces démonstrations que vous pourrez vous aussi découvrir tout au long de ces deux journées lors des Médiévales de Gourdon."
    ],
    "es": [
      "Todo sobre la cocina y la alimentación, la higiene, las armas, el combate, en el siglo XV.\nEscenas sobre el arte de la guerra, demostraciones de tiro con arco y ballesta, combates con espada, cantos medievales \"Ha sido un verdadero placer descubrir con ustedes los aspectos más originales de la Edad Media\" dijo Jacques mientras asistía a estas demostraciones que también podrá descubrir a lo largo de estos dos días durante los Médiévales de Gourdon."
    ],
    "nl": [
      "Alles over koken en eten, hygiëne, wapens, gevechten, in de 15e eeuw.\nScènes over de krijgskunst, demonstraties boogschieten en kruisboog, zwaardgevechten, middeleeuwse liederen \"Het was een waar genoegen om met u de meest originele aspecten van de Middeleeuwen te ontdekken\" zei Jacques tijdens deze demonstraties die u gedurende deze twee dagen ook kunt ontdekken tijdens de Médiévales de Gourdon."
    ]
  },
  "rdfs:label": {
    "fr": [
      "Les Médiévales de Gourdon : Dimanche 6 Août 2023"
    ]
  },
  "creationDate": "2022-06-22",
  "hasAdministrativeContact": [
    {
      "@id": "https://data.datatourisme.fr/6ddf11ff-2a04-329c-8cf3-e9d846e1f934",
      "schema:email": [
        "animetvous46@gmail.com"
      ],
      "@type": [
        "foaf:Agent",
        "Agent"
      ],
      "foaf:homepage": [
        "https://medievalesdegourdon.jimdofree.com/"
      ]
    }
  ],
  "hasAudience": [
    {
      "@id": "kb:Departmental",
      "@type": [
        "GeographicReach"
      ],
      "rdfs:label": {
        "de": [
          "Des Départements"
        ],
        "pt": [
          "Departamental"
        ],
        "en": [
          "Departmental"
        ],
        "it": [
          "Dipartimentale"
        ],
        "fr": [
          "Départementale"
        ],
        "nl": [
          "Departementaal"
        ],
        "es": [
          "Departamental"
        ]
      }
    },
    {
      "@id": "kb:Regional",
      "@type": [
        "GeographicReach"
      ],
      "rdfs:label": {
        "de": [
          "Regional"
        ],
        "pt": [
          "Regional"
        ],
        "en": [
          "Regional"
        ],
        "it": [
          "Regionale"
        ],
        "fr": [
          "Régionale"
        ],
        "es": [
          "Regional"
        ],
        "nl": [
          "Regionaal"
        ]
      }
    }
  ],
  "hasBeenCreatedBy": {
    "@id": "https://data.datatourisme.fr/35c48833-3acb-32a5-bf3b-06eefc3d76c1",
    "schema:legalName": "OT Gourdon",
    "@type": [
      "schema:Organization",
      "foaf:Agent",
      "Agent"
    ]
  },
  "hasBeenPublishedBy": [
    {
      "@id": "https://data.datatourisme.fr/a91cfac3-26b1-32ff-a4d1-03a88ee24fce",
      "schema:legalName": "Lot Tourisme - Agence de Développement Touristique",
      "schema:logo": "https://image.jimcdn.com/app/cms/image/transf/dimension=150x150:format=jpg/path/s241e622ed1e390b3/image/if282e9258e4ddfa7/version/1391472379/image.jpg",
      "@type": [
        "schema:Organization",
        "foaf:Agent",
        "Agent"
      ],
      "foaf:homepage": [
        "http://www.tourisme-lot.com/"
      ]
    }
  ],
  "hasContact": [
    {
      "@id": "https://data.datatourisme.fr/6ddf11ff-2a04-329c-8cf3-e9d846e1f934",
      "schema:email": [
        "animetvous46@gmail.com"
      ],
      "@type": [
        "foaf:Agent",
        "Agent"
      ],
      "foaf:homepage": [
        "https://medievalesdegourdon.jimdofree.com/"
      ]
    },
    {
      "@id": "https://data.datatourisme.fr/dd8fab97-4b2c-37b2-bf25-4cf37fcd31af",
      "schema:email": [
        "animetvous46@gmail.com"
      ],
      "schema:legalName": "Anime et vous en Quercy Bouriane",
      "schema:telephone": [
        "+33 7 84 41 22 48"
      ],
      "@type": [
        "schema:Organization",
        "foaf:Agent",
        "Agent"
      ]
    }
  ],
  "hasDescription": [
    {
      "@id": "https://data.datatourisme.fr/15d003a1-4f90-3420-a335-7f0853fb2b39",
      "dc:description": {
        "de": [
          "Die mittelalterlichen Festspiele von Gourdon en Quercy Bouriane finden dieses Jahr am Sonntag, den 6. und Montag, den 7. August von 9 bis 23 Uhr statt und enden an beiden Tagen mit einem Konzert von Brick A Drac ab 21 Uhr auf dem Place des Marronniers gegenüber der Kirche Saint Pierre. Diese Gruppe wird am Nachmittag auch eine Show für Kinder in den Jardins du Sénéchal veranstalten.\nDie Grafschaft Toulouse wird an diesen beiden Tagen Folgendes anbieten: Vorführungen von Schwertkämpfen, Holzspiele, Kalligraphie, Waffenausstellungen, eine Kräuterhandlung und sogar einen Fotopunkt mit einem Folterinstrument.\n Tauchen Sie ein in unsere schöne mittelalterliche Stadt: die Place des Marronniers, die Place St Pierre, die Gassen der Butte, die Jardins du Sénéchal, die Faubourg Nord, der Chemin de l'Éperon ?\n An all diesen Orten finden im Laufe der zwei Tage Aufführungen und Animationen statt, die Sie in die Traditionen und die Atmosphäre vergangener Zeiten eintauchen lassen: ein großes mittelalterliches Lager, Werkstätten und Handwerk, ein Artillerielager, Gaukler und Troubadoure, Jongleure und Musiker, Theateraufführungen, eine Schnitzeljagd durch die Stadt, ein Escape Game, Reitvorführungen...\nAber auch für das leibliche Wohl ist gesorgt: In einem Viertel der Stände auf dem Stadtrundgang können Sie verschiedene Stände entdecken, die mittelalterliche Produkte anbieten...\nZwei außergewöhnliche Tage, um die Zeit zurückzudrehen und ein schönes Wochenende mit der Familie oder mit Freunden zu verbringen.\n\nSonntag\n9.30 Uhr Öffnung der Kassen\n10.00 Uhr GWELTAZ Märchenerzähler Ausrufer (Porte Mazel)\n10.45 Uhr VIR?VOLT Ritterspektakel (Pré de l'éperon)\n11.45 Uhr L?ARBRE FÉE (Show für Kinder im Garten des Seneschalls)\n13.30 Uhr HÉRITAGES DU SENECHAL (historische Sketche ? Porte Mazel)\n14.00 Uhr GWELTAZ, Geschichtenerzähler und Ausrufer (Porte Mazel)\n14.45 Uhr L?ARBRE FÉE (poetische Erzählungen, Flöte, Perkussion im Garten des Sénéchal)\n15.30 Uhr HÉRITAGES DU SENECHAL (Garten des Sénéchal)\n16.00 Uhr BRICK A DRAC (Kindervorstellung im Garten des Sénéchal)\n17.00 Uhr VIR?VOLT Ritterspektakel (Pré de l'Éperon)\n18.00 Uhr L?ARBRE FÉE (poetische Erzählungen, Flöte, Perkussion...im Garten des Seneschalls)\n18.45 Uhr GWELTAZ conteur crieur (Jardin du Sénéchal)\n19.15 Uhr RESTAURATION bis 21.00 Uhr (Place Saint-Pierre)\nund: von 11.00 bis 12.00 Uhr und 15.00 bis 16.00 Uhr Mittelalterliche Märchen, erzählt von der Vereinigung LES IDÉES VAGABONDENT im Märchengarten (interkommunale Bibliothek von Gourdon)\nvon 12.00 bis 12.30 Uhr und von 16.00 bis 16.30 Uhr: Chor \"LES AUSELS\" im Garten der Märchen (interkommunale Bibliothek von Gourdon)\n21H00 : BRICK A DRAC Trio folk- Place Saint-Pierre"
        ],
        "en": [
          "This year's Médiévales de Gourdon en Quercy Bouriane will take place on Sunday August 6 and Monday August 7, from 9am to 11pm, ending on both days with a concert by Brick A Drac from 9pm onwards in the Place des Marronniers, opposite Saint Pierre church. The group will also be performing a children's show in the Jardins du Sénéchal in the afternoon.\nThroughout the two-day event, the Comté de Toulouse will be offering sword-fighting demonstrations, wooden games, calligraphy, weapons exhibitions, a herbalist's shop, and even a photo opportunity with a torture instrument.\n Come and immerse yourself in our beautiful medieval city: the Place des Marronniers, the Place St Pierre, the narrow streets of the Butte, the Jardins du Sénéchal, the Faubourg Nord, the Chemin de l'Éperon...\n These are just some of the places where shows and events will take place over the course of the two days, immersing you in the traditions and atmosphere of yesteryear: a large medieval camp, workshops and crafts, an artillery camp, acrobats and troubadours, jugglers and musicians, theatrical events, a treasure hunt in the city, an escape game, equestrian shows...\nYou'll also be able to sample some of the recipes of bygone days, and stalls selling a variety of medieval products will be set up around the town...\nTwo exceptional days to step back in time and spend a wonderful weekend with family and friends.\n\nSunday\n9:30 a.m. Box office opening\n10:00 GWELTAZ storyteller (Porte Mazel)\n10:45 VIR?VOLT chivalry show (Pré de l?éperon)\n11:45 L?ARBRE FÉE (children's show in the Sénéchal garden)\n1:30 pm HÉRITAGES DU SENECHAL (historical sketches - Porte Mazel)\n2:00 pm GWELTAZ storyteller (Porte Mazel)\n2:45 pm L'ARBRE FÉE (poetic tales, flute, percussion in the Sénéchal garden)\n3:30pm HÉRITAGES DU SENECHAL (Sénéchal garden)\n4:00 BRICK A DRAC (children's show in the Sénéchal garden)\n17h00 VIR?VOLT chivalry show (Pré de l'Éperon)\n6:00 pm L?ARBRE FÉE (poetic tales, flute, percussion...in the Sénéchal garden)\n18h45 GWELTAZ storyteller (Jardin du Sénéchal)\n19h15 RESTAURATION until 21 H (Place Saint-Pierre)\nand: 11:00 am to 12:00 pm and 3:00 pm to 4:00 pm Medieval tales narrated by LES IDÉES VAGABONDENT in the fairy-tale garden (Gourdon intercommunal library)\n12:00 pm to 12:30 pm and 4:00 pm to 4:30 pm: LES AUSELS choir in the fairy-tale garden (Gourdon inter-community library)\n9:00 pm: BRICK A DRAC Folk Trio - Place Saint-Pierre"
        ],
        "it": [
          "Le Médiévales de Gourdon en Quercy Bouriane di quest'anno si svolgeranno domenica 6 e lunedì 7 agosto, dalle 9.00 alle 23.00, e si concluderanno in entrambi i giorni con un concerto dei Brick A Drac a partire dalle 21.00 in Place des Marronniers, di fronte alla chiesa di Saint Pierre. Questo gruppo si esibirà anche in uno spettacolo per bambini nei Jardins du Sénéchal nel pomeriggio.\nDurante le due giornate, il Comté de Toulouse offrirà dimostrazioni di combattimento con la spada, giochi in legno, calligrafia, esposizioni di armi, un'erboristeria e persino la possibilità di farsi fotografare con uno strumento di tortura.\n Venite a immergervi nella nostra bella città medievale: la Place des Marronniers, la Place St Pierre, le stradine della Butte, i Jardins du Sénéchal, il Faubourg Nord, il Chemin de l'Éperon...\n Questi sono solo alcuni dei luoghi in cui si svolgeranno spettacoli ed eventi nel corso delle due giornate, che vi riporteranno alle tradizioni e alle atmosfere di un tempo: un grande accampamento medievale, laboratori e mestieri, un accampamento di artiglieria, acrobati e trovatori, giocolieri e musicisti, eventi teatrali, una caccia al tesoro in città, un gioco di fuga, spettacoli equestri...\nNon mancheranno le occasioni per assaggiare alcune ricette di un tempo e un quartiere di bancarelle in giro per la città, dove si potranno scoprire diversi prodotti medievali...\nDue giorni eccezionali per tornare indietro nel tempo e trascorrere un meraviglioso fine settimana con la famiglia e gli amici.\n\nDomenica\nore 9.30 Apertura delle casse\n10.00 Cantastorie GWELTAZ (Porte Mazel)\n10.45 Spettacolo cavalleresco di VIR?VOLT (Pré de l'éperon)\n11:45 L'ALBERO DELLE FATE (spettacolo per bambini nel giardino del Sénéchal)\n13:30 HÉRITAGES DU SENECHAL (scenette storiche - Porte Mazel)\n14:00 GWELTAZ cantastorie (Porta Mazel)\n14:45 L'ARBRE FÉE (racconti poetici, flauto, percussioni nel giardino del Sénéchal)\n15:30 HÉRITAGES DU SENECHAL (Giardino del Sénéchal)\n16:00 BRICK A DRAC (spettacolo per bambini nel giardino del Sénéchal)\n17:00 VIR?VOLT spettacolo cavalleresco (Pré de l'Éperon)\n18h00 L'ARBRE FÉE (racconti poetici, flauto, percussioni... nel giardino del Sénéchal)\n18.45 GWELTAZ cantastorie e banditore (Jardin du Sénéchal)\n19.15 RISTORAZIONE fino alle 21.00 (Place Saint-Pierre)\ne: dalle 11.00 alle 12.00 e dalle 15.00 alle 16.00 Racconti medievali narrati dall'associazione LES IDÉES VAGABONDENT nel giardino delle fiabe (biblioteca intercomunale di Gourdon)\n12.00 - 12.30 e 16.00 - 16.30: coro \"LES AUSELS\" nel giardino delle fiabe (biblioteca intercomunale di Gourdon)\n21.00: Trio folkloristico BRICK A DRAC - Piazza Saint-Pierre"
        ],
        "fr": [
          "Les Médiévales de Gourdon en Quercy Bouriane ont lieu cette année le dimanche 6 et lundi 7 août, de 9h à 23h, se terminant sur les deux jours par un concert de Brick A Drac à partir de 21h sur la place des Marronniers, face à l'église Saint Pierre. Groupe qui animera également un spectacle pour enfants aux Jardins du Sénéchal dans l'après midi.\nLe Comté de Toulouse proposera tout au long de ces deux jours : des démonstrations de combats à l'épée, des jeux en bois, de la calligraphie, des expositions d'armes, une herboristerie, et même un point photo avec un instrument de torture.\n Venez faire immersion dans notre belle cité médiévale : la place des Marronniers, la place St Pierre, les ruelles de la Butte, Les Jardins du Sénéchal, le Faubourg nord, le chemin de l’Éperon ...\n Autant de lieux où se dérouleront spectacles et animations au fil des deux journées pour vous replonger dans les traditions et l'ambiance d'antan : grand campement médiéval, atelier et artisanat, camp d'artillerie, saltimbanques et troubadours, jongleurs et musiciens, animations  théâtrales, jeu de piste dans la cité, escape game, spectacles équestres...\nMais également de quoi se restaurer sur place selon quelques recettes d'autrefois, un quartier des échoppes sur le tour de ville pour y découvrir des stands variés proposant des produits médiévaux...\nDeux journées exceptionnelles pour remonter le temps et passer un beau week-end en famille ou entre amis.\n\nDimanche \n9h30 Ouvertures des caisses \n10h00 GWELTAZ conteur crieur (Porte Mazel) \n10h45 VIR’VOLT spectacle de chevalerie (Pré de l’éperon) \n11h45 L’ARBRE FÉE ( spectacle pour enfants dans le jardin du Sénéchal) \n13h30 HÉRITAGES DU SENECHAL (saynettes historiques – Porte Mazel) \n14h00 GWELTAZ conteur crieur (Porte Mazel) \n14h45 L’ARBRE FÉE (contes poétiques, flûte, percussions dans le jardin du Sénéchal) \n15h30 HÉRITAGES DU SENECHAL (Jardin du Sénéchal) \n16h00 BRICK A DRAC (spectacle pour enfants dans le jardin du Sénéchal) \n17h00 VIR’VOLT spectacle de chevalerie (Pré de l’Éperon) \n18h00 L’ARBRE FÉE (contes poétiques, flûte, percussions...dans le jardin du Sénéchal) \n18h45 GWELTAZ conteur crieur (Jardin du Sénéchal) \n19h15 RESTAURATION jusqu’à 21 H (Place Saint-Pierre) \net : de 11h00 à 12h00 et 15h 00 à 16h00 Contes médiévaux narrés par l’association LES IDÉES VAGABONDENT dans le jardin des contes de fées (bibliothèque intercommunale de Gourdon) \nde 12 H à 12 H 30 et de16 H à 16 H 30 : Chorale « LES AUSELS » dans le jardin des contes de fée(bibliothèque intercommunale deGourdon)\n21H00 : BRICK A DRAC Trio folk- Place Saint-Pierre"
        ],
        "es": [
          "Las Médiévales de Gourdon en Quercy Bouriane de este año tendrán lugar el domingo 6 y el lunes 7 de agosto, de 9.00 a 23.00 horas, y concluirán ambos días con un concierto de Brick A Drac a partir de las 21.00 horas en la plaza des Marronniers, frente a la iglesia de Saint Pierre. Este grupo también ofrecerá por la tarde un espectáculo infantil en los Jardines del Sénéchal.\nA lo largo de los dos días, el Comté de Toulouse ofrecerá demostraciones de esgrima, juegos de madera, caligrafía, exposiciones de armas, una herboristería e incluso la posibilidad de fotografiarse con un artefacto de tortura.\n Venga a sumergirse en nuestra hermosa ciudad medieval: la plaza des Marronniers, la plaza St Pierre, las callejuelas de la Butte, los Jardins du Sénéchal, el Faubourg Nord, el Chemin de l'Éperon...\n Estos son sólo algunos de los lugares en los que durante dos días se sucederán espectáculos y eventos que le transportarán a las tradiciones y el ambiente de antaño: un gran campamento medieval, talleres y artesanía, un campamento de artillería, acróbatas y trovadores, malabaristas y músicos, representaciones teatrales, una búsqueda del tesoro en la ciudad, un juego de escape, espectáculos ecuestres...\nTampoco faltarán las degustaciones de recetas de antaño y un barrio de puestos por la ciudad donde descubrirá una gran variedad de puestos de productos medievales...\nDos días excepcionales para retroceder en el tiempo y pasar un magnífico fin de semana en familia o entre amigos.\n\nDomingo\n9.30 h Apertura de las cajas\n10 h Cuentacuentos GWELTAZ (Puerta Mazel)\n10:45 Espectáculo de caballería VIR?VOLT (Pré de l'éperon)\n11:45 EL ÁRBOL DE LAS HADAS (espectáculo infantil en el jardín del Sénéchal)\n13.30 h HÉRITAGES DU SENECHAL (sketches históricos - Porte Mazel)\n14:00 Cuentacuentos GWELTAZ (Puerta Mazel)\n14:45 L'ARBRE FÉE (cuentos poéticos, flauta, percusión en el jardín del Sénéchal)\n15h30 HÉRITAGES DU SENECHAL (Jardín del Sénéchal)\n16h00 BRICK A DRAC (espectáculo infantil en el jardín del Sénéchal)\n17h00 ESPECTÁCULO DE CABALLERÍA VIR?VOLT (Pré de l'Éperon)\n18h00 L'ARBRE FÉE (cuentos poéticos, flauta, percusión...en el jardín del Sénéchal)\n18h45 GWELTAZ cuentacuentos y pregonero (Jardin du Sénéchal)\n19.15 h RESTAURACIÓN hasta las 21.00 h (plaza Saint-Pierre)\ny: de 11.00 a 12.00 h y de 15.00 a 16.00 h Cuentos medievales narrados por la asociación LES IDÉES VAGABONDENT en el jardín de los cuentos (biblioteca intercomunal de Gourdon)\n12.00 - 12.30 h y 16.00 - 16.30 h: Coro \"LES AUSELS\" en el jardín de los cuentos (biblioteca intercomunal de Gourdon)\n21.00 h: Trío folclórico BRICK A DRAC - Place Saint-Pierre"
        ],
        "nl": [
          "De Médiévales de Gourdon en Quercy Bouriane vinden dit jaar plaats op zondag 6 en maandag 7 augustus, van 9.00 tot 23.00 uur, en worden beide dagen afgesloten met een concert van Brick A Drac vanaf 21.00 uur op de Place des Marronniers, tegenover de kerk Saint Pierre. Deze groep zal 's middags ook een kindervoorstelling geven in de Jardins du Sénéchal.\nGedurende de twee dagen biedt de Comté de Toulouse demonstraties zwaardvechten, houten spelen, kalligrafie, wapententoonstellingen, een kruidenwinkel en zelfs een fotomoment met een marteltuig.\n Kom en dompel jezelf onder in onze prachtige middeleeuwse stad: de Place des Marronniers, de Place St Pierre, de smalle straatjes van de Butte, de Jardins du Sénéchal, de Faubourg Nord, de Chemin de l'Éperon...\n Dit zijn slechts enkele van de plaatsen waar gedurende de twee dagen voorstellingen en evenementen worden georganiseerd die je terugbrengen naar de tradities en de sfeer van weleer: een groot middeleeuws kamp, workshops en ambachten, een artilleriekamp, acrobaten en troubadours, jongleurs en muzikanten, theatrale evenementen, een schattenjacht in de stad, een ontsnappingsspel, ruitershows...\nEr zullen ook tal van mogelijkheden zijn om enkele recepten uit vervlogen tijden te proeven, en een kraampjeswijk in de stad waar je een verscheidenheid aan kraampjes met middeleeuwse producten kunt ontdekken...\nTwee uitzonderlijke dagen om terug te gaan in de tijd en een heerlijk weekend door te brengen met familie en vrienden.\n\nZondag\n9u30 Opening van de kassa's\n10u GWELTAZ verhalenverteller (Porte Mazel)\n10:45 uur VIR?VOLT ridderspektakel (Pré de l?éperon)\n11:45 DE FIRY TREE (kindervoorstelling in de tuin van Sénéchal)\n13u30 HÉRITAGES DU SENECHAL (historische schetsen - Porte Mazel)\n14.00 uur GWELTAZ verhalenverteller (Porte Mazel)\n14u45 L?ARBRE FÉE (poëtische verhalen, fluit, percussie in de tuin van Sénéchal)\n15u30 HÉRITAGES DU SENECHAL (Tuin van de Sénéchal)\n16u00 BRICK A DRAC (kindervoorstelling in de tuin van het Sénéchal)\n17h00 VIR?VOLT ridderspektakel (Pré de l'Éperon)\n18u00 L'ARBRE FÉE (poëtische verhalen, fluit, percussie...in de tuin van Sénéchal)\n18u45 GWELTAZ verhalenverteller en omroeper (Jardin du Sénéchal)\n19.15 uur RESTAURATIE tot 21.00 uur (Sint-Pietersplein)\nen: van 11u tot 12u en van 15u tot 16u Middeleeuwse verhalen verteld door de vereniging LES IDÉES VAGABONDENT in de sprookjestuin (intercommunale bibliotheek van Gourdon)\n12.00 - 12.30 en 16.00 - 16.30: koor \"LES AUSELS\" in de sprookjestuin (intercommunale Gourdon)\n21.00 uur: BRICK A DRAC Folk Trio - Place Saint-Pierre"
        ]
      },
      "@type": [
        "Description"
      ],
      "hasTranslatedProperty": [
        {
          "@id": "https://data.datatourisme.fr/0a8ab273-52c1-3d4e-a718-bd3efc4bc11c",
          "dc:contributor": [
            "https://api.deepl.com/v2/translate"
          ],
          "rdf:language": [
            "nl"
          ],
          "rdf:predicate": [
            {
              "@id": "dc:description"
            }
          ]
        },
        {
          "@id": "https://data.datatourisme.fr/195870ec-74e6-38ae-b54e-c0929a1586bf",
          "dc:contributor": [
            "https://api.deepl.com/v2/translate"
          ],
          "rdf:language": [
            "it"
          ],
          "rdf:predicate": [
            "shortDescription"
          ]
        },
        {
          "@id": "https://data.datatourisme.fr/37534be7-7106-3a27-b037-b02cd4faedf2",
          "dc:contributor": [
            "https://api.deepl.com/v2/translate"
          ],
          "rdf:language": [
            "it"
          ],
          "rdf:predicate": [
            {
              "@id": "dc:description"
            }
          ]
        },
        {
          "@id": "https://data.datatourisme.fr/66becd82-07b2-349b-a3eb-99d2b7bb1a9f",
          "dc:contributor": [
            "https://api.deepl.com/v2/translate"
          ],
          "rdf:language": [
            "de"
          ],
          "rdf:predicate": [
            "shortDescription"
          ]
        },
        {
          "@id": "https://data.datatourisme.fr/b8ecce8c-c224-380f-993c-e85066385ab0",
          "dc:contributor": [
            "https://api.deepl.com/v2/translate"
          ],
          "rdf:language": [
            "en"
          ],
          "rdf:predicate": [
            {
              "@id": "dc:description"
            }
          ]
        },
        {
          "@id": "https://data.datatourisme.fr/bbf44d91-ba3a-3bb6-9c81-16cd5838e502",
          "dc:contributor": [
            "https://api.deepl.com/v2/translate"
          ],
          "rdf:language": [
            "de"
          ],
          "rdf:predicate": [
            {
              "@id": "dc:description"
            }
          ]
        },
        {
          "@id": "https://data.datatourisme.fr/bc94c769-0331-3896-a3a8-b1b72a66e17a",
          "dc:contributor": [
            "https://api.deepl.com/v2/translate"
          ],
          "rdf:language": [
            "nl"
          ],
          "rdf:predicate": [
            "shortDescription"
          ]
        },
        {
          "@id": "https://data.datatourisme.fr/d6e579d5-80e8-357a-8404-bc3bcc147959",
          "dc:contributor": [
            "https://api.deepl.com/v2/translate"
          ],
          "rdf:language": [
            "es"
          ],
          "rdf:predicate": [
            "shortDescription"
          ]
        },
        {
          "@id": "https://data.datatourisme.fr/e6ac1708-f203-3ea4-b19a-fc4800fb4573",
          "dc:contributor": [
            "https://api.deepl.com/v2/translate"
          ],
          "rdf:language": [
            "en"
          ],
          "rdf:predicate": [
            "shortDescription"
          ]
        },
        {
          "@id": "https://data.datatourisme.fr/fec89cb5-c00f-3236-b1fb-d60e368f9e66",
          "dc:contributor": [
            "https://api.deepl.com/v2/translate"
          ],
          "rdf:language": [
            "es"
          ],
          "rdf:predicate": [
            {
              "@id": "dc:description"
            }
          ]
        }
      ],
      "shortDescription": {
        "de": [
          "Alles über Küche und Tischkultur, Hygiene, Waffen, Kampf im 15. Jahrhundert.\nEs war ein echtes Vergnügen, mit Ihnen die originellsten Aspekte des Mittelalters zu entdecken\", sagte Jacques, als er den Vorführungen beiwohnte, die auch Sie während der Mittelaltertage in Gourdon erleben können."
        ],
        "en": [
          "Everything about cooking and tableware, hygiene, weapons, combat, in the 15th century.\nScenes on the art of war, archery and crossbow demonstrations, sword fights, medieval songs \"It was a real pleasure to discover with you the most original aspects of the Middle Ages\" said Jacques while attending these demonstrations that you can also discover throughout these two days during the Medieval Festival of Gourdon."
        ],
        "it": [
          "Tutto ciò che riguarda la cucina e l'alimentazione, l'igiene, le armi, il combattimento, nel XV secolo.\nScene sull'arte della guerra, dimostrazioni di tiro con l'arco e con la balestra, combattimenti con la spada, canti medievali \"È stato un vero piacere scoprire con voi gli aspetti più originali del Medioevo\", ha detto Jacques assistendo a queste dimostrazioni che potrete scoprire anche voi in questi due giorni durante le Médiévales de Gourdon."
        ],
        "fr": [
          "Tout sur la cuisine et art de la table, hygiène, armes, combat, au XVème siècle.\nScénettes sur l'art de la guerre, démonstrations de tir à l'arc et à l'arbalète, combats d'épée, chants médiévaux « Ce fut un réel plaisir de découvrir avec vous les aspects les plus originaux du moyen-âge » dira Jacques en assistant à ces démonstrations que vous pourrez vous aussi découvrir tout au long de ces deux journées lors des Médiévales de Gourdon."
        ],
        "es": [
          "Todo sobre la cocina y la alimentación, la higiene, las armas, el combate, en el siglo XV.\nEscenas sobre el arte de la guerra, demostraciones de tiro con arco y ballesta, combates con espada, cantos medievales \"Ha sido un verdadero placer descubrir con ustedes los aspectos más originales de la Edad Media\" dijo Jacques mientras asistía a estas demostraciones que también podrá descubrir a lo largo de estos dos días durante los Médiévales de Gourdon."
        ],
        "nl": [
          "Alles over koken en eten, hygiëne, wapens, gevechten, in de 15e eeuw.\nScènes over de krijgskunst, demonstraties boogschieten en kruisboog, zwaardgevechten, middeleeuwse liederen \"Het was een waar genoegen om met u de meest originele aspecten van de Middeleeuwen te ontdekken\" zei Jacques tijdens deze demonstraties die u gedurende deze twee dagen ook kunt ontdekken tijdens de Médiévales de Gourdon."
        ]
      }
    }
  ],
  "hasGeographicReach": [
    {
      "@id": "kb:Departmental",
      "@type": [
        "GeographicReach"
      ],
      "rdfs:label": {
        "de": [
          "Des Départements"
        ],
        "pt": [
          "Departamental"
        ],
        "en": [
          "Departmental"
        ],
        "it": [
          "Dipartimentale"
        ],
        "fr": [
          "Départementale"
        ],
        "nl": [
          "Departementaal"
        ],
        "es": [
          "Departamental"
        ]
      }
    },
    {
      "@id": "kb:Regional",
      "@type": [
        "GeographicReach"
      ],
      "rdfs:label": {
        "de": [
          "Regional"
        ],
        "pt": [
          "Regional"
        ],
        "en": [
          "Regional"
        ],
        "it": [
          "Regionale"
        ],
        "fr": [
          "Régionale"
        ],
        "es": [
          "Regional"
        ],
        "nl": [
          "Regionaal"
        ]
      }
    }
  ],
  "hasMainRepresentation": [
    {
      "@id": "https://data.datatourisme.fr/3e652783-ec01-39c4-bfe2-739be0df7247",
      "ebucore:hasAnnotation": [
        {
          "@id": "https://data.datatourisme.fr/0d09db04-aa16-34d0-a2cf-40c9d690131d",
          "ebucore:title": {
            "fr": [
              "Médiévales 2023"
            ]
          },
          "@type": [
            "ebucore:Annotation"
          ],
          "credits": [
            "©Anim et vous en Quercy Bouriane"
          ]
        }
      ],
      "ebucore:hasRelatedResource": [
        {
          "@id": "https://data.datatourisme.fr/a605cf91-5598-399b-ad38-2aea42a194a1",
          "ebucore:hasMimeType": [
            {
              "@id": "kb:JPEG",
              "@type": [
                "ebucore:MimeType"
              ],
              "rdfs:comment": {
                "de": [
                  "JPEG-Bild"
                ],
                "pt": [
                  "Imagem JPEG"
                ],
                "en": [
                  "JPEG image file"
                ],
                "it": [
                  "Immagine JPEG"
                ],
                "fr": [
                  "Image JPEG"
                ],
                "nl": [
                  "JPEG-afbeelding"
                ],
                "es": [
                  "Imagen JPEG"
                ]
              },
              "rdfs:label": {
                "de": [
                  "image/jpeg"
                ],
                "pt": [
                  "image/jpeg"
                ],
                "en": [
                  "image/jpeg"
                ],
                "it": [
                  "image/jpeg"
                ],
                "fr": [
                  "image/jpeg"
                ],
                "nl": [
                  "image/jpeg"
                ],
                "es": [
                  "image/jpeg"
                ]
              }
            },
            {
              "@id": "kb:PNG",
              "@type": [
                "ebucore:MimeType"
              ],
              "rdfs:comment": {
                "de": [
                  "PDF-Bild"
                ],
                "pt": [
                  "Imagem PDF"
                ],
                "en": [
                  "PDF image file"
                ],
                "it": [
                  "Immagine PDF"
                ],
                "fr": [
                  "Image PDF"
                ],
                "nl": [
                  "Pdf-afbeelding"
                ],
                "es": [
                  "Imagen PDF"
                ]
              },
              "rdfs:label": {
                "de": [
                  "image/png"
                ],
                "pt": [
                  "image/png"
                ],
                "en": [
                  "image/png"
                ],
                "it": [
                  "image/png"
                ],
                "fr": [
                  "image/png"
                ],
                "nl": [
                  "image/png"
                ],
                "es": [
                  "image/png"
                ]
              }
            }
          ],
          "ebucore:locator": [
            "http://cdt46.media.tourinsoft.com/upload/Medievales-2022-2.png"
          ],
          "@type": [
            "ebucore:Resource"
          ]
        }
      ],
      "@type": [
        "ebucore:EditorialObject"
      ]
    }
  ],
  "hasRepresentation": [
    {
      "@id": "https://data.datatourisme.fr/1452513e-2ede-38f6-acfd-8bb432d449e6",
      "ebucore:hasAnnotation": [
        {
          "@id": "https://data.datatourisme.fr/19c9d618-c20c-37d1-a68a-e8c3bea4e90b",
          "ebucore:title": {
            "fr": [
              "Spectacle de chevalerie des médiévales de Gourdon 2023"
            ]
          },
          "@type": [
            "ebucore:Annotation"
          ],
          "credits": [
            "©Office de Tourisme Pays de Gourdon - F.Lacan"
          ]
        }
      ],
      "ebucore:hasRelatedResource": [
        {
          "@id": "https://data.datatourisme.fr/531fd14b-6c91-3af4-9da0-0b72be6594c0",
          "ebucore:hasMimeType": [
            {
              "@id": "kb:JPEG",
              "@type": [
                "ebucore:MimeType"
              ],
              "rdfs:comment": {
                "de": [
                  "JPEG-Bild"
                ],
                "pt": [
                  "Imagem JPEG"
                ],
                "en": [
                  "JPEG image file"
                ],
                "it": [
                  "Immagine JPEG"
                ],
                "fr": [
                  "Image JPEG"
                ],
                "nl": [
                  "JPEG-afbeelding"
                ],
                "es": [
                  "Imagen JPEG"
                ]
              },
              "rdfs:label": {
                "de": [
                  "image/jpeg"
                ],
                "pt": [
                  "image/jpeg"
                ],
                "en": [
                  "image/jpeg"
                ],
                "it": [
                  "image/jpeg"
                ],
                "fr": [
                  "image/jpeg"
                ],
                "nl": [
                  "image/jpeg"
                ],
                "es": [
                  "image/jpeg"
                ]
              }
            }
          ],
          "ebucore:locator": [
            "http://cdt46.media.tourinsoft.com/upload/Spectacle-de-chevalerie-des-medievales-de-Gourdon--Office-de-Tourisme-Pays-de-Gourdon---F.Lacan--2-3.jpg"
          ],
          "@type": [
            "ebucore:Resource"
          ]
        }
      ],
      "@type": [
        "ebucore:EditorialObject"
      ]
    },
    {
      "@id": "https://data.datatourisme.fr/29ad25c3-0604-371a-9c83-b05e9ef586f5",
      "ebucore:hasAnnotation": [
        {
          "@id": "https://data.datatourisme.fr/58520638-f41d-3f99-ab2a-98705fc4800b",
          "ebucore:title": {
            "fr": [
              "Spectacle de combats des médiévales de Gourdon 2023"
            ]
          },
          "@type": [
            "ebucore:Annotation"
          ],
          "credits": [
            "©Office de Tourisme Pays de Gourdon - F.Lacan"
          ]
        }
      ],
      "ebucore:hasRelatedResource": [
        {
          "@id": "https://data.datatourisme.fr/3856ac16-2a90-3288-97a0-de1539ef0eb6",
          "ebucore:hasMimeType": [
            {
              "@id": "kb:JPEG",
              "@type": [
                "ebucore:MimeType"
              ],
              "rdfs:comment": {
                "de": [
                  "JPEG-Bild"
                ],
                "pt": [
                  "Imagem JPEG"
                ],
                "en": [
                  "JPEG image file"
                ],
                "it": [
                  "Immagine JPEG"
                ],
                "fr": [
                  "Image JPEG"
                ],
                "nl": [
                  "JPEG-afbeelding"
                ],
                "es": [
                  "Imagen JPEG"
                ]
              },
              "rdfs:label": {
                "de": [
                  "image/jpeg"
                ],
                "pt": [
                  "image/jpeg"
                ],
                "en": [
                  "image/jpeg"
                ],
                "it": [
                  "image/jpeg"
                ],
                "fr": [
                  "image/jpeg"
                ],
                "nl": [
                  "image/jpeg"
                ],
                "es": [
                  "image/jpeg"
                ]
              }
            }
          ],
          "ebucore:locator": [
            "http://cdt46.media.tourinsoft.com/upload/Spectacle-de-combats-des-medievales-de-Gourdon--Office-de-Tourisme-Pays-de-Gourdon---F.Lacan--2.jpg"
          ],
          "@type": [
            "ebucore:Resource"
          ]
        }
      ],
      "@type": [
        "ebucore:EditorialObject"
      ]
    },
    {
      "@id": "https://data.datatourisme.fr/3e652783-ec01-39c4-bfe2-739be0df7247",
      "ebucore:hasAnnotation": [
        {
          "@id": "https://data.datatourisme.fr/0d09db04-aa16-34d0-a2cf-40c9d690131d",
          "ebucore:title": {
            "fr": [
              "Médiévales 2023"
            ]
          },
          "@type": [
            "ebucore:Annotation"
          ],
          "credits": [
            "©Anim et vous en Quercy Bouriane"
          ]
        }
      ],
      "ebucore:hasRelatedResource": [
        {
          "@id": "https://data.datatourisme.fr/a605cf91-5598-399b-ad38-2aea42a194a1",
          "ebucore:hasMimeType": [
            {
              "@id": "kb:JPEG",
              "@type": [
                "ebucore:MimeType"
              ],
              "rdfs:comment": {
                "de": [
                  "JPEG-Bild"
                ],
                "pt": [
                  "Imagem JPEG"
                ],
                "en": [
                  "JPEG image file"
                ],
                "it": [
                  "Immagine JPEG"
                ],
                "fr": [
                  "Image JPEG"
                ],
                "nl": [
                  "JPEG-afbeelding"
                ],
                "es": [
                  "Imagen JPEG"
                ]
              },
              "rdfs:label": {
                "de": [
                  "image/jpeg"
                ],
                "pt": [
                  "image/jpeg"
                ],
                "en": [
                  "image/jpeg"
                ],
                "it": [
                  "image/jpeg"
                ],
                "fr": [
                  "image/jpeg"
                ],
                "nl": [
                  "image/jpeg"
                ],
                "es": [
                  "image/jpeg"
                ]
              }
            },
            {
              "@id": "kb:PNG",
              "@type": [
                "ebucore:MimeType"
              ],
              "rdfs:comment": {
                "de": [
                  "PDF-Bild"
                ],
                "pt": [
                  "Imagem PDF"
                ],
                "en": [
                  "PDF image file"
                ],
                "it": [
                  "Immagine PDF"
                ],
                "fr": [
                  "Image PDF"
                ],
                "nl": [
                  "Pdf-afbeelding"
                ],
                "es": [
                  "Imagen PDF"
                ]
              },
              "rdfs:label": {
                "de": [
                  "image/png"
                ],
                "pt": [
                  "image/png"
                ],
                "en": [
                  "image/png"
                ],
                "it": [
                  "image/png"
                ],
                "fr": [
                  "image/png"
                ],
                "nl": [
                  "image/png"
                ],
                "es": [
                  "image/png"
                ]
              }
            }
          ],
          "ebucore:locator": [
            "http://cdt46.media.tourinsoft.com/upload/Medievales-2022-2.png"
          ],
          "@type": [
            "ebucore:Resource"
          ]
        }
      ],
      "@type": [
        "ebucore:EditorialObject"
      ]
    },
    {
      "@id": "https://data.datatourisme.fr/dfc7bd97-c115-3374-be36-f06c97ebac35",
      "ebucore:hasAnnotation": [
        {
          "@id": "https://data.datatourisme.fr/58520638-f41d-3f99-ab2a-98705fc4800b",
          "ebucore:title": {
            "fr": [
              "Spectacle de combats des médiévales de Gourdon 2023"
            ]
          },
          "@type": [
            "ebucore:Annotation"
          ],
          "credits": [
            "©Office de Tourisme Pays de Gourdon - F.Lacan"
          ]
        }
      ],
      "ebucore:hasRelatedResource": [
        {
          "@id": "https://data.datatourisme.fr/6774fecc-4954-37ab-b7d0-9ec344c0148b",
          "ebucore:hasMimeType": [
            {
              "@id": "kb:JPEG",
              "@type": [
                "ebucore:MimeType"
              ],
              "rdfs:comment": {
                "de": [
                  "JPEG-Bild"
                ],
                "pt": [
                  "Imagem JPEG"
                ],
                "en": [
                  "JPEG image file"
                ],
                "it": [
                  "Immagine JPEG"
                ],
                "fr": [
                  "Image JPEG"
                ],
                "nl": [
                  "JPEG-afbeelding"
                ],
                "es": [
                  "Imagen JPEG"
                ]
              },
              "rdfs:label": {
                "de": [
                  "image/jpeg"
                ],
                "pt": [
                  "image/jpeg"
                ],
                "en": [
                  "image/jpeg"
                ],
                "it": [
                  "image/jpeg"
                ],
                "fr": [
                  "image/jpeg"
                ],
                "nl": [
                  "image/jpeg"
                ],
                "es": [
                  "image/jpeg"
                ]
              }
            }
          ],
          "ebucore:locator": [
            "http://cdt46.media.tourinsoft.com/upload/Spectacle-de-combats-des-medievales-de-Gourdon--Office-de-Tourisme-Pays-de-Gourdon---F.Lacan-.jpg"
          ],
          "@type": [
            "ebucore:Resource"
          ]
        }
      ],
      "@type": [
        "ebucore:EditorialObject"
      ]
    },
    {
      "@id": "https://data.datatourisme.fr/f413e2dd-68ee-3afd-a163-1b3b8e5ec703",
      "ebucore:hasAnnotation": [
        {
          "@id": "https://data.datatourisme.fr/19c9d618-c20c-37d1-a68a-e8c3bea4e90b",
          "ebucore:title": {
            "fr": [
              "Spectacle de chevalerie des médiévales de Gourdon 2023"
            ]
          },
          "@type": [
            "ebucore:Annotation"
          ],
          "credits": [
            "©Office de Tourisme Pays de Gourdon - F.Lacan"
          ]
        }
      ],
      "ebucore:hasRelatedResource": [
        {
          "@id": "https://data.datatourisme.fr/b5b09e01-ccc9-3aa5-8e84-bf0cc2e1b8f0",
          "ebucore:hasMimeType": [
            {
              "@id": "kb:JPEG",
              "@type": [
                "ebucore:MimeType"
              ],
              "rdfs:comment": {
                "de": [
                  "JPEG-Bild"
                ],
                "pt": [
                  "Imagem JPEG"
                ],
                "en": [
                  "JPEG image file"
                ],
                "it": [
                  "Immagine JPEG"
                ],
                "fr": [
                  "Image JPEG"
                ],
                "nl": [
                  "JPEG-afbeelding"
                ],
                "es": [
                  "Imagen JPEG"
                ]
              },
              "rdfs:label": {
                "de": [
                  "image/jpeg"
                ],
                "pt": [
                  "image/jpeg"
                ],
                "en": [
                  "image/jpeg"
                ],
                "it": [
                  "image/jpeg"
                ],
                "fr": [
                  "image/jpeg"
                ],
                "nl": [
                  "image/jpeg"
                ],
                "es": [
                  "image/jpeg"
                ]
              }
            }
          ],
          "ebucore:locator": [
            "http://cdt46.media.tourinsoft.com/upload/Spectacle-de-chevalerie-des-medievales-de-Gourdon--Office-de-Tourisme-Pays-de-Gourdon---F.Lacan--3.jpg"
          ],
          "@type": [
            "ebucore:Resource"
          ]
        }
      ],
      "@type": [
        "ebucore:EditorialObject"
      ]
    }
  ],
  "hasTranslatedProperty": [
    {
      "@id": "https://data.datatourisme.fr/1f3361f1-ce33-3571-8612-a5ee8251bb43",
      "dc:contributor": [
        "https://api.deepl.com/v2/translate"
      ],
      "rdf:language": [
        "es"
      ],
      "rdf:predicate": [
        {
          "@id": "rdfs:comment"
        }
      ]
    },
    {
      "@id": "https://data.datatourisme.fr/5dbbecb7-d754-3e93-bbb4-4f495fad71b8",
      "dc:contributor": [
        "https://api.deepl.com/v2/translate"
      ],
      "rdf:language": [
        "it"
      ],
      "rdf:predicate": [
        {
          "@id": "rdfs:comment"
        }
      ]
    },
    {
      "@id": "https://data.datatourisme.fr/6170bde3-5c7a-3637-b9ef-cc29fbd08f2a",
      "dc:contributor": [
        "https://api.deepl.com/v2/translate"
      ],
      "rdf:language": [
        "en"
      ],
      "rdf:predicate": [
        {
          "@id": "rdfs:comment"
        }
      ]
    },
    {
      "@id": "https://data.datatourisme.fr/7d4be3a6-e4a6-3063-8230-ab52f2367f68",
      "dc:contributor": [
        "https://api.deepl.com/v2/translate"
      ],
      "rdf:language": [
        "nl"
      ],
      "rdf:predicate": [
        {
          "@id": "rdfs:comment"
        }
      ]
    },
    {
      "@id": "https://data.datatourisme.fr/b4f6adc4-e6cd-3b63-bdb4-deaed9a90c5c",
      "dc:contributor": [
        "https://api.deepl.com/v2/translate"
      ],
      "rdf:language": [
        "de"
      ],
      "rdf:predicate": [
        {
          "@id": "rdfs:comment"
        }
      ]
    }
  ],
  "isLocatedAt": [
    {
      "@id": "https://data.datatourisme.fr/25e67cfc-16ac-3839-a40d-d6656f6fdb44",
      "schema:address": [
        {
          "@id": "https://data.datatourisme.fr/f1de35d0-d03f-3c22-8d8a-7c7e3f2c43f6",
          "schema:addressLocality": "Gourdon",
          "schema:postalCode": "46300",
          "schema:streetAddress": [
            "Cité Médiévale de Gourdon"
          ],
          "@type": [
            "schema:PostalAddress",
            "PostalAddress"
          ],
          "hasAddressCity": {
            "@id": "kb:46127",
            "@type": [
              "City"
            ],
            "rdfs:label": {
              "de": [
                "Gourdon"
              ],
              "pt": [
                "Gourdon"
              ],
              "en": [
                "Gourdon"
              ],
              "it": [
                "Gourdon"
              ],
              "fr": [
                "Gourdon"
              ],
              "nl": [
                "Gourdon"
              ],
              "es": [
                "Gourdon"
              ]
            },
            "insee": "46127",
            "isPartOfDepartment": {
              "@id": "kb:France7646",
              "@type": [
                "Department"
              ],
              "rdfs:label": {
                "de": [
                  "Lot"
                ],
                "pt": [
                  "Lot"
                ],
                "en": [
                  "Lot"
                ],
                "it": [
                  "Lot"
                ],
                "fr": [
                  "Lot"
                ],
                "nl": [
                  "Lot"
                ],
                "es": [
                  "Lot"
                ]
              },
              "insee": "46",
              "isPartOfRegion": {
                "@id": "kb:France76",
                "@type": [
                  "Region"
                ],
                "rdfs:label": {
                  "de": [
                    "Occitanie"
                  ],
                  "pt": [
                    "Occitanie"
                  ],
                  "en": [
                    "Occitanie"
                  ],
                  "it": [
                    "Occitanie"
                  ],
                  "fr": [
                    "Occitanie"
                  ],
                  "nl": [
                    "Occitanie"
                  ],
                  "es": [
                    "Occitanie"
                  ]
                },
                "insee": "76",
                "isPartOfCountry": {
                  "@id": "kb:France",
                  "@type": [
                    "schema:Country"
                  ],
                  "rdfs:label": {
                    "de": [
                      "France",
                      "Frankreich"
                    ],
                    "pt": [
                      "França",
                      "France"
                    ],
                    "en": [
                      "France"
                    ],
                    "it": [
                      "France",
                      "Francia"
                    ],
                    "fr": [
                      "France"
                    ],
                    "nl": [
                      "France",
                      "Frankrijk"
                    ],
                    "es": [
                      "France",
                      "Francia"
                    ]
                  }
                }
              }
            }
          }
        }
      ],
      "schema:geo": {
        "@id": "https://data.datatourisme.fr/9a8c52a0-9eae-3314-80cf-e2c26961ce27",
        "schema:latitude": "44.7374588",
        "schema:longitude": "1.38202798",
        "@type": [
          "schema:GeoCoordinates"
        ]
      },
      "schema:openingHoursSpecification": [
        {
          "@id": "https://data.datatourisme.fr/6a04cbdf-5e9c-3690-8d7d-54860f6503f3",
          "schema:closes": "23:00:00",
          "schema:opens": "09:00:00",
          "schema:validFrom": "2023-08-06T00:00:00",
          "schema:validThrough": "2023-08-06T00:00:00",
          "@type": [
            "schema:OpeningHoursSpecification"
          ]
        }
      ],
      "@type": [
        "schema:Place",
        "Place"
      ]
    }
  ],
  "lastUpdate": "2023-08-07",
  "lastUpdateDatatourisme": "2023-09-28T10:02:07.121Z",
  "offers": [
    {
      "@id": "https://data.datatourisme.fr/db837cdb-65d9-3379-bc8b-62382717e5e2",
      "schema:priceSpecification": [
        {
          "@id": "https://data.datatourisme.fr/25c1a07d-5e04-3f9e-afcd-bce7df8f612c",
          "schema:eligibleQuantity": "Tarif par personne pour la journée",
          "schema:minPrice": [
            "5"
          ],
          "schema:price": "5",
          "schema:priceCurrency": "EUR",
          "@type": [
            "schema:PriceSpecification",
            "PriceSpecification"
          ],
          "hasEligiblePolicy": [
            {
              "@id": "kb:BaseRateFullRate",
              "@type": [
                "PricingPolicy"
              ],
              "rdfs:label": {
                "de": [
                  "Basistarif – voller Tarif"
                ],
                "pt": [
                  "Preço de base — preço total"
                ],
                "en": [
                  "Base rate - full rate"
                ],
                "it": [
                  "Tariffa di base — tariffa intera"
                ],
                "fr": [
                  "Tarif de base - plein tarif"
                ],
                "es": [
                  "Tarifa básica - tarifa completa"
                ],
                "nl": [
                  "Basistarief - vol tarief"
                ]
              }
            }
          ],
          "name": {
            "fr": [
              "Tarif adulte"
            ]
          }
        },
        {
          "@id": "https://data.datatourisme.fr/651e6955-c40d-3d1a-9c45-42b3b8c84fbe",
          "schema:eligibleQuantity": "Jusqu'&agrave; 14 ans. Tarif par personne pour la journée",
          "schema:maxPrice": [
            "2.5"
          ],
          "schema:minPrice": [
            "2.5"
          ],
          "schema:price": "2.5",
          "schema:priceCurrency": "EUR",
          "@type": [
            "schema:PriceSpecification",
            "PriceSpecification"
          ],
          "hasEligiblePolicy": [
            {
              "@id": "kb:ChildRate",
              "@type": [
                "PricingPolicy"
              ],
              "rdfs:label": {
                "de": [
                  "Kindertarif"
                ],
                "pt": [
                  "Preço por criança"
                ],
                "en": [
                  "Child rate"
                ],
                "it": [
                  "Tariffa per bambini"
                ],
                "fr": [
                  "Tarif enfant"
                ],
                "es": [
                  "Tarifa infantil"
                ],
                "nl": [
                  "Kindertarief"
                ]
              }
            }
          ],
          "name": {
            "fr": [
              "Tarif enfant"
            ]
          }
        },
        {
          "@id": "https://data.datatourisme.fr/7b7b7acb-e0d8-3295-93ff-7d22c0aebfb8",
          "schema:eligibleQuantity": "Jusqu'&agrave; 5 ans.",
          "schema:priceCurrency": "EUR",
          "@type": [
            "schema:PriceSpecification",
            "PriceSpecification"
          ],
          "hasEligiblePolicy": [
            {
              "@id": "kb:Free",
              "@type": [
                "PricingPolicy"
              ],
              "rdfs:label": {
                "de": [
                  "Kostenlos"
                ],
                "pt": [
                  "Gratuito"
                ],
                "en": [
                  "Free"
                ],
                "it": [
                  "Gratuito"
                ],
                "fr": [
                  "Gratuit"
                ],
                "es": [
                  "Gratuito"
                ],
                "nl": [
                  "Gratis"
                ]
              }
            }
          ],
          "name": {
            "fr": [
              "Gratuit"
            ]
          }
        }
      ],
      "@type": [
        "schema:Offer",
        "Offer"
      ]
    }
  ],
  "takesPlaceAt": [
    {
      "@id": "https://data.datatourisme.fr/d868e728-b31c-3bea-ab8a-1011ed3f912e",
      "@type": [
        "Period"
      ],
      "endDate": "2023-08-06",
      "endTime": "23:00:00",
      "startDate": "2023-08-06",
      "startTime": "09:00:00"
    }
  ]
}