{
  "@id": "https://data.datatourisme.fr/22/00d6b3c8-dd41-34e0-9ac6-0326cfa660f1",
  "dc:identifier": "FMAMIP046V5282TC",
  "schema:endDate": [
    "2023-06-17"
  ],
  "schema:startDate": [
    "2023-06-17"
  ],
  "@type": [
    "schema:Event",
    "schema:MusicEvent",
    "Concert",
    "CulturalEvent",
    "EntertainmentAndEvent",
    "PointOfInterest"
  ],
  "rdfs:comment": {
    "de": [
      "La Scénette, der neue künstlerische Vorraum der Abbaye Nouvelle in Léobard, der geschaffen wurde, um Künstler aus allen Bereichen aufzunehmen und ihnen die Möglichkeit zu geben, sich auszudrücken, bietet Ihnen ein Konzert mit dem Duo La Mercerie, einem Akkordeonduo.\nJoce wird Ihnen im zweiten Teil die Show seiner nächsten Tournee präsentieren: Avignon etc."
    ],
    "en": [
      "La Scénette, the new artistic den at the Abbaye Nouvelle in Léobard, created to welcome and enable artists from all horizons to express themselves, offers you a concert with Duo La Mercerie, accordion duo.\nIn the second half, Joce will present the show from his next tour: Avignon etc..."
    ],
    "it": [
      "La Scénette, la nuova tana artistica dell'Abbaye Nouvelle di Léobard, creata per accogliere e permettere ad artisti di ogni orizzonte di esprimersi, vi propone un concerto con il Duo La Mercerie, duo di fisarmoniche.\nNel secondo tempo, Joce presenterà lo spettacolo della sua prossima tournée: Avignone, ecc..."
    ],
    "fr": [
      "La Scénette, le nouvel antre artistique de l'Abbaye Nouvelle à Léobard, créé pour accueillir et permettre à des artistes de tous horizons de s'exprimer, vous propose un concert avec le Duo La Mercerie, duo accordéons.\nJoce vous présentera, en deuxième partie, le spectacle de sa prochaine tournée: Avignon etc..."
    ],
    "es": [
      "La Scénette, la nueva guarida artística de la Abbaye Nouvelle de Léobard, creada para acoger y permitir la expresión de artistas de todos los horizontes, le ofrece un concierto con el Dúo La Mercerie, dúo de acordeones.\nEn la segunda parte, Joce presentará el espectáculo de su próxima gira: Avignon etc..."
    ],
    "nl": [
      "La Scénette, de nieuwe artistieke ruimte van de Abbaye Nouvelle in Léobard, opgericht om artiesten van alle horizonten te ontvangen en de kans te geven zich te uiten, biedt u een concert met het Duo La Mercerie, accordeonduo.\nIn de tweede helft presenteert Joce de show van zijn komende tournee: Avignon enz..."
    ]
  },
  "rdfs:label": {
    "fr": [
      "Concert du Duo La Mercerie suivi de Joce à La Scénette"
    ]
  },
  "creationDate": "2023-04-25",
  "hasAdministrativeContact": [
    {
      "@id": "https://data.datatourisme.fr/a5654620-da61-31f6-87b0-72273cec7d39",
      "schema:email": [
        "contact@scenette.fr"
      ],
      "@type": [
        "foaf:Agent",
        "Agent"
      ],
      "foaf:homepage": [
        "https://www.scenette.fr/"
      ]
    }
  ],
  "hasAudience": [
    {
      "@id": "kb:Departmental",
      "@type": [
        "GeographicReach"
      ],
      "rdfs:label": {
        "de": [
          "Des Départements"
        ],
        "pt": [
          "Departamental"
        ],
        "en": [
          "Departmental"
        ],
        "it": [
          "Dipartimentale"
        ],
        "fr": [
          "Départementale"
        ],
        "nl": [
          "Departementaal"
        ],
        "es": [
          "Departamental"
        ]
      }
    },
    {
      "@id": "kb:Regional",
      "@type": [
        "GeographicReach"
      ],
      "rdfs:label": {
        "de": [
          "Regional"
        ],
        "pt": [
          "Regional"
        ],
        "en": [
          "Regional"
        ],
        "it": [
          "Regionale"
        ],
        "fr": [
          "Régionale"
        ],
        "es": [
          "Regional"
        ],
        "nl": [
          "Regionaal"
        ]
      }
    }
  ],
  "hasBeenCreatedBy": {
    "@id": "https://data.datatourisme.fr/e6f1e18b-d9f2-38f0-abcd-b5572d4ceb4f",
    "schema:legalName": "OT Cazals-Salviac",
    "@type": [
      "schema:Organization",
      "foaf:Agent",
      "Agent"
    ]
  },
  "hasBeenPublishedBy": [
    {
      "@id": "https://data.datatourisme.fr/a91cfac3-26b1-32ff-a4d1-03a88ee24fce",
      "schema:legalName": "Lot Tourisme - Agence de Développement Touristique",
      "schema:logo": "https://image.jimcdn.com/app/cms/image/transf/dimension=150x150:format=jpg/path/s241e622ed1e390b3/image/if282e9258e4ddfa7/version/1391472379/image.jpg",
      "@type": [
        "schema:Organization",
        "foaf:Agent",
        "Agent"
      ],
      "foaf:homepage": [
        "http://www.tourisme-lot.com/"
      ]
    }
  ],
  "hasContact": [
    {
      "@id": "https://data.datatourisme.fr/a5654620-da61-31f6-87b0-72273cec7d39",
      "schema:email": [
        "contact@scenette.fr"
      ],
      "@type": [
        "foaf:Agent",
        "Agent"
      ],
      "foaf:homepage": [
        "https://www.scenette.fr/"
      ]
    },
    {
      "@id": "https://data.datatourisme.fr/b10ac9b0-3a6a-3284-8205-6c89d0318f9b",
      "schema:legalName": "Association Accord des Muses",
      "schema:telephone": [
        "+33 6 62 78 25 33"
      ],
      "@type": [
        "schema:Organization",
        "foaf:Agent",
        "Agent"
      ]
    }
  ],
  "hasDescription": [
    {
      "@id": "https://data.datatourisme.fr/7fcaeafc-6645-36e7-8756-1e47f0daff77",
      "dc:description": {
        "de": [
          "Emilie Cadiou und Antoine Errotabe?re?a komponieren Instrumentalstücke, in denen die Knöpfe fröhlich zum Leben erweckt werden, um ihren musikalischen Fantasien freien Lauf zu lassen?\nDas Konzert wird akustisch gespielt und passt sich jeder Art von Ort an, sowohl drinnen als auch draußen.\nDie beiden Akkordeonisten spielen einander gegenüber und laden das Publikum ein, sich um sie herum zu drehen. So erzeugt jeder Zuschauer/Zuhörer seine eigene Stereoanlage. Ein inter-aktives, lebendiges und hypnotisches Konzert."
        ],
        "en": [
          "Emilie Cadiou and Antoine Errotabe?re?a compose instrumental pieces in which the buttons come to life joyfully to give free rein to their musical fantasies?\nThe concert is performed acoustically, adapting to all kinds of venues, indoors and out.\nThe two accordionists play opposite each other, inviting the audience to move around them. In this way, each spectator/listener creates his or her own stereo. An inter-active, lively and hypnotic concert."
        ],
        "it": [
          "Emilie Cadiou e Antoine Errotabe?re?a compongono brani strumentali in cui i tasti prendono gioiosamente vita per dare libero sfogo alle loro fantasie musicali?\nIl concerto viene eseguito in acustico e può essere adattato a tutti i tipi di luoghi, al chiuso e all'aperto.\nI due fisarmonicisti suonano uno di fronte all'altro, invitando il pubblico a muoversi intorno a loro. In questo modo, ogni spettatore/ascoltatore crea il proprio stereo. Un concerto interattivo, vivace e ipnotico."
        ],
        "fr": [
          "Emilie Cadiou et Antoine Errotabéréa composent des pièces instrumentales où les boutons s'animent  joyeusement pour laisser libre cours à leurs fantaisies musicales…\nLe concert se joue en acoustique et s'adapte à toute sorte de lieux, intérieurs comme extérieurs.\nLes deux  accordéonistes jouent l'un en face de l'autre, invitant le public à  tourner autour d'eux. Ainsi, chaque spectateur/auditeur crée sa propre stéréo. Un concert inter- actif, vivant et hypnotique."
        ],
        "es": [
          "Emilie Cadiou y Antoine Errotabe?re?a componen piezas instrumentales en las que los botones cobran vida alegremente para dar rienda suelta a sus fantasías musicales?\nEl concierto se interpreta en acústico y puede adaptarse a todo tipo de recintos, tanto interiores como exteriores.\nLos dos acordeonistas tocan uno frente al otro, invitando al público a moverse a su alrededor. De este modo, cada espectador/oyente crea su propio estéreo. Un concierto interactivo, animado e hipnótico."
        ],
        "nl": [
          "Emilie Cadiou en Antoine Errotabe?re componeren instrumentale stukken waarin de knoppen vrolijk tot leven komen om hun muzikale fantasieën de vrije loop te laten?\nHet concert wordt akoestisch uitgevoerd en kan worden aangepast aan allerlei locaties, binnen en buiten.\nDe twee accordeonisten spelen tegenover elkaar en nodigen het publiek uit om rond hen te bewegen. Zo creëert elke toeschouwer/luisteraar zijn eigen stereo. Een interactief, levendig en hypnotiserend concert."
        ]
      },
      "@type": [
        "Description"
      ],
      "hasTranslatedProperty": [
        {
          "@id": "https://data.datatourisme.fr/06c233af-894c-3ae5-92a5-d83e25ee03d0",
          "dc:contributor": [
            "https://api.deepl.com/v2/translate"
          ],
          "rdf:language": [
            "en"
          ],
          "rdf:predicate": [
            "shortDescription"
          ]
        },
        {
          "@id": "https://data.datatourisme.fr/0e54dac5-7367-3a48-be3e-438efcc12174",
          "dc:contributor": [
            "https://api.deepl.com/v2/translate"
          ],
          "rdf:language": [
            "nl"
          ],
          "rdf:predicate": [
            {
              "@id": "dc:description"
            }
          ]
        },
        {
          "@id": "https://data.datatourisme.fr/34a9e033-096e-3b3f-aaf4-bc4aac54d2b4",
          "dc:contributor": [
            "https://api.deepl.com/v2/translate"
          ],
          "rdf:language": [
            "de"
          ],
          "rdf:predicate": [
            "shortDescription"
          ]
        },
        {
          "@id": "https://data.datatourisme.fr/58fa88e7-fa6a-38f6-ad67-31b0fd8b5260",
          "dc:contributor": [
            "https://api.deepl.com/v2/translate"
          ],
          "rdf:language": [
            "es"
          ],
          "rdf:predicate": [
            "shortDescription"
          ]
        },
        {
          "@id": "https://data.datatourisme.fr/767d9815-b739-31be-a3e1-09cde5c8c18c",
          "dc:contributor": [
            "https://api.deepl.com/v2/translate"
          ],
          "rdf:language": [
            "en"
          ],
          "rdf:predicate": [
            {
              "@id": "dc:description"
            }
          ]
        },
        {
          "@id": "https://data.datatourisme.fr/7e10ccfc-f84b-3ecf-a1e6-80cee00f1c1c",
          "dc:contributor": [
            "https://api.deepl.com/v2/translate"
          ],
          "rdf:language": [
            "it"
          ],
          "rdf:predicate": [
            "shortDescription"
          ]
        },
        {
          "@id": "https://data.datatourisme.fr/8d6f2806-548b-3398-8bd8-c907ee3aa26c",
          "dc:contributor": [
            "https://api.deepl.com/v2/translate"
          ],
          "rdf:language": [
            "it"
          ],
          "rdf:predicate": [
            {
              "@id": "dc:description"
            }
          ]
        },
        {
          "@id": "https://data.datatourisme.fr/9dd7e4ae-fc65-33c8-8675-25b83770bf13",
          "dc:contributor": [
            "https://api.deepl.com/v2/translate"
          ],
          "rdf:language": [
            "nl"
          ],
          "rdf:predicate": [
            "shortDescription"
          ]
        },
        {
          "@id": "https://data.datatourisme.fr/a1ca6289-8648-3dad-aac5-7b12cbc68546",
          "dc:contributor": [
            "https://api.deepl.com/v2/translate"
          ],
          "rdf:language": [
            "de"
          ],
          "rdf:predicate": [
            {
              "@id": "dc:description"
            }
          ]
        },
        {
          "@id": "https://data.datatourisme.fr/e60b3779-c8b6-39c0-8bab-d6774b912b98",
          "dc:contributor": [
            "https://api.deepl.com/v2/translate"
          ],
          "rdf:language": [
            "es"
          ],
          "rdf:predicate": [
            {
              "@id": "dc:description"
            }
          ]
        }
      ],
      "shortDescription": {
        "de": [
          "La Scénette, der neue künstlerische Vorraum der Abbaye Nouvelle in Léobard, der geschaffen wurde, um Künstler aus allen Bereichen aufzunehmen und ihnen die Möglichkeit zu geben, sich auszudrücken, bietet Ihnen ein Konzert mit dem Duo La Mercerie, einem Akkordeonduo.\nJoce wird Ihnen im zweiten Teil die Show seiner nächsten Tournee präsentieren: Avignon etc."
        ],
        "en": [
          "La Scénette, the new artistic den at the Abbaye Nouvelle in Léobard, created to welcome and enable artists from all horizons to express themselves, offers you a concert with Duo La Mercerie, accordion duo.\nIn the second half, Joce will present the show from his next tour: Avignon etc..."
        ],
        "it": [
          "La Scénette, la nuova tana artistica dell'Abbaye Nouvelle di Léobard, creata per accogliere e permettere ad artisti di ogni orizzonte di esprimersi, vi propone un concerto con il Duo La Mercerie, duo di fisarmoniche.\nNel secondo tempo, Joce presenterà lo spettacolo della sua prossima tournée: Avignone, ecc..."
        ],
        "fr": [
          "La Scénette, le nouvel antre artistique de l'Abbaye Nouvelle à Léobard, créé pour accueillir et permettre à des artistes de tous horizons de s'exprimer, vous propose un concert avec le Duo La Mercerie, duo accordéons.\nJoce vous présentera, en deuxième partie, le spectacle de sa prochaine tournée: Avignon etc..."
        ],
        "es": [
          "La Scénette, la nueva guarida artística de la Abbaye Nouvelle de Léobard, creada para acoger y permitir la expresión de artistas de todos los horizontes, le ofrece un concierto con el Dúo La Mercerie, dúo de acordeones.\nEn la segunda parte, Joce presentará el espectáculo de su próxima gira: Avignon etc..."
        ],
        "nl": [
          "La Scénette, de nieuwe artistieke ruimte van de Abbaye Nouvelle in Léobard, opgericht om artiesten van alle horizonten te ontvangen en de kans te geven zich te uiten, biedt u een concert met het Duo La Mercerie, accordeonduo.\nIn de tweede helft presenteert Joce de show van zijn komende tournee: Avignon enz..."
        ]
      }
    }
  ],
  "hasGeographicReach": [
    {
      "@id": "kb:Departmental",
      "@type": [
        "GeographicReach"
      ],
      "rdfs:label": {
        "de": [
          "Des Départements"
        ],
        "pt": [
          "Departamental"
        ],
        "en": [
          "Departmental"
        ],
        "it": [
          "Dipartimentale"
        ],
        "fr": [
          "Départementale"
        ],
        "nl": [
          "Departementaal"
        ],
        "es": [
          "Departamental"
        ]
      }
    },
    {
      "@id": "kb:Regional",
      "@type": [
        "GeographicReach"
      ],
      "rdfs:label": {
        "de": [
          "Regional"
        ],
        "pt": [
          "Regional"
        ],
        "en": [
          "Regional"
        ],
        "it": [
          "Regionale"
        ],
        "fr": [
          "Régionale"
        ],
        "es": [
          "Regional"
        ],
        "nl": [
          "Regionaal"
        ]
      }
    }
  ],
  "hasMainRepresentation": [
    {
      "@id": "https://data.datatourisme.fr/d79877c0-d840-311c-a3b5-944377af9f01",
      "ebucore:hasAnnotation": [
        {
          "@id": "https://data.datatourisme.fr/885605fb-bee3-3f0d-b03c-f0134e9ccb3c",
          "ebucore:title": {
            "fr": [
              "Duo La Mercerie"
            ]
          },
          "@type": [
            "ebucore:Annotation"
          ],
          "credits": [
            "©ActuLot DR"
          ]
        }
      ],
      "ebucore:hasRelatedResource": [
        {
          "@id": "https://data.datatourisme.fr/260844cd-a90d-363c-bdb2-e291f1b76770",
          "ebucore:hasMimeType": [
            {
              "@id": "kb:JPEG",
              "@type": [
                "ebucore:MimeType"
              ],
              "rdfs:comment": {
                "de": [
                  "JPEG-Bild"
                ],
                "pt": [
                  "Imagem JPEG"
                ],
                "en": [
                  "JPEG image file"
                ],
                "it": [
                  "Immagine JPEG"
                ],
                "fr": [
                  "Image JPEG"
                ],
                "nl": [
                  "JPEG-afbeelding"
                ],
                "es": [
                  "Imagen JPEG"
                ]
              },
              "rdfs:label": {
                "de": [
                  "image/jpeg"
                ],
                "pt": [
                  "image/jpeg"
                ],
                "en": [
                  "image/jpeg"
                ],
                "it": [
                  "image/jpeg"
                ],
                "fr": [
                  "image/jpeg"
                ],
                "nl": [
                  "image/jpeg"
                ],
                "es": [
                  "image/jpeg"
                ]
              }
            }
          ],
          "ebucore:locator": [
            "http://cdt46.media.tourinsoft.com/upload/Duo-La-Mercerie-ActuLot-DR.jpg"
          ],
          "@type": [
            "ebucore:Resource"
          ]
        }
      ],
      "@type": [
        "ebucore:EditorialObject"
      ]
    }
  ],
  "hasRepresentation": [
    {
      "@id": "https://data.datatourisme.fr/d79877c0-d840-311c-a3b5-944377af9f01",
      "ebucore:hasAnnotation": [
        {
          "@id": "https://data.datatourisme.fr/885605fb-bee3-3f0d-b03c-f0134e9ccb3c",
          "ebucore:title": {
            "fr": [
              "Duo La Mercerie"
            ]
          },
          "@type": [
            "ebucore:Annotation"
          ],
          "credits": [
            "©ActuLot DR"
          ]
        }
      ],
      "ebucore:hasRelatedResource": [
        {
          "@id": "https://data.datatourisme.fr/260844cd-a90d-363c-bdb2-e291f1b76770",
          "ebucore:hasMimeType": [
            {
              "@id": "kb:JPEG",
              "@type": [
                "ebucore:MimeType"
              ],
              "rdfs:comment": {
                "de": [
                  "JPEG-Bild"
                ],
                "pt": [
                  "Imagem JPEG"
                ],
                "en": [
                  "JPEG image file"
                ],
                "it": [
                  "Immagine JPEG"
                ],
                "fr": [
                  "Image JPEG"
                ],
                "nl": [
                  "JPEG-afbeelding"
                ],
                "es": [
                  "Imagen JPEG"
                ]
              },
              "rdfs:label": {
                "de": [
                  "image/jpeg"
                ],
                "pt": [
                  "image/jpeg"
                ],
                "en": [
                  "image/jpeg"
                ],
                "it": [
                  "image/jpeg"
                ],
                "fr": [
                  "image/jpeg"
                ],
                "nl": [
                  "image/jpeg"
                ],
                "es": [
                  "image/jpeg"
                ]
              }
            }
          ],
          "ebucore:locator": [
            "http://cdt46.media.tourinsoft.com/upload/Duo-La-Mercerie-ActuLot-DR.jpg"
          ],
          "@type": [
            "ebucore:Resource"
          ]
        }
      ],
      "@type": [
        "ebucore:EditorialObject"
      ]
    }
  ],
  "hasTranslatedProperty": [
    {
      "@id": "https://data.datatourisme.fr/49563485-a53a-3085-b45b-4d89763c5512",
      "dc:contributor": [
        "https://api.deepl.com/v2/translate"
      ],
      "rdf:language": [
        "it"
      ],
      "rdf:predicate": [
        {
          "@id": "rdfs:comment"
        }
      ]
    },
    {
      "@id": "https://data.datatourisme.fr/5dffb211-af9b-396f-8007-1e3d0feb8f57",
      "dc:contributor": [
        "https://api.deepl.com/v2/translate"
      ],
      "rdf:language": [
        "nl"
      ],
      "rdf:predicate": [
        {
          "@id": "rdfs:comment"
        }
      ]
    },
    {
      "@id": "https://data.datatourisme.fr/6b45ecf5-7744-3fec-957e-d25564bad5a5",
      "dc:contributor": [
        "https://api.deepl.com/v2/translate"
      ],
      "rdf:language": [
        "de"
      ],
      "rdf:predicate": [
        {
          "@id": "rdfs:comment"
        }
      ]
    },
    {
      "@id": "https://data.datatourisme.fr/94b65347-cb36-3cec-b2e9-8fdfb58e2744",
      "dc:contributor": [
        "https://api.deepl.com/v2/translate"
      ],
      "rdf:language": [
        "es"
      ],
      "rdf:predicate": [
        {
          "@id": "rdfs:comment"
        }
      ]
    },
    {
      "@id": "https://data.datatourisme.fr/94defd40-42bb-380f-be50-362911b68a5b",
      "dc:contributor": [
        "https://api.deepl.com/v2/translate"
      ],
      "rdf:language": [
        "en"
      ],
      "rdf:predicate": [
        {
          "@id": "rdfs:comment"
        }
      ]
    }
  ],
  "isLocatedAt": [
    {
      "@id": "https://data.datatourisme.fr/6abb1718-9b45-3a0c-8e10-56a1ec56d6a1",
      "schema:address": [
        {
          "@id": "https://data.datatourisme.fr/65f82110-36c4-3fed-8be1-5cbbe3a026be",
          "schema:addressLocality": "Léobard",
          "schema:postalCode": "46300",
          "schema:streetAddress": [
            "La Scénette"
          ],
          "@type": [
            "schema:PostalAddress",
            "PostalAddress"
          ],
          "hasAddressCity": {
            "@id": "kb:46169",
            "@type": [
              "City"
            ],
            "rdfs:label": {
              "de": [
                "Léobard"
              ],
              "pt": [
                "Léobard"
              ],
              "en": [
                "Léobard"
              ],
              "it": [
                "Léobard"
              ],
              "fr": [
                "Léobard"
              ],
              "nl": [
                "Léobard"
              ],
              "es": [
                "Léobard"
              ]
            },
            "insee": "46169",
            "isPartOfDepartment": {
              "@id": "kb:France7646",
              "@type": [
                "Department"
              ],
              "rdfs:label": {
                "de": [
                  "Lot"
                ],
                "pt": [
                  "Lot"
                ],
                "en": [
                  "Lot"
                ],
                "it": [
                  "Lot"
                ],
                "fr": [
                  "Lot"
                ],
                "nl": [
                  "Lot"
                ],
                "es": [
                  "Lot"
                ]
              },
              "insee": "46",
              "isPartOfRegion": {
                "@id": "kb:France76",
                "@type": [
                  "Region"
                ],
                "rdfs:label": {
                  "de": [
                    "Occitanie"
                  ],
                  "pt": [
                    "Occitanie"
                  ],
                  "en": [
                    "Occitanie"
                  ],
                  "it": [
                    "Occitanie"
                  ],
                  "fr": [
                    "Occitanie"
                  ],
                  "nl": [
                    "Occitanie"
                  ],
                  "es": [
                    "Occitanie"
                  ]
                },
                "insee": "76",
                "isPartOfCountry": {
                  "@id": "kb:France",
                  "@type": [
                    "schema:Country"
                  ],
                  "rdfs:label": {
                    "de": [
                      "France",
                      "Frankreich"
                    ],
                    "pt": [
                      "França",
                      "France"
                    ],
                    "en": [
                      "France"
                    ],
                    "it": [
                      "France",
                      "Francia"
                    ],
                    "fr": [
                      "France"
                    ],
                    "nl": [
                      "France",
                      "Frankrijk"
                    ],
                    "es": [
                      "France",
                      "Francia"
                    ]
                  }
                }
              }
            }
          }
        }
      ],
      "schema:geo": {
        "@id": "https://data.datatourisme.fr/e73553c5-08f2-3eac-983b-b16ab51b65b9",
        "schema:latitude": "44.7092148",
        "schema:longitude": "1.31280135",
        "@type": [
          "schema:GeoCoordinates"
        ]
      },
      "schema:openingHoursSpecification": [
        {
          "@id": "https://data.datatourisme.fr/fa319373-da1b-37b1-9af3-ea63bfc33cfd",
          "schema:opens": "18:00:00",
          "schema:validFrom": "2023-06-17T00:00:00",
          "schema:validThrough": "2023-06-17T00:00:00",
          "@type": [
            "schema:OpeningHoursSpecification"
          ]
        }
      ],
      "@type": [
        "schema:Place",
        "Place"
      ]
    }
  ],
  "lastUpdate": "2023-06-16",
  "lastUpdateDatatourisme": "2023-06-17T10:02:16.808Z",
  "offers": [
    {
      "@id": "https://data.datatourisme.fr/f61bccc8-acec-388a-b1ec-c16b0ec63b88",
      "schema:priceSpecification": [
        {
          "@id": "https://data.datatourisme.fr/a465486d-b57c-3842-a03c-be4a5ef036b2",
          "schema:minPrice": [
            "12"
          ],
          "schema:price": "12",
          "schema:priceCurrency": "EUR",
          "@type": [
            "schema:PriceSpecification",
            "PriceSpecification"
          ],
          "hasEligiblePolicy": [
            {
              "@id": "kb:BaseRateFullRate",
              "@type": [
                "PricingPolicy"
              ],
              "rdfs:label": {
                "de": [
                  "Basistarif – voller Tarif"
                ],
                "pt": [
                  "Preço de base — preço total"
                ],
                "en": [
                  "Base rate - full rate"
                ],
                "it": [
                  "Tariffa di base — tariffa intera"
                ],
                "fr": [
                  "Tarif de base - plein tarif"
                ],
                "es": [
                  "Tarifa básica - tarifa completa"
                ],
                "nl": [
                  "Basistarief - vol tarief"
                ]
              }
            }
          ],
          "name": {
            "fr": [
              "Tarif adulte"
            ]
          }
        },
        {
          "@id": "https://data.datatourisme.fr/f209de8d-32c2-3580-bb46-198334d41ba2",
          "schema:minPrice": [
            "10"
          ],
          "schema:price": "10",
          "schema:priceCurrency": "EUR",
          "@type": [
            "schema:PriceSpecification",
            "PriceSpecification"
          ],
          "hasEligiblePolicy": [
            {
              "@id": "kb:ExtraCharge",
              "@type": [
                "PricingPolicy"
              ],
              "rdfs:label": {
                "de": [
                  "Aufschlag"
                ],
                "pt": [
                  "Suplemento"
                ],
                "en": [
                  "Extra charge"
                ],
                "it": [
                  "Supplemento"
                ],
                "fr": [
                  "Supplément"
                ],
                "nl": [
                  "Supplement"
                ],
                "es": [
                  "Suplemento"
                ]
              }
            },
            {
              "@id": "kb:ReducedRate",
              "@type": [
                "PricingPolicy"
              ],
              "rdfs:label": {
                "de": [
                  "Ermäßigter Tarif"
                ],
                "pt": [
                  "Preço reduzido"
                ],
                "en": [
                  "Reduced rate"
                ],
                "it": [
                  "Prezzo ridotto"
                ],
                "fr": [
                  "Tarif réduit"
                ],
                "es": [
                  "Tarifa reducida"
                ],
                "nl": [
                  "Gereduceerd tarief"
                ]
              }
            }
          ],
          "name": {
            "fr": [
              "Tarif réduit"
            ]
          }
        }
      ],
      "@type": [
        "schema:Offer",
        "Offer"
      ]
    }
  ],
  "takesPlaceAt": [
    {
      "@id": "https://data.datatourisme.fr/1398f5d0-9415-38a3-be91-d7dbb029d13d",
      "@type": [
        "Period"
      ],
      "endDate": "2023-06-17",
      "startDate": "2023-06-17",
      "startTime": "18:00:00"
    }
  ]
}