{
  "@id": "https://data.datatourisme.fr/22/00042df0-6b4c-3aca-8c0a-a53a0431c061",
  "dc:identifier": "FMAMIP046V519N2M",
  "schema:endDate": [
    "2023-06-24",
    "2023-06-25"
  ],
  "schema:startDate": [
    "2023-06-24",
    "2023-06-25"
  ],
  "@type": [
    "schema:Event",
    "schema:SaleEvent",
    "CulturalEvent",
    "EntertainmentAndEvent",
    "OpenDay",
    "PointOfInterest",
    "SaleEvent"
  ],
  "rdfs:comment": {
    "de": [
      "Ausgabe der Journées du Patrimoine de Pays et des Moulins öffnet das Museum am 24. und 25. Juni 2023 seine Pforten.\n\nEntdecken oder wiederentdecken Sie die Geschichte der Mühlen in verschiedenen Epochen und Ländern anhand von animierten Modellen und Experimentiertischen, die Ihnen die Mechanismen der Mühlen durch Manipulation verständlich machen."
    ],
    "en": [
      "For the 25th Journées du Patrimoine de Pays et des Moulins, the museum opens its doors on June 24 and 25, 2023.\n\nCome and discover or rediscover the history of mills through the ages and across the world, thanks to animated models and experimentation tables that will enable you to understand their mechanisms through hands-on experience."
    ],
    "it": [
      "Per la 25a edizione delle Journées du Patrimoine de Pays et des Moulins, il museo aprirà le sue porte il 24 e 25 giugno 2023.\n\nVenite a scoprire o riscoprire la storia dei mulini attraverso le epoche e il mondo, grazie ai modelli animati e ai tavoli di sperimentazione che vi aiuteranno a capire i meccanismi manipolandoli."
    ],
    "fr": [
      "Pour la 25e édition des Journées du Patrimoine de Pays et des Moulins, le musée ouvre ses portes les 24 et 25 juin 2023.\n\nVenez découvrir ou redécouvrir l'histoire des moulins à travers les époques et les pays grâce aux maquettes animées et aux tables d'expérimentation qui vous permettront d'en comprendre les mécanismes par la manipulation."
    ],
    "nl": [
      "Voor de 25e Journées du Patrimoine de Pays et des Moulins opent het museum zijn deuren op 24 en 25 juni 2023.\n\nKom de geschiedenis van de molens door de eeuwen heen en over de hele wereld ontdekken of herontdekken dankzij de geanimeerde modellen en de experimenteertafels waarmee je de mechanismen kunt begrijpen door ze te manipuleren."
    ],
    "es": [
      "Con motivo de las XXV Jornadas del Patrimonio del País y de los Molinos, el museo abrirá sus puertas los días 24 y 25 de junio de 2023.\n\nVenga a descubrir o redescubrir la historia de los molinos a través de los tiempos y en todo el mundo, gracias a las maquetas animadas y a las mesas de experimentación que le ayudarán a comprender los mecanismos manipulándolos."
    ]
  },
  "rdfs:label": {
    "fr": [
      "Journées du Patrimoine de Pays et des Moulins 2023 : portes-ouvertes à la Planète des Moulins"
    ]
  },
  "creationDate": "2017-10-04",
  "hasAdministrativeContact": [
    {
      "@id": "https://data.datatourisme.fr/a3bc002f-1fe2-35f8-8040-0f3f2964e6de",
      "schema:email": [
        "laplanetedesmoulins@orange.fr"
      ],
      "schema:legalName": "La Planète des Moulins",
      "schema:telephone": [
        "+33 5 65 31 22 59"
      ],
      "@type": [
        "schema:Organization",
        "foaf:Agent",
        "Agent"
      ],
      "foaf:homepage": [
        "https://www.museelaplanetedesmoulins.fr/",
        "https://www.patrimoinedepays-moulins.org/theme-2023/"
      ]
    }
  ],
  "hasAudience": [
    {
      "@id": "kb:Departmental",
      "@type": [
        "GeographicReach"
      ],
      "rdfs:label": {
        "de": [
          "Des Départements"
        ],
        "pt": [
          "Departamental"
        ],
        "en": [
          "Departmental"
        ],
        "it": [
          "Dipartimentale"
        ],
        "fr": [
          "Départementale"
        ],
        "nl": [
          "Departementaal"
        ],
        "es": [
          "Departamental"
        ]
      }
    },
    {
      "@id": "kb:Regional",
      "@type": [
        "GeographicReach"
      ],
      "rdfs:label": {
        "de": [
          "Regional"
        ],
        "pt": [
          "Regional"
        ],
        "en": [
          "Regional"
        ],
        "it": [
          "Regionale"
        ],
        "fr": [
          "Régionale"
        ],
        "es": [
          "Regional"
        ],
        "nl": [
          "Regionaal"
        ]
      }
    }
  ],
  "hasBeenCreatedBy": {
    "@id": "https://data.datatourisme.fr/303eec4f-9e51-305e-895f-e034dd33c03d",
    "schema:legalName": "OT CVL Vignoble",
    "@type": [
      "schema:Organization",
      "foaf:Agent",
      "Agent"
    ]
  },
  "hasBeenPublishedBy": [
    {
      "@id": "https://data.datatourisme.fr/a91cfac3-26b1-32ff-a4d1-03a88ee24fce",
      "schema:legalName": "Lot Tourisme - Agence de Développement Touristique",
      "schema:logo": "https://image.jimcdn.com/app/cms/image/transf/dimension=150x150:format=jpg/path/s241e622ed1e390b3/image/if282e9258e4ddfa7/version/1391472379/image.jpg",
      "@type": [
        "schema:Organization",
        "foaf:Agent",
        "Agent"
      ],
      "foaf:homepage": [
        "http://www.tourisme-lot.com/"
      ]
    }
  ],
  "hasCommunicationContact": [
    {
      "@id": "https://data.datatourisme.fr/707e8f36-f48a-3de0-8412-13a5677a513c",
      "schema:telephone": [
        "+33 5 65 31 22 59"
      ],
      "@type": [
        "foaf:Agent",
        "Agent"
      ]
    }
  ],
  "hasContact": [
    {
      "@id": "https://data.datatourisme.fr/707e8f36-f48a-3de0-8412-13a5677a513c",
      "schema:telephone": [
        "+33 5 65 31 22 59"
      ],
      "@type": [
        "foaf:Agent",
        "Agent"
      ]
    },
    {
      "@id": "https://data.datatourisme.fr/a3bc002f-1fe2-35f8-8040-0f3f2964e6de",
      "schema:email": [
        "laplanetedesmoulins@orange.fr"
      ],
      "schema:legalName": "La Planète des Moulins",
      "schema:telephone": [
        "+33 5 65 31 22 59"
      ],
      "@type": [
        "schema:Organization",
        "foaf:Agent",
        "Agent"
      ],
      "foaf:homepage": [
        "https://www.museelaplanetedesmoulins.fr/",
        "https://www.patrimoinedepays-moulins.org/theme-2023/"
      ]
    },
    {
      "@id": "https://data.datatourisme.fr/d369518c-51a8-394f-a9a0-7215cd2f4c47",
      "schema:email": [
        "laplanetedesmoulins@orange.fr"
      ],
      "schema:legalName": "La Planète des Moulins",
      "schema:telephone": [
        "+33 5 65 31 22 59",
        "+33 6 41 90 96 28"
      ],
      "@type": [
        "schema:Organization",
        "foaf:Agent",
        "Agent"
      ]
    }
  ],
  "hasDescription": [
    {
      "@id": "https://data.datatourisme.fr/cb1dd762-fc28-372b-a8e2-2aea1dd01d37",
      "@type": [
        "Description"
      ],
      "hasTranslatedProperty": [
        {
          "@id": "https://data.datatourisme.fr/3f554767-c56b-3b6a-b10a-f6a89760828a",
          "dc:contributor": [
            "https://api.deepl.com/v2/translate"
          ],
          "rdf:language": [
            "de"
          ],
          "rdf:predicate": [
            "shortDescription"
          ]
        },
        {
          "@id": "https://data.datatourisme.fr/7a10f1a3-9e07-37f9-b0dc-69de0f7888cd",
          "dc:contributor": [
            "https://api.deepl.com/v2/translate"
          ],
          "rdf:language": [
            "nl"
          ],
          "rdf:predicate": [
            "shortDescription"
          ]
        },
        {
          "@id": "https://data.datatourisme.fr/9ad65fbe-3687-3270-af9e-38f215f4f14a",
          "dc:contributor": [
            "https://api.deepl.com/v2/translate"
          ],
          "rdf:language": [
            "it"
          ],
          "rdf:predicate": [
            "shortDescription"
          ]
        },
        {
          "@id": "https://data.datatourisme.fr/e714ece1-4f1c-3f95-809c-fd1ba31ea2ae",
          "dc:contributor": [
            "https://api.deepl.com/v2/translate"
          ],
          "rdf:language": [
            "es"
          ],
          "rdf:predicate": [
            "shortDescription"
          ]
        },
        {
          "@id": "https://data.datatourisme.fr/ff9ffb73-96c1-3c6d-ad17-411a676d86d7",
          "dc:contributor": [
            "https://api.deepl.com/v2/translate"
          ],
          "rdf:language": [
            "en"
          ],
          "rdf:predicate": [
            "shortDescription"
          ]
        }
      ],
      "shortDescription": {
        "de": [
          "Ausgabe der Journées du Patrimoine de Pays et des Moulins öffnet das Museum am 24. und 25. Juni 2023 seine Pforten.\n\nEntdecken oder wiederentdecken Sie die Geschichte der Mühlen in verschiedenen Epochen und Ländern anhand von animierten Modellen und Experimentiertischen, die Ihnen die Mechanismen der Mühlen durch Manipulation verständlich machen."
        ],
        "en": [
          "For the 25th Journées du Patrimoine de Pays et des Moulins, the museum opens its doors on June 24 and 25, 2023.\n\nCome and discover or rediscover the history of mills through the ages and across the world, thanks to animated models and experimentation tables that will enable you to understand their mechanisms through hands-on experience."
        ],
        "it": [
          "Per la 25a edizione delle Journées du Patrimoine de Pays et des Moulins, il museo aprirà le sue porte il 24 e 25 giugno 2023.\n\nVenite a scoprire o riscoprire la storia dei mulini attraverso le epoche e il mondo, grazie ai modelli animati e ai tavoli di sperimentazione che vi aiuteranno a capire i meccanismi manipolandoli."
        ],
        "fr": [
          "Pour la 25e édition des Journées du Patrimoine de Pays et des Moulins, le musée ouvre ses portes les 24 et 25 juin 2023.\n\nVenez découvrir ou redécouvrir l'histoire des moulins à travers les époques et les pays grâce aux maquettes animées et aux tables d'expérimentation qui vous permettront d'en comprendre les mécanismes par la manipulation."
        ],
        "nl": [
          "Voor de 25e Journées du Patrimoine de Pays et des Moulins opent het museum zijn deuren op 24 en 25 juni 2023.\n\nKom de geschiedenis van de molens door de eeuwen heen en over de hele wereld ontdekken of herontdekken dankzij de geanimeerde modellen en de experimenteertafels waarmee je de mechanismen kunt begrijpen door ze te manipuleren."
        ],
        "es": [
          "Con motivo de las XXV Jornadas del Patrimonio del País y de los Molinos, el museo abrirá sus puertas los días 24 y 25 de junio de 2023.\n\nVenga a descubrir o redescubrir la historia de los molinos a través de los tiempos y en todo el mundo, gracias a las maquetas animadas y a las mesas de experimentación que le ayudarán a comprender los mecanismos manipulándolos."
        ]
      }
    }
  ],
  "hasGeographicReach": [
    {
      "@id": "kb:Departmental",
      "@type": [
        "GeographicReach"
      ],
      "rdfs:label": {
        "de": [
          "Des Départements"
        ],
        "pt": [
          "Departamental"
        ],
        "en": [
          "Departmental"
        ],
        "it": [
          "Dipartimentale"
        ],
        "fr": [
          "Départementale"
        ],
        "nl": [
          "Departementaal"
        ],
        "es": [
          "Departamental"
        ]
      }
    },
    {
      "@id": "kb:Regional",
      "@type": [
        "GeographicReach"
      ],
      "rdfs:label": {
        "de": [
          "Regional"
        ],
        "pt": [
          "Regional"
        ],
        "en": [
          "Regional"
        ],
        "it": [
          "Regionale"
        ],
        "fr": [
          "Régionale"
        ],
        "es": [
          "Regional"
        ],
        "nl": [
          "Regionaal"
        ]
      }
    }
  ],
  "hasMainRepresentation": [
    {
      "@id": "https://data.datatourisme.fr/a47cee03-d23e-3640-9594-1e7ecd125cc7",
      "ebucore:hasAnnotation": [
        {
          "@id": "https://data.datatourisme.fr/020c3043-d902-3d58-9471-fab3d1dd42d2",
          "ebucore:title": {
            "fr": [
              "JPPM2023 Planète des Moulins"
            ]
          },
          "@type": [
            "ebucore:Annotation"
          ],
          "credits": [
            "JPPM2023 Planète des Moulins"
          ]
        }
      ],
      "ebucore:hasRelatedResource": [
        {
          "@id": "https://data.datatourisme.fr/af8e4ed2-29e0-3d02-8ae1-f3cba8a1c572",
          "ebucore:hasMimeType": [
            {
              "@id": "kb:JPEG",
              "@type": [
                "ebucore:MimeType"
              ],
              "rdfs:comment": {
                "de": [
                  "JPEG-Bild"
                ],
                "pt": [
                  "Imagem JPEG"
                ],
                "en": [
                  "JPEG image file"
                ],
                "it": [
                  "Immagine JPEG"
                ],
                "fr": [
                  "Image JPEG"
                ],
                "nl": [
                  "JPEG-afbeelding"
                ],
                "es": [
                  "Imagen JPEG"
                ]
              },
              "rdfs:label": {
                "de": [
                  "image/jpeg"
                ],
                "pt": [
                  "image/jpeg"
                ],
                "en": [
                  "image/jpeg"
                ],
                "it": [
                  "image/jpeg"
                ],
                "fr": [
                  "image/jpeg"
                ],
                "nl": [
                  "image/jpeg"
                ],
                "es": [
                  "image/jpeg"
                ]
              }
            },
            {
              "@id": "kb:PNG",
              "@type": [
                "ebucore:MimeType"
              ],
              "rdfs:comment": {
                "de": [
                  "PDF-Bild"
                ],
                "pt": [
                  "Imagem PDF"
                ],
                "en": [
                  "PDF image file"
                ],
                "it": [
                  "Immagine PDF"
                ],
                "fr": [
                  "Image PDF"
                ],
                "nl": [
                  "Pdf-afbeelding"
                ],
                "es": [
                  "Imagen PDF"
                ]
              },
              "rdfs:label": {
                "de": [
                  "image/png"
                ],
                "pt": [
                  "image/png"
                ],
                "en": [
                  "image/png"
                ],
                "it": [
                  "image/png"
                ],
                "fr": [
                  "image/png"
                ],
                "nl": [
                  "image/png"
                ],
                "es": [
                  "image/png"
                ]
              }
            }
          ],
          "ebucore:locator": [
            "http://cdt46.media.tourinsoft.com/upload/JPPM2023-Planete-des-Moulins.png"
          ],
          "@type": [
            "ebucore:Resource"
          ]
        }
      ],
      "@type": [
        "ebucore:EditorialObject"
      ]
    }
  ],
  "hasRepresentation": [
    {
      "@id": "https://data.datatourisme.fr/13eaa26c-8a25-3022-9682-08f336ab22e1",
      "ebucore:hasAnnotation": [
        {
          "@id": "https://data.datatourisme.fr/2c767123-aa71-3ed9-a075-4568636091da",
          "ebucore:title": {
            "fr": [
              "Capture d’écran 2023-06-14 110802"
            ]
          },
          "@type": [
            "ebucore:Annotation"
          ],
          "credits": [
            "©Planète des Moulins"
          ]
        }
      ],
      "ebucore:hasRelatedResource": [
        {
          "@id": "https://data.datatourisme.fr/a7baf32a-4fcf-3551-a6a3-4ec8ba6363ca",
          "ebucore:hasMimeType": [
            {
              "@id": "kb:JPEG",
              "@type": [
                "ebucore:MimeType"
              ],
              "rdfs:comment": {
                "de": [
                  "JPEG-Bild"
                ],
                "pt": [
                  "Imagem JPEG"
                ],
                "en": [
                  "JPEG image file"
                ],
                "it": [
                  "Immagine JPEG"
                ],
                "fr": [
                  "Image JPEG"
                ],
                "nl": [
                  "JPEG-afbeelding"
                ],
                "es": [
                  "Imagen JPEG"
                ]
              },
              "rdfs:label": {
                "de": [
                  "image/jpeg"
                ],
                "pt": [
                  "image/jpeg"
                ],
                "en": [
                  "image/jpeg"
                ],
                "it": [
                  "image/jpeg"
                ],
                "fr": [
                  "image/jpeg"
                ],
                "nl": [
                  "image/jpeg"
                ],
                "es": [
                  "image/jpeg"
                ]
              }
            },
            {
              "@id": "kb:PNG",
              "@type": [
                "ebucore:MimeType"
              ],
              "rdfs:comment": {
                "de": [
                  "PDF-Bild"
                ],
                "pt": [
                  "Imagem PDF"
                ],
                "en": [
                  "PDF image file"
                ],
                "it": [
                  "Immagine PDF"
                ],
                "fr": [
                  "Image PDF"
                ],
                "nl": [
                  "Pdf-afbeelding"
                ],
                "es": [
                  "Imagen PDF"
                ]
              },
              "rdfs:label": {
                "de": [
                  "image/png"
                ],
                "pt": [
                  "image/png"
                ],
                "en": [
                  "image/png"
                ],
                "it": [
                  "image/png"
                ],
                "fr": [
                  "image/png"
                ],
                "nl": [
                  "image/png"
                ],
                "es": [
                  "image/png"
                ]
              }
            }
          ],
          "ebucore:locator": [
            "http://cdt46.media.tourinsoft.com/upload/Capture-d-ecran-2023-06-14-110802.png"
          ],
          "@type": [
            "ebucore:Resource"
          ]
        }
      ],
      "@type": [
        "ebucore:EditorialObject"
      ]
    },
    {
      "@id": "https://data.datatourisme.fr/a47cee03-d23e-3640-9594-1e7ecd125cc7",
      "ebucore:hasAnnotation": [
        {
          "@id": "https://data.datatourisme.fr/020c3043-d902-3d58-9471-fab3d1dd42d2",
          "ebucore:title": {
            "fr": [
              "JPPM2023 Planète des Moulins"
            ]
          },
          "@type": [
            "ebucore:Annotation"
          ],
          "credits": [
            "JPPM2023 Planète des Moulins"
          ]
        }
      ],
      "ebucore:hasRelatedResource": [
        {
          "@id": "https://data.datatourisme.fr/af8e4ed2-29e0-3d02-8ae1-f3cba8a1c572",
          "ebucore:hasMimeType": [
            {
              "@id": "kb:JPEG",
              "@type": [
                "ebucore:MimeType"
              ],
              "rdfs:comment": {
                "de": [
                  "JPEG-Bild"
                ],
                "pt": [
                  "Imagem JPEG"
                ],
                "en": [
                  "JPEG image file"
                ],
                "it": [
                  "Immagine JPEG"
                ],
                "fr": [
                  "Image JPEG"
                ],
                "nl": [
                  "JPEG-afbeelding"
                ],
                "es": [
                  "Imagen JPEG"
                ]
              },
              "rdfs:label": {
                "de": [
                  "image/jpeg"
                ],
                "pt": [
                  "image/jpeg"
                ],
                "en": [
                  "image/jpeg"
                ],
                "it": [
                  "image/jpeg"
                ],
                "fr": [
                  "image/jpeg"
                ],
                "nl": [
                  "image/jpeg"
                ],
                "es": [
                  "image/jpeg"
                ]
              }
            },
            {
              "@id": "kb:PNG",
              "@type": [
                "ebucore:MimeType"
              ],
              "rdfs:comment": {
                "de": [
                  "PDF-Bild"
                ],
                "pt": [
                  "Imagem PDF"
                ],
                "en": [
                  "PDF image file"
                ],
                "it": [
                  "Immagine PDF"
                ],
                "fr": [
                  "Image PDF"
                ],
                "nl": [
                  "Pdf-afbeelding"
                ],
                "es": [
                  "Imagen PDF"
                ]
              },
              "rdfs:label": {
                "de": [
                  "image/png"
                ],
                "pt": [
                  "image/png"
                ],
                "en": [
                  "image/png"
                ],
                "it": [
                  "image/png"
                ],
                "fr": [
                  "image/png"
                ],
                "nl": [
                  "image/png"
                ],
                "es": [
                  "image/png"
                ]
              }
            }
          ],
          "ebucore:locator": [
            "http://cdt46.media.tourinsoft.com/upload/JPPM2023-Planete-des-Moulins.png"
          ],
          "@type": [
            "ebucore:Resource"
          ]
        }
      ],
      "@type": [
        "ebucore:EditorialObject"
      ]
    }
  ],
  "hasTheme": [
    {
      "@id": "kb:HeritageDays",
      "@type": [
        "EntertainmentAndEventTheme"
      ],
      "rdfs:label": {
        "de": [
          "Kulturerbetage"
        ],
        "pt": [
          "Jornadas do Património"
        ],
        "en": [
          "Heritage days"
        ],
        "it": [
          "Giornate del patrimonio"
        ],
        "fr": [
          "Journées du patrimoine"
        ],
        "es": [
          "Jornadas del Patrimonio"
        ],
        "nl": [
          "Erfgoeddagen"
        ]
      }
    }
  ],
  "hasTranslatedProperty": [
    {
      "@id": "https://data.datatourisme.fr/42429eba-b440-370e-be50-5bdd6cd799f0",
      "dc:contributor": [
        "https://api.deepl.com/v2/translate"
      ],
      "rdf:language": [
        "nl"
      ],
      "rdf:predicate": [
        {
          "@id": "rdfs:comment"
        }
      ]
    },
    {
      "@id": "https://data.datatourisme.fr/7decfb1d-cc77-3ce5-87d0-fd669fce019c",
      "dc:contributor": [
        "https://api.deepl.com/v2/translate"
      ],
      "rdf:language": [
        "it"
      ],
      "rdf:predicate": [
        {
          "@id": "rdfs:comment"
        }
      ]
    },
    {
      "@id": "https://data.datatourisme.fr/8bed107d-de35-31e1-aa1c-15da14072bcd",
      "dc:contributor": [
        "https://api.deepl.com/v2/translate"
      ],
      "rdf:language": [
        "de"
      ],
      "rdf:predicate": [
        {
          "@id": "rdfs:comment"
        }
      ]
    },
    {
      "@id": "https://data.datatourisme.fr/a0c157ea-7cab-3823-b617-49949b2cf304",
      "dc:contributor": [
        "https://api.deepl.com/v2/translate"
      ],
      "rdf:language": [
        "es"
      ],
      "rdf:predicate": [
        {
          "@id": "rdfs:comment"
        }
      ]
    },
    {
      "@id": "https://data.datatourisme.fr/a6093d42-a05d-38ef-88cb-a022096f5b1a",
      "dc:contributor": [
        "https://api.deepl.com/v2/translate"
      ],
      "rdf:language": [
        "en"
      ],
      "rdf:predicate": [
        {
          "@id": "rdfs:comment"
        }
      ]
    }
  ],
  "isLocatedAt": [
    {
      "@id": "https://data.datatourisme.fr/2270fd77-c038-3e4c-aa34-5c2cb3946b76",
      "schema:address": [
        {
          "@id": "https://data.datatourisme.fr/a4709e0f-5435-35b4-90d1-5b339d0dfba2",
          "schema:addressLocality": "Luzech",
          "schema:postalCode": "46140",
          "schema:streetAddress": [
            "La Planète des Moulins"
          ],
          "@type": [
            "schema:PostalAddress",
            "PostalAddress"
          ],
          "hasAddressCity": {
            "@id": "kb:46182",
            "@type": [
              "City"
            ],
            "rdfs:label": {
              "de": [
                "Luzech"
              ],
              "pt": [
                "Luzech"
              ],
              "en": [
                "Luzech"
              ],
              "it": [
                "Luzech"
              ],
              "fr": [
                "Luzech"
              ],
              "nl": [
                "Luzech"
              ],
              "es": [
                "Luzech"
              ]
            },
            "insee": "46182",
            "isPartOfDepartment": {
              "@id": "kb:France7646",
              "@type": [
                "Department"
              ],
              "rdfs:label": {
                "de": [
                  "Lot"
                ],
                "pt": [
                  "Lot"
                ],
                "en": [
                  "Lot"
                ],
                "it": [
                  "Lot"
                ],
                "fr": [
                  "Lot"
                ],
                "nl": [
                  "Lot"
                ],
                "es": [
                  "Lot"
                ]
              },
              "insee": "46",
              "isPartOfRegion": {
                "@id": "kb:France76",
                "@type": [
                  "Region"
                ],
                "rdfs:label": {
                  "de": [
                    "Occitanie"
                  ],
                  "pt": [
                    "Occitanie"
                  ],
                  "en": [
                    "Occitanie"
                  ],
                  "it": [
                    "Occitanie"
                  ],
                  "fr": [
                    "Occitanie"
                  ],
                  "nl": [
                    "Occitanie"
                  ],
                  "es": [
                    "Occitanie"
                  ]
                },
                "insee": "76",
                "isPartOfCountry": {
                  "@id": "kb:France",
                  "@type": [
                    "schema:Country"
                  ],
                  "rdfs:label": {
                    "de": [
                      "France",
                      "Frankreich"
                    ],
                    "pt": [
                      "França",
                      "France"
                    ],
                    "en": [
                      "France"
                    ],
                    "it": [
                      "France",
                      "Francia"
                    ],
                    "fr": [
                      "France"
                    ],
                    "nl": [
                      "France",
                      "Frankrijk"
                    ],
                    "es": [
                      "France",
                      "Francia"
                    ]
                  }
                }
              }
            }
          }
        }
      ],
      "schema:geo": {
        "@id": "https://data.datatourisme.fr/9636ca39-b249-37a4-9d64-9beadd786de1",
        "schema:latitude": "44.4793683",
        "schema:longitude": "1.2858303",
        "@type": [
          "schema:GeoCoordinates"
        ]
      },
      "schema:openingHoursSpecification": [
        {
          "@id": "https://data.datatourisme.fr/112ec400-756d-357b-9a16-0d93250a3511",
          "schema:closes": "18:00:00",
          "schema:opens": "14:00:00",
          "schema:validFrom": "2023-06-24T00:00:00",
          "schema:validThrough": "2023-06-24T00:00:00",
          "@type": [
            "schema:OpeningHoursSpecification"
          ]
        },
        {
          "@id": "https://data.datatourisme.fr/2e9a07ff-ed5e-3f50-8ca4-514b1d14b000",
          "schema:closes": "12:50:00",
          "schema:opens": "10:00:00",
          "schema:validFrom": "2023-06-24T00:00:00",
          "schema:validThrough": "2023-06-24T00:00:00",
          "@type": [
            "schema:OpeningHoursSpecification"
          ]
        },
        {
          "@id": "https://data.datatourisme.fr/aaab84e8-6613-3632-933f-53c2e0341154",
          "schema:closes": "18:00:00",
          "schema:opens": "14:00:00",
          "schema:validFrom": "2023-06-25T00:00:00",
          "schema:validThrough": "2023-06-25T00:00:00",
          "@type": [
            "schema:OpeningHoursSpecification"
          ]
        },
        {
          "@id": "https://data.datatourisme.fr/c986fd44-b8c7-3e6c-bb62-4ded4a9219fd",
          "schema:closes": "12:00:00",
          "schema:opens": "10:00:00",
          "schema:validFrom": "2023-06-25T00:00:00",
          "schema:validThrough": "2023-06-25T00:00:00",
          "@type": [
            "schema:OpeningHoursSpecification"
          ]
        }
      ],
      "@type": [
        "schema:Place",
        "Place"
      ]
    }
  ],
  "lastUpdate": "2023-06-14",
  "lastUpdateDatatourisme": "2023-09-18T15:54:53.013Z",
  "offers": [
    {
      "@id": "https://data.datatourisme.fr/144943c5-99fc-30f2-86d4-1548678e38bc",
      "schema:priceSpecification": [
        {
          "@id": "https://data.datatourisme.fr/0124a1b8-5e75-3908-96ca-4506aae4265b",
          "schema:priceCurrency": "EUR",
          "@type": [
            "schema:PriceSpecification",
            "PriceSpecification"
          ],
          "hasEligiblePolicy": [
            {
              "@id": "kb:Free",
              "@type": [
                "PricingPolicy"
              ],
              "rdfs:label": {
                "de": [
                  "Kostenlos"
                ],
                "pt": [
                  "Gratuito"
                ],
                "en": [
                  "Free"
                ],
                "it": [
                  "Gratuito"
                ],
                "fr": [
                  "Gratuit"
                ],
                "es": [
                  "Gratuito"
                ],
                "nl": [
                  "Gratis"
                ]
              }
            }
          ],
          "name": {
            "fr": [
              "Gratuit"
            ]
          }
        }
      ],
      "@type": [
        "schema:Offer",
        "Offer"
      ]
    }
  ],
  "takesPlaceAt": [
    {
      "@id": "https://data.datatourisme.fr/6407d236-cf2d-3f1b-a73f-8e8f68d64cd1",
      "@type": [
        "Period"
      ],
      "endDate": "2023-06-25",
      "endTime": "12:00:00",
      "startDate": "2023-06-25",
      "startTime": "10:00:00"
    },
    {
      "@id": "https://data.datatourisme.fr/6706e3ef-1c6b-369b-8382-d7e873da47c1",
      "@type": [
        "Period"
      ],
      "endDate": "2023-06-24",
      "endTime": "12:50:00",
      "startDate": "2023-06-24",
      "startTime": "10:00:00"
    },
    {
      "@id": "https://data.datatourisme.fr/9fe85ac7-e01b-398f-8f59-9957ff370eea",
      "@type": [
        "Period"
      ],
      "endDate": "2023-06-25",
      "endTime": "18:00:00",
      "startDate": "2023-06-25",
      "startTime": "14:00:00"
    },
    {
      "@id": "https://data.datatourisme.fr/da9e24b8-0ec7-3779-a7f7-41df5f37432b",
      "@type": [
        "Period"
      ],
      "endDate": "2023-06-24",
      "endTime": "18:00:00",
      "startDate": "2023-06-24",
      "startTime": "14:00:00"
    }
  ]
}