{
  "@id": "https://data.datatourisme.fr/22/00e4bdd3-9311-3efb-afad-c4538551b57d",
  "dc:identifier": "AIRMIP046V525MDH",
  "@type": [
    "schema:Accommodation",
    "schema:LodgingBusiness",
    "Accommodation",
    "CamperVanArea",
    "CampingAndCaravanning",
    "ConvenientService",
    "PicnicArea",
    "PlaceOfInterest",
    "PointOfInterest"
  ],
  "rdfs:label": {
    "fr": [
      "Aire De Pique-Nique"
    ]
  },
  "hasBeenCreatedBy": {
    "@id": "https://data.datatourisme.fr/736d96b9-eae4-3375-b259-952d5527b62a",
    "schema:legalName": "ADT46",
    "@type": [
      "schema:Organization",
      "foaf:Agent",
      "Agent"
    ]
  },
  "hasBeenPublishedBy": [
    {
      "@id": "https://data.datatourisme.fr/3b64f734-2a28-31c8-b14d-ca5178bfbaeb",
      "schema:legalName": "Lot Tourisme - Agence de développement touristique du Lot",
      "@type": [
        "schema:Organization",
        "foaf:Agent",
        "Agent"
      ],
      "foaf:homepage": [
        "http://www.tourisme-lot.com/"
      ]
    }
  ],
  "hasContact": [
    {
      "@id": "https://data.datatourisme.fr/acad25db-1867-3927-8b8f-4968f3877590",
      "schema:address": [
        {
          "@id": "https://data.datatourisme.fr/24e559ca-4d53-333b-8fbb-dcef01576ce3",
          "schema:addressLocality": "Autoire",
          "schema:postalCode": "46400",
          "schema:streetAddress": [
            "D38"
          ],
          "@type": [
            "schema:PostalAddress",
            "PostalAddress"
          ],
          "hasAddressCity": {
            "@id": "kb:46011",
            "@type": [
              "City"
            ],
            "rdfs:label": {
              "de": [
                "Autoire"
              ],
              "pt": [
                "Autoire"
              ],
              "en": [
                "Autoire"
              ],
              "it": [
                "Autoire"
              ],
              "fr": [
                "Autoire"
              ],
              "nl": [
                "Autoire"
              ],
              "es": [
                "Autoire"
              ]
            },
            "insee": "46011",
            "isPartOfDepartment": {
              "@id": "kb:France7646",
              "@type": [
                "Department"
              ],
              "rdfs:label": {
                "de": [
                  "Lot"
                ],
                "pt": [
                  "Lot"
                ],
                "en": [
                  "Lot"
                ],
                "it": [
                  "Lot"
                ],
                "fr": [
                  "Lot"
                ],
                "nl": [
                  "Lot"
                ],
                "es": [
                  "Lot"
                ]
              },
              "insee": "46",
              "isPartOfRegion": {
                "@id": "kb:France76",
                "@type": [
                  "Region"
                ],
                "rdfs:label": {
                  "de": [
                    "Occitanie"
                  ],
                  "pt": [
                    "Occitanie"
                  ],
                  "en": [
                    "Occitanie"
                  ],
                  "it": [
                    "Occitanie"
                  ],
                  "fr": [
                    "Occitanie"
                  ],
                  "nl": [
                    "Occitanie"
                  ],
                  "es": [
                    "Occitanie"
                  ]
                },
                "insee": "76",
                "isPartOfCountry": {
                  "@id": "kb:France",
                  "@type": [
                    "schema:Country"
                  ],
                  "rdfs:label": {
                    "de": [
                      "France",
                      "Frankreich"
                    ],
                    "pt": [
                      "França",
                      "France"
                    ],
                    "en": [
                      "France"
                    ],
                    "it": [
                      "France",
                      "Francia"
                    ],
                    "fr": [
                      "France"
                    ],
                    "nl": [
                      "France",
                      "Frankrijk"
                    ],
                    "es": [
                      "France",
                      "Francia"
                    ]
                  }
                }
              }
            }
          }
        }
      ],
      "schema:legalName": "Aire De Pique-Nique",
      "@type": [
        "schema:Organization",
        "foaf:Agent",
        "Agent"
      ]
    }
  ],
  "hasMainRepresentation": [
    {
      "@id": "https://data.datatourisme.fr/bb08f350-1111-38e3-bd65-3c031533d5b0",
      "ebucore:hasAnnotation": [
        {
          "@id": "https://data.datatourisme.fr/c6cf708b-590f-3c45-a9d5-d152d93d8133",
          "ebucore:title": {
            "fr": [
              "pique_nique"
            ]
          },
          "@type": [
            "ebucore:Annotation"
          ],
          "credits": [
            "Lot Tourisme"
          ]
        }
      ],
      "ebucore:hasRelatedResource": [
        {
          "@id": "https://data.datatourisme.fr/b2ebf2fe-4b22-34b5-ac52-833fdaa495db",
          "ebucore:hasMimeType": [
            {
              "@id": "kb:JPEG",
              "@type": [
                "ebucore:MimeType"
              ],
              "rdfs:comment": {
                "de": [
                  "JPEG-Bild"
                ],
                "pt": [
                  "Imagem JPEG"
                ],
                "en": [
                  "JPEG image file"
                ],
                "it": [
                  "Immagine JPEG"
                ],
                "fr": [
                  "Image JPEG"
                ],
                "nl": [
                  "JPEG-afbeelding"
                ],
                "es": [
                  "Imagen JPEG"
                ]
              },
              "rdfs:label": {
                "de": [
                  "image/jpeg"
                ],
                "pt": [
                  "image/jpeg"
                ],
                "en": [
                  "image/jpeg"
                ],
                "it": [
                  "image/jpeg"
                ],
                "fr": [
                  "image/jpeg"
                ],
                "nl": [
                  "image/jpeg"
                ],
                "es": [
                  "image/jpeg"
                ]
              }
            }
          ],
          "ebucore:locator": [
            "http://cdt46.media.tourinsoft.com/upload/AIRMIP046V525MDH-pique-nique.jpg"
          ],
          "@type": [
            "ebucore:Resource"
          ]
        }
      ],
      "@type": [
        "ebucore:EditorialObject"
      ]
    }
  ],
  "hasRepresentation": [
    {
      "@id": "https://data.datatourisme.fr/bb08f350-1111-38e3-bd65-3c031533d5b0",
      "ebucore:hasAnnotation": [
        {
          "@id": "https://data.datatourisme.fr/c6cf708b-590f-3c45-a9d5-d152d93d8133",
          "ebucore:title": {
            "fr": [
              "pique_nique"
            ]
          },
          "@type": [
            "ebucore:Annotation"
          ],
          "credits": [
            "Lot Tourisme"
          ]
        }
      ],
      "ebucore:hasRelatedResource": [
        {
          "@id": "https://data.datatourisme.fr/b2ebf2fe-4b22-34b5-ac52-833fdaa495db",
          "ebucore:hasMimeType": [
            {
              "@id": "kb:JPEG",
              "@type": [
                "ebucore:MimeType"
              ],
              "rdfs:comment": {
                "de": [
                  "JPEG-Bild"
                ],
                "pt": [
                  "Imagem JPEG"
                ],
                "en": [
                  "JPEG image file"
                ],
                "it": [
                  "Immagine JPEG"
                ],
                "fr": [
                  "Image JPEG"
                ],
                "nl": [
                  "JPEG-afbeelding"
                ],
                "es": [
                  "Imagen JPEG"
                ]
              },
              "rdfs:label": {
                "de": [
                  "image/jpeg"
                ],
                "pt": [
                  "image/jpeg"
                ],
                "en": [
                  "image/jpeg"
                ],
                "it": [
                  "image/jpeg"
                ],
                "fr": [
                  "image/jpeg"
                ],
                "nl": [
                  "image/jpeg"
                ],
                "es": [
                  "image/jpeg"
                ]
              }
            }
          ],
          "ebucore:locator": [
            "http://cdt46.media.tourinsoft.com/upload/AIRMIP046V525MDH-pique-nique.jpg"
          ],
          "@type": [
            "ebucore:Resource"
          ]
        }
      ],
      "@type": [
        "ebucore:EditorialObject"
      ]
    }
  ],
  "isLocatedAt": [
    {
      "@id": "https://data.datatourisme.fr/2100b2ec-6921-324a-b6bd-4843890483ea",
      "schema:address": [
        {
          "@id": "https://data.datatourisme.fr/24e559ca-4d53-333b-8fbb-dcef01576ce3",
          "schema:addressLocality": "Autoire",
          "schema:postalCode": "46400",
          "schema:streetAddress": [
            "D38"
          ],
          "@type": [
            "schema:PostalAddress",
            "PostalAddress"
          ],
          "hasAddressCity": {
            "@id": "kb:46011",
            "@type": [
              "City"
            ],
            "rdfs:label": {
              "de": [
                "Autoire"
              ],
              "pt": [
                "Autoire"
              ],
              "en": [
                "Autoire"
              ],
              "it": [
                "Autoire"
              ],
              "fr": [
                "Autoire"
              ],
              "nl": [
                "Autoire"
              ],
              "es": [
                "Autoire"
              ]
            },
            "insee": "46011",
            "isPartOfDepartment": {
              "@id": "kb:France7646",
              "@type": [
                "Department"
              ],
              "rdfs:label": {
                "de": [
                  "Lot"
                ],
                "pt": [
                  "Lot"
                ],
                "en": [
                  "Lot"
                ],
                "it": [
                  "Lot"
                ],
                "fr": [
                  "Lot"
                ],
                "nl": [
                  "Lot"
                ],
                "es": [
                  "Lot"
                ]
              },
              "insee": "46",
              "isPartOfRegion": {
                "@id": "kb:France76",
                "@type": [
                  "Region"
                ],
                "rdfs:label": {
                  "de": [
                    "Occitanie"
                  ],
                  "pt": [
                    "Occitanie"
                  ],
                  "en": [
                    "Occitanie"
                  ],
                  "it": [
                    "Occitanie"
                  ],
                  "fr": [
                    "Occitanie"
                  ],
                  "nl": [
                    "Occitanie"
                  ],
                  "es": [
                    "Occitanie"
                  ]
                },
                "insee": "76",
                "isPartOfCountry": {
                  "@id": "kb:France",
                  "@type": [
                    "schema:Country"
                  ],
                  "rdfs:label": {
                    "de": [
                      "France",
                      "Frankreich"
                    ],
                    "pt": [
                      "França",
                      "France"
                    ],
                    "en": [
                      "France"
                    ],
                    "it": [
                      "France",
                      "Francia"
                    ],
                    "fr": [
                      "France"
                    ],
                    "nl": [
                      "France",
                      "Frankrijk"
                    ],
                    "es": [
                      "France",
                      "Francia"
                    ]
                  }
                }
              }
            }
          }
        }
      ],
      "schema:geo": {
        "@id": "https://data.datatourisme.fr/836f6407-97a0-3341-b1a6-654e87613906",
        "schema:latitude": "44.8549529",
        "schema:longitude": "1.821791",
        "@type": [
          "schema:GeoCoordinates"
        ]
      },
      "@type": [
        "schema:Place",
        "Place"
      ]
    }
  ],
  "isOwnedBy": [
    {
      "@id": "https://data.datatourisme.fr/736d96b9-eae4-3375-b259-952d5527b62a",
      "schema:legalName": "ADT46",
      "@type": [
        "schema:Organization",
        "foaf:Agent",
        "Agent"
      ]
    }
  ],
  "lastUpdate": "2023-03-28",
  "lastUpdateDatatourisme": "2023-03-28T13:02:13.048Z"
}