{
  "@id": "https://data.datatourisme.fr/22/009c6084-5388-3aaa-9f7f-adf3f805f1da",
  "dc:identifier": "FMAMIP046V527VOK",
  "schema:endDate": [
    "2023-06-01"
  ],
  "schema:startDate": [
    "2023-06-01"
  ],
  "@type": [
    "schema:BusinessEvent",
    "schema:Event",
    "BusinessEvent",
    "EntertainmentAndEvent",
    "PointOfInterest",
    "SportsEvent",
    "TrainingWorkshop"
  ],
  "rdfs:comment": {
    "de": [
      "Wenn Sie in die Geschichte Ihrer Familie eintauchen möchten, lernen Sie in diesem Workshop die online verfügbaren Quellen auf der Website des Archives départementales du Lot kennen und erwerben die Grundlagen, um mit Ihren Recherchen zu beginnen."
    ],
    "en": [
      "If you want to dive into your family history, this workshop will allow you to discover the sources available online on the website of the Archives départementales du Lot and to acquire the basics to start your research."
    ],
    "it": [
      "Se desiderate approfondire la storia della vostra famiglia, questo workshop vi permetterà di scoprire le fonti disponibili online sul sito degli Archives départementales du Lot e di acquisire le basi per iniziare la vostra ricerca."
    ],
    "fr": [
      "Si vous souhaitez vous plonger dans l’histoire de votre famille, cet atelier va vous permettre de découvrir les sources disponibles en ligne sur le site internet des Archives départementales du Lot et d’acquérir les bases pour débuter vos recherches."
    ],
    "es": [
      "Si desea profundizar en la historia de su familia, este taller le permitirá descubrir las fuentes disponibles en línea en la página web de los Archivos Departamentales del Lot y adquirir las nociones básicas para iniciar su investigación."
    ],
    "nl": [
      "Als u zich wilt verdiepen in de geschiedenis van uw familie, kunt u tijdens deze workshop de online beschikbare bronnen op de website van de Archives départementales du Lot ontdekken en de basiskennis opdoen om met uw onderzoek te beginnen."
    ]
  },
  "rdfs:label": {
    "fr": [
      "Atelier généalogie à Salviac"
    ]
  },
  "creationDate": "2023-04-14",
  "hasAdministrativeContact": [
    {
      "@id": "https://data.datatourisme.fr/a7efbf1b-544f-3535-ba8d-7fb454477a60",
      "schema:email": [
        "mediatheque.intercommunale.salviac@orange.fr"
      ],
      "@type": [
        "foaf:Agent",
        "Agent"
      ],
      "foaf:homepage": [
        "https://lot.fr/programme-planete-lot"
      ]
    }
  ],
  "hasAudience": [
    {
      "@id": "kb:Departmental",
      "@type": [
        "GeographicReach"
      ],
      "rdfs:label": {
        "de": [
          "Des Départements"
        ],
        "pt": [
          "Departamental"
        ],
        "en": [
          "Departmental"
        ],
        "it": [
          "Dipartimentale"
        ],
        "fr": [
          "Départementale"
        ],
        "nl": [
          "Departementaal"
        ],
        "es": [
          "Departamental"
        ]
      }
    },
    {
      "@id": "kb:Regional",
      "@type": [
        "GeographicReach"
      ],
      "rdfs:label": {
        "de": [
          "Regional"
        ],
        "pt": [
          "Regional"
        ],
        "en": [
          "Regional"
        ],
        "it": [
          "Regionale"
        ],
        "fr": [
          "Régionale"
        ],
        "es": [
          "Regional"
        ],
        "nl": [
          "Regionaal"
        ]
      }
    }
  ],
  "hasBeenCreatedBy": {
    "@id": "https://data.datatourisme.fr/e6f1e18b-d9f2-38f0-abcd-b5572d4ceb4f",
    "schema:legalName": "OT Cazals-Salviac",
    "@type": [
      "schema:Organization",
      "foaf:Agent",
      "Agent"
    ]
  },
  "hasBeenPublishedBy": [
    {
      "@id": "https://data.datatourisme.fr/a91cfac3-26b1-32ff-a4d1-03a88ee24fce",
      "schema:legalName": "Lot Tourisme - Agence de Développement Touristique",
      "schema:logo": "https://image.jimcdn.com/app/cms/image/transf/dimension=150x150:format=jpg/path/s241e622ed1e390b3/image/if282e9258e4ddfa7/version/1391472379/image.jpg",
      "@type": [
        "schema:Organization",
        "foaf:Agent",
        "Agent"
      ],
      "foaf:homepage": [
        "http://www.tourisme-lot.com/"
      ]
    }
  ],
  "hasBookingContact": [
    {
      "@id": "https://data.datatourisme.fr/3faa5205-79a6-354d-8296-8a8636fedae7",
      "@type": [
        "foaf:Agent",
        "Agent"
      ],
      "foaf:homepage": [
        "https://www.eventbrite.fr/e/billets-je-debute-ma-genealogie-597805982787"
      ]
    }
  ],
  "hasContact": [
    {
      "@id": "https://data.datatourisme.fr/08e57afa-8184-34fa-8a07-e4b3f1add87d",
      "schema:legalName": "Archives départementales du Lot",
      "schema:telephone": [
        "+33 5 65 53 49 00"
      ],
      "@type": [
        "schema:Organization",
        "foaf:Agent",
        "Agent"
      ]
    },
    {
      "@id": "https://data.datatourisme.fr/3faa5205-79a6-354d-8296-8a8636fedae7",
      "@type": [
        "foaf:Agent",
        "Agent"
      ],
      "foaf:homepage": [
        "https://www.eventbrite.fr/e/billets-je-debute-ma-genealogie-597805982787"
      ]
    },
    {
      "@id": "https://data.datatourisme.fr/a436468d-3dc3-36cf-ac09-5b44d6fe05e1",
      "schema:legalName": "Médiathèque intercommunale",
      "schema:telephone": [
        "+33 9 67 34 62 43"
      ],
      "@type": [
        "schema:Organization",
        "foaf:Agent",
        "Agent"
      ]
    },
    {
      "@id": "https://data.datatourisme.fr/a7efbf1b-544f-3535-ba8d-7fb454477a60",
      "schema:email": [
        "mediatheque.intercommunale.salviac@orange.fr"
      ],
      "@type": [
        "foaf:Agent",
        "Agent"
      ],
      "foaf:homepage": [
        "https://lot.fr/programme-planete-lot"
      ]
    }
  ],
  "hasDescription": [
    {
      "@id": "https://data.datatourisme.fr/a73b64e3-75c7-3abd-acd3-dea542aa5b60",
      "dc:description": {
        "de": [
          "Auf Anmeldung"
        ],
        "en": [
          "On registration"
        ],
        "it": [
          "Al momento della registrazione"
        ],
        "fr": [
          "Sur inscription"
        ],
        "nl": [
          "Bij inschrijving"
        ],
        "es": [
          "Al registrarse"
        ]
      },
      "@type": [
        "Description"
      ],
      "hasTranslatedProperty": [
        {
          "@id": "https://data.datatourisme.fr/0071127b-e109-37c5-a896-75591168ddc2",
          "dc:contributor": [
            "https://api.deepl.com/v2/translate"
          ],
          "rdf:language": [
            "en"
          ],
          "rdf:predicate": [
            "shortDescription"
          ]
        },
        {
          "@id": "https://data.datatourisme.fr/0f1763b6-0a45-33fa-b61e-770f4700e553",
          "dc:contributor": [
            "https://api.deepl.com/v2/translate"
          ],
          "rdf:language": [
            "it"
          ],
          "rdf:predicate": [
            {
              "@id": "dc:description"
            }
          ]
        },
        {
          "@id": "https://data.datatourisme.fr/1872a431-7a8b-3875-8675-c4bf49bbc8ac",
          "dc:contributor": [
            "https://api.deepl.com/v2/translate"
          ],
          "rdf:language": [
            "nl"
          ],
          "rdf:predicate": [
            "shortDescription"
          ]
        },
        {
          "@id": "https://data.datatourisme.fr/440206ba-2b45-32bc-84e0-451bc2c8b1a2",
          "dc:contributor": [
            "https://api.deepl.com/v2/translate"
          ],
          "rdf:language": [
            "de"
          ],
          "rdf:predicate": [
            "shortDescription"
          ]
        },
        {
          "@id": "https://data.datatourisme.fr/78bb1020-e30a-32a3-b319-a547133855b0",
          "dc:contributor": [
            "https://api.deepl.com/v2/translate"
          ],
          "rdf:language": [
            "de"
          ],
          "rdf:predicate": [
            {
              "@id": "dc:description"
            }
          ]
        },
        {
          "@id": "https://data.datatourisme.fr/7f5c7eb8-a91c-3df1-8f9b-cedf1817f7c1",
          "dc:contributor": [
            "https://api.deepl.com/v2/translate"
          ],
          "rdf:language": [
            "nl"
          ],
          "rdf:predicate": [
            {
              "@id": "dc:description"
            }
          ]
        },
        {
          "@id": "https://data.datatourisme.fr/80d466d4-49ff-33d1-b029-637c122f68b6",
          "dc:contributor": [
            "https://api.deepl.com/v2/translate"
          ],
          "rdf:language": [
            "en"
          ],
          "rdf:predicate": [
            {
              "@id": "dc:description"
            }
          ]
        },
        {
          "@id": "https://data.datatourisme.fr/b3f80604-a490-3317-bee3-c1d054251e04",
          "dc:contributor": [
            "https://api.deepl.com/v2/translate"
          ],
          "rdf:language": [
            "es"
          ],
          "rdf:predicate": [
            {
              "@id": "dc:description"
            }
          ]
        },
        {
          "@id": "https://data.datatourisme.fr/b49470dc-c319-3a06-ac08-92f2aa0bd309",
          "dc:contributor": [
            "https://api.deepl.com/v2/translate"
          ],
          "rdf:language": [
            "it"
          ],
          "rdf:predicate": [
            "shortDescription"
          ]
        },
        {
          "@id": "https://data.datatourisme.fr/cdfee517-161f-33e8-95bd-203fc4879f20",
          "dc:contributor": [
            "https://api.deepl.com/v2/translate"
          ],
          "rdf:language": [
            "es"
          ],
          "rdf:predicate": [
            "shortDescription"
          ]
        }
      ],
      "shortDescription": {
        "de": [
          "Wenn Sie in die Geschichte Ihrer Familie eintauchen möchten, lernen Sie in diesem Workshop die online verfügbaren Quellen auf der Website des Archives départementales du Lot kennen und erwerben die Grundlagen, um mit Ihren Recherchen zu beginnen."
        ],
        "en": [
          "If you want to dive into your family history, this workshop will allow you to discover the sources available online on the website of the Archives départementales du Lot and to acquire the basics to start your research."
        ],
        "it": [
          "Se desiderate approfondire la storia della vostra famiglia, questo workshop vi permetterà di scoprire le fonti disponibili online sul sito degli Archives départementales du Lot e di acquisire le basi per iniziare la vostra ricerca."
        ],
        "fr": [
          "Si vous souhaitez vous plonger dans l’histoire de votre famille, cet atelier va vous permettre de découvrir les sources disponibles en ligne sur le site internet des Archives départementales du Lot et d’acquérir les bases pour débuter vos recherches."
        ],
        "es": [
          "Si desea profundizar en la historia de su familia, este taller le permitirá descubrir las fuentes disponibles en línea en la página web de los Archivos Departamentales del Lot y adquirir las nociones básicas para iniciar su investigación."
        ],
        "nl": [
          "Als u zich wilt verdiepen in de geschiedenis van uw familie, kunt u tijdens deze workshop de online beschikbare bronnen op de website van de Archives départementales du Lot ontdekken en de basiskennis opdoen om met uw onderzoek te beginnen."
        ]
      }
    }
  ],
  "hasGeographicReach": [
    {
      "@id": "kb:Departmental",
      "@type": [
        "GeographicReach"
      ],
      "rdfs:label": {
        "de": [
          "Des Départements"
        ],
        "pt": [
          "Departamental"
        ],
        "en": [
          "Departmental"
        ],
        "it": [
          "Dipartimentale"
        ],
        "fr": [
          "Départementale"
        ],
        "nl": [
          "Departementaal"
        ],
        "es": [
          "Departamental"
        ]
      }
    },
    {
      "@id": "kb:Regional",
      "@type": [
        "GeographicReach"
      ],
      "rdfs:label": {
        "de": [
          "Regional"
        ],
        "pt": [
          "Regional"
        ],
        "en": [
          "Regional"
        ],
        "it": [
          "Regionale"
        ],
        "fr": [
          "Régionale"
        ],
        "es": [
          "Regional"
        ],
        "nl": [
          "Regionaal"
        ]
      }
    }
  ],
  "hasMainRepresentation": [
    {
      "@id": "https://data.datatourisme.fr/a058bdce-8b28-39b9-8546-6f671930d3a6",
      "ebucore:hasAnnotation": [
        {
          "@id": "https://data.datatourisme.fr/d69a3995-112d-39c2-a332-cb8ab9bfb064",
          "ebucore:title": {
            "fr": [
              "Arbre généalogique"
            ]
          },
          "@type": [
            "ebucore:Annotation"
          ],
          "credits": [
            "© AD46"
          ]
        }
      ],
      "ebucore:hasRelatedResource": [
        {
          "@id": "https://data.datatourisme.fr/6702e132-d711-35c0-8243-b80095c9bdb0",
          "ebucore:hasMimeType": [
            {
              "@id": "kb:JPEG",
              "@type": [
                "ebucore:MimeType"
              ],
              "rdfs:comment": {
                "de": [
                  "JPEG-Bild"
                ],
                "pt": [
                  "Imagem JPEG"
                ],
                "en": [
                  "JPEG image file"
                ],
                "it": [
                  "Immagine JPEG"
                ],
                "fr": [
                  "Image JPEG"
                ],
                "nl": [
                  "JPEG-afbeelding"
                ],
                "es": [
                  "Imagen JPEG"
                ]
              },
              "rdfs:label": {
                "de": [
                  "image/jpeg"
                ],
                "pt": [
                  "image/jpeg"
                ],
                "en": [
                  "image/jpeg"
                ],
                "it": [
                  "image/jpeg"
                ],
                "fr": [
                  "image/jpeg"
                ],
                "nl": [
                  "image/jpeg"
                ],
                "es": [
                  "image/jpeg"
                ]
              }
            }
          ],
          "ebucore:locator": [
            "http://cdt46.media.tourinsoft.com/upload/Arbre-genealogique---AD46.jpg"
          ],
          "@type": [
            "ebucore:Resource"
          ]
        }
      ],
      "@type": [
        "ebucore:EditorialObject"
      ]
    }
  ],
  "hasRepresentation": [
    {
      "@id": "https://data.datatourisme.fr/a058bdce-8b28-39b9-8546-6f671930d3a6",
      "ebucore:hasAnnotation": [
        {
          "@id": "https://data.datatourisme.fr/d69a3995-112d-39c2-a332-cb8ab9bfb064",
          "ebucore:title": {
            "fr": [
              "Arbre généalogique"
            ]
          },
          "@type": [
            "ebucore:Annotation"
          ],
          "credits": [
            "© AD46"
          ]
        }
      ],
      "ebucore:hasRelatedResource": [
        {
          "@id": "https://data.datatourisme.fr/6702e132-d711-35c0-8243-b80095c9bdb0",
          "ebucore:hasMimeType": [
            {
              "@id": "kb:JPEG",
              "@type": [
                "ebucore:MimeType"
              ],
              "rdfs:comment": {
                "de": [
                  "JPEG-Bild"
                ],
                "pt": [
                  "Imagem JPEG"
                ],
                "en": [
                  "JPEG image file"
                ],
                "it": [
                  "Immagine JPEG"
                ],
                "fr": [
                  "Image JPEG"
                ],
                "nl": [
                  "JPEG-afbeelding"
                ],
                "es": [
                  "Imagen JPEG"
                ]
              },
              "rdfs:label": {
                "de": [
                  "image/jpeg"
                ],
                "pt": [
                  "image/jpeg"
                ],
                "en": [
                  "image/jpeg"
                ],
                "it": [
                  "image/jpeg"
                ],
                "fr": [
                  "image/jpeg"
                ],
                "nl": [
                  "image/jpeg"
                ],
                "es": [
                  "image/jpeg"
                ]
              }
            }
          ],
          "ebucore:locator": [
            "http://cdt46.media.tourinsoft.com/upload/Arbre-genealogique---AD46.jpg"
          ],
          "@type": [
            "ebucore:Resource"
          ]
        }
      ],
      "@type": [
        "ebucore:EditorialObject"
      ]
    }
  ],
  "hasTranslatedProperty": [
    {
      "@id": "https://data.datatourisme.fr/274f0908-91d9-3365-b280-4c747fd410cd",
      "dc:contributor": [
        "https://api.deepl.com/v2/translate"
      ],
      "rdf:language": [
        "en"
      ],
      "rdf:predicate": [
        {
          "@id": "rdfs:comment"
        }
      ]
    },
    {
      "@id": "https://data.datatourisme.fr/99f86c56-2e84-3ae6-a6f5-93bc6d1385ab",
      "dc:contributor": [
        "https://api.deepl.com/v2/translate"
      ],
      "rdf:language": [
        "nl"
      ],
      "rdf:predicate": [
        {
          "@id": "rdfs:comment"
        }
      ]
    },
    {
      "@id": "https://data.datatourisme.fr/bc12a84b-22fd-3de4-ae0a-a5187ffaedf2",
      "dc:contributor": [
        "https://api.deepl.com/v2/translate"
      ],
      "rdf:language": [
        "es"
      ],
      "rdf:predicate": [
        {
          "@id": "rdfs:comment"
        }
      ]
    },
    {
      "@id": "https://data.datatourisme.fr/c4808f7e-fbd3-34fa-91f5-84c3748b202f",
      "dc:contributor": [
        "https://api.deepl.com/v2/translate"
      ],
      "rdf:language": [
        "de"
      ],
      "rdf:predicate": [
        {
          "@id": "rdfs:comment"
        }
      ]
    },
    {
      "@id": "https://data.datatourisme.fr/cf4d2de4-362c-3e48-9b28-dc3939f7769f",
      "dc:contributor": [
        "https://api.deepl.com/v2/translate"
      ],
      "rdf:language": [
        "it"
      ],
      "rdf:predicate": [
        {
          "@id": "rdfs:comment"
        }
      ]
    }
  ],
  "isLocatedAt": [
    {
      "@id": "https://data.datatourisme.fr/f3331a1f-8d81-3821-94a1-f3fd19a9ce8c",
      "schema:address": [
        {
          "@id": "https://data.datatourisme.fr/38e422e0-4c5d-35ee-9872-976943dde381",
          "schema:addressLocality": "Salviac",
          "schema:postalCode": "46340",
          "schema:streetAddress": [
            "Médiathèque intercommunale"
          ],
          "@type": [
            "schema:PostalAddress",
            "PostalAddress"
          ],
          "hasAddressCity": {
            "@id": "kb:46297",
            "@type": [
              "City"
            ],
            "rdfs:label": {
              "de": [
                "Salviac"
              ],
              "pt": [
                "Salviac"
              ],
              "en": [
                "Salviac"
              ],
              "it": [
                "Salviac"
              ],
              "fr": [
                "Salviac"
              ],
              "nl": [
                "Salviac"
              ],
              "es": [
                "Salviac"
              ]
            },
            "insee": "46297",
            "isPartOfDepartment": {
              "@id": "kb:France7646",
              "@type": [
                "Department"
              ],
              "rdfs:label": {
                "de": [
                  "Lot"
                ],
                "pt": [
                  "Lot"
                ],
                "en": [
                  "Lot"
                ],
                "it": [
                  "Lot"
                ],
                "fr": [
                  "Lot"
                ],
                "nl": [
                  "Lot"
                ],
                "es": [
                  "Lot"
                ]
              },
              "insee": "46",
              "isPartOfRegion": {
                "@id": "kb:France76",
                "@type": [
                  "Region"
                ],
                "rdfs:label": {
                  "de": [
                    "Occitanie"
                  ],
                  "pt": [
                    "Occitanie"
                  ],
                  "en": [
                    "Occitanie"
                  ],
                  "it": [
                    "Occitanie"
                  ],
                  "fr": [
                    "Occitanie"
                  ],
                  "nl": [
                    "Occitanie"
                  ],
                  "es": [
                    "Occitanie"
                  ]
                },
                "insee": "76",
                "isPartOfCountry": {
                  "@id": "kb:France",
                  "@type": [
                    "schema:Country"
                  ],
                  "rdfs:label": {
                    "de": [
                      "France",
                      "Frankreich"
                    ],
                    "pt": [
                      "França",
                      "France"
                    ],
                    "en": [
                      "France"
                    ],
                    "it": [
                      "France",
                      "Francia"
                    ],
                    "fr": [
                      "France"
                    ],
                    "nl": [
                      "France",
                      "Frankrijk"
                    ],
                    "es": [
                      "France",
                      "Francia"
                    ]
                  }
                }
              }
            }
          }
        }
      ],
      "schema:geo": {
        "@id": "https://data.datatourisme.fr/c4ab4d5d-7dec-3d2b-bc82-6654f2c2b2f0",
        "schema:latitude": "44.6815249",
        "schema:longitude": "1.26570091",
        "@type": [
          "schema:GeoCoordinates"
        ]
      },
      "schema:openingHoursSpecification": [
        {
          "@id": "https://data.datatourisme.fr/afdaff18-6af3-31c5-ae99-fe3890c13811",
          "schema:opens": "18:00:00",
          "schema:validFrom": "2023-06-01T00:00:00",
          "schema:validThrough": "2023-06-01T00:00:00",
          "@type": [
            "schema:OpeningHoursSpecification"
          ]
        }
      ],
      "@type": [
        "schema:Place",
        "Place"
      ]
    }
  ],
  "lastUpdate": "2023-04-14",
  "lastUpdateDatatourisme": "2023-09-18T15:54:53.03Z",
  "offers": [
    {
      "@id": "https://data.datatourisme.fr/144943c5-99fc-30f2-86d4-1548678e38bc",
      "schema:priceSpecification": [
        {
          "@id": "https://data.datatourisme.fr/0124a1b8-5e75-3908-96ca-4506aae4265b",
          "schema:priceCurrency": "EUR",
          "@type": [
            "schema:PriceSpecification",
            "PriceSpecification"
          ],
          "hasEligiblePolicy": [
            {
              "@id": "kb:Free",
              "@type": [
                "PricingPolicy"
              ],
              "rdfs:label": {
                "de": [
                  "Kostenlos"
                ],
                "pt": [
                  "Gratuito"
                ],
                "en": [
                  "Free"
                ],
                "it": [
                  "Gratuito"
                ],
                "fr": [
                  "Gratuit"
                ],
                "es": [
                  "Gratuito"
                ],
                "nl": [
                  "Gratis"
                ]
              }
            }
          ],
          "name": {
            "fr": [
              "Gratuit"
            ]
          }
        }
      ],
      "@type": [
        "schema:Offer",
        "Offer"
      ]
    }
  ],
  "takesPlaceAt": [
    {
      "@id": "https://data.datatourisme.fr/c6b4a01e-b328-3349-b307-d6bf4689fa67",
      "@type": [
        "Period"
      ],
      "endDate": "2023-06-01",
      "startDate": "2023-06-01",
      "startTime": "18:00:00"
    }
  ]
}