{
  "@id": "https://data.datatourisme.fr/22/008efb96-0089-34f8-89db-190108d5101a",
  "dc:identifier": "FMAMIP046V51ZK58",
  "schema:endDate": [
    "2023-03-26"
  ],
  "schema:startDate": [
    "2023-03-26"
  ],
  "@type": [
    "schema:Event",
    "CulturalEvent",
    "EntertainmentAndEvent",
    "PointOfInterest",
    "ShowEvent"
  ],
  "rdfs:comment": {
    "de": [
      "Der Kulturladen des Vereins Art'zimut geht diesen Frühling wieder auf Reisen, und zwar nach Alvignac, Floirac, Martel und Les-Quatre-Routes-du-Lot! Auf dieser Tournee laden wir Sie ein, das Stück \"Accordez-moi\" der Compagnie APARTéS zu entdecken, ein Clown-Musiker-Duo, das in Privathaushalten auftritt! Wir nehmen auch etwas mit, um Schreibworkshops und poetische Momente zu gestalten, ein Glas Freundschaft zu teilen, ein Bouquet der Geselligkeit...\n\nGeteiltes Gouter.\n\n* Denken Sie daran, zu reservieren, da die Plätze begrenzt sind (sms, Anruf). Die genaue Adresse des Veranstaltungsortes wird Ihnen bei der Reservierung mitgeteilt!"
    ],
    "en": [
      "The Epicerie Culturelle of the association Art'zimut is back on the road this spring, towards Alvignac, Floirac, Martel and Les-Quatre-Routes-du-Lot! For this tour, we invite you to discover the show \"Accordez-moi\" by the company APARTéS, a clown-musician duo performing in the homes of local residents! We also take along some writing workshops, poetic moments, sharing a glass of friendship, a bouquet of conviviality...\n\nShared snack.\n\n* Remember to reserve because places are limited (sms, call). We will give you the exact address of the venue when you make your reservation!"
    ],
    "it": [
      "L'Epicerie Culturelle dell'associazione Art'zimut è di nuovo in viaggio questa primavera, alla volta di Alvignac, Floirac, Martel e Les-Quatre-Routes-du-Lot! Per questa tournée, vi invitiamo a scoprire lo spettacolo \"Accordez-moi\" della compagnia APARTéS, un duo di clown-musicisti che si esibisce nelle case della gente! Portiamo anche alcuni laboratori di scrittura, momenti poetici, un bicchiere di amicizia, un bouquet di convivialità...\n\nMerenda condivisa.\n\n* Ricordatevi di prenotare perché i posti sono limitati (sms, telefonata). Vi daremo l'indirizzo esatto della sede al momento della prenotazione!"
    ],
    "fr": [
      "L'Epicerie Culturelle de l'association Art'zimut reprend la route ce printemps, direction Alvignac, Floirac, Martel et Les-Quatre-Routes-du-Lot ! Pour cette tournée nous vous invitons à découvrir le spectacle \"Accordez-moi\" de la compagnie APARTéS, un duo clown-musicien en représentation chez l'habitant ! On emporte aussi de quoi crayonner des ateliers d'écritures, des instants poétiques, partager un verre de l'amitié, un bouquet de convivialité...\n\nGouter partagé.\n\n* Pensez à réserver car les places sont limitées (sms, appel). On vous donnera l'adresse exacte du lieu de spectacle au moment de la réservation !"
    ],
    "es": [
      "La Epicerie Culturelle de la asociación Art'zimut vuelve a la carretera esta primavera con destino a Alvignac, Floirac, Martel y Les-Quatre-Routes-du-Lot Con motivo de esta gira, le invitamos a descubrir el espectáculo \"Accordez-moi\" de la compañía APARTéS, un dúo de payasos y músicos que actúan a domicilio También le proponemos talleres de escritura, momentos poéticos, una copa de amistad, un ramillete de convivencia...\n\nMerienda compartida.\n\n* No olvide reservar, ya que las plazas son limitadas (sms, llamada). Te daremos la dirección exacta del lugar cuando hagas la reserva"
    ],
    "nl": [
      "De Epicerie Culturelle van de vereniging Art'zimut gaat dit voorjaar weer op pad naar Alvignac, Floirac, Martel en Les-Quatre-Routes-du-Lot! Voor deze tournee nodigen we u uit om de voorstelling \"Accordez-moi\" van het gezelschap APARTéS te ontdekken, een clown-muzikantenduo dat bij mensen thuis optreedt! We brengen ook enkele schrijfworkshops mee, poëtische momenten, het delen van een glas vriendschap, een boeket van gezelligheid...\n\nGedeelde snack.\n\n* Vergeet niet te reserveren want de plaatsen zijn beperkt (sms, bel). We geven je het exacte adres van de locatie wanneer je reserveert!"
    ]
  },
  "rdfs:label": {
    "fr": [
      "Spectacle “Accordez-moi” de la Cie APARTéS, en tournée avec l'Epicerie Culturelle ! à Floirac"
    ]
  },
  "creationDate": "2021-09-20",
  "hasAudience": [
    {
      "@id": "kb:Departmental",
      "@type": [
        "GeographicReach"
      ],
      "rdfs:label": {
        "de": [
          "Des Départements"
        ],
        "pt": [
          "Departamental"
        ],
        "en": [
          "Departmental"
        ],
        "it": [
          "Dipartimentale"
        ],
        "fr": [
          "Départementale"
        ],
        "nl": [
          "Departementaal"
        ],
        "es": [
          "Departamental"
        ]
      }
    },
    {
      "@id": "kb:Regional",
      "@type": [
        "GeographicReach"
      ],
      "rdfs:label": {
        "de": [
          "Regional"
        ],
        "pt": [
          "Regional"
        ],
        "en": [
          "Regional"
        ],
        "it": [
          "Regionale"
        ],
        "fr": [
          "Régionale"
        ],
        "es": [
          "Regional"
        ],
        "nl": [
          "Regionaal"
        ]
      }
    }
  ],
  "hasBeenCreatedBy": {
    "@id": "https://data.datatourisme.fr/c76f881e-c5ed-3468-bf64-d22ce72c5e4e",
    "schema:legalName": "OT Vallée de la Dordogne",
    "@type": [
      "schema:Organization",
      "foaf:Agent",
      "Agent"
    ]
  },
  "hasBeenPublishedBy": [
    {
      "@id": "https://data.datatourisme.fr/a91cfac3-26b1-32ff-a4d1-03a88ee24fce",
      "schema:legalName": "Lot Tourisme - Agence de Développement Touristique",
      "schema:logo": "https://image.jimcdn.com/app/cms/image/transf/dimension=150x150:format=jpg/path/s241e622ed1e390b3/image/if282e9258e4ddfa7/version/1391472379/image.jpg",
      "@type": [
        "schema:Organization",
        "foaf:Agent",
        "Agent"
      ],
      "foaf:homepage": [
        "http://www.tourisme-lot.com/"
      ]
    }
  ],
  "hasContact": [
    {
      "@id": "https://data.datatourisme.fr/96c40c12-b9f1-3bda-881a-e79c46c3615b",
      "schema:email": [
        "artzimut@orange.fr"
      ],
      "schema:telephone": [
        "+33 6 88 63 25 43"
      ],
      "@type": [
        "foaf:Agent",
        "Agent"
      ]
    }
  ],
  "hasDescription": [
    {
      "@id": "https://data.datatourisme.fr/b5d0ea04-2e68-313c-b097-8957c9674d79",
      "@type": [
        "Description"
      ],
      "hasTranslatedProperty": [
        {
          "@id": "https://data.datatourisme.fr/021cd647-04b1-3a5f-991b-7fde7cd89f2d",
          "dc:contributor": [
            "https://api.deepl.com/v2/translate"
          ],
          "rdf:language": [
            "nl"
          ],
          "rdf:predicate": [
            "shortDescription"
          ]
        },
        {
          "@id": "https://data.datatourisme.fr/43b4e278-7b96-31f1-b54b-1558e25061a6",
          "dc:contributor": [
            "https://api.deepl.com/v2/translate"
          ],
          "rdf:language": [
            "es"
          ],
          "rdf:predicate": [
            "shortDescription"
          ]
        },
        {
          "@id": "https://data.datatourisme.fr/90e8f369-ec61-383a-9a42-95db4c92cb74",
          "dc:contributor": [
            "https://api.deepl.com/v2/translate"
          ],
          "rdf:language": [
            "de"
          ],
          "rdf:predicate": [
            "shortDescription"
          ]
        },
        {
          "@id": "https://data.datatourisme.fr/a31ff466-6127-39a9-a0f9-badfb50d5278",
          "dc:contributor": [
            "https://api.deepl.com/v2/translate"
          ],
          "rdf:language": [
            "it"
          ],
          "rdf:predicate": [
            "shortDescription"
          ]
        },
        {
          "@id": "https://data.datatourisme.fr/ad2bb8a3-e997-3f98-adf8-4aa3f19ad161",
          "dc:contributor": [
            "https://api.deepl.com/v2/translate"
          ],
          "rdf:language": [
            "en"
          ],
          "rdf:predicate": [
            "shortDescription"
          ]
        }
      ],
      "shortDescription": {
        "de": [
          "Der Kulturladen des Vereins Art'zimut geht diesen Frühling wieder auf Reisen, und zwar nach Alvignac, Floirac, Martel und Les-Quatre-Routes-du-Lot! Auf dieser Tournee laden wir Sie ein, das Stück \"Accordez-moi\" der Compagnie APARTéS zu entdecken, ein Clown-Musiker-Duo, das in Privathaushalten auftritt! Wir nehmen auch etwas mit, um Schreibworkshops und poetische Momente zu gestalten, ein Glas Freundschaft zu teilen, ein Bouquet der Geselligkeit...\n\nGeteiltes Gouter.\n\n* Denken Sie daran, zu reservieren, da die Plätze begrenzt sind (sms, Anruf). Die genaue Adresse des Veranstaltungsortes wird Ihnen bei der Reservierung mitgeteilt!"
        ],
        "en": [
          "The Epicerie Culturelle of the association Art'zimut is back on the road this spring, towards Alvignac, Floirac, Martel and Les-Quatre-Routes-du-Lot! For this tour, we invite you to discover the show \"Accordez-moi\" by the company APARTéS, a clown-musician duo performing in the homes of local residents! We also take along some writing workshops, poetic moments, sharing a glass of friendship, a bouquet of conviviality...\n\nShared snack.\n\n* Remember to reserve because places are limited (sms, call). We will give you the exact address of the venue when you make your reservation!"
        ],
        "it": [
          "L'Epicerie Culturelle dell'associazione Art'zimut è di nuovo in viaggio questa primavera, alla volta di Alvignac, Floirac, Martel e Les-Quatre-Routes-du-Lot! Per questa tournée, vi invitiamo a scoprire lo spettacolo \"Accordez-moi\" della compagnia APARTéS, un duo di clown-musicisti che si esibisce nelle case della gente! Portiamo anche alcuni laboratori di scrittura, momenti poetici, un bicchiere di amicizia, un bouquet di convivialità...\n\nMerenda condivisa.\n\n* Ricordatevi di prenotare perché i posti sono limitati (sms, telefonata). Vi daremo l'indirizzo esatto della sede al momento della prenotazione!"
        ],
        "fr": [
          "L'Epicerie Culturelle de l'association Art'zimut reprend la route ce printemps, direction Alvignac, Floirac, Martel et Les-Quatre-Routes-du-Lot ! Pour cette tournée nous vous invitons à découvrir le spectacle \"Accordez-moi\" de la compagnie APARTéS, un duo clown-musicien en représentation chez l'habitant ! On emporte aussi de quoi crayonner des ateliers d'écritures, des instants poétiques, partager un verre de l'amitié, un bouquet de convivialité...\n\nGouter partagé.\n\n* Pensez à réserver car les places sont limitées (sms, appel). On vous donnera l'adresse exacte du lieu de spectacle au moment de la réservation !"
        ],
        "es": [
          "La Epicerie Culturelle de la asociación Art'zimut vuelve a la carretera esta primavera con destino a Alvignac, Floirac, Martel y Les-Quatre-Routes-du-Lot Con motivo de esta gira, le invitamos a descubrir el espectáculo \"Accordez-moi\" de la compañía APARTéS, un dúo de payasos y músicos que actúan a domicilio También le proponemos talleres de escritura, momentos poéticos, una copa de amistad, un ramillete de convivencia...\n\nMerienda compartida.\n\n* No olvide reservar, ya que las plazas son limitadas (sms, llamada). Te daremos la dirección exacta del lugar cuando hagas la reserva"
        ],
        "nl": [
          "De Epicerie Culturelle van de vereniging Art'zimut gaat dit voorjaar weer op pad naar Alvignac, Floirac, Martel en Les-Quatre-Routes-du-Lot! Voor deze tournee nodigen we u uit om de voorstelling \"Accordez-moi\" van het gezelschap APARTéS te ontdekken, een clown-muzikantenduo dat bij mensen thuis optreedt! We brengen ook enkele schrijfworkshops mee, poëtische momenten, het delen van een glas vriendschap, een boeket van gezelligheid...\n\nGedeelde snack.\n\n* Vergeet niet te reserveren want de plaatsen zijn beperkt (sms, bel). We geven je het exacte adres van de locatie wanneer je reserveert!"
        ]
      }
    }
  ],
  "hasGeographicReach": [
    {
      "@id": "kb:Departmental",
      "@type": [
        "GeographicReach"
      ],
      "rdfs:label": {
        "de": [
          "Des Départements"
        ],
        "pt": [
          "Departamental"
        ],
        "en": [
          "Departmental"
        ],
        "it": [
          "Dipartimentale"
        ],
        "fr": [
          "Départementale"
        ],
        "nl": [
          "Departementaal"
        ],
        "es": [
          "Departamental"
        ]
      }
    },
    {
      "@id": "kb:Regional",
      "@type": [
        "GeographicReach"
      ],
      "rdfs:label": {
        "de": [
          "Regional"
        ],
        "pt": [
          "Regional"
        ],
        "en": [
          "Regional"
        ],
        "it": [
          "Regionale"
        ],
        "fr": [
          "Régionale"
        ],
        "es": [
          "Regional"
        ],
        "nl": [
          "Regionaal"
        ]
      }
    }
  ],
  "hasMainRepresentation": [
    {
      "@id": "https://data.datatourisme.fr/241f321d-7a5a-3359-a794-5d99a5ddf596",
      "ebucore:hasAnnotation": [
        {
          "@id": "https://data.datatourisme.fr/45092167-a112-37fc-9671-60147b87534a",
          "ebucore:title": {
            "fr": [
              "accordez moi Cie APARTés"
            ]
          },
          "@type": [
            "ebucore:Annotation"
          ],
          "credits": [
            "artzimut"
          ]
        }
      ],
      "ebucore:hasRelatedResource": [
        {
          "@id": "https://data.datatourisme.fr/6802eb02-ac25-3dec-9be1-01c5baaca94b",
          "ebucore:hasMimeType": [
            {
              "@id": "kb:JPEG",
              "@type": [
                "ebucore:MimeType"
              ],
              "rdfs:comment": {
                "de": [
                  "JPEG-Bild"
                ],
                "pt": [
                  "Imagem JPEG"
                ],
                "en": [
                  "JPEG image file"
                ],
                "it": [
                  "Immagine JPEG"
                ],
                "fr": [
                  "Image JPEG"
                ],
                "nl": [
                  "JPEG-afbeelding"
                ],
                "es": [
                  "Imagen JPEG"
                ]
              },
              "rdfs:label": {
                "de": [
                  "image/jpeg"
                ],
                "pt": [
                  "image/jpeg"
                ],
                "en": [
                  "image/jpeg"
                ],
                "it": [
                  "image/jpeg"
                ],
                "fr": [
                  "image/jpeg"
                ],
                "nl": [
                  "image/jpeg"
                ],
                "es": [
                  "image/jpeg"
                ]
              }
            }
          ],
          "ebucore:locator": [
            "http://cdt46.media.tourinsoft.com/upload/accordez-moi-Cie-APARTes-4.jpg"
          ],
          "@type": [
            "ebucore:Resource"
          ]
        }
      ],
      "@type": [
        "ebucore:EditorialObject"
      ]
    }
  ],
  "hasRepresentation": [
    {
      "@id": "https://data.datatourisme.fr/241f321d-7a5a-3359-a794-5d99a5ddf596",
      "ebucore:hasAnnotation": [
        {
          "@id": "https://data.datatourisme.fr/45092167-a112-37fc-9671-60147b87534a",
          "ebucore:title": {
            "fr": [
              "accordez moi Cie APARTés"
            ]
          },
          "@type": [
            "ebucore:Annotation"
          ],
          "credits": [
            "artzimut"
          ]
        }
      ],
      "ebucore:hasRelatedResource": [
        {
          "@id": "https://data.datatourisme.fr/6802eb02-ac25-3dec-9be1-01c5baaca94b",
          "ebucore:hasMimeType": [
            {
              "@id": "kb:JPEG",
              "@type": [
                "ebucore:MimeType"
              ],
              "rdfs:comment": {
                "de": [
                  "JPEG-Bild"
                ],
                "pt": [
                  "Imagem JPEG"
                ],
                "en": [
                  "JPEG image file"
                ],
                "it": [
                  "Immagine JPEG"
                ],
                "fr": [
                  "Image JPEG"
                ],
                "nl": [
                  "JPEG-afbeelding"
                ],
                "es": [
                  "Imagen JPEG"
                ]
              },
              "rdfs:label": {
                "de": [
                  "image/jpeg"
                ],
                "pt": [
                  "image/jpeg"
                ],
                "en": [
                  "image/jpeg"
                ],
                "it": [
                  "image/jpeg"
                ],
                "fr": [
                  "image/jpeg"
                ],
                "nl": [
                  "image/jpeg"
                ],
                "es": [
                  "image/jpeg"
                ]
              }
            }
          ],
          "ebucore:locator": [
            "http://cdt46.media.tourinsoft.com/upload/accordez-moi-Cie-APARTes-4.jpg"
          ],
          "@type": [
            "ebucore:Resource"
          ]
        }
      ],
      "@type": [
        "ebucore:EditorialObject"
      ]
    },
    {
      "@id": "https://data.datatourisme.fr/26dd4866-046d-39f0-b859-ad78a57ae1a9",
      "ebucore:hasAnnotation": [
        {
          "@id": "https://data.datatourisme.fr/b163cce7-ed90-3a92-85ee-4d053f971296",
          "ebucore:title": {
            "fr": [
              "ok Carte postale Saison 23 Tournée 6-V° (2)"
            ]
          },
          "@type": [
            "ebucore:Annotation"
          ],
          "credits": [
            "artzimut"
          ]
        }
      ],
      "ebucore:hasRelatedResource": [
        {
          "@id": "https://data.datatourisme.fr/39186c28-fb5b-343a-89f7-894aebb86078",
          "ebucore:hasMimeType": [
            {
              "@id": "kb:JPEG",
              "@type": [
                "ebucore:MimeType"
              ],
              "rdfs:comment": {
                "de": [
                  "JPEG-Bild"
                ],
                "pt": [
                  "Imagem JPEG"
                ],
                "en": [
                  "JPEG image file"
                ],
                "it": [
                  "Immagine JPEG"
                ],
                "fr": [
                  "Image JPEG"
                ],
                "nl": [
                  "JPEG-afbeelding"
                ],
                "es": [
                  "Imagen JPEG"
                ]
              },
              "rdfs:label": {
                "de": [
                  "image/jpeg"
                ],
                "pt": [
                  "image/jpeg"
                ],
                "en": [
                  "image/jpeg"
                ],
                "it": [
                  "image/jpeg"
                ],
                "fr": [
                  "image/jpeg"
                ],
                "nl": [
                  "image/jpeg"
                ],
                "es": [
                  "image/jpeg"
                ]
              }
            }
          ],
          "ebucore:locator": [
            "http://cdt46.media.tourinsoft.com/upload/ok-Carte-postale-Saison-23-Tournee-6-V---2--4.jpg"
          ],
          "@type": [
            "ebucore:Resource"
          ]
        }
      ],
      "@type": [
        "ebucore:EditorialObject"
      ]
    }
  ],
  "hasTranslatedProperty": [
    {
      "@id": "https://data.datatourisme.fr/3118b52d-f461-382c-9799-da083373f357",
      "dc:contributor": [
        "https://api.deepl.com/v2/translate"
      ],
      "rdf:language": [
        "en"
      ],
      "rdf:predicate": [
        {
          "@id": "rdfs:comment"
        }
      ]
    },
    {
      "@id": "https://data.datatourisme.fr/39dcf134-cebf-3df1-a049-c07b3c156e38",
      "dc:contributor": [
        "https://api.deepl.com/v2/translate"
      ],
      "rdf:language": [
        "es"
      ],
      "rdf:predicate": [
        {
          "@id": "rdfs:comment"
        }
      ]
    },
    {
      "@id": "https://data.datatourisme.fr/ab299ca9-0ed4-3653-8cee-22ed919833a1",
      "dc:contributor": [
        "https://api.deepl.com/v2/translate"
      ],
      "rdf:language": [
        "de"
      ],
      "rdf:predicate": [
        {
          "@id": "rdfs:comment"
        }
      ]
    },
    {
      "@id": "https://data.datatourisme.fr/dd237152-77ff-3bdc-a81e-849f51fee39b",
      "dc:contributor": [
        "https://api.deepl.com/v2/translate"
      ],
      "rdf:language": [
        "it"
      ],
      "rdf:predicate": [
        {
          "@id": "rdfs:comment"
        }
      ]
    },
    {
      "@id": "https://data.datatourisme.fr/f8d41663-0cc1-38a1-9dfd-292674ac21ad",
      "dc:contributor": [
        "https://api.deepl.com/v2/translate"
      ],
      "rdf:language": [
        "nl"
      ],
      "rdf:predicate": [
        {
          "@id": "rdfs:comment"
        }
      ]
    }
  ],
  "isLocatedAt": [
    {
      "@id": "https://data.datatourisme.fr/0525932b-504d-32f6-9153-983058d10b9c",
      "schema:address": [
        {
          "@id": "https://data.datatourisme.fr/0bc18a30-ca89-3294-a10b-b3b34d730b88",
          "schema:addressLocality": "Floirac",
          "schema:postalCode": "46600",
          "schema:streetAddress": [
            "Chez l'habitant"
          ],
          "@type": [
            "schema:PostalAddress",
            "PostalAddress"
          ],
          "hasAddressCity": {
            "@id": "kb:46106",
            "@type": [
              "City"
            ],
            "rdfs:label": {
              "de": [
                "Floirac"
              ],
              "pt": [
                "Floirac"
              ],
              "en": [
                "Floirac"
              ],
              "it": [
                "Floirac"
              ],
              "fr": [
                "Floirac"
              ],
              "nl": [
                "Floirac"
              ],
              "es": [
                "Floirac"
              ]
            },
            "insee": "46106",
            "isPartOfDepartment": {
              "@id": "kb:France7646",
              "@type": [
                "Department"
              ],
              "rdfs:label": {
                "de": [
                  "Lot"
                ],
                "pt": [
                  "Lot"
                ],
                "en": [
                  "Lot"
                ],
                "it": [
                  "Lot"
                ],
                "fr": [
                  "Lot"
                ],
                "nl": [
                  "Lot"
                ],
                "es": [
                  "Lot"
                ]
              },
              "insee": "46",
              "isPartOfRegion": {
                "@id": "kb:France76",
                "@type": [
                  "Region"
                ],
                "rdfs:label": {
                  "de": [
                    "Occitanie"
                  ],
                  "pt": [
                    "Occitanie"
                  ],
                  "en": [
                    "Occitanie"
                  ],
                  "it": [
                    "Occitanie"
                  ],
                  "fr": [
                    "Occitanie"
                  ],
                  "nl": [
                    "Occitanie"
                  ],
                  "es": [
                    "Occitanie"
                  ]
                },
                "insee": "76",
                "isPartOfCountry": {
                  "@id": "kb:France",
                  "@type": [
                    "schema:Country"
                  ],
                  "rdfs:label": {
                    "de": [
                      "France",
                      "Frankreich"
                    ],
                    "pt": [
                      "França",
                      "France"
                    ],
                    "en": [
                      "France"
                    ],
                    "it": [
                      "France",
                      "Francia"
                    ],
                    "fr": [
                      "France"
                    ],
                    "nl": [
                      "France",
                      "Frankrijk"
                    ],
                    "es": [
                      "France",
                      "Francia"
                    ]
                  }
                }
              }
            }
          }
        }
      ],
      "schema:geo": {
        "@id": "https://data.datatourisme.fr/6f189abb-46e7-3a7e-af3c-6f7b8a7a2082",
        "schema:latitude": "44.91498",
        "schema:longitude": "1.65494",
        "@type": [
          "schema:GeoCoordinates"
        ]
      },
      "schema:openingHoursSpecification": [
        {
          "@id": "https://data.datatourisme.fr/9fdeed5e-7b64-3b31-ac5d-fe998393f21c",
          "schema:opens": "15:00:00",
          "schema:validFrom": "2023-03-26T00:00:00",
          "schema:validThrough": "2023-03-26T00:00:00",
          "@type": [
            "schema:OpeningHoursSpecification"
          ]
        }
      ],
      "@type": [
        "schema:Place",
        "Place"
      ]
    }
  ],
  "lastUpdate": "2023-03-18",
  "lastUpdateDatatourisme": "2023-09-18T15:54:53.03Z",
  "offers": [
    {
      "@id": "https://data.datatourisme.fr/7349eb93-45a8-3c59-8d78-007af9df24c8",
      "schema:priceSpecification": [
        {
          "@id": "https://data.datatourisme.fr/324a883d-86b4-3ab8-89e1-59d164a1b817",
          "schema:priceCurrency": "EUR",
          "@type": [
            "schema:PriceSpecification",
            "PriceSpecification"
          ],
          "hasEligiblePolicy": [
            {
              "@id": "kb:Free",
              "@type": [
                "PricingPolicy"
              ],
              "rdfs:label": {
                "de": [
                  "Kostenlos"
                ],
                "pt": [
                  "Gratuito"
                ],
                "en": [
                  "Free"
                ],
                "it": [
                  "Gratuito"
                ],
                "fr": [
                  "Gratuit"
                ],
                "es": [
                  "Gratuito"
                ],
                "nl": [
                  "Gratis"
                ]
              }
            }
          ],
          "name": {
            "fr": [
              "Participation libre"
            ]
          }
        }
      ],
      "@type": [
        "schema:Offer",
        "Offer"
      ]
    }
  ],
  "takesPlaceAt": [
    {
      "@id": "https://data.datatourisme.fr/10f16561-dc70-3fe8-ab44-7c9ef2f4f806",
      "@type": [
        "Period"
      ],
      "endDate": "2023-03-26",
      "startDate": "2023-03-26",
      "startTime": "15:00:00"
    }
  ]
}