{
  "@id": "https://data.datatourisme.fr/23/005bd77f-e3c1-3f44-abeb-fa04495960d0",
  "dc:identifier": "PCUAQU064FS0009I",
  "@type": [
    "CulturalSite",
    "PlaceOfInterest",
    "PointOfInterest"
  ],
  "rdfs:comment": {
    "de": [
      "Russisch-orthodoxe Kirche, die zwischen 1890 und 1892 für die große russische Gemeinde errichtet wurde, die den Badeort vom Zweiten Kaiserreich bis in die 1930er Jahre besuchte.\nLebendige christliche Kirche, die von Anfang an (1892) dem Schutz der Mutter Gottes und dem Heiligen Alexander von der Newa gewidmet war. Sie wurde vor der russischen Revolution auf Wunsch des russischen Adels und der Aristokratie, die Biarritz regelmäßig besuchten, seit Napoleon III. unter der Verantwortung von zwei Architekten errichtet: dem russischen Herrn Nikonoff und dem französischen Herrn Tisnès. Von Anfang an war sie ausschließlich dem griechisch-russisch-orthodoxen Kult der christlichen Kirchen des Ostens (Patriarchat von Konstantinopel) vorbehalten\nDie Orthodoxe Kirche ist wegen Renovierungsarbeiten für die Öffentlichkeit geschlossen . Wiedereröffnung im April 2024"
    ],
    "en": [
      "Russian Orthodox church built between 1890 and 1892 for the large Russian community to be found at the seaside resort during the Second Empire and up to the 1930s."
    ],
    "it": [
      "Chiesa ortodossa russa costruita tra il 1890 e il 1892 per la numerosa comunità russa che frequentava la località dal Secondo Impero fino agli anni Trenta.\nUna chiesa cristiana vivente dedicata alla protezione della Madre di Dio e di Sant'Alessandro della Neva fin dall'inizio (1892), costruita prima della rivoluzione russa, su richiesta della nobiltà e dell'aristocrazia russa che frequentava regolarmente Biarritz, a partire da Napoleone III, sotto la responsabilità di due architetti: uno russo, Nikonoff, l'altro francese, Tisnès. Fin dall'inizio, è stata riservata esclusivamente al culto ortodosso greco-russo delle chiese cristiane orientali (Patriarcato di Costantinopoli)\nLa chiesa ortodossa è chiusa al pubblico per lavori di ristrutturazione. Riapertura nell'aprile 2024"
    ],
    "fr": [
      "Eglise orthodoxe russe construite entre 1890 et 1892 pour l'importante communauté russe qui fréquenta la station balnéaire depuis le second Empire jusqu'aux années 1930.\nEglise chrétienne vivante dédiée à la Protection de la Mère de Dieu et Saint Alexandre de la Neva depuis l'origine (1892), construite avant la révolution russe, à la demande de la noblesse et de l'aristocratie russes qui fréquentaient régulièrement Biarritz, depuis Napoléon III, sous la responsabilité de deux architectes : l'un russe Mr Nikonoff, l'autre français, Mr Tisnès. Depuis l'origine, elle est réservée exclusivement au culte orthodoxe gréco-russe des églises chrétiennes d'Orient (Patriarcat de Constantinople)\nL'église Orthodoxe est fermée au public pour rénovation . Réouverture en avril 2024"
    ],
    "nl": [
      "Russisch-orthodoxe kerk gebouwd tussen 1890 en 1892 voor de grote Russische gemeenschap die de badplaats bezocht vanaf het Tweede Keizerrijk tot in de jaren 1930.\nEen levende christelijke kerk gewijd aan de Bescherming van de Moeder Gods en Sint Alexander van de Neva sinds het begin (1892), gebouwd vóór de Russische revolutie, op verzoek van de Russische adel en aristocratie die Biarritz regelmatig bezochten, sinds Napoleon III, onder de verantwoordelijkheid van twee architecten: een Russische, de heer Nikonoff, de andere Franse, de heer Tisnès. Sinds het begin is het uitsluitend gereserveerd voor de Grieks-Russisch-orthodoxe eredienst van de Oosterse christelijke kerken (Patriarchaat van Constantinopel)\nDe orthodoxe kerk is voor het publiek gesloten wegens renovatie. Heropening in april 2024"
    ],
    "es": [
      "Iglesia ortodoxa rusa construida entre 1890 y 1892 para la numerosa comunidad rusa que frecuentó el balneario desde el Segundo Imperio hasta la década de 1930.\nIglesia cristiana viva dedicada a la Protección de la Madre de Dios y a San Alejandro del Neva desde el principio (1892), construida antes de la revolución rusa, a petición de la nobleza y la aristocracia rusas que frecuentaban regularmente Biarritz, desde Napoleón III, bajo la responsabilidad de dos arquitectos: uno ruso, el Sr. Nikonoff, el otro francés, el Sr. Tisnès. Desde el principio, está reservado exclusivamente al culto ortodoxo greco-ruso de las iglesias cristianas orientales (Patriarcado de Constantinopla)\nLa iglesia ortodoxa está cerrada al público por reformas. Reapertura en abril de 2024"
    ]
  },
  "rdfs:label": {
    "de": [
      "Eglise Orthodoxe"
    ],
    "en": [
      "Eglise Orthodoxe"
    ],
    "fr": [
      "Eglise Orthodoxe"
    ],
    "nl": [
      "Eglise Orthodoxe"
    ],
    "es": [
      "Eglise Orthodoxe"
    ]
  },
  "availableLanguage": [
    "fr",
    "ru"
  ],
  "creationDate": "2007-07-20",
  "hasBeenCreatedBy": {
    "@id": "https://data.datatourisme.fr/23/931c6831-c62e-314c-a4af-7bde32bd4338",
    "dc:identifier": "f226bca0-1754-4e80-8c06-9611b8ed9b40",
    "schema:legalName": "OT Biarritz",
    "@type": [
      "schema:Organization",
      "foaf:Agent",
      "Agent"
    ]
  },
  "hasBeenPublishedBy": [
    {
      "@id": "https://data.datatourisme.fr/05dc9cb8-2fa5-383d-b87b-497de06649a2",
      "schema:email": [
        "sirtaqui@na-tourisme.com"
      ],
      "schema:legalName": "SIRTAQUI Nouvelle-Aquitaine",
      "schema:logo": "http://aquitaine.media.tourinsoft.eu/upload/Logo-Sirtaqui-1280x405.jpg",
      "@type": [
        "schema:Organization",
        "foaf:Agent",
        "Agent"
      ],
      "rdfs:comment": {
        "de": [
          "Collecter, mettre en commun et diffuser le plus largement possible une information complète et de qualité au service de nos habitants et de nos visiteurs : voici les objectifs du SIRTAQUI, Système d’Information Régional Touristique de Nouvelle-AQUItaine. Le dispositif est mis en œuvre conjointement par le Comité Régional de Tourisme de Nouvelle-Aquitaine, les services touristiques de la Corrèze, de la Creuse, de la Dordogne, de la Gironde, des Landes, du Lot-et-Garonne, des Pyrénées-Atlantiques, des Deux-Sèvres, de la Vienne et de la Haute-Vienne, en collaboration avec les Offices de Tourisme, et avec le soutien financier de l’Europe et du Conseil Régional."
        ],
        "en": [
          "Collecter, mettre en commun et diffuser le plus largement possible une information complète et de qualité au service de nos habitants et de nos visiteurs : voici les objectifs du SIRTAQUI, Système d’Information Régional Touristique de Nouvelle-AQUItaine. Le dispositif est mis en œuvre conjointement par le Comité Régional de Tourisme de Nouvelle-Aquitaine, les services touristiques de la Corrèze, de la Creuse, de la Dordogne, de la Gironde, des Landes, du Lot-et-Garonne, des Pyrénées-Atlantiques, des Deux-Sèvres, de la Vienne et de la Haute-Vienne, en collaboration avec les Offices de Tourisme, et avec le soutien financier de l’Europe et du Conseil Régional."
        ],
        "it": [
          "L'obiettivo di SIRTAQUI, il Sistema Regionale di Informazione Turistica della Nuova Aquitania, è quello di raccogliere, mettere in comune e diffondere il più possibile informazioni complete e di qualità a beneficio dei nostri residenti e visitatori. Il sistema è realizzato congiuntamente dal Comité Régional de Tourisme de Nouvelle-Aquitaine, dai servizi turistici di Corrèze, Creuse, Dordogne, Gironde, Landes, Lot-et-Garonne, Pyrénées-Atlantiques, Deux-Sèvres, Vienne e Haute-Vienne, in collaborazione con gli Uffici del Turismo e con il sostegno finanziario dell'Europa e del Conseil Régional."
        ],
        "fr": [
          "Collecter, mettre en commun et diffuser le plus largement possible une information complète et de qualité au service de nos habitants et de nos visiteurs : voici les objectifs du SIRTAQUI, Système d’Information Régional Touristique de Nouvelle-AQUItaine. Le dispositif est mis en œuvre conjointement par le Comité Régional de Tourisme de Nouvelle-Aquitaine, les services touristiques de la Corrèze, de la Creuse, de la Dordogne, de la Gironde, des Landes, du Lot-et-Garonne, des Pyrénées-Atlantiques, des Deux-Sèvres, de la Vienne et de la Haute-Vienne, en collaboration avec les Offices de Tourisme, et avec le soutien financier de l’Europe et du Conseil Régional."
        ],
        "nl": [
          "Collecter, mettre en commun et diffuser le plus largement possible une information complète et de qualité au service de nos habitants et de nos visiteurs : voici les objectifs du SIRTAQUI, Système d’Information Régional Touristique de Nouvelle-AQUItaine. Le dispositif est mis en œuvre conjointement par le Comité Régional de Tourisme de Nouvelle-Aquitaine, les services touristiques de la Corrèze, de la Creuse, de la Dordogne, de la Gironde, des Landes, du Lot-et-Garonne, des Pyrénées-Atlantiques, des Deux-Sèvres, de la Vienne et de la Haute-Vienne, en collaboration avec les Offices de Tourisme, et avec le soutien financier de l’Europe et du Conseil Régional."
        ],
        "es": [
          "Collecter, mettre en commun et diffuser le plus largement possible une information complète et de qualité au service de nos habitants et de nos visiteurs : voici les objectifs du SIRTAQUI, Système d’Information Régional Touristique de Nouvelle-AQUItaine. Le dispositif est mis en œuvre conjointement par le Comité Régional de Tourisme de Nouvelle-Aquitaine, les services touristiques de la Corrèze, de la Creuse, de la Dordogne, de la Gironde, des Landes, du Lot-et-Garonne, des Pyrénées-Atlantiques, des Deux-Sèvres, de la Vienne et de la Haute-Vienne, en collaboration avec les Offices de Tourisme, et avec le soutien financier de l’Europe et du Conseil Régional."
        ]
      },
      "foaf:homepage": [
        "http://www.sirtaqui-aquitaine.com/"
      ],
      "hasTranslatedProperty": [
        {
          "@id": "https://data.datatourisme.fr/eef27e75-4a23-313e-a6ee-797e7b64a1cd",
          "dc:contributor": [
            "https://api.deepl.com/v2/translate"
          ],
          "rdf:language": [
            "it"
          ],
          "rdf:predicate": [
            {
              "@id": "rdfs:comment"
            }
          ]
        }
      ]
    }
  ],
  "hasBookingContact": [
    {
      "@id": "https://data.datatourisme.fr/e5ed029b-8f7d-33db-a4ea-765969b15ee2",
      "schema:legalName": "Eglise Orthodoxe",
      "schema:telephone": [
        "+33 5 59 24 16 74",
        "+33 6 72 27 51 95"
      ],
      "@type": [
        "schema:Organization",
        "foaf:Agent",
        "Agent"
      ],
      "foaf:homepage": [
        "http://www.eglise-orthodoxe-biarritz.com/"
      ]
    }
  ],
  "hasContact": [
    {
      "@id": "https://data.datatourisme.fr/e5ed029b-8f7d-33db-a4ea-765969b15ee2",
      "schema:legalName": "Eglise Orthodoxe",
      "schema:telephone": [
        "+33 5 59 24 16 74",
        "+33 6 72 27 51 95"
      ],
      "@type": [
        "schema:Organization",
        "foaf:Agent",
        "Agent"
      ],
      "foaf:homepage": [
        "http://www.eglise-orthodoxe-biarritz.com/"
      ]
    }
  ],
  "hasDescription": [
    {
      "@id": "https://data.datatourisme.fr/07ee4947-3c92-305d-b846-ec0a64b5e5ab",
      "dc:description": {
        "de": [
          "Russisch-orthodoxe Kirche, die zwischen 1890 und 1892 für die große russische Gemeinde errichtet wurde, die den Badeort vom Zweiten Kaiserreich bis in die 1930er Jahre besuchte.\nLebendige christliche Kirche, die von Anfang an (1892) dem Schutz der Mutter Gottes und dem Heiligen Alexander von der Newa gewidmet war. Sie wurde vor der russischen Revolution auf Wunsch des russischen Adels und der Aristokratie, die Biarritz regelmäßig besuchten, seit Napoleon III. unter der Verantwortung von zwei Architekten errichtet: dem russischen Herrn Nikonoff und dem französischen Herrn Tisnès. Von Anfang an war sie ausschließlich dem griechisch-russisch-orthodoxen Kult der christlichen Kirchen des Ostens (Patriarchat von Konstantinopel) vorbehalten\nDie Orthodoxe Kirche ist wegen Renovierungsarbeiten für die Öffentlichkeit geschlossen . Wiedereröffnung im April 2024"
        ],
        "en": [
          "Russian Orthodox church built between 1890 and 1892 for the large Russian community to be found at the seaside resort during the Second Empire and up to the 1930s."
        ],
        "it": [
          "Chiesa ortodossa russa costruita tra il 1890 e il 1892 per la numerosa comunità russa che frequentava la località dal Secondo Impero fino agli anni Trenta.\nUna chiesa cristiana vivente dedicata alla protezione della Madre di Dio e di Sant'Alessandro della Neva fin dall'inizio (1892), costruita prima della rivoluzione russa, su richiesta della nobiltà e dell'aristocrazia russa che frequentava regolarmente Biarritz, a partire da Napoleone III, sotto la responsabilità di due architetti: uno russo, Nikonoff, l'altro francese, Tisnès. Fin dall'inizio, è stata riservata esclusivamente al culto ortodosso greco-russo delle chiese cristiane orientali (Patriarcato di Costantinopoli)\nLa chiesa ortodossa è chiusa al pubblico per lavori di ristrutturazione. Riapertura nell'aprile 2024"
        ],
        "fr": [
          "Eglise orthodoxe russe construite entre 1890 et 1892 pour l'importante communauté russe qui fréquenta la station balnéaire depuis le second Empire jusqu'aux années 1930.\nEglise chrétienne vivante dédiée à la Protection de la Mère de Dieu et Saint Alexandre de la Neva depuis l'origine (1892), construite avant la révolution russe, à la demande de la noblesse et de l'aristocratie russes qui fréquentaient régulièrement Biarritz, depuis Napoléon III, sous la responsabilité de deux architectes : l'un russe Mr Nikonoff, l'autre français, Mr Tisnès. Depuis l'origine, elle est réservée exclusivement au culte orthodoxe gréco-russe des églises chrétiennes d'Orient (Patriarcat de Constantinople)\nL'église Orthodoxe est fermée au public pour rénovation . Réouverture en avril 2024"
        ],
        "nl": [
          "Russisch-orthodoxe kerk gebouwd tussen 1890 en 1892 voor de grote Russische gemeenschap die de badplaats bezocht vanaf het Tweede Keizerrijk tot in de jaren 1930.\nEen levende christelijke kerk gewijd aan de Bescherming van de Moeder Gods en Sint Alexander van de Neva sinds het begin (1892), gebouwd vóór de Russische revolutie, op verzoek van de Russische adel en aristocratie die Biarritz regelmatig bezochten, sinds Napoleon III, onder de verantwoordelijkheid van twee architecten: een Russische, de heer Nikonoff, de andere Franse, de heer Tisnès. Sinds het begin is het uitsluitend gereserveerd voor de Grieks-Russisch-orthodoxe eredienst van de Oosterse christelijke kerken (Patriarchaat van Constantinopel)\nDe orthodoxe kerk is voor het publiek gesloten wegens renovatie. Heropening in april 2024"
        ],
        "es": [
          "Iglesia ortodoxa rusa construida entre 1890 y 1892 para la numerosa comunidad rusa que frecuentó el balneario desde el Segundo Imperio hasta la década de 1930.\nIglesia cristiana viva dedicada a la Protección de la Madre de Dios y a San Alejandro del Neva desde el principio (1892), construida antes de la revolución rusa, a petición de la nobleza y la aristocracia rusas que frecuentaban regularmente Biarritz, desde Napoleón III, bajo la responsabilidad de dos arquitectos: uno ruso, el Sr. Nikonoff, el otro francés, el Sr. Tisnès. Desde el principio, está reservado exclusivamente al culto ortodoxo greco-ruso de las iglesias cristianas orientales (Patriarcado de Constantinopla)\nLa iglesia ortodoxa está cerrada al público por reformas. Reapertura en abril de 2024"
        ]
      },
      "@type": [
        "Description"
      ],
      "hasTranslatedProperty": [
        {
          "@id": "https://data.datatourisme.fr/096d5a2c-b81c-36c3-a46b-670301ecf6a7",
          "dc:contributor": [
            "https://api.deepl.com/v2/translate"
          ],
          "rdf:language": [
            "es"
          ],
          "rdf:predicate": [
            "shortDescription"
          ]
        },
        {
          "@id": "https://data.datatourisme.fr/1cf1bee3-749e-3024-8228-f7cdbbaea888",
          "dc:contributor": [
            "https://api.deepl.com/v2/translate"
          ],
          "rdf:language": [
            "nl"
          ],
          "rdf:predicate": [
            "shortDescription"
          ]
        },
        {
          "@id": "https://data.datatourisme.fr/3946c571-8976-3264-bad1-e9a353e0c412",
          "dc:contributor": [
            "https://api.deepl.com/v2/translate"
          ],
          "rdf:language": [
            "nl"
          ],
          "rdf:predicate": [
            {
              "@id": "dc:description"
            }
          ]
        },
        {
          "@id": "https://data.datatourisme.fr/60faa4b8-90d3-3aed-94bf-20ca1b1aace9",
          "dc:contributor": [
            "https://api.deepl.com/v2/translate"
          ],
          "rdf:language": [
            "es"
          ],
          "rdf:predicate": [
            {
              "@id": "dc:description"
            }
          ]
        },
        {
          "@id": "https://data.datatourisme.fr/793f5583-f8b0-3bae-b873-07cc04845443",
          "dc:contributor": [
            "https://api.deepl.com/v2/translate"
          ],
          "rdf:language": [
            "it"
          ],
          "rdf:predicate": [
            "shortDescription"
          ]
        },
        {
          "@id": "https://data.datatourisme.fr/80c7c9b5-a822-3785-8750-44a9eac70363",
          "dc:contributor": [
            "https://api.deepl.com/v2/translate"
          ],
          "rdf:language": [
            "de"
          ],
          "rdf:predicate": [
            "shortDescription"
          ]
        },
        {
          "@id": "https://data.datatourisme.fr/8b9b28ba-2ccc-3fd7-abcc-a275491518cb",
          "dc:contributor": [
            "https://api.deepl.com/v2/translate"
          ],
          "rdf:language": [
            "it"
          ],
          "rdf:predicate": [
            {
              "@id": "dc:description"
            }
          ]
        },
        {
          "@id": "https://data.datatourisme.fr/f061527a-9ad3-3ed5-ae36-67ebd4fa7d20",
          "dc:contributor": [
            "https://api.deepl.com/v2/translate"
          ],
          "rdf:language": [
            "de"
          ],
          "rdf:predicate": [
            {
              "@id": "dc:description"
            }
          ]
        }
      ],
      "shortDescription": {
        "de": [
          "Russisch-orthodoxe Kirche, die zwischen 1890 und 1892 für die große russische Gemeinde errichtet wurde, die den Badeort vom Zweiten Kaiserreich bis in die 1930er Jahre besuchte.\nLebendige christliche Kirche, die von Anfang an (1892) dem Schutz der Mutter Gottes und dem Heiligen Alexander von der Newa gewidmet war. Sie wurde vor der russischen Revolution auf Wunsch des russischen Adels und der Aristokratie, die Biarritz regelmäßig besuchten, seit Napoleon III. unter der Verantwortung von zwei Architekten errichtet: dem russischen Herrn Nikonoff und dem französischen Herrn Tisnès. Von Anfang an war sie ausschließlich dem griechisch-russisch-orthodoxen Kult der christlichen Kirchen des Ostens (Patriarchat von Konstantinopel) vorbehalten\nDie Orthodoxe Kirche ist wegen Renovierungsarbeiten für die Öffentlichkeit geschlossen . Wiedereröffnung im April 2024"
        ],
        "en": [
          "Russian Orthodox church built between 1890 and 1892 for the large Russian community to be found at the seaside resort during the Second Empire and up to the 1930s."
        ],
        "it": [
          "Chiesa ortodossa russa costruita tra il 1890 e il 1892 per la numerosa comunità russa che frequentava la località dal Secondo Impero fino agli anni Trenta.\nUna chiesa cristiana vivente dedicata alla protezione della Madre di Dio e di Sant'Alessandro della Neva fin dall'inizio (1892), costruita prima della rivoluzione russa, su richiesta della nobiltà e dell'aristocrazia russa che frequentava regolarmente Biarritz, a partire da Napoleone III, sotto la responsabilità di due architetti: uno russo, Nikonoff, l'altro francese, Tisnès. Fin dall'inizio, è stata riservata esclusivamente al culto ortodosso greco-russo delle chiese cristiane orientali (Patriarcato di Costantinopoli)\nLa chiesa ortodossa è chiusa al pubblico per lavori di ristrutturazione. Riapertura nell'aprile 2024"
        ],
        "fr": [
          "Eglise orthodoxe russe construite entre 1890 et 1892 pour l'importante communauté russe qui fréquenta la station balnéaire depuis le second Empire jusqu'aux années 1930.\nEglise chrétienne vivante dédiée à la Protection de la Mère de Dieu et Saint Alexandre de la Neva depuis l'origine (1892), construite avant la révolution russe, à la demande de la noblesse et de l'aristocratie russes qui fréquentaient régulièrement Biarritz, depuis Napoléon III, sous la responsabilité de deux architectes : l'un russe Mr Nikonoff, l'autre français, Mr Tisnès. Depuis l'origine, elle est réservée exclusivement au culte orthodoxe gréco-russe des églises chrétiennes d'Orient (Patriarcat de Constantinople)\nL'église Orthodoxe est fermée au public pour rénovation . Réouverture en avril 2024"
        ],
        "nl": [
          "Russisch-orthodoxe kerk gebouwd tussen 1890 en 1892 voor de grote Russische gemeenschap die de badplaats bezocht vanaf het Tweede Keizerrijk tot in de jaren 1930.\nEen levende christelijke kerk gewijd aan de Bescherming van de Moeder Gods en Sint Alexander van de Neva sinds het begin (1892), gebouwd vóór de Russische revolutie, op verzoek van de Russische adel en aristocratie die Biarritz regelmatig bezochten, sinds Napoleon III, onder de verantwoordelijkheid van twee architecten: een Russische, de heer Nikonoff, de andere Franse, de heer Tisnès. Sinds het begin is het uitsluitend gereserveerd voor de Grieks-Russisch-orthodoxe eredienst van de Oosterse christelijke kerken (Patriarchaat van Constantinopel)\nDe orthodoxe kerk is voor het publiek gesloten wegens renovatie. Heropening in april 2024"
        ],
        "es": [
          "Iglesia ortodoxa rusa construida entre 1890 y 1892 para la numerosa comunidad rusa que frecuentó el balneario desde el Segundo Imperio hasta la década de 1930.\nIglesia cristiana viva dedicada a la Protección de la Madre de Dios y a San Alejandro del Neva desde el principio (1892), construida antes de la revolución rusa, a petición de la nobleza y la aristocracia rusas que frecuentaban regularmente Biarritz, desde Napoleón III, bajo la responsabilidad de dos arquitectos: uno ruso, el Sr. Nikonoff, el otro francés, el Sr. Tisnès. Desde el principio, está reservado exclusivamente al culto ortodoxo greco-ruso de las iglesias cristianas orientales (Patriarcado de Constantinopla)\nLa iglesia ortodoxa está cerrada al público por reformas. Reapertura en abril de 2024"
        ]
      }
    }
  ],
  "hasFeature": [
    {
      "@id": "https://data.datatourisme.fr/a7caff4b-14c3-3da5-98ca-cdd61b3543b2",
      "@type": [
        "schema:PropertyValue",
        "FeatureSpecification"
      ],
      "petsAllowed": false
    }
  ],
  "hasMainRepresentation": [
    {
      "@id": "https://data.datatourisme.fr/89a9ac0a-1fd9-3bf7-9136-e8ad56bb4e85",
      "ebucore:hasAnnotation": [
        {
          "@id": "https://data.datatourisme.fr/14e90628-fcf8-36af-b745-1507dba1c39f",
          "ebucore:isCoveredBy": "By-NC-ND 4.0",
          "ebucore:title": {
            "fr": [
              "Eglise Orthodoxe"
            ]
          },
          "@type": [
            "ebucore:Annotation"
          ],
          "credits": [
            "Emmy Martens"
          ]
        }
      ],
      "ebucore:hasRelatedResource": [
        {
          "@id": "https://data.datatourisme.fr/7714a148-ffda-38b8-a8c5-221e82eed496",
          "ebucore:hasMimeType": [
            {
              "@id": "kb:JPEG",
              "@type": [
                "ebucore:MimeType"
              ],
              "rdfs:comment": {
                "de": [
                  "JPEG-Bild"
                ],
                "pt": [
                  "Imagem JPEG"
                ],
                "en": [
                  "JPEG image file"
                ],
                "it": [
                  "Immagine JPEG"
                ],
                "fr": [
                  "Image JPEG"
                ],
                "nl": [
                  "JPEG-afbeelding"
                ],
                "es": [
                  "Imagen JPEG"
                ]
              },
              "rdfs:label": {
                "de": [
                  "image/jpeg"
                ],
                "pt": [
                  "image/jpeg"
                ],
                "en": [
                  "image/jpeg"
                ],
                "it": [
                  "image/jpeg"
                ],
                "fr": [
                  "image/jpeg"
                ],
                "nl": [
                  "image/jpeg"
                ],
                "es": [
                  "image/jpeg"
                ]
              }
            }
          ],
          "ebucore:locator": [
            "http://aquitaine.media.tourinsoft.eu/Upload/egliseorthodoxecreditemmymartens1.jpg"
          ],
          "@type": [
            "ebucore:Resource"
          ]
        }
      ],
      "@type": [
        "ebucore:EditorialObject"
      ]
    }
  ],
  "hasNeighborhood": [
    {
      "@id": "kb:InTown",
      "@type": [
        "SpatialEnvironmentTheme"
      ],
      "rdfs:label": {
        "de": [
          "in der Stadt"
        ],
        "pt": [
          "Na cidade"
        ],
        "en": [
          "In town"
        ],
        "it": [
          "In città"
        ],
        "fr": [
          "En ville"
        ],
        "nl": [
          "In de stad"
        ],
        "es": [
          "En la ciudad"
        ]
      }
    }
  ],
  "hasRepresentation": [
    {
      "@id": "https://data.datatourisme.fr/2bda6247-d88d-3b3f-900a-51b00fd36925",
      "ebucore:hasAnnotation": [
        {
          "@id": "https://data.datatourisme.fr/7b7d73aa-4fcb-3abf-ba88-e887a86766a1",
          "ebucore:isCoveredBy": "By-NC-ND 4.0",
          "ebucore:title": {
            "fr": [
              "Eglise-Orthodoxe"
            ]
          },
          "@type": [
            "ebucore:Annotation"
          ],
          "credits": [
            "biarritz tourisme"
          ]
        }
      ],
      "ebucore:hasRelatedResource": [
        {
          "@id": "https://data.datatourisme.fr/e4d5a724-2670-3698-9090-8950a64a2def",
          "ebucore:hasMimeType": [
            {
              "@id": "kb:JPEG",
              "@type": [
                "ebucore:MimeType"
              ],
              "rdfs:comment": {
                "de": [
                  "JPEG-Bild"
                ],
                "pt": [
                  "Imagem JPEG"
                ],
                "en": [
                  "JPEG image file"
                ],
                "it": [
                  "Immagine JPEG"
                ],
                "fr": [
                  "Image JPEG"
                ],
                "nl": [
                  "JPEG-afbeelding"
                ],
                "es": [
                  "Imagen JPEG"
                ]
              },
              "rdfs:label": {
                "de": [
                  "image/jpeg"
                ],
                "pt": [
                  "image/jpeg"
                ],
                "en": [
                  "image/jpeg"
                ],
                "it": [
                  "image/jpeg"
                ],
                "fr": [
                  "image/jpeg"
                ],
                "nl": [
                  "image/jpeg"
                ],
                "es": [
                  "image/jpeg"
                ]
              }
            }
          ],
          "ebucore:locator": [
            "http://aquitaine.media.tourinsoft.eu/Upload/EGLISE-ORTHODOXE--2--compressor.jpg"
          ],
          "@type": [
            "ebucore:Resource"
          ]
        }
      ],
      "@type": [
        "ebucore:EditorialObject"
      ]
    },
    {
      "@id": "https://data.datatourisme.fr/2cc91ffa-93e7-3008-b503-a62c47c86ceb",
      "ebucore:hasAnnotation": [
        {
          "@id": "https://data.datatourisme.fr/9604d1ea-c38f-33e6-b758-ea2967334077",
          "ebucore:isCoveredBy": "By-NC-ND 4.0",
          "ebucore:title": {
            "fr": [
              "Eglise-Orthodoxe-"
            ]
          },
          "@type": [
            "ebucore:Annotation"
          ],
          "credits": [
            "biarritz tourisme"
          ]
        }
      ],
      "ebucore:hasRelatedResource": [
        {
          "@id": "https://data.datatourisme.fr/72998a1d-1622-3ef1-83a6-8204d4885c03",
          "ebucore:hasMimeType": [
            {
              "@id": "kb:JPEG",
              "@type": [
                "ebucore:MimeType"
              ],
              "rdfs:comment": {
                "de": [
                  "JPEG-Bild"
                ],
                "pt": [
                  "Imagem JPEG"
                ],
                "en": [
                  "JPEG image file"
                ],
                "it": [
                  "Immagine JPEG"
                ],
                "fr": [
                  "Image JPEG"
                ],
                "nl": [
                  "JPEG-afbeelding"
                ],
                "es": [
                  "Imagen JPEG"
                ]
              },
              "rdfs:label": {
                "de": [
                  "image/jpeg"
                ],
                "pt": [
                  "image/jpeg"
                ],
                "en": [
                  "image/jpeg"
                ],
                "it": [
                  "image/jpeg"
                ],
                "fr": [
                  "image/jpeg"
                ],
                "nl": [
                  "image/jpeg"
                ],
                "es": [
                  "image/jpeg"
                ]
              }
            }
          ],
          "ebucore:locator": [
            "http://aquitaine.media.tourinsoft.eu/Upload/Eglise-Orthodoxe-2.jpg"
          ],
          "@type": [
            "ebucore:Resource"
          ]
        }
      ],
      "@type": [
        "ebucore:EditorialObject"
      ]
    },
    {
      "@id": "https://data.datatourisme.fr/89a9ac0a-1fd9-3bf7-9136-e8ad56bb4e85",
      "ebucore:hasAnnotation": [
        {
          "@id": "https://data.datatourisme.fr/14e90628-fcf8-36af-b745-1507dba1c39f",
          "ebucore:isCoveredBy": "By-NC-ND 4.0",
          "ebucore:title": {
            "fr": [
              "Eglise Orthodoxe"
            ]
          },
          "@type": [
            "ebucore:Annotation"
          ],
          "credits": [
            "Emmy Martens"
          ]
        }
      ],
      "ebucore:hasRelatedResource": [
        {
          "@id": "https://data.datatourisme.fr/7714a148-ffda-38b8-a8c5-221e82eed496",
          "ebucore:hasMimeType": [
            {
              "@id": "kb:JPEG",
              "@type": [
                "ebucore:MimeType"
              ],
              "rdfs:comment": {
                "de": [
                  "JPEG-Bild"
                ],
                "pt": [
                  "Imagem JPEG"
                ],
                "en": [
                  "JPEG image file"
                ],
                "it": [
                  "Immagine JPEG"
                ],
                "fr": [
                  "Image JPEG"
                ],
                "nl": [
                  "JPEG-afbeelding"
                ],
                "es": [
                  "Imagen JPEG"
                ]
              },
              "rdfs:label": {
                "de": [
                  "image/jpeg"
                ],
                "pt": [
                  "image/jpeg"
                ],
                "en": [
                  "image/jpeg"
                ],
                "it": [
                  "image/jpeg"
                ],
                "fr": [
                  "image/jpeg"
                ],
                "nl": [
                  "image/jpeg"
                ],
                "es": [
                  "image/jpeg"
                ]
              }
            }
          ],
          "ebucore:locator": [
            "http://aquitaine.media.tourinsoft.eu/Upload/egliseorthodoxecreditemmymartens1.jpg"
          ],
          "@type": [
            "ebucore:Resource"
          ]
        }
      ],
      "@type": [
        "ebucore:EditorialObject"
      ]
    }
  ],
  "hasReview": [
    {
      "@id": "https://data.datatourisme.fr/2aaa6188-4760-3387-9fc5-1186ba9d9cfe",
      "@type": [
        "Review"
      ],
      "hasReviewValue": {
        "@id": "kb:LabelRating_MonumentHistorique",
        "@type": [
          "LabelRating"
        ],
        "rdfs:label": {
          "de": [
            "Monument Historique"
          ],
          "pt": [
            "Monument Historique"
          ],
          "en": [
            "Monument Historique"
          ],
          "it": [
            "Monument Historique"
          ],
          "fr": [
            "Monument Historique"
          ],
          "nl": [
            "Monument Historique"
          ],
          "es": [
            "Monument Historique"
          ]
        },
        "isCompliantWith": [
          "CulturalSite"
        ]
      }
    }
  ],
  "hasTheme": [
    {
      "@id": "kb:InTown",
      "@type": [
        "SpatialEnvironmentTheme"
      ],
      "rdfs:label": {
        "de": [
          "in der Stadt"
        ],
        "pt": [
          "Na cidade"
        ],
        "en": [
          "In town"
        ],
        "it": [
          "In città"
        ],
        "fr": [
          "En ville"
        ],
        "nl": [
          "In de stad"
        ],
        "es": [
          "En la ciudad"
        ]
      }
    }
  ],
  "hasTranslatedProperty": [
    {
      "@id": "https://data.datatourisme.fr/3a729f3c-0db7-36f4-9a1d-efcbc0cb8f7d",
      "dc:contributor": [
        "https://api.deepl.com/v2/translate"
      ],
      "rdf:language": [
        "nl"
      ],
      "rdf:predicate": [
        {
          "@id": "rdfs:comment"
        }
      ]
    },
    {
      "@id": "https://data.datatourisme.fr/665f6e33-76d2-30fc-bd62-097d327cd6d1",
      "dc:contributor": [
        "https://api.deepl.com/v2/translate"
      ],
      "rdf:language": [
        "es"
      ],
      "rdf:predicate": [
        {
          "@id": "rdfs:comment"
        }
      ]
    },
    {
      "@id": "https://data.datatourisme.fr/8869c689-b085-3708-8176-9def195ca413",
      "dc:contributor": [
        "https://api.deepl.com/v2/translate"
      ],
      "rdf:language": [
        "it"
      ],
      "rdf:predicate": [
        {
          "@id": "rdfs:comment"
        }
      ]
    },
    {
      "@id": "https://data.datatourisme.fr/b61bebf5-3001-3510-904d-6cbc4c802a30",
      "dc:contributor": [
        "https://api.deepl.com/v2/translate"
      ],
      "rdf:language": [
        "de"
      ],
      "rdf:predicate": [
        {
          "@id": "rdfs:comment"
        }
      ]
    }
  ],
  "isLocatedAt": [
    {
      "@id": "https://data.datatourisme.fr/5bc1a406-497f-3ba6-b521-fc7ec59a8b63",
      "schema:address": [
        {
          "@id": "https://data.datatourisme.fr/a24b28fc-6423-3fb3-980e-976acb0a3716",
          "schema:addressLocality": "Biarritz",
          "schema:postalCode": "64200",
          "schema:streetAddress": [
            "8 avenue de l'Impératrice"
          ],
          "@type": [
            "schema:PostalAddress",
            "PostalAddress"
          ],
          "hasAddressCity": {
            "@id": "kb:64122",
            "@type": [
              "City"
            ],
            "rdfs:label": {
              "de": [
                "Biarritz"
              ],
              "pt": [
                "Biarritz"
              ],
              "en": [
                "Biarritz"
              ],
              "it": [
                "Biarritz"
              ],
              "fr": [
                "Biarritz"
              ],
              "nl": [
                "Biarritz"
              ],
              "es": [
                "Biarritz"
              ]
            },
            "insee": "64122",
            "isPartOfDepartment": {
              "@id": "kb:France7564",
              "@type": [
                "Department"
              ],
              "rdfs:label": {
                "de": [
                  "Pyrénées-Atlantiques"
                ],
                "pt": [
                  "Pyrénées-Atlantiques"
                ],
                "en": [
                  "Pyrénées-Atlantiques"
                ],
                "it": [
                  "Pyrénées-Atlantiques"
                ],
                "fr": [
                  "Pyrénées-Atlantiques"
                ],
                "nl": [
                  "Pyrénées-Atlantiques"
                ],
                "es": [
                  "Pyrénées-Atlantiques"
                ]
              },
              "insee": "64",
              "isPartOfRegion": {
                "@id": "kb:France75",
                "@type": [
                  "Region"
                ],
                "rdfs:label": {
                  "de": [
                    "Nouvelle-Aquitaine"
                  ],
                  "pt": [
                    "Nouvelle-Aquitaine"
                  ],
                  "en": [
                    "Nouvelle-Aquitaine"
                  ],
                  "it": [
                    "Nouvelle-Aquitaine"
                  ],
                  "fr": [
                    "Nouvelle-Aquitaine"
                  ],
                  "nl": [
                    "Nouvelle-Aquitaine"
                  ],
                  "es": [
                    "Nouvelle-Aquitaine"
                  ]
                },
                "insee": "75",
                "isPartOfCountry": {
                  "@id": "kb:France",
                  "@type": [
                    "schema:Country"
                  ],
                  "rdfs:label": {
                    "de": [
                      "France",
                      "Frankreich"
                    ],
                    "pt": [
                      "França",
                      "France"
                    ],
                    "en": [
                      "France"
                    ],
                    "it": [
                      "France",
                      "Francia"
                    ],
                    "fr": [
                      "France"
                    ],
                    "nl": [
                      "France",
                      "Frankrijk"
                    ],
                    "es": [
                      "France",
                      "Francia"
                    ]
                  }
                }
              }
            }
          }
        }
      ],
      "schema:geo": {
        "@id": "https://data.datatourisme.fr/837c46f0-1c7b-3f8a-b5f7-c02fecf0eca7",
        "schema:latitude": "43.4864156",
        "schema:longitude": "-1.554973",
        "@type": [
          "schema:GeoCoordinates"
        ]
      },
      "@type": [
        "schema:Place",
        "Place"
      ],
      "petsAllowed": false
    }
  ],
  "isOwnedBy": [
    {
      "@id": "https://data.datatourisme.fr/e5ed029b-8f7d-33db-a4ea-765969b15ee2",
      "schema:legalName": "Eglise Orthodoxe",
      "schema:telephone": [
        "+33 5 59 24 16 74",
        "+33 6 72 27 51 95"
      ],
      "@type": [
        "schema:Organization",
        "foaf:Agent",
        "Agent"
      ],
      "foaf:homepage": [
        "http://www.eglise-orthodoxe-biarritz.com/"
      ]
    }
  ],
  "lastUpdate": "2023-07-26",
  "lastUpdateDatatourisme": "2023-09-27T23:24:29.674Z",
  "offers": [
    {
      "@id": "https://data.datatourisme.fr/0b3519b4-ab67-347e-96ac-2377960a5035",
      "schema:priceSpecification": [
        {
          "@id": "https://data.datatourisme.fr/e83c05fe-8676-37d2-a4dc-26219c425a67",
          "schema:maxPrice": [
            "0"
          ],
          "schema:minPrice": [
            "0"
          ],
          "schema:priceCurrency": "EUR",
          "@type": [
            "schema:PriceSpecification",
            "PriceSpecification"
          ],
          "hasEligiblePolicy": [
            {
              "@id": "kb:Free",
              "@type": [
                "PricingPolicy"
              ],
              "rdfs:label": {
                "de": [
                  "Kostenlos"
                ],
                "pt": [
                  "Gratuito"
                ],
                "en": [
                  "Free"
                ],
                "it": [
                  "Gratuito"
                ],
                "fr": [
                  "Gratuit"
                ],
                "es": [
                  "Gratuito"
                ],
                "nl": [
                  "Gratis"
                ]
              }
            }
          ]
        }
      ],
      "@type": [
        "schema:Offer",
        "Offer"
      ]
    }
  ],
  "reducedMobilityAccess": false
}