{
  "@id": "https://data.datatourisme.fr/23/0062eefb-5fa3-356c-ae33-4b93588e6bba",
  "dc:identifier": "ASCAQU024V503W4K",
  "@type": [
    "schema:Product",
    "PointOfInterest",
    "Practice",
    "Product"
  ],
  "rdfs:comment": {
    "de": [
      "Feuer? 1320 °C! Steinzeug? : Lavendelasche, grünes, rotes Kupferseladon, Risse, Intarsien? Möchten Sie eine Teetasse? Eine Säule aus Porzellan, einen durchscheinenden, klingenden Lampenschirm? Sie haben die Wahl! Möglichkeiten für Praktika. Gemeinsame Nutzung des Ateliers und Töpferkurse auf Anfrage."
    ],
    "en": [
      "Fire? 1,320 degrees! Sandstone? : lavender ashes, green and red copper celadons, cracks, incrustations... Would you like a cup of tea? A porcelain column, a translucent and sonorous lampshade? Your choice! Internship opportunities. Workshop sharing and pottery courses on request."
    ],
    "it": [
      "Fuoco? 1.320°C! Gres? cenere di lavanda, rame celeste verde e rosso, crepe, intarsi... Vuole una tazza di tè? Una colonna di porcellana, un paralume traslucido e sonoro? La scelta è vostra! Possibilità di corsi di formazione. Condivisione di laboratori e corsi di ceramica su richiesta."
    ],
    "fr": [
      "Le feu ? 1 320 °C ! Du grès ? : des cendres de lavande, des céladons verts, rouges de cuivre, des craquelures, incrustations... Voulez-vous une tasse de thé ? Une colonne de porcelaine, un abat-jour translucide et sonore ? Au choix ! Possibilités de stages. Partage d'atelier et cours de poterie à la demande."
    ],
    "es": [
      "¿Fuego? ¡1.320°C! ¿Greso? cenizas de lavanda, celadones de cobre verde y rojo, grietas, incrustaciones... ¿Quieres una taza de té? ¿Una columna de porcelana, una pantalla translúcida y sonora? La elección es suya Posibilidades de cursos de formación. Reparto de talleres y cursos de alfarería a petición."
    ],
    "nl": [
      "Vuur? 1.320°C! Steengoed? lavendel as, groene en rode koperen celadons, scheuren, inlegwerk... Wil je een kopje thee? Een porseleinen zuil, een doorschijnende en sonore lampenkap? De keuze is aan u! Mogelijkheden voor opleidingen. Workshop delen en cursussen pottenbakken op aanvraag."
    ]
  },
  "rdfs:label": {
    "de": [
      "Madame Maryvonne de Pracontal"
    ],
    "en": [
      "Madame Maryvonne de Pracontal"
    ],
    "fr": [
      "Madame Maryvonne de Pracontal"
    ],
    "nl": [
      "Madame Maryvonne de Pracontal"
    ],
    "es": [
      "Madame Maryvonne de Pracontal"
    ]
  },
  "creationDate": "2015-07-27",
  "hasBeenCreatedBy": {
    "@id": "https://data.datatourisme.fr/23/450c99d2-269b-3b85-8eab-8dea900cd96f",
    "dc:identifier": "12a528e0-f8d9-4b03-aba1-fb517001c9ff",
    "schema:legalName": "Comité Départemental de Tourisme de la Dordogne",
    "@type": [
      "schema:Organization",
      "foaf:Agent",
      "Agent"
    ]
  },
  "hasBeenPublishedBy": [
    {
      "@id": "https://data.datatourisme.fr/05dc9cb8-2fa5-383d-b87b-497de06649a2",
      "schema:email": [
        "sirtaqui@na-tourisme.com"
      ],
      "schema:legalName": "SIRTAQUI Nouvelle-Aquitaine",
      "schema:logo": "http://aquitaine.media.tourinsoft.eu/upload/Logo-Sirtaqui-1280x405.jpg",
      "@type": [
        "schema:Organization",
        "foaf:Agent",
        "Agent"
      ],
      "rdfs:comment": {
        "de": [
          "Collecter, mettre en commun et diffuser le plus largement possible une information complète et de qualité au service de nos habitants et de nos visiteurs : voici les objectifs du SIRTAQUI, Système d’Information Régional Touristique de Nouvelle-AQUItaine. Le dispositif est mis en œuvre conjointement par le Comité Régional de Tourisme de Nouvelle-Aquitaine, les services touristiques de la Corrèze, de la Creuse, de la Dordogne, de la Gironde, des Landes, du Lot-et-Garonne, des Pyrénées-Atlantiques, des Deux-Sèvres, de la Vienne et de la Haute-Vienne, en collaboration avec les Offices de Tourisme, et avec le soutien financier de l’Europe et du Conseil Régional."
        ],
        "en": [
          "Collecter, mettre en commun et diffuser le plus largement possible une information complète et de qualité au service de nos habitants et de nos visiteurs : voici les objectifs du SIRTAQUI, Système d’Information Régional Touristique de Nouvelle-AQUItaine. Le dispositif est mis en œuvre conjointement par le Comité Régional de Tourisme de Nouvelle-Aquitaine, les services touristiques de la Corrèze, de la Creuse, de la Dordogne, de la Gironde, des Landes, du Lot-et-Garonne, des Pyrénées-Atlantiques, des Deux-Sèvres, de la Vienne et de la Haute-Vienne, en collaboration avec les Offices de Tourisme, et avec le soutien financier de l’Europe et du Conseil Régional."
        ],
        "it": [
          "L'obiettivo di SIRTAQUI, il Sistema Regionale di Informazione Turistica della Nuova Aquitania, è quello di raccogliere, mettere in comune e diffondere il più possibile informazioni complete e di qualità a beneficio dei nostri residenti e visitatori. Il sistema è realizzato congiuntamente dal Comité Régional de Tourisme de Nouvelle-Aquitaine, dai servizi turistici di Corrèze, Creuse, Dordogne, Gironde, Landes, Lot-et-Garonne, Pyrénées-Atlantiques, Deux-Sèvres, Vienne e Haute-Vienne, in collaborazione con gli Uffici del Turismo e con il sostegno finanziario dell'Europa e del Conseil Régional."
        ],
        "fr": [
          "Collecter, mettre en commun et diffuser le plus largement possible une information complète et de qualité au service de nos habitants et de nos visiteurs : voici les objectifs du SIRTAQUI, Système d’Information Régional Touristique de Nouvelle-AQUItaine. Le dispositif est mis en œuvre conjointement par le Comité Régional de Tourisme de Nouvelle-Aquitaine, les services touristiques de la Corrèze, de la Creuse, de la Dordogne, de la Gironde, des Landes, du Lot-et-Garonne, des Pyrénées-Atlantiques, des Deux-Sèvres, de la Vienne et de la Haute-Vienne, en collaboration avec les Offices de Tourisme, et avec le soutien financier de l’Europe et du Conseil Régional."
        ],
        "nl": [
          "Collecter, mettre en commun et diffuser le plus largement possible une information complète et de qualité au service de nos habitants et de nos visiteurs : voici les objectifs du SIRTAQUI, Système d’Information Régional Touristique de Nouvelle-AQUItaine. Le dispositif est mis en œuvre conjointement par le Comité Régional de Tourisme de Nouvelle-Aquitaine, les services touristiques de la Corrèze, de la Creuse, de la Dordogne, de la Gironde, des Landes, du Lot-et-Garonne, des Pyrénées-Atlantiques, des Deux-Sèvres, de la Vienne et de la Haute-Vienne, en collaboration avec les Offices de Tourisme, et avec le soutien financier de l’Europe et du Conseil Régional."
        ],
        "es": [
          "Collecter, mettre en commun et diffuser le plus largement possible une information complète et de qualité au service de nos habitants et de nos visiteurs : voici les objectifs du SIRTAQUI, Système d’Information Régional Touristique de Nouvelle-AQUItaine. Le dispositif est mis en œuvre conjointement par le Comité Régional de Tourisme de Nouvelle-Aquitaine, les services touristiques de la Corrèze, de la Creuse, de la Dordogne, de la Gironde, des Landes, du Lot-et-Garonne, des Pyrénées-Atlantiques, des Deux-Sèvres, de la Vienne et de la Haute-Vienne, en collaboration avec les Offices de Tourisme, et avec le soutien financier de l’Europe et du Conseil Régional."
        ]
      },
      "foaf:homepage": [
        "http://www.sirtaqui-aquitaine.com/"
      ],
      "hasTranslatedProperty": [
        {
          "@id": "https://data.datatourisme.fr/eef27e75-4a23-313e-a6ee-797e7b64a1cd",
          "dc:contributor": [
            "https://api.deepl.com/v2/translate"
          ],
          "rdf:language": [
            "it"
          ],
          "rdf:predicate": [
            {
              "@id": "rdfs:comment"
            }
          ]
        }
      ]
    }
  ],
  "hasBookingContact": [
    {
      "@id": "https://data.datatourisme.fr/9332fa99-79c2-32ab-9f3e-8577cfbf2352",
      "schema:email": [
        "maryvonnedepracontal@orange.fr"
      ],
      "schema:legalName": "Madame Maryvonne de Pracontal",
      "schema:telephone": [
        "+33 5 53 04 63 03"
      ],
      "@type": [
        "schema:Organization",
        "foaf:Agent",
        "Agent"
      ]
    }
  ],
  "hasContact": [
    {
      "@id": "https://data.datatourisme.fr/5af12cb6-b20a-3a8d-a058-e7517fd66624",
      "schema:email": [
        "maryvonnedepracontal@orange.fr"
      ],
      "schema:telephone": [
        "+33 5 53 04 63 03"
      ],
      "@type": [
        "foaf:Agent",
        "Agent"
      ]
    },
    {
      "@id": "https://data.datatourisme.fr/9332fa99-79c2-32ab-9f3e-8577cfbf2352",
      "schema:email": [
        "maryvonnedepracontal@orange.fr"
      ],
      "schema:legalName": "Madame Maryvonne de Pracontal",
      "schema:telephone": [
        "+33 5 53 04 63 03"
      ],
      "@type": [
        "schema:Organization",
        "foaf:Agent",
        "Agent"
      ]
    }
  ],
  "hasDescription": [
    {
      "@id": "https://data.datatourisme.fr/b7f1f0ef-8817-3811-bddf-0371a0428a55",
      "dc:description": {
        "de": [
          "Feuer? 1320 °C! Steinzeug? : Lavendelasche, grünes, rotes Kupferseladon, Risse, Intarsien? Möchten Sie eine Teetasse? Eine Säule aus Porzellan, einen durchscheinenden, klingenden Lampenschirm? Sie haben die Wahl! Möglichkeiten für Praktika. Gemeinsame Nutzung des Ateliers und Töpferkurse auf Anfrage."
        ],
        "en": [
          "Fire? 1,320 degrees! Sandstone? : lavender ashes, green and red copper celadons, cracks, incrustations... Would you like a cup of tea? A porcelain column, a translucent and sonorous lampshade? Your choice! Internship opportunities. Workshop sharing and pottery courses on request."
        ],
        "it": [
          "Fuoco? 1.320°C! Gres? cenere di lavanda, rame celeste verde e rosso, crepe, intarsi... Vuole una tazza di tè? Una colonna di porcellana, un paralume traslucido e sonoro? La scelta è vostra! Possibilità di corsi di formazione. Condivisione di laboratori e corsi di ceramica su richiesta."
        ],
        "fr": [
          "Le feu ? 1 320 °C ! Du grès ? : des cendres de lavande, des céladons verts, rouges de cuivre, des craquelures, incrustations... Voulez-vous une tasse de thé ? Une colonne de porcelaine, un abat-jour translucide et sonore ? Au choix ! Possibilités de stages. Partage d'atelier et cours de poterie à la demande."
        ],
        "es": [
          "¿Fuego? ¡1.320°C! ¿Greso? cenizas de lavanda, celadones de cobre verde y rojo, grietas, incrustaciones... ¿Quieres una taza de té? ¿Una columna de porcelana, una pantalla translúcida y sonora? La elección es suya Posibilidades de cursos de formación. Reparto de talleres y cursos de alfarería a petición."
        ],
        "nl": [
          "Vuur? 1.320°C! Steengoed? lavendel as, groene en rode koperen celadons, scheuren, inlegwerk... Wil je een kopje thee? Een porseleinen zuil, een doorschijnende en sonore lampenkap? De keuze is aan u! Mogelijkheden voor opleidingen. Workshop delen en cursussen pottenbakken op aanvraag."
        ]
      },
      "@type": [
        "Description"
      ],
      "hasTranslatedProperty": [
        {
          "@id": "https://data.datatourisme.fr/05ca47fd-1ae1-33c5-9248-bc4f8ffb63ee",
          "dc:contributor": [
            "https://api.deepl.com/v2/translate"
          ],
          "rdf:language": [
            "de"
          ],
          "rdf:predicate": [
            {
              "@id": "dc:description"
            }
          ]
        },
        {
          "@id": "https://data.datatourisme.fr/2cb621f5-e1fe-3f00-b7b3-8ce46489d4bb",
          "dc:contributor": [
            "https://api.deepl.com/v2/translate"
          ],
          "rdf:language": [
            "en"
          ],
          "rdf:predicate": [
            {
              "@id": "dc:description"
            }
          ]
        },
        {
          "@id": "https://data.datatourisme.fr/30003996-ff68-35a7-b067-c79e08703458",
          "dc:contributor": [
            "https://api.deepl.com/v2/translate"
          ],
          "rdf:language": [
            "en"
          ],
          "rdf:predicate": [
            "shortDescription"
          ]
        },
        {
          "@id": "https://data.datatourisme.fr/30e5b69c-4de0-36bc-a8bd-22c3fca9d108",
          "dc:contributor": [
            "https://api.deepl.com/v2/translate"
          ],
          "rdf:language": [
            "it"
          ],
          "rdf:predicate": [
            {
              "@id": "dc:description"
            }
          ]
        },
        {
          "@id": "https://data.datatourisme.fr/410d8533-4560-34d4-8560-a91c476d02df",
          "dc:contributor": [
            "https://api.deepl.com/v2/translate"
          ],
          "rdf:language": [
            "es"
          ],
          "rdf:predicate": [
            "shortDescription"
          ]
        },
        {
          "@id": "https://data.datatourisme.fr/4dad1d87-3247-37fa-8622-981e53c9618a",
          "dc:contributor": [
            "https://api.deepl.com/v2/translate"
          ],
          "rdf:language": [
            "it"
          ],
          "rdf:predicate": [
            "shortDescription"
          ]
        },
        {
          "@id": "https://data.datatourisme.fr/c0f40a14-d53d-3436-82f0-e6f2b3fa37ba",
          "dc:contributor": [
            "https://api.deepl.com/v2/translate"
          ],
          "rdf:language": [
            "nl"
          ],
          "rdf:predicate": [
            "shortDescription"
          ]
        },
        {
          "@id": "https://data.datatourisme.fr/c8d13f2b-1e48-38f1-80a2-af7188b0cb69",
          "dc:contributor": [
            "https://api.deepl.com/v2/translate"
          ],
          "rdf:language": [
            "es"
          ],
          "rdf:predicate": [
            {
              "@id": "dc:description"
            }
          ]
        },
        {
          "@id": "https://data.datatourisme.fr/d1450a33-593b-3299-b538-e2ea91d3afbf",
          "dc:contributor": [
            "https://api.deepl.com/v2/translate"
          ],
          "rdf:language": [
            "nl"
          ],
          "rdf:predicate": [
            {
              "@id": "dc:description"
            }
          ]
        },
        {
          "@id": "https://data.datatourisme.fr/e21917d7-e5d8-34b0-b6e1-3567e752b18e",
          "dc:contributor": [
            "https://api.deepl.com/v2/translate"
          ],
          "rdf:language": [
            "de"
          ],
          "rdf:predicate": [
            "shortDescription"
          ]
        }
      ],
      "shortDescription": {
        "de": [
          "Feuer? 1320 °C! Steinzeug? : Lavendelasche, grünes, rotes Kupferseladon, Risse, Intarsien? Möchten Sie eine Teetasse? Eine Säule aus Porzellan, einen durchscheinenden, klingenden Lampenschirm? Sie haben die Wahl! Möglichkeiten für Praktika. Gemeinsame Nutzung des Ateliers und Töpferkurse auf Anfrage."
        ],
        "en": [
          "Fire? 1,320 degrees! Sandstone? : lavender ashes, green and red copper celadons, cracks, incrustations... Would you like a cup of tea? A porcelain column, a translucent and sonorous lampshade? Your choice! Internship opportunities. Workshop sharing and pottery courses on request."
        ],
        "it": [
          "Fuoco? 1.320°C! Gres? cenere di lavanda, rame celeste verde e rosso, crepe, intarsi... Vuole una tazza di tè? Una colonna di porcellana, un paralume traslucido e sonoro? La scelta è vostra! Possibilità di corsi di formazione. Condivisione di laboratori e corsi di ceramica su richiesta."
        ],
        "fr": [
          "Le feu ? 1 320 °C ! Du grès ? : des cendres de lavande, des céladons verts, rouges de cuivre, des craquelures, incrustations... Voulez-vous une tasse de thé ? Une colonne de porcelaine, un abat-jour translucide et sonore ? Au choix ! Possibilités de stages. Partage d'atelier et cours de poterie à la demande."
        ],
        "es": [
          "¿Fuego? ¡1.320°C! ¿Greso? cenizas de lavanda, celadones de cobre verde y rojo, grietas, incrustaciones... ¿Quieres una taza de té? ¿Una columna de porcelana, una pantalla translúcida y sonora? La elección es suya Posibilidades de cursos de formación. Reparto de talleres y cursos de alfarería a petición."
        ],
        "nl": [
          "Vuur? 1.320°C! Steengoed? lavendel as, groene en rode koperen celadons, scheuren, inlegwerk... Wil je een kopje thee? Een porseleinen zuil, een doorschijnende en sonore lampenkap? De keuze is aan u! Mogelijkheden voor opleidingen. Workshop delen en cursussen pottenbakken op aanvraag."
        ]
      }
    }
  ],
  "hasTheme": [
    {
      "@id": "kb:Pottery",
      "@type": [
        "CulturalTheme"
      ],
      "rdfs:label": {
        "de": [
          "Tonwaren"
        ],
        "pt": [
          "Olaria"
        ],
        "en": [
          "Pottery"
        ],
        "it": [
          "Vasellame"
        ],
        "fr": [
          "Poterie"
        ],
        "es": [
          "Cerámica"
        ],
        "nl": [
          "Aardewerk"
        ]
      }
    }
  ],
  "hasTranslatedProperty": [
    {
      "@id": "https://data.datatourisme.fr/18704848-9b03-3f12-ad97-5ffe89562c5d",
      "dc:contributor": [
        "https://api.deepl.com/v2/translate"
      ],
      "rdf:language": [
        "nl"
      ],
      "rdf:predicate": [
        {
          "@id": "rdfs:comment"
        }
      ]
    },
    {
      "@id": "https://data.datatourisme.fr/1b6e2414-8cfe-3189-a645-ec0ca29a97a3",
      "dc:contributor": [
        "https://api.deepl.com/v2/translate"
      ],
      "rdf:language": [
        "de"
      ],
      "rdf:predicate": [
        {
          "@id": "rdfs:comment"
        }
      ]
    },
    {
      "@id": "https://data.datatourisme.fr/50c9c1b2-7371-3489-b079-3faa2235ed67",
      "dc:contributor": [
        "https://api.deepl.com/v2/translate"
      ],
      "rdf:language": [
        "es"
      ],
      "rdf:predicate": [
        {
          "@id": "rdfs:comment"
        }
      ]
    },
    {
      "@id": "https://data.datatourisme.fr/8becf790-0151-3e2e-826a-5c1585acf239",
      "dc:contributor": [
        "https://api.deepl.com/v2/translate"
      ],
      "rdf:language": [
        "it"
      ],
      "rdf:predicate": [
        {
          "@id": "rdfs:comment"
        }
      ]
    },
    {
      "@id": "https://data.datatourisme.fr/f46a6fdc-3bb2-3243-9a17-e8a40a057978",
      "dc:contributor": [
        "https://api.deepl.com/v2/translate"
      ],
      "rdf:language": [
        "en"
      ],
      "rdf:predicate": [
        {
          "@id": "rdfs:comment"
        }
      ]
    }
  ],
  "isLocatedAt": [
    {
      "@id": "https://data.datatourisme.fr/399e27cf-3122-3888-9131-22523c07a456",
      "schema:address": [
        {
          "@id": "https://data.datatourisme.fr/2c6d6638-8947-3f5c-beac-94aa444b03fd",
          "schema:addressLocality": "Cornille",
          "schema:postalCode": "24750",
          "schema:streetAddress": [
            "La Fayardie"
          ],
          "@type": [
            "schema:PostalAddress",
            "PostalAddress"
          ],
          "hasAddressCity": {
            "@id": "kb:24135",
            "@type": [
              "City"
            ],
            "rdfs:label": {
              "de": [
                "Cornille"
              ],
              "pt": [
                "Cornille"
              ],
              "en": [
                "Cornille"
              ],
              "it": [
                "Cornille"
              ],
              "fr": [
                "Cornille"
              ],
              "nl": [
                "Cornille"
              ],
              "es": [
                "Cornille"
              ]
            },
            "insee": "24135",
            "isPartOfDepartment": {
              "@id": "kb:France7524",
              "@type": [
                "Department"
              ],
              "rdfs:label": {
                "de": [
                  "Dordogne"
                ],
                "pt": [
                  "Dordogne"
                ],
                "en": [
                  "Dordogne"
                ],
                "it": [
                  "Dordogne"
                ],
                "fr": [
                  "Dordogne"
                ],
                "nl": [
                  "Dordogne"
                ],
                "es": [
                  "Dordogne"
                ]
              },
              "insee": "24",
              "isPartOfRegion": {
                "@id": "kb:France75",
                "@type": [
                  "Region"
                ],
                "rdfs:label": {
                  "de": [
                    "Nouvelle-Aquitaine"
                  ],
                  "pt": [
                    "Nouvelle-Aquitaine"
                  ],
                  "en": [
                    "Nouvelle-Aquitaine"
                  ],
                  "it": [
                    "Nouvelle-Aquitaine"
                  ],
                  "fr": [
                    "Nouvelle-Aquitaine"
                  ],
                  "nl": [
                    "Nouvelle-Aquitaine"
                  ],
                  "es": [
                    "Nouvelle-Aquitaine"
                  ]
                },
                "insee": "75",
                "isPartOfCountry": {
                  "@id": "kb:France",
                  "@type": [
                    "schema:Country"
                  ],
                  "rdfs:label": {
                    "de": [
                      "France",
                      "Frankreich"
                    ],
                    "pt": [
                      "França",
                      "France"
                    ],
                    "en": [
                      "France"
                    ],
                    "it": [
                      "France",
                      "Francia"
                    ],
                    "fr": [
                      "France"
                    ],
                    "nl": [
                      "France",
                      "Frankrijk"
                    ],
                    "es": [
                      "France",
                      "Francia"
                    ]
                  }
                }
              }
            }
          }
        }
      ],
      "schema:geo": {
        "@id": "https://data.datatourisme.fr/a3a6ed8d-95ca-33fc-8bea-591b301b07f0",
        "schema:latitude": "45.254688",
        "schema:longitude": "0.798014",
        "@type": [
          "schema:GeoCoordinates"
        ]
      },
      "@type": [
        "schema:Place",
        "Place"
      ]
    }
  ],
  "isOwnedBy": [
    {
      "@id": "https://data.datatourisme.fr/9332fa99-79c2-32ab-9f3e-8577cfbf2352",
      "schema:email": [
        "maryvonnedepracontal@orange.fr"
      ],
      "schema:legalName": "Madame Maryvonne de Pracontal",
      "schema:telephone": [
        "+33 5 53 04 63 03"
      ],
      "@type": [
        "schema:Organization",
        "foaf:Agent",
        "Agent"
      ]
    }
  ],
  "lastUpdate": "2022-09-14",
  "lastUpdateDatatourisme": "2023-09-28T00:28:27.911Z"
}