{
  "@id": "https://data.datatourisme.fr/23/00d760f7-ff3e-3a10-b3f6-17227a8405a3",
  "dc:identifier": "FMAAQU023V5002TC",
  "schema:endDate": [
    "2023-12-31"
  ],
  "schema:startDate": [
    "2022-05-03"
  ],
  "@type": [
    "schema:Event",
    "schema:SaleEvent",
    "schema:SocialEvent",
    "EntertainmentAndEvent",
    "LocalAnimation",
    "Market",
    "PointOfInterest",
    "SaleEvent",
    "SocialEvent"
  ],
  "rdfs:comment": {
    "de": [
      "Kommen Sie und entdecken Sie köstliche Produkte und verschiedene Artikel"
    ],
    "en": [
      "Come and discover delicious products and various items"
    ],
    "it": [
      "Venite a scoprire prodotti deliziosi e una grande varietà di articoli"
    ],
    "fr": [
      "Venez découvrir de délicieux produits et divers articles"
    ],
    "es": [
      "Venga y descubra deliciosos productos y una gran variedad de artículos"
    ],
    "nl": [
      "Kom en ontdek heerlijke producten en een verscheidenheid aan artikelen"
    ]
  },
  "rdfs:label": {
    "de": [
      "Marché de Guéret"
    ],
    "en": [
      "Marché de Guéret"
    ],
    "fr": [
      "Marché de Guéret"
    ],
    "nl": [
      "Marché de Guéret"
    ],
    "es": [
      "Marché de Guéret"
    ]
  },
  "creationDate": "2022-10-10",
  "hasBeenCreatedBy": {
    "@id": "https://data.datatourisme.fr/23/1bd9e3a9-901d-3990-a138-6d342b870016",
    "dc:identifier": "5bca789e-c2dd-4356-b51e-7c8fa776abce",
    "schema:legalName": "Creuse Tourisme",
    "@type": [
      "schema:Organization",
      "foaf:Agent",
      "Agent"
    ]
  },
  "hasBeenPublishedBy": [
    {
      "@id": "https://data.datatourisme.fr/05dc9cb8-2fa5-383d-b87b-497de06649a2",
      "schema:email": [
        "sirtaqui@na-tourisme.com"
      ],
      "schema:legalName": "SIRTAQUI Nouvelle-Aquitaine",
      "schema:logo": "http://aquitaine.media.tourinsoft.eu/upload/Logo-Sirtaqui-1280x405.jpg",
      "@type": [
        "schema:Organization",
        "foaf:Agent",
        "Agent"
      ],
      "rdfs:comment": {
        "de": [
          "Collecter, mettre en commun et diffuser le plus largement possible une information complète et de qualité au service de nos habitants et de nos visiteurs : voici les objectifs du SIRTAQUI, Système d’Information Régional Touristique de Nouvelle-AQUItaine. Le dispositif est mis en œuvre conjointement par le Comité Régional de Tourisme de Nouvelle-Aquitaine, les services touristiques de la Corrèze, de la Creuse, de la Dordogne, de la Gironde, des Landes, du Lot-et-Garonne, des Pyrénées-Atlantiques, des Deux-Sèvres, de la Vienne et de la Haute-Vienne, en collaboration avec les Offices de Tourisme, et avec le soutien financier de l’Europe et du Conseil Régional."
        ],
        "en": [
          "Collecter, mettre en commun et diffuser le plus largement possible une information complète et de qualité au service de nos habitants et de nos visiteurs : voici les objectifs du SIRTAQUI, Système d’Information Régional Touristique de Nouvelle-AQUItaine. Le dispositif est mis en œuvre conjointement par le Comité Régional de Tourisme de Nouvelle-Aquitaine, les services touristiques de la Corrèze, de la Creuse, de la Dordogne, de la Gironde, des Landes, du Lot-et-Garonne, des Pyrénées-Atlantiques, des Deux-Sèvres, de la Vienne et de la Haute-Vienne, en collaboration avec les Offices de Tourisme, et avec le soutien financier de l’Europe et du Conseil Régional."
        ],
        "it": [
          "L'obiettivo di SIRTAQUI, il Sistema Regionale di Informazione Turistica della Nuova Aquitania, è quello di raccogliere, mettere in comune e diffondere il più possibile informazioni complete e di qualità a beneficio dei nostri residenti e visitatori. Il sistema è realizzato congiuntamente dal Comité Régional de Tourisme de Nouvelle-Aquitaine, dai servizi turistici di Corrèze, Creuse, Dordogne, Gironde, Landes, Lot-et-Garonne, Pyrénées-Atlantiques, Deux-Sèvres, Vienne e Haute-Vienne, in collaborazione con gli Uffici del Turismo e con il sostegno finanziario dell'Europa e del Conseil Régional."
        ],
        "fr": [
          "Collecter, mettre en commun et diffuser le plus largement possible une information complète et de qualité au service de nos habitants et de nos visiteurs : voici les objectifs du SIRTAQUI, Système d’Information Régional Touristique de Nouvelle-AQUItaine. Le dispositif est mis en œuvre conjointement par le Comité Régional de Tourisme de Nouvelle-Aquitaine, les services touristiques de la Corrèze, de la Creuse, de la Dordogne, de la Gironde, des Landes, du Lot-et-Garonne, des Pyrénées-Atlantiques, des Deux-Sèvres, de la Vienne et de la Haute-Vienne, en collaboration avec les Offices de Tourisme, et avec le soutien financier de l’Europe et du Conseil Régional."
        ],
        "nl": [
          "Collecter, mettre en commun et diffuser le plus largement possible une information complète et de qualité au service de nos habitants et de nos visiteurs : voici les objectifs du SIRTAQUI, Système d’Information Régional Touristique de Nouvelle-AQUItaine. Le dispositif est mis en œuvre conjointement par le Comité Régional de Tourisme de Nouvelle-Aquitaine, les services touristiques de la Corrèze, de la Creuse, de la Dordogne, de la Gironde, des Landes, du Lot-et-Garonne, des Pyrénées-Atlantiques, des Deux-Sèvres, de la Vienne et de la Haute-Vienne, en collaboration avec les Offices de Tourisme, et avec le soutien financier de l’Europe et du Conseil Régional."
        ],
        "es": [
          "Collecter, mettre en commun et diffuser le plus largement possible une information complète et de qualité au service de nos habitants et de nos visiteurs : voici les objectifs du SIRTAQUI, Système d’Information Régional Touristique de Nouvelle-AQUItaine. Le dispositif est mis en œuvre conjointement par le Comité Régional de Tourisme de Nouvelle-Aquitaine, les services touristiques de la Corrèze, de la Creuse, de la Dordogne, de la Gironde, des Landes, du Lot-et-Garonne, des Pyrénées-Atlantiques, des Deux-Sèvres, de la Vienne et de la Haute-Vienne, en collaboration avec les Offices de Tourisme, et avec le soutien financier de l’Europe et du Conseil Régional."
        ]
      },
      "foaf:homepage": [
        "http://www.sirtaqui-aquitaine.com/"
      ],
      "hasTranslatedProperty": [
        {
          "@id": "https://data.datatourisme.fr/eef27e75-4a23-313e-a6ee-797e7b64a1cd",
          "dc:contributor": [
            "https://api.deepl.com/v2/translate"
          ],
          "rdf:language": [
            "it"
          ],
          "rdf:predicate": [
            {
              "@id": "rdfs:comment"
            }
          ]
        }
      ]
    }
  ],
  "hasBookingContact": [
    {
      "@id": "https://data.datatourisme.fr/0953026f-7873-313e-a4d8-1c02dc4b10cd",
      "schema:legalName": "Mairie de Guéret",
      "schema:telephone": [
        "+33 5 55 51 47 00"
      ],
      "@type": [
        "schema:Organization",
        "foaf:Agent",
        "Agent"
      ]
    }
  ],
  "hasContact": [
    {
      "@id": "https://data.datatourisme.fr/0953026f-7873-313e-a4d8-1c02dc4b10cd",
      "schema:legalName": "Mairie de Guéret",
      "schema:telephone": [
        "+33 5 55 51 47 00"
      ],
      "@type": [
        "schema:Organization",
        "foaf:Agent",
        "Agent"
      ]
    }
  ],
  "hasDescription": [
    {
      "@id": "https://data.datatourisme.fr/b3cc54b7-5bd5-392b-82c1-67ac03c9017f",
      "dc:description": {
        "de": [
          "Kommen Sie und entdecken Sie köstliche Produkte und verschiedene Artikel"
        ],
        "en": [
          "Come and discover delicious products and various items"
        ],
        "it": [
          "Venite a scoprire prodotti deliziosi e una grande varietà di articoli"
        ],
        "fr": [
          "Venez découvrir de délicieux produits et divers articles"
        ],
        "es": [
          "Venga y descubra deliciosos productos y una gran variedad de artículos"
        ],
        "nl": [
          "Kom en ontdek heerlijke producten en een verscheidenheid aan artikelen"
        ]
      },
      "@type": [
        "Description"
      ],
      "hasTranslatedProperty": [
        {
          "@id": "https://data.datatourisme.fr/0ed635fc-5c83-311a-a5aa-7c610459305b",
          "dc:contributor": [
            "https://api.deepl.com/v2/translate"
          ],
          "rdf:language": [
            "de"
          ],
          "rdf:predicate": [
            {
              "@id": "dc:description"
            }
          ]
        },
        {
          "@id": "https://data.datatourisme.fr/67a079c0-f4e5-3ee6-8ab6-62881730f6c5",
          "dc:contributor": [
            "https://api.deepl.com/v2/translate"
          ],
          "rdf:language": [
            "it"
          ],
          "rdf:predicate": [
            {
              "@id": "dc:description"
            }
          ]
        },
        {
          "@id": "https://data.datatourisme.fr/878d31b7-d34b-38e2-96b2-ec2e611d1f30",
          "dc:contributor": [
            "https://api.deepl.com/v2/translate"
          ],
          "rdf:language": [
            "nl"
          ],
          "rdf:predicate": [
            {
              "@id": "dc:description"
            }
          ]
        },
        {
          "@id": "https://data.datatourisme.fr/8b7257b1-facc-3a47-b1e0-9fd786a8644d",
          "dc:contributor": [
            "https://api.deepl.com/v2/translate"
          ],
          "rdf:language": [
            "es"
          ],
          "rdf:predicate": [
            "shortDescription"
          ]
        },
        {
          "@id": "https://data.datatourisme.fr/a5e6cfbf-95f7-3a55-a9bc-ad3c225e7134",
          "dc:contributor": [
            "https://api.deepl.com/v2/translate"
          ],
          "rdf:language": [
            "it"
          ],
          "rdf:predicate": [
            "shortDescription"
          ]
        },
        {
          "@id": "https://data.datatourisme.fr/a7678148-9edb-3389-9ced-9a12b15e14c9",
          "dc:contributor": [
            "https://api.deepl.com/v2/translate"
          ],
          "rdf:language": [
            "en"
          ],
          "rdf:predicate": [
            {
              "@id": "dc:description"
            }
          ]
        },
        {
          "@id": "https://data.datatourisme.fr/baa6fb29-6ce4-32af-9b1b-f37eb1411acd",
          "dc:contributor": [
            "https://api.deepl.com/v2/translate"
          ],
          "rdf:language": [
            "en"
          ],
          "rdf:predicate": [
            "shortDescription"
          ]
        },
        {
          "@id": "https://data.datatourisme.fr/cb166741-e129-3c41-bab0-e3181a2b3928",
          "dc:contributor": [
            "https://api.deepl.com/v2/translate"
          ],
          "rdf:language": [
            "de"
          ],
          "rdf:predicate": [
            "shortDescription"
          ]
        },
        {
          "@id": "https://data.datatourisme.fr/e3e1d77b-df9b-37b5-a142-1e2181edd806",
          "dc:contributor": [
            "https://api.deepl.com/v2/translate"
          ],
          "rdf:language": [
            "nl"
          ],
          "rdf:predicate": [
            "shortDescription"
          ]
        },
        {
          "@id": "https://data.datatourisme.fr/f81da58c-c178-3e31-ac15-71e5290a3012",
          "dc:contributor": [
            "https://api.deepl.com/v2/translate"
          ],
          "rdf:language": [
            "es"
          ],
          "rdf:predicate": [
            {
              "@id": "dc:description"
            }
          ]
        }
      ],
      "shortDescription": {
        "de": [
          "Kommen Sie und entdecken Sie köstliche Produkte und verschiedene Artikel"
        ],
        "en": [
          "Come and discover delicious products and various items"
        ],
        "it": [
          "Venite a scoprire prodotti deliziosi e una grande varietà di articoli"
        ],
        "fr": [
          "Venez découvrir de délicieux produits et divers articles"
        ],
        "es": [
          "Venga y descubra deliciosos productos y una gran variedad de artículos"
        ],
        "nl": [
          "Kom en ontdek heerlijke producten en een verscheidenheid aan artikelen"
        ]
      }
    }
  ],
  "hasMainRepresentation": [
    {
      "@id": "https://data.datatourisme.fr/d486d0bc-6944-3470-bae2-406bfa073144",
      "ebucore:hasAnnotation": [
        {
          "@id": "https://data.datatourisme.fr/9dc44967-bd63-302b-93da-080e4fe624a6",
          "ebucore:isCoveredBy": "By-NC-ND 4.0",
          "ebucore:title": {
            "fr": [
              "Marché de Guéret_1"
            ]
          },
          "@type": [
            "ebucore:Annotation"
          ],
          "credits": [
            "OTGG"
          ]
        }
      ],
      "ebucore:hasRelatedResource": [
        {
          "@id": "https://data.datatourisme.fr/90c9cf6d-5c36-3a9a-9722-1e8c62b09297",
          "ebucore:hasMimeType": [
            {
              "@id": "kb:JPEG",
              "@type": [
                "ebucore:MimeType"
              ],
              "rdfs:comment": {
                "de": [
                  "JPEG-Bild"
                ],
                "pt": [
                  "Imagem JPEG"
                ],
                "en": [
                  "JPEG image file"
                ],
                "it": [
                  "Immagine JPEG"
                ],
                "fr": [
                  "Image JPEG"
                ],
                "nl": [
                  "JPEG-afbeelding"
                ],
                "es": [
                  "Imagen JPEG"
                ]
              },
              "rdfs:label": {
                "de": [
                  "image/jpeg"
                ],
                "pt": [
                  "image/jpeg"
                ],
                "en": [
                  "image/jpeg"
                ],
                "it": [
                  "image/jpeg"
                ],
                "fr": [
                  "image/jpeg"
                ],
                "nl": [
                  "image/jpeg"
                ],
                "es": [
                  "image/jpeg"
                ]
              }
            }
          ],
          "ebucore:locator": [
            "http://aquitaine.media.tourinsoft.eu/Upload/175005159-4.jpg"
          ],
          "@type": [
            "ebucore:Resource"
          ]
        }
      ],
      "@type": [
        "ebucore:EditorialObject"
      ]
    }
  ],
  "hasRepresentation": [
    {
      "@id": "https://data.datatourisme.fr/3c0efbb2-19ee-33f4-a60f-82c88ba401ee",
      "ebucore:hasAnnotation": [
        {
          "@id": "https://data.datatourisme.fr/a56ed604-7ee6-3736-909a-4795c8e6ef75",
          "ebucore:isCoveredBy": "By-NC-ND 4.0",
          "ebucore:title": {
            "fr": [
              "Marché de Guéret_2"
            ]
          },
          "@type": [
            "ebucore:Annotation"
          ],
          "credits": [
            "OTGG"
          ]
        }
      ],
      "ebucore:hasRelatedResource": [
        {
          "@id": "https://data.datatourisme.fr/0f1d5c86-fd67-39e7-a781-eda767eff9d4",
          "ebucore:hasMimeType": [
            {
              "@id": "kb:JPEG",
              "@type": [
                "ebucore:MimeType"
              ],
              "rdfs:comment": {
                "de": [
                  "JPEG-Bild"
                ],
                "pt": [
                  "Imagem JPEG"
                ],
                "en": [
                  "JPEG image file"
                ],
                "it": [
                  "Immagine JPEG"
                ],
                "fr": [
                  "Image JPEG"
                ],
                "nl": [
                  "JPEG-afbeelding"
                ],
                "es": [
                  "Imagen JPEG"
                ]
              },
              "rdfs:label": {
                "de": [
                  "image/jpeg"
                ],
                "pt": [
                  "image/jpeg"
                ],
                "en": [
                  "image/jpeg"
                ],
                "it": [
                  "image/jpeg"
                ],
                "fr": [
                  "image/jpeg"
                ],
                "nl": [
                  "image/jpeg"
                ],
                "es": [
                  "image/jpeg"
                ]
              }
            }
          ],
          "ebucore:locator": [
            "http://aquitaine.media.tourinsoft.eu/Upload/175005159-5.JPG"
          ],
          "@type": [
            "ebucore:Resource"
          ]
        }
      ],
      "@type": [
        "ebucore:EditorialObject"
      ]
    },
    {
      "@id": "https://data.datatourisme.fr/d486d0bc-6944-3470-bae2-406bfa073144",
      "ebucore:hasAnnotation": [
        {
          "@id": "https://data.datatourisme.fr/9dc44967-bd63-302b-93da-080e4fe624a6",
          "ebucore:isCoveredBy": "By-NC-ND 4.0",
          "ebucore:title": {
            "fr": [
              "Marché de Guéret_1"
            ]
          },
          "@type": [
            "ebucore:Annotation"
          ],
          "credits": [
            "OTGG"
          ]
        }
      ],
      "ebucore:hasRelatedResource": [
        {
          "@id": "https://data.datatourisme.fr/90c9cf6d-5c36-3a9a-9722-1e8c62b09297",
          "ebucore:hasMimeType": [
            {
              "@id": "kb:JPEG",
              "@type": [
                "ebucore:MimeType"
              ],
              "rdfs:comment": {
                "de": [
                  "JPEG-Bild"
                ],
                "pt": [
                  "Imagem JPEG"
                ],
                "en": [
                  "JPEG image file"
                ],
                "it": [
                  "Immagine JPEG"
                ],
                "fr": [
                  "Image JPEG"
                ],
                "nl": [
                  "JPEG-afbeelding"
                ],
                "es": [
                  "Imagen JPEG"
                ]
              },
              "rdfs:label": {
                "de": [
                  "image/jpeg"
                ],
                "pt": [
                  "image/jpeg"
                ],
                "en": [
                  "image/jpeg"
                ],
                "it": [
                  "image/jpeg"
                ],
                "fr": [
                  "image/jpeg"
                ],
                "nl": [
                  "image/jpeg"
                ],
                "es": [
                  "image/jpeg"
                ]
              }
            }
          ],
          "ebucore:locator": [
            "http://aquitaine.media.tourinsoft.eu/Upload/175005159-4.jpg"
          ],
          "@type": [
            "ebucore:Resource"
          ]
        }
      ],
      "@type": [
        "ebucore:EditorialObject"
      ]
    }
  ],
  "hasTranslatedProperty": [
    {
      "@id": "https://data.datatourisme.fr/1b8b7c84-d670-3fb9-975a-58ffe353fdd7",
      "dc:contributor": [
        "https://api.deepl.com/v2/translate"
      ],
      "rdf:language": [
        "it"
      ],
      "rdf:predicate": [
        {
          "@id": "rdfs:comment"
        }
      ]
    },
    {
      "@id": "https://data.datatourisme.fr/30809ba9-a0c5-3a78-bb77-99fbb9a357b8",
      "dc:contributor": [
        "https://api.deepl.com/v2/translate"
      ],
      "rdf:language": [
        "nl"
      ],
      "rdf:predicate": [
        {
          "@id": "rdfs:comment"
        }
      ]
    },
    {
      "@id": "https://data.datatourisme.fr/57958caf-308d-3299-bb77-d4b6658788a9",
      "dc:contributor": [
        "https://api.deepl.com/v2/translate"
      ],
      "rdf:language": [
        "es"
      ],
      "rdf:predicate": [
        {
          "@id": "rdfs:comment"
        }
      ]
    },
    {
      "@id": "https://data.datatourisme.fr/91fed6c6-43f9-38e9-b73e-2624023011ac",
      "dc:contributor": [
        "https://api.deepl.com/v2/translate"
      ],
      "rdf:language": [
        "en"
      ],
      "rdf:predicate": [
        {
          "@id": "rdfs:comment"
        }
      ]
    },
    {
      "@id": "https://data.datatourisme.fr/95211652-d7aa-3807-afb7-4a27ecf21dc9",
      "dc:contributor": [
        "https://api.deepl.com/v2/translate"
      ],
      "rdf:language": [
        "de"
      ],
      "rdf:predicate": [
        {
          "@id": "rdfs:comment"
        }
      ]
    }
  ],
  "isLocatedAt": [
    {
      "@id": "https://data.datatourisme.fr/53c6a27d-b237-352b-8ed9-0d60c8fa2432",
      "schema:address": [
        {
          "@id": "https://data.datatourisme.fr/39eadc86-e3f1-37a1-840e-24d00ed484f4",
          "schema:addressLocality": "Guéret",
          "schema:postalCode": "23000",
          "@type": [
            "schema:PostalAddress",
            "PostalAddress"
          ],
          "hasAddressCity": {
            "@id": "kb:23096",
            "@type": [
              "City"
            ],
            "rdfs:label": {
              "de": [
                "Guéret"
              ],
              "pt": [
                "Guéret"
              ],
              "en": [
                "Guéret"
              ],
              "it": [
                "Guéret"
              ],
              "fr": [
                "Guéret"
              ],
              "nl": [
                "Guéret"
              ],
              "es": [
                "Guéret"
              ]
            },
            "insee": "23096",
            "isPartOfDepartment": {
              "@id": "kb:France7523",
              "@type": [
                "Department"
              ],
              "rdfs:label": {
                "de": [
                  "Creuse"
                ],
                "pt": [
                  "Creuse"
                ],
                "en": [
                  "Creuse"
                ],
                "it": [
                  "Creuse"
                ],
                "fr": [
                  "Creuse"
                ],
                "nl": [
                  "Creuse"
                ],
                "es": [
                  "Creuse"
                ]
              },
              "insee": "23",
              "isPartOfRegion": {
                "@id": "kb:France75",
                "@type": [
                  "Region"
                ],
                "rdfs:label": {
                  "de": [
                    "Nouvelle-Aquitaine"
                  ],
                  "pt": [
                    "Nouvelle-Aquitaine"
                  ],
                  "en": [
                    "Nouvelle-Aquitaine"
                  ],
                  "it": [
                    "Nouvelle-Aquitaine"
                  ],
                  "fr": [
                    "Nouvelle-Aquitaine"
                  ],
                  "nl": [
                    "Nouvelle-Aquitaine"
                  ],
                  "es": [
                    "Nouvelle-Aquitaine"
                  ]
                },
                "insee": "75",
                "isPartOfCountry": {
                  "@id": "kb:France",
                  "@type": [
                    "schema:Country"
                  ],
                  "rdfs:label": {
                    "de": [
                      "France",
                      "Frankreich"
                    ],
                    "pt": [
                      "França",
                      "France"
                    ],
                    "en": [
                      "France"
                    ],
                    "it": [
                      "France",
                      "Francia"
                    ],
                    "fr": [
                      "France"
                    ],
                    "nl": [
                      "France",
                      "Frankrijk"
                    ],
                    "es": [
                      "France",
                      "Francia"
                    ]
                  }
                }
              }
            }
          }
        }
      ],
      "schema:geo": {
        "@id": "https://data.datatourisme.fr/bada60b3-553d-301b-922a-55f47077674a",
        "schema:latitude": "46.1708333",
        "schema:longitude": "1.88027777",
        "@type": [
          "schema:GeoCoordinates"
        ]
      },
      "@type": [
        "schema:Place",
        "Place"
      ],
      "altInsee": [
        "23096"
      ]
    }
  ],
  "isOwnedBy": [
    {
      "@id": "https://data.datatourisme.fr/0953026f-7873-313e-a4d8-1c02dc4b10cd",
      "schema:legalName": "Mairie de Guéret",
      "schema:telephone": [
        "+33 5 55 51 47 00"
      ],
      "@type": [
        "schema:Organization",
        "foaf:Agent",
        "Agent"
      ]
    }
  ],
  "lastUpdate": "2023-02-22",
  "lastUpdateDatatourisme": "2023-06-20T09:38:37.239Z",
  "takesPlaceAt": [
    {
      "@id": "https://data.datatourisme.fr/97a02533-69f9-3c7a-b3bc-aa57b5c3c423",
      "@type": [
        "Period"
      ],
      "endDate": "2023-12-31",
      "endTime": "12:00:00",
      "startDate": "2022-05-03",
      "startTime": "09:00:00"
    }
  ]
}