{
  "@id": "https://data.datatourisme.fr/23/001fc0ea-78f7-30bc-b043-b35e0d134694",
  "dc:identifier": "PCUAQU047FS0004G",
  "@type": [
    "schema:Product",
    "CulturalSite",
    "PlaceOfInterest",
    "PointOfInterest",
    "Product",
    "TechnicalHeritage",
    "Visit"
  ],
  "rdfs:comment": {
    "de": [
      "Zwischen Bordeaux und Toulouse, auf den Anhöhen der Hänge über der Garonne, bietet Ihnen Clermont-Dessous einen atemberaubenden Blick auf das Garonne-Tal und das Tal der Masse auf der Seite des Pays de Serres. Mit seinem Wehrgang, den kleinen gepflasterten Gassen und der Templerkirche, die sich auf dem Felsvorsprung erhebt, gehört Clermont-Dessous zu den kleinen Juwelen des Departements."
    ],
    "en": [
      "Perched on the hilltops, Clermont-Dessous offers breathtaking views over the Garonne Valley and the Masse Valley towards the Pays de Serres. With its chemin de ronde (a protected walkway around the battlements), cobbled streets and templar church standing on the rocky spur, Clermont-Dessous is a real jewel in the region’s crown. The château in the old town features numerous exhibitions, with various different themes."
    ],
    "it": [
      "Tra Bordeaux e Tolosa, sulle alture delle colline che dominano la Garonna, Clermont-Dessous offre una vista mozzafiato sulla Valle della Garonna e sulla Valle di Masse sul versante del Pays de Serres. Con la sua via coperta, le sue stradine lastricate e la sua chiesa templare che si erge sullo sperone roccioso, Clermont-Dessous è uno dei piccoli gioielli del dipartimento."
    ],
    "fr": [
      "Entre Bordeaux et Toulouse, sur les hauteurs des coteaux surplombants  la Garonne, Clermont-Dessous vous offre une vue à couper le souffle sur la Vallée de la Garonne et celle de la Masse côté Pays de Serres. Avec son chemin de ronde, ses petites ruelles pavées et son église templière qui se dresse sur l'éperon rocheux, Clermont-Dessous fait partie des petits bijoux du département."
    ],
    "nl": [
      "Tussen Bordeaux en Toulouse, op de hoogten van de heuvels boven de Garonne, biedt Clermont-Dessous een adembenemend uitzicht over de Garonne-vallei en de Masse-vallei aan de kant van het Pays de Serres. Met zijn overdekte weg, zijn kleine geplaveide straatjes en zijn Tempelierskerk die op een rotsachtige uitloper staat, is Clermont-Dessous een van de juweeltjes van het departement."
    ],
    "es": [
      "Entre Burdeos y Toulouse, en las alturas de las colinas que dominan el Garona, Clermont-Dessous ofrece una vista impresionante sobre el valle del Garona y el valle de Masse en el lado del Pays de Serres. Con su camino cubierto, sus callejuelas empedradas y su iglesia templaria que se alza sobre el espolón rocoso, Clermont-Dessous es una de las pequeñas joyas del departamento."
    ]
  },
  "rdfs:label": {
    "de": [
      "Clermont-Dessous"
    ],
    "en": [
      "Clermont-Dessous"
    ],
    "fr": [
      "Clermont-Dessous"
    ],
    "nl": [
      "Clermont-Dessous"
    ],
    "es": [
      "Clermont-Dessous"
    ]
  },
  "owl:sameAs": [
    "http://www.wikidata.org/entity/Q19945460"
  ],
  "availableLanguage": [
    "fr"
  ],
  "creationDate": "2007-07-18",
  "hasBeenCreatedBy": {
    "@id": "https://data.datatourisme.fr/23/6fdda24b-5d2a-380e-a0d9-081279794298",
    "dc:identifier": "91474140-426c-40d6-8f66-468a96b4d109",
    "schema:legalName": "OT du Confluent et des Coteaux de Prayssas",
    "@type": [
      "schema:Organization",
      "foaf:Agent",
      "Agent"
    ]
  },
  "hasBeenPublishedBy": [
    {
      "@id": "https://data.datatourisme.fr/05dc9cb8-2fa5-383d-b87b-497de06649a2",
      "schema:email": [
        "sirtaqui@na-tourisme.com"
      ],
      "schema:legalName": "SIRTAQUI Nouvelle-Aquitaine",
      "schema:logo": "http://aquitaine.media.tourinsoft.eu/upload/Logo-Sirtaqui-1280x405.jpg",
      "@type": [
        "schema:Organization",
        "foaf:Agent",
        "Agent"
      ],
      "rdfs:comment": {
        "de": [
          "Collecter, mettre en commun et diffuser le plus largement possible une information complète et de qualité au service de nos habitants et de nos visiteurs : voici les objectifs du SIRTAQUI, Système d’Information Régional Touristique de Nouvelle-AQUItaine. Le dispositif est mis en œuvre conjointement par le Comité Régional de Tourisme de Nouvelle-Aquitaine, les services touristiques de la Corrèze, de la Creuse, de la Dordogne, de la Gironde, des Landes, du Lot-et-Garonne, des Pyrénées-Atlantiques, des Deux-Sèvres, de la Vienne et de la Haute-Vienne, en collaboration avec les Offices de Tourisme, et avec le soutien financier de l’Europe et du Conseil Régional."
        ],
        "en": [
          "Collecter, mettre en commun et diffuser le plus largement possible une information complète et de qualité au service de nos habitants et de nos visiteurs : voici les objectifs du SIRTAQUI, Système d’Information Régional Touristique de Nouvelle-AQUItaine. Le dispositif est mis en œuvre conjointement par le Comité Régional de Tourisme de Nouvelle-Aquitaine, les services touristiques de la Corrèze, de la Creuse, de la Dordogne, de la Gironde, des Landes, du Lot-et-Garonne, des Pyrénées-Atlantiques, des Deux-Sèvres, de la Vienne et de la Haute-Vienne, en collaboration avec les Offices de Tourisme, et avec le soutien financier de l’Europe et du Conseil Régional."
        ],
        "it": [
          "L'obiettivo di SIRTAQUI, il Sistema Regionale di Informazione Turistica della Nuova Aquitania, è quello di raccogliere, mettere in comune e diffondere il più possibile informazioni complete e di qualità a beneficio dei nostri residenti e visitatori. Il sistema è realizzato congiuntamente dal Comité Régional de Tourisme de Nouvelle-Aquitaine, dai servizi turistici di Corrèze, Creuse, Dordogne, Gironde, Landes, Lot-et-Garonne, Pyrénées-Atlantiques, Deux-Sèvres, Vienne e Haute-Vienne, in collaborazione con gli Uffici del Turismo e con il sostegno finanziario dell'Europa e del Conseil Régional."
        ],
        "fr": [
          "Collecter, mettre en commun et diffuser le plus largement possible une information complète et de qualité au service de nos habitants et de nos visiteurs : voici les objectifs du SIRTAQUI, Système d’Information Régional Touristique de Nouvelle-AQUItaine. Le dispositif est mis en œuvre conjointement par le Comité Régional de Tourisme de Nouvelle-Aquitaine, les services touristiques de la Corrèze, de la Creuse, de la Dordogne, de la Gironde, des Landes, du Lot-et-Garonne, des Pyrénées-Atlantiques, des Deux-Sèvres, de la Vienne et de la Haute-Vienne, en collaboration avec les Offices de Tourisme, et avec le soutien financier de l’Europe et du Conseil Régional."
        ],
        "nl": [
          "Collecter, mettre en commun et diffuser le plus largement possible une information complète et de qualité au service de nos habitants et de nos visiteurs : voici les objectifs du SIRTAQUI, Système d’Information Régional Touristique de Nouvelle-AQUItaine. Le dispositif est mis en œuvre conjointement par le Comité Régional de Tourisme de Nouvelle-Aquitaine, les services touristiques de la Corrèze, de la Creuse, de la Dordogne, de la Gironde, des Landes, du Lot-et-Garonne, des Pyrénées-Atlantiques, des Deux-Sèvres, de la Vienne et de la Haute-Vienne, en collaboration avec les Offices de Tourisme, et avec le soutien financier de l’Europe et du Conseil Régional."
        ],
        "es": [
          "Collecter, mettre en commun et diffuser le plus largement possible une information complète et de qualité au service de nos habitants et de nos visiteurs : voici les objectifs du SIRTAQUI, Système d’Information Régional Touristique de Nouvelle-AQUItaine. Le dispositif est mis en œuvre conjointement par le Comité Régional de Tourisme de Nouvelle-Aquitaine, les services touristiques de la Corrèze, de la Creuse, de la Dordogne, de la Gironde, des Landes, du Lot-et-Garonne, des Pyrénées-Atlantiques, des Deux-Sèvres, de la Vienne et de la Haute-Vienne, en collaboration avec les Offices de Tourisme, et avec le soutien financier de l’Europe et du Conseil Régional."
        ]
      },
      "foaf:homepage": [
        "http://www.sirtaqui-aquitaine.com/"
      ],
      "hasTranslatedProperty": [
        {
          "@id": "https://data.datatourisme.fr/eef27e75-4a23-313e-a6ee-797e7b64a1cd",
          "dc:contributor": [
            "https://api.deepl.com/v2/translate"
          ],
          "rdf:language": [
            "it"
          ],
          "rdf:predicate": [
            {
              "@id": "rdfs:comment"
            }
          ]
        }
      ]
    }
  ],
  "hasBookingContact": [
    {
      "@id": "https://data.datatourisme.fr/9607ec07-0ddb-38b1-9281-56c11b39c239",
      "schema:email": [
        "mairie.clermontdessous@wanadoo.fr",
        "tourisme@ccconfluent.fr"
      ],
      "schema:legalName": "Mairie",
      "schema:telephone": [
        "+33 5 53 87 21 68",
        "+33 5 53 88 95 85"
      ],
      "@type": [
        "schema:Organization",
        "foaf:Agent",
        "Agent"
      ],
      "foaf:homepage": [
        "http://www.clermontdessous.fr/",
        "https://www.tourisme-coeurlotetgaronne.fr/"
      ]
    }
  ],
  "hasContact": [
    {
      "@id": "https://data.datatourisme.fr/3d29dcb2-a9dd-3595-b405-c94ff96545a2",
      "schema:email": [
        "mairie.clermontdessous@wanadoo.fr",
        "tourisme@ccconfluent.fr"
      ],
      "schema:legalName": "Clermont-Dessous",
      "schema:telephone": [
        "+33 5 53 87 21 68",
        "+33 5 53 88 95 85"
      ],
      "@type": [
        "schema:Organization",
        "foaf:Agent",
        "Agent"
      ],
      "foaf:homepage": [
        "http://www.clermontdessous.fr/",
        "https://www.tourisme-coeurlotetgaronne.fr/"
      ]
    },
    {
      "@id": "https://data.datatourisme.fr/9607ec07-0ddb-38b1-9281-56c11b39c239",
      "schema:email": [
        "mairie.clermontdessous@wanadoo.fr",
        "tourisme@ccconfluent.fr"
      ],
      "schema:legalName": "Mairie",
      "schema:telephone": [
        "+33 5 53 87 21 68",
        "+33 5 53 88 95 85"
      ],
      "@type": [
        "schema:Organization",
        "foaf:Agent",
        "Agent"
      ],
      "foaf:homepage": [
        "http://www.clermontdessous.fr/",
        "https://www.tourisme-coeurlotetgaronne.fr/"
      ]
    }
  ],
  "hasDescription": [
    {
      "@id": "https://data.datatourisme.fr/ed62739e-966e-327f-bc76-7967317e42ba",
      "dc:description": {
        "de": [
          "Zwischen Bordeaux und Toulouse, auf den Anhöhen der Hänge über der Garonne, bietet Ihnen Clermont-Dessous einen atemberaubenden Blick auf das Garonne-Tal und das Tal der Masse auf der Seite des Pays de Serres. Mit seinem Wehrgang, den kleinen gepflasterten Gassen und der Templerkirche, die sich auf dem Felsvorsprung erhebt, gehört Clermont-Dessous zu den kleinen Juwelen des Departements."
        ],
        "en": [
          "Perched on the hilltops, Clermont-Dessous offers breathtaking views over the Garonne Valley and the Masse Valley towards the Pays de Serres. With its chemin de ronde (a protected walkway around the battlements), cobbled streets and templar church standing on the rocky spur, Clermont-Dessous is a real jewel in the region’s crown. The château in the old town features numerous exhibitions, with various different themes."
        ],
        "it": [
          "Tra Bordeaux e Tolosa, sulle alture delle colline che dominano la Garonna, Clermont-Dessous offre una vista mozzafiato sulla Valle della Garonna e sulla Valle di Masse sul versante del Pays de Serres. Con la sua via coperta, le sue stradine lastricate e la sua chiesa templare che si erge sullo sperone roccioso, Clermont-Dessous è uno dei piccoli gioielli del dipartimento."
        ],
        "fr": [
          "Entre Bordeaux et Toulouse, sur les hauteurs des coteaux surplombants  la Garonne, Clermont-Dessous vous offre une vue à couper le souffle sur la Vallée de la Garonne et celle de la Masse côté Pays de Serres. Avec son chemin de ronde, ses petites ruelles pavées et son église templière qui se dresse sur l'éperon rocheux, Clermont-Dessous fait partie des petits bijoux du département."
        ],
        "nl": [
          "Tussen Bordeaux en Toulouse, op de hoogten van de heuvels boven de Garonne, biedt Clermont-Dessous een adembenemend uitzicht over de Garonne-vallei en de Masse-vallei aan de kant van het Pays de Serres. Met zijn overdekte weg, zijn kleine geplaveide straatjes en zijn Tempelierskerk die op een rotsachtige uitloper staat, is Clermont-Dessous een van de juweeltjes van het departement."
        ],
        "es": [
          "Entre Burdeos y Toulouse, en las alturas de las colinas que dominan el Garona, Clermont-Dessous ofrece una vista impresionante sobre el valle del Garona y el valle de Masse en el lado del Pays de Serres. Con su camino cubierto, sus callejuelas empedradas y su iglesia templaria que se alza sobre el espolón rocoso, Clermont-Dessous es una de las pequeñas joyas del departamento."
        ]
      },
      "@type": [
        "Description"
      ],
      "hasTranslatedProperty": [
        {
          "@id": "https://data.datatourisme.fr/50196c13-488e-346b-b36c-18dd8c9b1f7c",
          "dc:contributor": [
            "https://api.deepl.com/v2/translate"
          ],
          "rdf:language": [
            "nl"
          ],
          "rdf:predicate": [
            {
              "@id": "dc:description"
            }
          ]
        },
        {
          "@id": "https://data.datatourisme.fr/521af105-e9c9-3c8d-85a3-6a173b2e0917",
          "dc:contributor": [
            "https://api.deepl.com/v2/translate"
          ],
          "rdf:language": [
            "de"
          ],
          "rdf:predicate": [
            "shortDescription"
          ]
        },
        {
          "@id": "https://data.datatourisme.fr/6cf7fd36-1d0b-3483-b7ce-4b4fa613ed6e",
          "dc:contributor": [
            "https://api.deepl.com/v2/translate"
          ],
          "rdf:language": [
            "de"
          ],
          "rdf:predicate": [
            {
              "@id": "dc:description"
            }
          ]
        },
        {
          "@id": "https://data.datatourisme.fr/93e56654-11bf-374a-8b18-9fa670345b29",
          "dc:contributor": [
            "https://api.deepl.com/v2/translate"
          ],
          "rdf:language": [
            "nl"
          ],
          "rdf:predicate": [
            "shortDescription"
          ]
        },
        {
          "@id": "https://data.datatourisme.fr/9e2a10d5-1b79-3c02-be81-2f344293d989",
          "dc:contributor": [
            "https://api.deepl.com/v2/translate"
          ],
          "rdf:language": [
            "es"
          ],
          "rdf:predicate": [
            {
              "@id": "dc:description"
            }
          ]
        },
        {
          "@id": "https://data.datatourisme.fr/d63573d5-6a1b-3ff3-a921-9f8784c495e6",
          "dc:contributor": [
            "https://api.deepl.com/v2/translate"
          ],
          "rdf:language": [
            "it"
          ],
          "rdf:predicate": [
            {
              "@id": "dc:description"
            }
          ]
        },
        {
          "@id": "https://data.datatourisme.fr/f7a2907e-ef24-3a7d-8884-034c93539eb1",
          "dc:contributor": [
            "https://api.deepl.com/v2/translate"
          ],
          "rdf:language": [
            "it"
          ],
          "rdf:predicate": [
            "shortDescription"
          ]
        },
        {
          "@id": "https://data.datatourisme.fr/ff9253c5-ff3a-347d-ab28-6f6235b3ba48",
          "dc:contributor": [
            "https://api.deepl.com/v2/translate"
          ],
          "rdf:language": [
            "es"
          ],
          "rdf:predicate": [
            "shortDescription"
          ]
        }
      ],
      "isDedicatedTo": [
        {
          "@id": "kb:Yachtsman",
          "@type": [
            "PeopleAudience"
          ],
          "rdfs:label": {
            "de": [
              "Segler"
            ],
            "pt": [
              "Velejadores"
            ],
            "en": [
              "Yachtsman"
            ],
            "it": [
              "Velisti"
            ],
            "fr": [
              "Plaisanciers"
            ],
            "nl": [
              "Watersporters"
            ],
            "es": [
              "Embarcaciones de recreo"
            ]
          }
        }
      ],
      "shortDescription": {
        "de": [
          "Zwischen Bordeaux und Toulouse, auf den Anhöhen der Hänge über der Garonne, bietet Ihnen Clermont-Dessous einen atemberaubenden Blick auf das Garonne-Tal und das Tal der Masse auf der Seite des Pays de Serres. Mit seinem Wehrgang, den kleinen gepflasterten Gassen und der Templerkirche, die sich auf dem Felsvorsprung erhebt, gehört Clermont-Dessous zu den kleinen Juwelen des Departements."
        ],
        "en": [
          "Perched on the hilltops, Clermont-Dessous offers breathtaking views over the Garonne Valley and the Masse Valley towards the Pays de Serres. With its chemin de ronde (a protected walkway around the battlements), cobbled streets and templar church standing on the rocky spur, Clermont-Dessous is a real jewel in the region’s crown. The château in the old town features numerous exhibitions, with various different themes."
        ],
        "it": [
          "Tra Bordeaux e Tolosa, sulle alture delle colline che dominano la Garonna, Clermont-Dessous offre una vista mozzafiato sulla Valle della Garonna e sulla Valle di Masse sul versante del Pays de Serres. Con la sua via coperta, le sue stradine lastricate e la sua chiesa templare che si erge sullo sperone roccioso, Clermont-Dessous è uno dei piccoli gioielli del dipartimento."
        ],
        "fr": [
          "Entre Bordeaux et Toulouse, sur les hauteurs des coteaux surplombants  la Garonne, Clermont-Dessous vous offre une vue à couper le souffle sur la Vallée de la Garonne et celle de la Masse côté Pays de Serres. Avec son chemin de ronde, ses petites ruelles pavées et son église templière qui se dresse sur l'éperon rocheux, Clermont-Dessous fait partie des petits bijoux du département."
        ],
        "nl": [
          "Tussen Bordeaux en Toulouse, op de hoogten van de heuvels boven de Garonne, biedt Clermont-Dessous een adembenemend uitzicht over de Garonne-vallei en de Masse-vallei aan de kant van het Pays de Serres. Met zijn overdekte weg, zijn kleine geplaveide straatjes en zijn Tempelierskerk die op een rotsachtige uitloper staat, is Clermont-Dessous een van de juweeltjes van het departement."
        ],
        "es": [
          "Entre Burdeos y Toulouse, en las alturas de las colinas que dominan el Garona, Clermont-Dessous ofrece una vista impresionante sobre el valle del Garona y el valle de Masse en el lado del Pays de Serres. Con su camino cubierto, sus callejuelas empedradas y su iglesia templaria que se alza sobre el espolón rocoso, Clermont-Dessous es una de las pequeñas joyas del departamento."
        ]
      }
    }
  ],
  "hasFeature": [
    {
      "@id": "https://data.datatourisme.fr/7bfadb69-5be3-39e3-9054-9ad64d3e1a89",
      "@type": [
        "schema:PropertyValue",
        "FeatureSpecification"
      ],
      "features": [
        {
          "@id": "kb:Entertainment",
          "@type": [
            "CommonAmenity"
          ],
          "rdfs:label": {
            "de": [
              "Unterhaltung"
            ],
            "pt": [
              "Animações"
            ],
            "en": [
              "Entertainment"
            ],
            "it": [
              "Animazioni"
            ],
            "fr": [
              "Animations"
            ],
            "nl": [
              "Animatie"
            ],
            "es": [
              "Animaciones"
            ]
          }
        }
      ],
      "petsAllowed": true
    }
  ],
  "hasMainRepresentation": [
    {
      "@id": "https://data.datatourisme.fr/71f73a41-5533-3279-a496-8812025fe16f",
      "ebucore:hasAnnotation": [
        {
          "@id": "https://data.datatourisme.fr/21edaef9-5fcb-3112-9d6e-d9d45389db95",
          "ebucore:isCoveredBy": "By-NC-ND 4.0",
          "ebucore:title": {
            "fr": [
              "peintre fondecran sirtaqui"
            ]
          },
          "@type": [
            "ebucore:Annotation"
          ],
          "credits": [
            "MCD"
          ]
        }
      ],
      "ebucore:hasRelatedResource": [
        {
          "@id": "https://data.datatourisme.fr/b1a49726-82fb-3fca-aebc-05533eca8350",
          "ebucore:hasMimeType": [
            {
              "@id": "kb:JPEG",
              "@type": [
                "ebucore:MimeType"
              ],
              "rdfs:comment": {
                "de": [
                  "JPEG-Bild"
                ],
                "pt": [
                  "Imagem JPEG"
                ],
                "en": [
                  "JPEG image file"
                ],
                "it": [
                  "Immagine JPEG"
                ],
                "fr": [
                  "Image JPEG"
                ],
                "nl": [
                  "JPEG-afbeelding"
                ],
                "es": [
                  "Imagen JPEG"
                ]
              },
              "rdfs:label": {
                "de": [
                  "image/jpeg"
                ],
                "pt": [
                  "image/jpeg"
                ],
                "en": [
                  "image/jpeg"
                ],
                "it": [
                  "image/jpeg"
                ],
                "fr": [
                  "image/jpeg"
                ],
                "nl": [
                  "image/jpeg"
                ],
                "es": [
                  "image/jpeg"
                ]
              }
            }
          ],
          "ebucore:locator": [
            "http://aquitaine.media.tourinsoft.eu/Upload/peintre-fondecran-sirtaqui.jpg"
          ],
          "@type": [
            "ebucore:Resource"
          ]
        }
      ],
      "@type": [
        "ebucore:EditorialObject"
      ]
    }
  ],
  "hasNeighborhood": [
    {
      "@id": "kb:InARemoteLocation",
      "@type": [
        "SpatialEnvironmentTheme"
      ],
      "rdfs:label": {
        "de": [
          "Isoliert"
        ],
        "pt": [
          "Isolado"
        ],
        "en": [
          "In a remote location"
        ],
        "it": [
          "Isolato"
        ],
        "fr": [
          "Isolé"
        ],
        "nl": [
          "Geïsoleerd"
        ],
        "es": [
          "Aislado"
        ]
      }
    },
    {
      "@id": "kb:InTheCountryside",
      "@type": [
        "SpatialEnvironmentTheme"
      ],
      "rdfs:label": {
        "de": [
          "Auf dem Land"
        ],
        "pt": [
          "No campo"
        ],
        "en": [
          "In the countryside"
        ],
        "it": [
          "In campagna"
        ],
        "fr": [
          "A la campagne"
        ],
        "nl": [
          "Op het platteland"
        ],
        "es": [
          "En el campo"
        ]
      }
    },
    {
      "@id": "kb:InTheVillage",
      "@type": [
        "SpatialEnvironmentTheme"
      ],
      "rdfs:label": {
        "de": [
          "Im Dorf"
        ],
        "pt": [
          "Na aldeia"
        ],
        "en": [
          "In the village"
        ],
        "it": [
          "Nel villaggio"
        ],
        "fr": [
          "Dans le village"
        ],
        "nl": [
          "In het dorp"
        ],
        "es": [
          "En el pueblo"
        ]
      }
    },
    {
      "@id": "kb:NearARiverOrStream",
      "@type": [
        "SpatialEnvironmentTheme"
      ],
      "rdfs:label": {
        "de": [
          "Am Ufer eines Flusses oder eines Stroms"
        ],
        "pt": [
          "Na borda de um rio ou ribeira"
        ],
        "en": [
          "Near a river or stream"
        ],
        "it": [
          "Lungo il fiume"
        ],
        "fr": [
          "En bord de fleuve ou rivière"
        ],
        "nl": [
          "Aan de oever van een stroompje of rivier"
        ],
        "es": [
          "A orillas de un río"
        ]
      }
    }
  ],
  "hasRepresentation": [
    {
      "@id": "https://data.datatourisme.fr/590ef956-ba8b-37a2-848a-7d924ddbd3ec",
      "ebucore:hasAnnotation": [
        {
          "@id": "https://data.datatourisme.fr/67ea1701-a49a-338f-a190-774097754666",
          "ebucore:isCoveredBy": "By-NC-ND 4.0",
          "ebucore:title": {
            "fr": [
              "Clermont Dessous ruelles du bourg"
            ]
          },
          "@type": [
            "ebucore:Annotation"
          ],
          "credits": [
            "© OT Confluent"
          ]
        }
      ],
      "ebucore:hasRelatedResource": [
        {
          "@id": "https://data.datatourisme.fr/aab2c482-bb3b-3755-9637-3e12dfdb220c",
          "ebucore:hasMimeType": [
            {
              "@id": "kb:JPEG",
              "@type": [
                "ebucore:MimeType"
              ],
              "rdfs:comment": {
                "de": [
                  "JPEG-Bild"
                ],
                "pt": [
                  "Imagem JPEG"
                ],
                "en": [
                  "JPEG image file"
                ],
                "it": [
                  "Immagine JPEG"
                ],
                "fr": [
                  "Image JPEG"
                ],
                "nl": [
                  "JPEG-afbeelding"
                ],
                "es": [
                  "Imagen JPEG"
                ]
              },
              "rdfs:label": {
                "de": [
                  "image/jpeg"
                ],
                "pt": [
                  "image/jpeg"
                ],
                "en": [
                  "image/jpeg"
                ],
                "it": [
                  "image/jpeg"
                ],
                "fr": [
                  "image/jpeg"
                ],
                "nl": [
                  "image/jpeg"
                ],
                "es": [
                  "image/jpeg"
                ]
              }
            }
          ],
          "ebucore:locator": [
            "http://aquitaine.media.tourinsoft.eu/Upload/Clermont-Dessous-ruelles-du-bourg.jpg"
          ],
          "@type": [
            "ebucore:Resource"
          ]
        }
      ],
      "@type": [
        "ebucore:EditorialObject"
      ]
    },
    {
      "@id": "https://data.datatourisme.fr/71f73a41-5533-3279-a496-8812025fe16f",
      "ebucore:hasAnnotation": [
        {
          "@id": "https://data.datatourisme.fr/21edaef9-5fcb-3112-9d6e-d9d45389db95",
          "ebucore:isCoveredBy": "By-NC-ND 4.0",
          "ebucore:title": {
            "fr": [
              "peintre fondecran sirtaqui"
            ]
          },
          "@type": [
            "ebucore:Annotation"
          ],
          "credits": [
            "MCD"
          ]
        }
      ],
      "ebucore:hasRelatedResource": [
        {
          "@id": "https://data.datatourisme.fr/b1a49726-82fb-3fca-aebc-05533eca8350",
          "ebucore:hasMimeType": [
            {
              "@id": "kb:JPEG",
              "@type": [
                "ebucore:MimeType"
              ],
              "rdfs:comment": {
                "de": [
                  "JPEG-Bild"
                ],
                "pt": [
                  "Imagem JPEG"
                ],
                "en": [
                  "JPEG image file"
                ],
                "it": [
                  "Immagine JPEG"
                ],
                "fr": [
                  "Image JPEG"
                ],
                "nl": [
                  "JPEG-afbeelding"
                ],
                "es": [
                  "Imagen JPEG"
                ]
              },
              "rdfs:label": {
                "de": [
                  "image/jpeg"
                ],
                "pt": [
                  "image/jpeg"
                ],
                "en": [
                  "image/jpeg"
                ],
                "it": [
                  "image/jpeg"
                ],
                "fr": [
                  "image/jpeg"
                ],
                "nl": [
                  "image/jpeg"
                ],
                "es": [
                  "image/jpeg"
                ]
              }
            }
          ],
          "ebucore:locator": [
            "http://aquitaine.media.tourinsoft.eu/Upload/peintre-fondecran-sirtaqui.jpg"
          ],
          "@type": [
            "ebucore:Resource"
          ]
        }
      ],
      "@type": [
        "ebucore:EditorialObject"
      ]
    },
    {
      "@id": "https://data.datatourisme.fr/842c38a2-b186-3631-90cf-feabce615c43",
      "ebucore:hasAnnotation": [
        {
          "@id": "https://data.datatourisme.fr/a665d6e5-f562-335a-a5b5-998db4107ea3",
          "ebucore:isCoveredBy": "CC BY-SA 4.0",
          "ebucore:title": {
            "fr": [
              "Château de Clermont-Dessous -1"
            ]
          },
          "@type": [
            "ebucore:Annotation"
          ],
          "credits": [
            "Jacques MOSSOT (https://commons.wikimedia.org/wiki/User:MOSSOT)"
          ]
        }
      ],
      "ebucore:hasRelatedResource": [
        {
          "@id": "https://data.datatourisme.fr/dc2b6948-8bbd-3c3a-918e-3213478aa56e",
          "ebucore:fileSize": [
            8228016
          ],
          "ebucore:hasMimeType": [
            {
              "@id": "kb:JPEG",
              "@type": [
                "ebucore:MimeType"
              ],
              "rdfs:comment": {
                "de": [
                  "JPEG-Bild"
                ],
                "pt": [
                  "Imagem JPEG"
                ],
                "en": [
                  "JPEG image file"
                ],
                "it": [
                  "Immagine JPEG"
                ],
                "fr": [
                  "Image JPEG"
                ],
                "nl": [
                  "JPEG-afbeelding"
                ],
                "es": [
                  "Imagen JPEG"
                ]
              },
              "rdfs:label": {
                "de": [
                  "image/jpeg"
                ],
                "pt": [
                  "image/jpeg"
                ],
                "en": [
                  "image/jpeg"
                ],
                "it": [
                  "image/jpeg"
                ],
                "fr": [
                  "image/jpeg"
                ],
                "nl": [
                  "image/jpeg"
                ],
                "es": [
                  "image/jpeg"
                ]
              }
            }
          ],
          "ebucore:height": 3672,
          "ebucore:locator": [
            "https://upload.wikimedia.org/wikipedia/commons/3/35/Ch%C3%A2teau_de_Clermont-Dessous_-1.JPG"
          ],
          "ebucore:width": 4896,
          "@type": [
            "ebucore:Resource"
          ]
        }
      ],
      "@type": [
        "ebucore:EditorialObject"
      ]
    },
    {
      "@id": "https://data.datatourisme.fr/9a5ed9b0-a86f-35f3-af7a-9eb4a5340bdf",
      "ebucore:hasAnnotation": [
        {
          "@id": "https://data.datatourisme.fr/7b11c933-add7-37d2-8b1d-b56fffd86118",
          "ebucore:isCoveredBy": "By-NC-ND 4.0",
          "ebucore:title": {
            "fr": [
              "Clermont-Dessous1"
            ]
          },
          "@type": [
            "ebucore:Annotation"
          ],
          "credits": [
            "Clermont Dessous RF"
          ]
        }
      ],
      "ebucore:hasRelatedResource": [
        {
          "@id": "https://data.datatourisme.fr/3e768c31-6599-3b78-9fb5-a8679e70816a",
          "ebucore:hasMimeType": [
            {
              "@id": "kb:JPEG",
              "@type": [
                "ebucore:MimeType"
              ],
              "rdfs:comment": {
                "de": [
                  "JPEG-Bild"
                ],
                "pt": [
                  "Imagem JPEG"
                ],
                "en": [
                  "JPEG image file"
                ],
                "it": [
                  "Immagine JPEG"
                ],
                "fr": [
                  "Image JPEG"
                ],
                "nl": [
                  "JPEG-afbeelding"
                ],
                "es": [
                  "Imagen JPEG"
                ]
              },
              "rdfs:label": {
                "de": [
                  "image/jpeg"
                ],
                "pt": [
                  "image/jpeg"
                ],
                "en": [
                  "image/jpeg"
                ],
                "it": [
                  "image/jpeg"
                ],
                "fr": [
                  "image/jpeg"
                ],
                "nl": [
                  "image/jpeg"
                ],
                "es": [
                  "image/jpeg"
                ]
              }
            }
          ],
          "ebucore:locator": [
            "http://aquitaine.media.tourinsoft.eu/Upload/Clermont-Dessous1.JPG"
          ],
          "@type": [
            "ebucore:Resource"
          ]
        }
      ],
      "@type": [
        "ebucore:EditorialObject"
      ]
    },
    {
      "@id": "https://data.datatourisme.fr/cdb4736f-d07f-3f19-b64c-a3d900ae4d7e",
      "ebucore:hasAnnotation": [
        {
          "@id": "https://data.datatourisme.fr/40759744-74b6-3028-bf1c-e05b94084b9d",
          "ebucore:isCoveredBy": "By-NC-ND 4.0",
          "ebucore:title": {
            "fr": [
              "Clermont Dessous"
            ]
          },
          "@type": [
            "ebucore:Annotation"
          ],
          "credits": [
            "© OT Confluent"
          ]
        }
      ],
      "ebucore:hasRelatedResource": [
        {
          "@id": "https://data.datatourisme.fr/7fc6e091-52b9-30a2-8ca1-80dfbcc54d17",
          "ebucore:hasMimeType": [
            {
              "@id": "kb:JPEG",
              "@type": [
                "ebucore:MimeType"
              ],
              "rdfs:comment": {
                "de": [
                  "JPEG-Bild"
                ],
                "pt": [
                  "Imagem JPEG"
                ],
                "en": [
                  "JPEG image file"
                ],
                "it": [
                  "Immagine JPEG"
                ],
                "fr": [
                  "Image JPEG"
                ],
                "nl": [
                  "JPEG-afbeelding"
                ],
                "es": [
                  "Imagen JPEG"
                ]
              },
              "rdfs:label": {
                "de": [
                  "image/jpeg"
                ],
                "pt": [
                  "image/jpeg"
                ],
                "en": [
                  "image/jpeg"
                ],
                "it": [
                  "image/jpeg"
                ],
                "fr": [
                  "image/jpeg"
                ],
                "nl": [
                  "image/jpeg"
                ],
                "es": [
                  "image/jpeg"
                ]
              }
            }
          ],
          "ebucore:locator": [
            "http://aquitaine.media.tourinsoft.eu/Upload/Clermont-Dessous.jpg"
          ],
          "@type": [
            "ebucore:Resource"
          ]
        }
      ],
      "@type": [
        "ebucore:EditorialObject"
      ]
    }
  ],
  "hasReview": [
    {
      "@id": "https://data.datatourisme.fr/2aaa6188-4760-3387-9fc5-1186ba9d9cfe",
      "@type": [
        "Review"
      ],
      "hasReviewValue": {
        "@id": "kb:LabelRating_MonumentHistorique",
        "@type": [
          "LabelRating"
        ],
        "rdfs:label": {
          "de": [
            "Monument Historique"
          ],
          "pt": [
            "Monument Historique"
          ],
          "en": [
            "Monument Historique"
          ],
          "it": [
            "Monument Historique"
          ],
          "fr": [
            "Monument Historique"
          ],
          "nl": [
            "Monument Historique"
          ],
          "es": [
            "Monument Historique"
          ]
        },
        "isCompliantWith": [
          "CulturalSite"
        ]
      }
    }
  ],
  "hasTheme": [
    {
      "@id": "kb:InARemoteLocation",
      "@type": [
        "SpatialEnvironmentTheme"
      ],
      "rdfs:label": {
        "de": [
          "Isoliert"
        ],
        "pt": [
          "Isolado"
        ],
        "en": [
          "In a remote location"
        ],
        "it": [
          "Isolato"
        ],
        "fr": [
          "Isolé"
        ],
        "nl": [
          "Geïsoleerd"
        ],
        "es": [
          "Aislado"
        ]
      }
    },
    {
      "@id": "kb:InTheCountryside",
      "@type": [
        "SpatialEnvironmentTheme"
      ],
      "rdfs:label": {
        "de": [
          "Auf dem Land"
        ],
        "pt": [
          "No campo"
        ],
        "en": [
          "In the countryside"
        ],
        "it": [
          "In campagna"
        ],
        "fr": [
          "A la campagne"
        ],
        "nl": [
          "Op het platteland"
        ],
        "es": [
          "En el campo"
        ]
      }
    },
    {
      "@id": "kb:InTheVillage",
      "@type": [
        "SpatialEnvironmentTheme"
      ],
      "rdfs:label": {
        "de": [
          "Im Dorf"
        ],
        "pt": [
          "Na aldeia"
        ],
        "en": [
          "In the village"
        ],
        "it": [
          "Nel villaggio"
        ],
        "fr": [
          "Dans le village"
        ],
        "nl": [
          "In het dorp"
        ],
        "es": [
          "En el pueblo"
        ]
      }
    },
    {
      "@id": "kb:NearARiverOrStream",
      "@type": [
        "SpatialEnvironmentTheme"
      ],
      "rdfs:label": {
        "de": [
          "Am Ufer eines Flusses oder eines Stroms"
        ],
        "pt": [
          "Na borda de um rio ou ribeira"
        ],
        "en": [
          "Near a river or stream"
        ],
        "it": [
          "Lungo il fiume"
        ],
        "fr": [
          "En bord de fleuve ou rivière"
        ],
        "nl": [
          "Aan de oever van een stroompje of rivier"
        ],
        "es": [
          "A orillas de un río"
        ]
      }
    }
  ],
  "hasTranslatedProperty": [
    {
      "@id": "https://data.datatourisme.fr/1fba7270-b2c6-386b-9c60-c6630414221a",
      "dc:contributor": [
        "https://api.deepl.com/v2/translate"
      ],
      "rdf:language": [
        "de"
      ],
      "rdf:predicate": [
        {
          "@id": "rdfs:comment"
        }
      ]
    },
    {
      "@id": "https://data.datatourisme.fr/2828125a-9c89-37a1-8302-d53a9b06cdab",
      "dc:contributor": [
        "https://api.deepl.com/v2/translate"
      ],
      "rdf:language": [
        "nl"
      ],
      "rdf:predicate": [
        {
          "@id": "rdfs:comment"
        }
      ]
    },
    {
      "@id": "https://data.datatourisme.fr/55a88816-3518-319c-a897-18d786d56b82",
      "dc:contributor": [
        "https://api.deepl.com/v2/translate"
      ],
      "rdf:language": [
        "es"
      ],
      "rdf:predicate": [
        {
          "@id": "rdfs:comment"
        }
      ]
    },
    {
      "@id": "https://data.datatourisme.fr/5dfd7e60-d083-37cd-8c4c-d174fe278764",
      "dc:contributor": [
        "https://api.deepl.com/v2/translate"
      ],
      "rdf:language": [
        "it"
      ],
      "rdf:predicate": [
        {
          "@id": "rdfs:comment"
        }
      ]
    }
  ],
  "isLocatedAt": [
    {
      "@id": "https://data.datatourisme.fr/42ddeb7c-76fd-3d1d-abbd-46ed4cc29308",
      "schema:address": [
        {
          "@id": "https://data.datatourisme.fr/17c13ccc-ee51-3750-8688-3c99b000ca7a",
          "schema:addressLocality": "Clermont-Dessous",
          "schema:postalCode": "47130",
          "schema:streetAddress": [
            "Le bourg"
          ],
          "@type": [
            "schema:PostalAddress",
            "PostalAddress"
          ],
          "hasAddressCity": {
            "@id": "kb:47066",
            "@type": [
              "City"
            ],
            "rdfs:label": {
              "de": [
                "Clermont-Dessous"
              ],
              "pt": [
                "Clermont-Dessous"
              ],
              "en": [
                "Clermont-Dessous"
              ],
              "it": [
                "Clermont-Dessous"
              ],
              "fr": [
                "Clermont-Dessous"
              ],
              "nl": [
                "Clermont-Dessous"
              ],
              "es": [
                "Clermont-Dessous"
              ]
            },
            "insee": "47066",
            "isPartOfDepartment": {
              "@id": "kb:France7547",
              "@type": [
                "Department"
              ],
              "rdfs:label": {
                "de": [
                  "Lot-et-Garonne"
                ],
                "pt": [
                  "Lot-et-Garonne"
                ],
                "en": [
                  "Lot-et-Garonne"
                ],
                "it": [
                  "Lot-et-Garonne"
                ],
                "fr": [
                  "Lot-et-Garonne"
                ],
                "nl": [
                  "Lot-et-Garonne"
                ],
                "es": [
                  "Lot-et-Garonne"
                ]
              },
              "insee": "47",
              "isPartOfRegion": {
                "@id": "kb:France75",
                "@type": [
                  "Region"
                ],
                "rdfs:label": {
                  "de": [
                    "Nouvelle-Aquitaine"
                  ],
                  "pt": [
                    "Nouvelle-Aquitaine"
                  ],
                  "en": [
                    "Nouvelle-Aquitaine"
                  ],
                  "it": [
                    "Nouvelle-Aquitaine"
                  ],
                  "fr": [
                    "Nouvelle-Aquitaine"
                  ],
                  "nl": [
                    "Nouvelle-Aquitaine"
                  ],
                  "es": [
                    "Nouvelle-Aquitaine"
                  ]
                },
                "insee": "75",
                "isPartOfCountry": {
                  "@id": "kb:France",
                  "@type": [
                    "schema:Country"
                  ],
                  "rdfs:label": {
                    "de": [
                      "France",
                      "Frankreich"
                    ],
                    "pt": [
                      "França",
                      "France"
                    ],
                    "en": [
                      "France"
                    ],
                    "it": [
                      "France",
                      "Francia"
                    ],
                    "fr": [
                      "France"
                    ],
                    "nl": [
                      "France",
                      "Frankrijk"
                    ],
                    "es": [
                      "France",
                      "Francia"
                    ]
                  }
                }
              }
            }
          }
        }
      ],
      "schema:geo": {
        "@id": "https://data.datatourisme.fr/dee8399b-8965-3c18-979c-ae795f543108",
        "schema:latitude": "44.2465977",
        "schema:longitude": "0.41981935",
        "@type": [
          "schema:GeoCoordinates"
        ]
      },
      "schema:openingHoursSpecification": [
        {
          "@id": "https://data.datatourisme.fr/0319dc70-2a02-3c93-ade2-4af923ad3317",
          "schema:dayOfWeek": [
            {
              "@id": "schema:Monday",
              "@type": [
                "schema:DayOfWeek"
              ],
              "rdfs:label": {
                "de": [
                  "Montag"
                ],
                "pt": [
                  "Segunda-feira"
                ],
                "en": [
                  "Monday"
                ],
                "it": [
                  "Lunedì"
                ],
                "fr": [
                  "Lundi"
                ],
                "nl": [
                  "Maandag"
                ],
                "es": [
                  "Lunes"
                ]
              }
            }
          ],
          "schema:validFrom": "2023-01-01T00:00:00",
          "schema:validThrough": "2023-12-31T23:59:59",
          "@type": [
            "schema:OpeningHoursSpecification"
          ]
        },
        {
          "@id": "https://data.datatourisme.fr/24c09855-7b0a-3af6-a601-a522b05e5872",
          "schema:dayOfWeek": [
            {
              "@id": "schema:Saturday",
              "@type": [
                "schema:DayOfWeek"
              ],
              "rdfs:label": {
                "de": [
                  "Samstag"
                ],
                "pt": [
                  "Sábado"
                ],
                "en": [
                  "Saturday"
                ],
                "it": [
                  "Sabato"
                ],
                "fr": [
                  "Samedi"
                ],
                "nl": [
                  "Zaterdag"
                ],
                "es": [
                  "Sábado"
                ]
              }
            }
          ],
          "schema:validFrom": "2023-01-01T00:00:00",
          "schema:validThrough": "2023-12-31T23:59:59",
          "@type": [
            "schema:OpeningHoursSpecification"
          ]
        },
        {
          "@id": "https://data.datatourisme.fr/411d862c-c3cc-3448-9d01-b306fa2c0ac0",
          "schema:dayOfWeek": [
            {
              "@id": "schema:Thursday",
              "@type": [
                "schema:DayOfWeek"
              ],
              "rdfs:label": {
                "de": [
                  "Donnerstag"
                ],
                "pt": [
                  "Quinta-feira"
                ],
                "en": [
                  "Thursday"
                ],
                "it": [
                  "Giovedì"
                ],
                "fr": [
                  "Jeudi"
                ],
                "es": [
                  "Jueves"
                ],
                "nl": [
                  "Donderdag"
                ]
              }
            }
          ],
          "schema:validFrom": "2023-01-01T00:00:00",
          "schema:validThrough": "2023-12-31T23:59:59",
          "@type": [
            "schema:OpeningHoursSpecification"
          ]
        },
        {
          "@id": "https://data.datatourisme.fr/80d80986-1747-3261-8f10-257254ce6d0f",
          "schema:dayOfWeek": [
            {
              "@id": "schema:Sunday",
              "@type": [
                "schema:DayOfWeek"
              ],
              "rdfs:label": {
                "de": [
                  "Sonntag"
                ],
                "pt": [
                  "Domingo"
                ],
                "en": [
                  "Sunday"
                ],
                "it": [
                  "Domenica"
                ],
                "fr": [
                  "Dimanche"
                ],
                "nl": [
                  "Zondag"
                ],
                "es": [
                  "Domingo"
                ]
              }
            }
          ],
          "schema:validFrom": "2023-01-01T00:00:00",
          "schema:validThrough": "2023-12-31T23:59:59",
          "@type": [
            "schema:OpeningHoursSpecification"
          ]
        },
        {
          "@id": "https://data.datatourisme.fr/86b077df-5fab-3aab-ba14-b3f12daa6a0b",
          "schema:dayOfWeek": [
            {
              "@id": "schema:Tuesday",
              "@type": [
                "schema:DayOfWeek"
              ],
              "rdfs:label": {
                "de": [
                  "Dienstag"
                ],
                "pt": [
                  "Terça-feira"
                ],
                "en": [
                  "Tuesday"
                ],
                "it": [
                  "Martedì"
                ],
                "fr": [
                  "Mardi"
                ],
                "es": [
                  "Martes"
                ],
                "nl": [
                  "Dinsdag"
                ]
              }
            }
          ],
          "schema:validFrom": "2023-01-01T00:00:00",
          "schema:validThrough": "2023-12-31T23:59:59",
          "@type": [
            "schema:OpeningHoursSpecification"
          ]
        },
        {
          "@id": "https://data.datatourisme.fr/d0621d5c-bc9a-3ac4-9871-5c14392061d2",
          "schema:dayOfWeek": [
            {
              "@id": "schema:Friday",
              "@type": [
                "schema:DayOfWeek"
              ],
              "rdfs:label": {
                "de": [
                  "Freitag"
                ],
                "pt": [
                  "Sexta-feira"
                ],
                "en": [
                  "Friday"
                ],
                "it": [
                  "Venerdì"
                ],
                "fr": [
                  "Vendredi"
                ],
                "nl": [
                  "Vrijdag"
                ],
                "es": [
                  "Viernes"
                ]
              }
            }
          ],
          "schema:validFrom": "2023-01-01T00:00:00",
          "schema:validThrough": "2023-12-31T23:59:59",
          "@type": [
            "schema:OpeningHoursSpecification"
          ]
        },
        {
          "@id": "https://data.datatourisme.fr/dba7ec79-51c8-32ee-9953-cb8c4307dd97",
          "schema:dayOfWeek": [
            {
              "@id": "schema:Wednesday",
              "@type": [
                "schema:DayOfWeek"
              ],
              "rdfs:label": {
                "de": [
                  "Mittwoch"
                ],
                "pt": [
                  "Quarta-feira"
                ],
                "en": [
                  "Wednesday"
                ],
                "it": [
                  "Mercoledì"
                ],
                "fr": [
                  "Mercredi"
                ],
                "nl": [
                  "Woensdag"
                ],
                "es": [
                  "Miércoles"
                ]
              }
            }
          ],
          "schema:validFrom": "2023-01-01T00:00:00",
          "schema:validThrough": "2023-12-31T23:59:59",
          "@type": [
            "schema:OpeningHoursSpecification"
          ]
        }
      ],
      "@type": [
        "schema:Place",
        "Place"
      ],
      "petsAllowed": true
    }
  ],
  "isOwnedBy": [
    {
      "@id": "https://data.datatourisme.fr/9607ec07-0ddb-38b1-9281-56c11b39c239",
      "schema:email": [
        "mairie.clermontdessous@wanadoo.fr",
        "tourisme@ccconfluent.fr"
      ],
      "schema:legalName": "Mairie",
      "schema:telephone": [
        "+33 5 53 87 21 68",
        "+33 5 53 88 95 85"
      ],
      "@type": [
        "schema:Organization",
        "foaf:Agent",
        "Agent"
      ],
      "foaf:homepage": [
        "http://www.clermontdessous.fr/",
        "https://www.tourisme-coeurlotetgaronne.fr/"
      ]
    }
  ],
  "lastUpdate": "2023-09-21",
  "lastUpdateDatatourisme": "2023-09-27T23:24:29.67Z",
  "offers": [
    {
      "@id": "https://data.datatourisme.fr/7e43a4fc-61f8-392a-8541-8626e6fd18fc",
      "schema:priceSpecification": [
        {
          "@id": "https://data.datatourisme.fr/689582c4-99ab-3c09-9921-6d252adde5bb",
          "schema:priceCurrency": "EUR",
          "@type": [
            "schema:PriceSpecification",
            "PriceSpecification"
          ],
          "hasEligiblePolicy": [
            {
              "@id": "kb:Free",
              "@type": [
                "PricingPolicy"
              ],
              "rdfs:label": {
                "de": [
                  "Kostenlos"
                ],
                "pt": [
                  "Gratuito"
                ],
                "en": [
                  "Free"
                ],
                "it": [
                  "Gratuito"
                ],
                "fr": [
                  "Gratuit"
                ],
                "es": [
                  "Gratuito"
                ],
                "nl": [
                  "Gratis"
                ]
              }
            }
          ]
        }
      ],
      "@type": [
        "schema:Offer",
        "Offer"
      ]
    }
  ],
  "reducedMobilityAccess": false
}