{
  "@id": "https://data.datatourisme.fr/23/00a92ac3-f182-3aca-ad0a-2623ef410835",
  "dc:identifier": "FMAAQU087V500YN1",
  "schema:endDate": [
    "2023-10-01"
  ],
  "schema:startDate": [
    "2023-09-29"
  ],
  "@type": [
    "schema:Event",
    "schema:ExhibitionEvent",
    "CulturalEvent",
    "EntertainmentAndEvent",
    "Exhibition",
    "PointOfInterest"
  ],
  "rdfs:comment": {
    "de": [
      "Präsentation von Ziergeflügel, Enten, Gänsen, Tauben und Kaninchen. Verkauf am Samstagmorgen ab 9 Uhr."
    ],
    "en": [
      "Presentation of ornamental poultry, ducks, geese, pigeons, rabbits. Sale on Saturday morning from 9am."
    ],
    "it": [
      "Pollame ornamentale, anatre, oche, piccioni, conigli. Vendita il sabato mattina dalle 9.00."
    ],
    "fr": [
      "Présentation de volailles d’ornement, canards, oies, pigeons, lapins. Vente le samedi matin à partir de 9h."
    ],
    "nl": [
      "Sierpluimvee, eenden, ganzen, duiven, konijnen. Verkoop op zaterdagochtend vanaf 9 uur."
    ],
    "es": [
      "Aves ornamentales, patos, ocas, palomas, conejos. Venta el sábado por la mañana a partir de las 9h."
    ]
  },
  "rdfs:label": {
    "de": [
      "Exposition d’aviculture"
    ],
    "en": [
      "Exposition d’aviculture"
    ],
    "fr": [
      "Exposition d’aviculture"
    ],
    "nl": [
      "Exposition d’aviculture"
    ],
    "es": [
      "Exposition d’aviculture"
    ]
  },
  "creationDate": "2023-08-12",
  "hasBeenCreatedBy": {
    "@id": "https://data.datatourisme.fr/23/2f08cb81-ce02-3467-a735-7f763b1d618a",
    "dc:identifier": "bde8c764-f583-483c-b747-2e5f8812bdab",
    "schema:legalName": "OT Monts du Limousin",
    "@type": [
      "schema:Organization",
      "foaf:Agent",
      "Agent"
    ]
  },
  "hasBeenPublishedBy": [
    {
      "@id": "https://data.datatourisme.fr/05dc9cb8-2fa5-383d-b87b-497de06649a2",
      "schema:email": [
        "sirtaqui@na-tourisme.com"
      ],
      "schema:legalName": "SIRTAQUI Nouvelle-Aquitaine",
      "schema:logo": "http://aquitaine.media.tourinsoft.eu/upload/Logo-Sirtaqui-1280x405.jpg",
      "@type": [
        "schema:Organization",
        "foaf:Agent",
        "Agent"
      ],
      "rdfs:comment": {
        "de": [
          "Collecter, mettre en commun et diffuser le plus largement possible une information complète et de qualité au service de nos habitants et de nos visiteurs : voici les objectifs du SIRTAQUI, Système d’Information Régional Touristique de Nouvelle-AQUItaine. Le dispositif est mis en œuvre conjointement par le Comité Régional de Tourisme de Nouvelle-Aquitaine, les services touristiques de la Corrèze, de la Creuse, de la Dordogne, de la Gironde, des Landes, du Lot-et-Garonne, des Pyrénées-Atlantiques, des Deux-Sèvres, de la Vienne et de la Haute-Vienne, en collaboration avec les Offices de Tourisme, et avec le soutien financier de l’Europe et du Conseil Régional."
        ],
        "en": [
          "Collecter, mettre en commun et diffuser le plus largement possible une information complète et de qualité au service de nos habitants et de nos visiteurs : voici les objectifs du SIRTAQUI, Système d’Information Régional Touristique de Nouvelle-AQUItaine. Le dispositif est mis en œuvre conjointement par le Comité Régional de Tourisme de Nouvelle-Aquitaine, les services touristiques de la Corrèze, de la Creuse, de la Dordogne, de la Gironde, des Landes, du Lot-et-Garonne, des Pyrénées-Atlantiques, des Deux-Sèvres, de la Vienne et de la Haute-Vienne, en collaboration avec les Offices de Tourisme, et avec le soutien financier de l’Europe et du Conseil Régional."
        ],
        "it": [
          "L'obiettivo di SIRTAQUI, il Sistema Regionale di Informazione Turistica della Nuova Aquitania, è quello di raccogliere, mettere in comune e diffondere il più possibile informazioni complete e di qualità a beneficio dei nostri residenti e visitatori. Il sistema è realizzato congiuntamente dal Comité Régional de Tourisme de Nouvelle-Aquitaine, dai servizi turistici di Corrèze, Creuse, Dordogne, Gironde, Landes, Lot-et-Garonne, Pyrénées-Atlantiques, Deux-Sèvres, Vienne e Haute-Vienne, in collaborazione con gli Uffici del Turismo e con il sostegno finanziario dell'Europa e del Conseil Régional."
        ],
        "fr": [
          "Collecter, mettre en commun et diffuser le plus largement possible une information complète et de qualité au service de nos habitants et de nos visiteurs : voici les objectifs du SIRTAQUI, Système d’Information Régional Touristique de Nouvelle-AQUItaine. Le dispositif est mis en œuvre conjointement par le Comité Régional de Tourisme de Nouvelle-Aquitaine, les services touristiques de la Corrèze, de la Creuse, de la Dordogne, de la Gironde, des Landes, du Lot-et-Garonne, des Pyrénées-Atlantiques, des Deux-Sèvres, de la Vienne et de la Haute-Vienne, en collaboration avec les Offices de Tourisme, et avec le soutien financier de l’Europe et du Conseil Régional."
        ],
        "nl": [
          "Collecter, mettre en commun et diffuser le plus largement possible une information complète et de qualité au service de nos habitants et de nos visiteurs : voici les objectifs du SIRTAQUI, Système d’Information Régional Touristique de Nouvelle-AQUItaine. Le dispositif est mis en œuvre conjointement par le Comité Régional de Tourisme de Nouvelle-Aquitaine, les services touristiques de la Corrèze, de la Creuse, de la Dordogne, de la Gironde, des Landes, du Lot-et-Garonne, des Pyrénées-Atlantiques, des Deux-Sèvres, de la Vienne et de la Haute-Vienne, en collaboration avec les Offices de Tourisme, et avec le soutien financier de l’Europe et du Conseil Régional."
        ],
        "es": [
          "Collecter, mettre en commun et diffuser le plus largement possible une information complète et de qualité au service de nos habitants et de nos visiteurs : voici les objectifs du SIRTAQUI, Système d’Information Régional Touristique de Nouvelle-AQUItaine. Le dispositif est mis en œuvre conjointement par le Comité Régional de Tourisme de Nouvelle-Aquitaine, les services touristiques de la Corrèze, de la Creuse, de la Dordogne, de la Gironde, des Landes, du Lot-et-Garonne, des Pyrénées-Atlantiques, des Deux-Sèvres, de la Vienne et de la Haute-Vienne, en collaboration avec les Offices de Tourisme, et avec le soutien financier de l’Europe et du Conseil Régional."
        ]
      },
      "foaf:homepage": [
        "http://www.sirtaqui-aquitaine.com/"
      ],
      "hasTranslatedProperty": [
        {
          "@id": "https://data.datatourisme.fr/eef27e75-4a23-313e-a6ee-797e7b64a1cd",
          "dc:contributor": [
            "https://api.deepl.com/v2/translate"
          ],
          "rdf:language": [
            "it"
          ],
          "rdf:predicate": [
            {
              "@id": "rdfs:comment"
            }
          ]
        }
      ]
    }
  ],
  "hasBookingContact": [
    {
      "@id": "https://data.datatourisme.fr/c7a3ca5c-f321-3b35-9990-4656add203d4",
      "schema:email": [
        "fr.brun@orange.fr"
      ],
      "schema:legalName": "Association avicole des monts d’ambazac",
      "schema:telephone": [
        "+33 6 82 38 71 40"
      ],
      "@type": [
        "schema:Organization",
        "foaf:Agent",
        "Agent"
      ],
      "foaf:homepage": [
        "https://fr-fr.facebook.com/people/Association-Avicole-des-Monts-dAmbazac/100066669975923/"
      ]
    }
  ],
  "hasContact": [
    {
      "@id": "https://data.datatourisme.fr/c7a3ca5c-f321-3b35-9990-4656add203d4",
      "schema:email": [
        "fr.brun@orange.fr"
      ],
      "schema:legalName": "Association avicole des monts d’ambazac",
      "schema:telephone": [
        "+33 6 82 38 71 40"
      ],
      "@type": [
        "schema:Organization",
        "foaf:Agent",
        "Agent"
      ],
      "foaf:homepage": [
        "https://fr-fr.facebook.com/people/Association-Avicole-des-Monts-dAmbazac/100066669975923/"
      ]
    }
  ],
  "hasDescription": [
    {
      "@id": "https://data.datatourisme.fr/06aba55d-e229-38f6-9cdf-dd03e67c9a41",
      "dc:description": {
        "de": [
          "Präsentation von Ziergeflügel, Enten, Gänsen, Tauben und Kaninchen. Verkauf am Samstagmorgen ab 9 Uhr."
        ],
        "en": [
          "Presentation of ornamental poultry, ducks, geese, pigeons, rabbits. Sale on Saturday morning from 9am."
        ],
        "it": [
          "Pollame ornamentale, anatre, oche, piccioni, conigli. Vendita il sabato mattina dalle 9.00."
        ],
        "fr": [
          "Présentation de volailles d’ornement, canards, oies, pigeons, lapins. Vente le samedi matin à partir de 9h."
        ],
        "nl": [
          "Sierpluimvee, eenden, ganzen, duiven, konijnen. Verkoop op zaterdagochtend vanaf 9 uur."
        ],
        "es": [
          "Aves ornamentales, patos, ocas, palomas, conejos. Venta el sábado por la mañana a partir de las 9h."
        ]
      },
      "@type": [
        "Description"
      ],
      "hasTranslatedProperty": [
        {
          "@id": "https://data.datatourisme.fr/1bb02eab-cb69-3be1-a6e8-49ec25fb77fd",
          "dc:contributor": [
            "https://api.deepl.com/v2/translate"
          ],
          "rdf:language": [
            "de"
          ],
          "rdf:predicate": [
            "shortDescription"
          ]
        },
        {
          "@id": "https://data.datatourisme.fr/236c3eaa-2173-3a37-89d5-508c66f42d45",
          "dc:contributor": [
            "https://api.deepl.com/v2/translate"
          ],
          "rdf:language": [
            "es"
          ],
          "rdf:predicate": [
            {
              "@id": "dc:description"
            }
          ]
        },
        {
          "@id": "https://data.datatourisme.fr/47c3f375-6aa3-3f2d-b89c-61471f73deef",
          "dc:contributor": [
            "https://api.deepl.com/v2/translate"
          ],
          "rdf:language": [
            "nl"
          ],
          "rdf:predicate": [
            "shortDescription"
          ]
        },
        {
          "@id": "https://data.datatourisme.fr/4a0008f7-bf3e-3e9b-a5e4-067ad4d36bb4",
          "dc:contributor": [
            "https://api.deepl.com/v2/translate"
          ],
          "rdf:language": [
            "en"
          ],
          "rdf:predicate": [
            {
              "@id": "dc:description"
            }
          ]
        },
        {
          "@id": "https://data.datatourisme.fr/76116d5a-87dd-3f12-92c0-ecab93bfe7da",
          "dc:contributor": [
            "https://api.deepl.com/v2/translate"
          ],
          "rdf:language": [
            "de"
          ],
          "rdf:predicate": [
            {
              "@id": "dc:description"
            }
          ]
        },
        {
          "@id": "https://data.datatourisme.fr/7a46930f-13eb-39d6-a84f-4134e2644135",
          "dc:contributor": [
            "https://api.deepl.com/v2/translate"
          ],
          "rdf:language": [
            "en"
          ],
          "rdf:predicate": [
            "shortDescription"
          ]
        },
        {
          "@id": "https://data.datatourisme.fr/8e720914-1afb-3d40-be6a-fbb241eb2aca",
          "dc:contributor": [
            "https://api.deepl.com/v2/translate"
          ],
          "rdf:language": [
            "es"
          ],
          "rdf:predicate": [
            "shortDescription"
          ]
        },
        {
          "@id": "https://data.datatourisme.fr/ddf85fcd-6a20-34e9-bdd3-7abb359af6f7",
          "dc:contributor": [
            "https://api.deepl.com/v2/translate"
          ],
          "rdf:language": [
            "it"
          ],
          "rdf:predicate": [
            "shortDescription"
          ]
        },
        {
          "@id": "https://data.datatourisme.fr/ed1f7dbb-a74c-3c65-b2ba-11ac7f7889b3",
          "dc:contributor": [
            "https://api.deepl.com/v2/translate"
          ],
          "rdf:language": [
            "nl"
          ],
          "rdf:predicate": [
            {
              "@id": "dc:description"
            }
          ]
        },
        {
          "@id": "https://data.datatourisme.fr/f9b41afa-f3e4-396c-ba7e-c31227213281",
          "dc:contributor": [
            "https://api.deepl.com/v2/translate"
          ],
          "rdf:language": [
            "it"
          ],
          "rdf:predicate": [
            {
              "@id": "dc:description"
            }
          ]
        }
      ],
      "shortDescription": {
        "de": [
          "Präsentation von Ziergeflügel, Enten, Gänsen, Tauben und Kaninchen. Verkauf am Samstagmorgen ab 9 Uhr."
        ],
        "en": [
          "Presentation of ornamental poultry, ducks, geese, pigeons, rabbits. Sale on Saturday morning from 9am."
        ],
        "it": [
          "Pollame ornamentale, anatre, oche, piccioni, conigli. Vendita il sabato mattina dalle 9.00."
        ],
        "fr": [
          "Présentation de volailles d’ornement, canards, oies, pigeons, lapins. Vente le samedi matin à partir de 9h."
        ],
        "nl": [
          "Sierpluimvee, eenden, ganzen, duiven, konijnen. Verkoop op zaterdagochtend vanaf 9 uur."
        ],
        "es": [
          "Aves ornamentales, patos, ocas, palomas, conejos. Venta el sábado por la mañana a partir de las 9h."
        ]
      }
    }
  ],
  "hasMainRepresentation": [
    {
      "@id": "https://data.datatourisme.fr/eb0ab2ae-76c7-379f-ab6f-b89eae84fe1d",
      "ebucore:hasAnnotation": [
        {
          "@id": "https://data.datatourisme.fr/a76ce1ca-ee9e-38f5-9270-6fc69dc34b2a",
          "ebucore:isCoveredBy": "By-NC-ND 4.0",
          "ebucore:title": {
            "fr": [
              "Expostion d'aviculture"
            ]
          },
          "@type": [
            "ebucore:Annotation"
          ],
          "credits": [
            "Associaiton avicole des Monts d'Ambazac"
          ]
        }
      ],
      "ebucore:hasRelatedResource": [
        {
          "@id": "https://data.datatourisme.fr/0d7b3035-18c1-3a00-837e-d64e4459e0aa",
          "ebucore:hasMimeType": [
            {
              "@id": "kb:JPEG",
              "@type": [
                "ebucore:MimeType"
              ],
              "rdfs:comment": {
                "de": [
                  "JPEG-Bild"
                ],
                "pt": [
                  "Imagem JPEG"
                ],
                "en": [
                  "JPEG image file"
                ],
                "it": [
                  "Immagine JPEG"
                ],
                "fr": [
                  "Image JPEG"
                ],
                "nl": [
                  "JPEG-afbeelding"
                ],
                "es": [
                  "Imagen JPEG"
                ]
              },
              "rdfs:label": {
                "de": [
                  "image/jpeg"
                ],
                "pt": [
                  "image/jpeg"
                ],
                "en": [
                  "image/jpeg"
                ],
                "it": [
                  "image/jpeg"
                ],
                "fr": [
                  "image/jpeg"
                ],
                "nl": [
                  "image/jpeg"
                ],
                "es": [
                  "image/jpeg"
                ]
              }
            }
          ],
          "ebucore:locator": [
            "http://aquitaine.media.tourinsoft.eu/Upload/Expostion-d-aviculture.jpg"
          ],
          "@type": [
            "ebucore:Resource"
          ]
        }
      ],
      "@type": [
        "ebucore:EditorialObject"
      ]
    }
  ],
  "hasRepresentation": [
    {
      "@id": "https://data.datatourisme.fr/eb0ab2ae-76c7-379f-ab6f-b89eae84fe1d",
      "ebucore:hasAnnotation": [
        {
          "@id": "https://data.datatourisme.fr/a76ce1ca-ee9e-38f5-9270-6fc69dc34b2a",
          "ebucore:isCoveredBy": "By-NC-ND 4.0",
          "ebucore:title": {
            "fr": [
              "Expostion d'aviculture"
            ]
          },
          "@type": [
            "ebucore:Annotation"
          ],
          "credits": [
            "Associaiton avicole des Monts d'Ambazac"
          ]
        }
      ],
      "ebucore:hasRelatedResource": [
        {
          "@id": "https://data.datatourisme.fr/0d7b3035-18c1-3a00-837e-d64e4459e0aa",
          "ebucore:hasMimeType": [
            {
              "@id": "kb:JPEG",
              "@type": [
                "ebucore:MimeType"
              ],
              "rdfs:comment": {
                "de": [
                  "JPEG-Bild"
                ],
                "pt": [
                  "Imagem JPEG"
                ],
                "en": [
                  "JPEG image file"
                ],
                "it": [
                  "Immagine JPEG"
                ],
                "fr": [
                  "Image JPEG"
                ],
                "nl": [
                  "JPEG-afbeelding"
                ],
                "es": [
                  "Imagen JPEG"
                ]
              },
              "rdfs:label": {
                "de": [
                  "image/jpeg"
                ],
                "pt": [
                  "image/jpeg"
                ],
                "en": [
                  "image/jpeg"
                ],
                "it": [
                  "image/jpeg"
                ],
                "fr": [
                  "image/jpeg"
                ],
                "nl": [
                  "image/jpeg"
                ],
                "es": [
                  "image/jpeg"
                ]
              }
            }
          ],
          "ebucore:locator": [
            "http://aquitaine.media.tourinsoft.eu/Upload/Expostion-d-aviculture.jpg"
          ],
          "@type": [
            "ebucore:Resource"
          ]
        }
      ],
      "@type": [
        "ebucore:EditorialObject"
      ]
    }
  ],
  "hasTranslatedProperty": [
    {
      "@id": "https://data.datatourisme.fr/4eac5856-efd2-3637-bc67-7c174605ce12",
      "dc:contributor": [
        "https://api.deepl.com/v2/translate"
      ],
      "rdf:language": [
        "es"
      ],
      "rdf:predicate": [
        {
          "@id": "rdfs:comment"
        }
      ]
    },
    {
      "@id": "https://data.datatourisme.fr/6943f6d5-0696-3e76-bd10-5defa0329df2",
      "dc:contributor": [
        "https://api.deepl.com/v2/translate"
      ],
      "rdf:language": [
        "de"
      ],
      "rdf:predicate": [
        {
          "@id": "rdfs:comment"
        }
      ]
    },
    {
      "@id": "https://data.datatourisme.fr/800e4e42-b2e7-37e5-8b96-90837e400699",
      "dc:contributor": [
        "https://api.deepl.com/v2/translate"
      ],
      "rdf:language": [
        "it"
      ],
      "rdf:predicate": [
        {
          "@id": "rdfs:comment"
        }
      ]
    },
    {
      "@id": "https://data.datatourisme.fr/c1d4528e-ae72-3a2e-a592-27e24271a085",
      "dc:contributor": [
        "https://api.deepl.com/v2/translate"
      ],
      "rdf:language": [
        "nl"
      ],
      "rdf:predicate": [
        {
          "@id": "rdfs:comment"
        }
      ]
    },
    {
      "@id": "https://data.datatourisme.fr/cbbc4545-dcff-31fd-a007-56b4eda1e05a",
      "dc:contributor": [
        "https://api.deepl.com/v2/translate"
      ],
      "rdf:language": [
        "en"
      ],
      "rdf:predicate": [
        {
          "@id": "rdfs:comment"
        }
      ]
    }
  ],
  "isLocatedAt": [
    {
      "@id": "https://data.datatourisme.fr/16a90a34-c8ad-378d-8f59-1ac6025c0540",
      "schema:address": [
        {
          "@id": "https://data.datatourisme.fr/29d56477-01d8-3ef3-a5fc-bca4ad7d72ed",
          "schema:addressLocality": "Ambazac",
          "schema:postalCode": "87240",
          "schema:streetAddress": [
            "Halles du tennis",
            "Le Muret"
          ],
          "@type": [
            "schema:PostalAddress",
            "PostalAddress"
          ],
          "hasAddressCity": {
            "@id": "kb:87002",
            "@type": [
              "City"
            ],
            "rdfs:label": {
              "de": [
                "Ambazac"
              ],
              "pt": [
                "Ambazac"
              ],
              "en": [
                "Ambazac"
              ],
              "it": [
                "Ambazac"
              ],
              "fr": [
                "Ambazac"
              ],
              "nl": [
                "Ambazac"
              ],
              "es": [
                "Ambazac"
              ]
            },
            "insee": "87002",
            "isPartOfDepartment": {
              "@id": "kb:France7587",
              "@type": [
                "Department"
              ],
              "rdfs:label": {
                "de": [
                  "Haute-Vienne"
                ],
                "pt": [
                  "Haute-Vienne"
                ],
                "en": [
                  "Haute-Vienne"
                ],
                "it": [
                  "Haute-Vienne"
                ],
                "fr": [
                  "Haute-Vienne"
                ],
                "nl": [
                  "Haute-Vienne"
                ],
                "es": [
                  "Haute-Vienne"
                ]
              },
              "insee": "87",
              "isPartOfRegion": {
                "@id": "kb:France75",
                "@type": [
                  "Region"
                ],
                "rdfs:label": {
                  "de": [
                    "Nouvelle-Aquitaine"
                  ],
                  "pt": [
                    "Nouvelle-Aquitaine"
                  ],
                  "en": [
                    "Nouvelle-Aquitaine"
                  ],
                  "it": [
                    "Nouvelle-Aquitaine"
                  ],
                  "fr": [
                    "Nouvelle-Aquitaine"
                  ],
                  "nl": [
                    "Nouvelle-Aquitaine"
                  ],
                  "es": [
                    "Nouvelle-Aquitaine"
                  ]
                },
                "insee": "75",
                "isPartOfCountry": {
                  "@id": "kb:France",
                  "@type": [
                    "schema:Country"
                  ],
                  "rdfs:label": {
                    "de": [
                      "France",
                      "Frankreich"
                    ],
                    "pt": [
                      "França",
                      "France"
                    ],
                    "en": [
                      "France"
                    ],
                    "it": [
                      "France",
                      "Francia"
                    ],
                    "fr": [
                      "France"
                    ],
                    "nl": [
                      "France",
                      "Frankrijk"
                    ],
                    "es": [
                      "France",
                      "Francia"
                    ]
                  }
                }
              }
            }
          }
        }
      ],
      "schema:geo": {
        "@id": "https://data.datatourisme.fr/63ba783d-bf5f-37c6-8957-e58f39c51984",
        "schema:latitude": "45.95222",
        "schema:longitude": "1.3921",
        "@type": [
          "schema:GeoCoordinates"
        ]
      },
      "@type": [
        "schema:Place",
        "Place"
      ],
      "altInsee": [
        "87002"
      ]
    }
  ],
  "isOwnedBy": [
    {
      "@id": "https://data.datatourisme.fr/c7a3ca5c-f321-3b35-9990-4656add203d4",
      "schema:email": [
        "fr.brun@orange.fr"
      ],
      "schema:legalName": "Association avicole des monts d’ambazac",
      "schema:telephone": [
        "+33 6 82 38 71 40"
      ],
      "@type": [
        "schema:Organization",
        "foaf:Agent",
        "Agent"
      ],
      "foaf:homepage": [
        "https://fr-fr.facebook.com/people/Association-Avicole-des-Monts-dAmbazac/100066669975923/"
      ]
    }
  ],
  "lastUpdate": "2023-08-14",
  "lastUpdateDatatourisme": "2023-09-28T01:00:59.155Z",
  "offers": [
    {
      "@id": "https://data.datatourisme.fr/bfccaf17-77fe-3b6f-ac99-a4d1c41e609d",
      "schema:priceSpecification": [
        {
          "@id": "https://data.datatourisme.fr/51dd3b93-2335-352c-b4bf-8be6d6e97e42",
          "schema:maxPrice": [
            "2"
          ],
          "schema:minPrice": [
            "2"
          ],
          "schema:priceCurrency": "EUR",
          "@type": [
            "schema:PriceSpecification",
            "PriceSpecification"
          ],
          "additionalInformation": {
            "de": [
              "Einzelperson Erwachsener"
            ],
            "en": [
              "Individual adult"
            ],
            "it": [
              "Singolo adulto"
            ],
            "fr": [
              "Individuel adulte"
            ],
            "nl": [
              "Individuele volwassene"
            ],
            "es": [
              "Adulto individual"
            ]
          },
          "hasEligiblePolicy": [
            {
              "@id": "kb:BaseRateFullRate",
              "@type": [
                "PricingPolicy"
              ],
              "rdfs:label": {
                "de": [
                  "Basistarif – voller Tarif"
                ],
                "pt": [
                  "Preço de base — preço total"
                ],
                "en": [
                  "Base rate - full rate"
                ],
                "it": [
                  "Tariffa di base — tariffa intera"
                ],
                "fr": [
                  "Tarif de base - plein tarif"
                ],
                "es": [
                  "Tarifa básica - tarifa completa"
                ],
                "nl": [
                  "Basistarief - vol tarief"
                ]
              }
            }
          ],
          "hasPricingMode": [
            {
              "@id": "kb:PerPerson",
              "@type": [
                "PricingMode"
              ],
              "rdfs:label": {
                "de": [
                  "Pro Person"
                ],
                "pt": [
                  "Por pessoa"
                ],
                "en": [
                  "Per person"
                ],
                "it": [
                  "Per persona"
                ],
                "fr": [
                  "Par personne"
                ],
                "es": [
                  "Por persona"
                ],
                "nl": [
                  "Per persoon"
                ]
              }
            },
            {
              "@id": "kb:PerUnit",
              "@type": [
                "PricingMode"
              ],
              "rdfs:label": {
                "de": [
                  "Pro Einheit"
                ],
                "pt": [
                  "Por unidade"
                ],
                "en": [
                  "Per unit"
                ],
                "it": [
                  "Per unità"
                ],
                "fr": [
                  "A l'unité"
                ],
                "es": [
                  "Por unidad"
                ],
                "nl": [
                  "Per eenheid"
                ]
              }
            }
          ],
          "hasPricingOffer": [
            {
              "@id": "kb:Ticket",
              "@type": [
                "ActivityPricingOffer"
              ],
              "rdfs:label": {
                "de": [
                  "Eintrittskarte, Eintrittsgeld, Pauschale"
                ],
                "pt": [
                  "Bilhete, Direito de entrada, Preço fixo"
                ],
                "en": [
                  "Ticket, Entry fee, Pass"
                ],
                "it": [
                  "Biglietto, diritto d'ingresso, forfait"
                ],
                "fr": [
                  "Ticket, Droit d'entrée, Forfait"
                ],
                "nl": [
                  "Ticket, toegangsbewijs, pas"
                ],
                "es": [
                  "Billete, entrada, forfait"
                ]
              }
            }
          ],
          "hasTranslatedProperty": [
            {
              "@id": "https://data.datatourisme.fr/230a6558-9d69-3f97-9d41-86ffa5098b93",
              "dc:contributor": [
                "https://api.deepl.com/v2/translate"
              ],
              "rdf:language": [
                "en"
              ],
              "rdf:predicate": [
                "additionalInformation"
              ]
            },
            {
              "@id": "https://data.datatourisme.fr/314e6436-5cee-3057-b45c-64b8f09c021a",
              "dc:contributor": [
                "https://api.deepl.com/v2/translate"
              ],
              "rdf:language": [
                "de"
              ],
              "rdf:predicate": [
                "additionalInformation"
              ]
            },
            {
              "@id": "https://data.datatourisme.fr/40986950-85d5-3e5c-88e4-6f48b673c503",
              "dc:contributor": [
                "https://api.deepl.com/v2/translate"
              ],
              "rdf:language": [
                "es"
              ],
              "rdf:predicate": [
                "additionalInformation"
              ]
            },
            {
              "@id": "https://data.datatourisme.fr/4c807c8a-3e28-32f1-95e0-8aa53f49188c",
              "dc:contributor": [
                "https://api.deepl.com/v2/translate"
              ],
              "rdf:language": [
                "it"
              ],
              "rdf:predicate": [
                "additionalInformation"
              ]
            },
            {
              "@id": "https://data.datatourisme.fr/afc134b3-5712-3797-94b1-fa4b49c9a6a2",
              "dc:contributor": [
                "https://api.deepl.com/v2/translate"
              ],
              "rdf:language": [
                "nl"
              ],
              "rdf:predicate": [
                "additionalInformation"
              ]
            }
          ]
        },
        {
          "@id": "https://data.datatourisme.fr/fd573a29-a267-3900-a329-6221740807ef",
          "schema:priceCurrency": "EUR",
          "@type": [
            "schema:PriceSpecification",
            "PriceSpecification"
          ],
          "additionalInformation": {
            "de": [
              "Einzelperson Kind"
            ],
            "en": [
              "Individual child"
            ],
            "it": [
              "Bambino singolo"
            ],
            "fr": [
              "Individuel enfant"
            ],
            "es": [
              "Niño individual"
            ],
            "nl": [
              "Individueel kind"
            ]
          },
          "hasEligiblePolicy": [
            {
              "@id": "kb:Free",
              "@type": [
                "PricingPolicy"
              ],
              "rdfs:label": {
                "de": [
                  "Kostenlos"
                ],
                "pt": [
                  "Gratuito"
                ],
                "en": [
                  "Free"
                ],
                "it": [
                  "Gratuito"
                ],
                "fr": [
                  "Gratuit"
                ],
                "es": [
                  "Gratuito"
                ],
                "nl": [
                  "Gratis"
                ]
              }
            }
          ],
          "hasTranslatedProperty": [
            {
              "@id": "https://data.datatourisme.fr/34521ddd-1331-3403-83ae-591382eccd56",
              "dc:contributor": [
                "https://api.deepl.com/v2/translate"
              ],
              "rdf:language": [
                "nl"
              ],
              "rdf:predicate": [
                "additionalInformation"
              ]
            },
            {
              "@id": "https://data.datatourisme.fr/34f1f2e9-c6c3-3811-baba-27970ca15223",
              "dc:contributor": [
                "https://api.deepl.com/v2/translate"
              ],
              "rdf:language": [
                "it"
              ],
              "rdf:predicate": [
                "additionalInformation"
              ]
            },
            {
              "@id": "https://data.datatourisme.fr/a1a08a63-39d9-37ca-a283-1fbc499bb76d",
              "dc:contributor": [
                "https://api.deepl.com/v2/translate"
              ],
              "rdf:language": [
                "de"
              ],
              "rdf:predicate": [
                "additionalInformation"
              ]
            },
            {
              "@id": "https://data.datatourisme.fr/c3326124-d050-3d12-88f6-4aa75900a3fb",
              "dc:contributor": [
                "https://api.deepl.com/v2/translate"
              ],
              "rdf:language": [
                "en"
              ],
              "rdf:predicate": [
                "additionalInformation"
              ]
            },
            {
              "@id": "https://data.datatourisme.fr/e78755a6-5bcd-3ba0-a827-0a8e6e110c91",
              "dc:contributor": [
                "https://api.deepl.com/v2/translate"
              ],
              "rdf:language": [
                "es"
              ],
              "rdf:predicate": [
                "additionalInformation"
              ]
            }
          ]
        }
      ],
      "@type": [
        "schema:Offer",
        "Offer"
      ]
    }
  ],
  "takesPlaceAt": [
    {
      "@id": "https://data.datatourisme.fr/34683852-7e96-3cf1-b339-abf850673ee5",
      "@type": [
        "Period"
      ],
      "endDate": "2023-10-01",
      "endTime": "18:00:00",
      "startDate": "2023-09-29",
      "startTime": "09:00:00"
    }
  ]
}