{
  "@id": "https://data.datatourisme.fr/23/0071557c-5e67-3f46-9f94-5c4d0d78dc2a",
  "dc:identifier": "ITIAQU033V508AET",
  "@type": [
    "olo:OrderedList",
    "PointOfInterest",
    "Tour",
    "WalkingTour"
  ],
  "rdfs:comment": {
    "de": [
      "Bei diesem angenehmen Spaziergang können Sie die reiche Fauna des Unterholzes, die Weinberge und das bauliche Erbe dieser Gemeinde entdecken."
    ],
    "en": [
      "This pleasant walk allows you to discover the richness of the fauna of the undergrowth, the vineyard and the built heritage of this commune."
    ],
    "it": [
      "Questa piacevole passeggiata permette di scoprire la ricchezza della fauna del sottobosco, i vigneti e il patrimonio edilizio di questo comune."
    ],
    "fr": [
      "Cette agréable balade permet de découvrir la richesse de la faune des sous-bois, le vignoble et le patrimoine bâti de cette commune."
    ],
    "nl": [
      "Tijdens deze aangename wandeling ontdekt u de rijkdom van de fauna van het kreupelhout, de wijngaarden en het gebouwde erfgoed van deze gemeente."
    ],
    "es": [
      "Este agradable paseo permite descubrir la riqueza de la fauna del sotobosque, los viñedos y el patrimonio construido de este municipio."
    ]
  },
  "rdfs:label": {
    "en": [
      "Boucle du Ruisseau"
    ],
    "fr": [
      "Boucle du Ruisseau"
    ],
    "nl": [
      "Boucle du Ruisseau"
    ],
    "es": [
      "Boucle du Ruisseau"
    ]
  },
  "creationDate": "2016-01-16",
  "hasBeenCreatedBy": {
    "@id": "https://data.datatourisme.fr/23/a8d54c54-e196-37fe-80a2-542eb1312ef9",
    "dc:identifier": "e4abdcce-2b00-4c80-aec5-cc0e5eda8e12",
    "schema:legalName": "OT Castillon-Pujols",
    "@type": [
      "schema:Organization",
      "foaf:Agent",
      "Agent"
    ]
  },
  "hasBeenPublishedBy": [
    {
      "@id": "https://data.datatourisme.fr/639f3a41-5d7b-320e-a33d-66f527bb3a79",
      "schema:email": [
        "sirtaqui@na-tourisme.com"
      ],
      "schema:legalName": "SIRTAQUI Nouvelle-Aquitaine",
      "schema:logo": "http://aquitaine.media.tourinsoft.eu/upload/Logo-Sirtaqui-1280x405.jpg",
      "@type": [
        "schema:Organization",
        "foaf:Agent",
        "Agent"
      ],
      "rdfs:comment": {
        "de": [
          "Die Ziele von SIRTAQUI (Système d'Information Régional Touristique de Nouvelle-AQUItaine) sind die Sammlung, Zusammenführung und weitestgehende Verbreitung von umfassenden und qualitativ hochwertigen Informationen für unsere Einwohner und Besucher. Das System wird gemeinsam vom Comité Régional de Tourisme de Nouvelle-Aquitaine, den Fremdenverkehrsämtern der Departements Corrèze, Creuse, Dordogne, Gironde, Landes, Lot-et-Garonne, Pyrénées-Atlantiques, Deux-Sèvres, Vienne und Haute-Vienne in Zusammenarbeit mit den Fremdenverkehrsämtern und mit finanzieller Unterstützung von Europa und dem Conseil Régional umgesetzt."
        ],
        "en": [
          "Collecter, mettre en commun et diffuser le plus largement possible une information complète et de qualité au service de nos habitants et de nos visiteurs : voici les objectifs du SIRTAQUI, Système d’Information Régional Touristique de Nouvelle-AQUItaine. Le dispositif est mis en œuvre conjointement par le Comité Régional de Tourisme de Nouvelle-Aquitaine, les services touristiques de la Corrèze, de la Creuse, de la Dordogne, de la Gironde, des Landes, du Lot-et-Garonne, des Pyrénées-Atlantiques, des Deux-Sèvres, de la Vienne et de la Haute-Vienne, en collaboration avec les Offices de Tourisme, et avec le soutien financier de l’Europe et du Conseil Régional."
        ],
        "it": [
          "L'obiettivo di SIRTAQUI, il Sistema Regionale di Informazione Turistica della Nuova Aquitania, è quello di raccogliere, mettere in comune e diffondere il più possibile informazioni complete e di qualità a beneficio dei nostri residenti e visitatori. Il sistema è realizzato congiuntamente dal Comité Régional de Tourisme de Nouvelle-Aquitaine, dai servizi turistici di Corrèze, Creuse, Dordogne, Gironde, Landes, Lot-et-Garonne, Pyrénées-Atlantiques, Deux-Sèvres, Vienne e Haute-Vienne, in collaborazione con gli Uffici del Turismo e con il sostegno finanziario dell'Europa e del Conseil Régional."
        ],
        "fr": [
          "Collecter, mettre en commun et diffuser le plus largement possible une information complète et de qualité au service de nos habitants et de nos visiteurs : voici les objectifs du SIRTAQUI, Système d’Information Régional Touristique de Nouvelle-AQUItaine. Le dispositif est mis en œuvre conjointement par le Comité Régional de Tourisme de Nouvelle-Aquitaine, les services touristiques de la Corrèze, de la Creuse, de la Dordogne, de la Gironde, des Landes, du Lot-et-Garonne, des Pyrénées-Atlantiques, des Deux-Sèvres, de la Vienne et de la Haute-Vienne, en collaboration avec les Offices de Tourisme, et avec le soutien financier de l’Europe et du Conseil Régional."
        ],
        "nl": [
          "Collecter, mettre en commun et diffuser le plus largement possible une information complète et de qualité au service de nos habitants et de nos visiteurs : voici les objectifs du SIRTAQUI, Système d’Information Régional Touristique de Nouvelle-AQUItaine. Le dispositif est mis en œuvre conjointement par le Comité Régional de Tourisme de Nouvelle-Aquitaine, les services touristiques de la Corrèze, de la Creuse, de la Dordogne, de la Gironde, des Landes, du Lot-et-Garonne, des Pyrénées-Atlantiques, des Deux-Sèvres, de la Vienne et de la Haute-Vienne, en collaboration avec les Offices de Tourisme, et avec le soutien financier de l’Europe et du Conseil Régional."
        ],
        "es": [
          "Collecter, mettre en commun et diffuser le plus largement possible une information complète et de qualité au service de nos habitants et de nos visiteurs : voici les objectifs du SIRTAQUI, Système d’Information Régional Touristique de Nouvelle-AQUItaine. Le dispositif est mis en œuvre conjointement par le Comité Régional de Tourisme de Nouvelle-Aquitaine, les services touristiques de la Corrèze, de la Creuse, de la Dordogne, de la Gironde, des Landes, du Lot-et-Garonne, des Pyrénées-Atlantiques, des Deux-Sèvres, de la Vienne et de la Haute-Vienne, en collaboration avec les Offices de Tourisme, et avec le soutien financier de l’Europe et du Conseil Régional."
        ]
      },
      "foaf:homepage": [
        "http://www.sirtaqui-aquitaine.com/"
      ],
      "hasTranslatedProperty": [
        {
          "@id": "https://data.datatourisme.fr/7360b1d5-40e9-3d2e-965f-97e680439508",
          "dc:contributor": [
            "https://api.deepl.com/v2/translate"
          ],
          "rdf:language": [
            "it"
          ],
          "rdf:predicate": [
            {
              "@id": "rdfs:comment"
            }
          ]
        },
        {
          "@id": "https://data.datatourisme.fr/a65326cc-eb45-33f4-8f79-59ced3652d98",
          "dc:contributor": [
            "https://api.deepl.com/v2/translate"
          ],
          "rdf:language": [
            "de"
          ],
          "rdf:predicate": [
            {
              "@id": "rdfs:comment"
            }
          ]
        }
      ]
    }
  ],
  "hasBookingContact": [
    {
      "@id": "https://data.datatourisme.fr/2c7f43e9-d768-396d-95d7-dfe0adb08298",
      "schema:email": [
        "tourisme@castillonpujols.fr"
      ],
      "schema:legalName": "Mairie",
      "schema:telephone": [
        "+33 5 57 74 90 24"
      ],
      "@type": [
        "schema:Organization",
        "foaf:Agent",
        "Agent"
      ],
      "foaf:homepage": [
        "https://www.tourisme-castillonpujols.fr/"
      ]
    }
  ],
  "hasContact": [
    {
      "@id": "https://data.datatourisme.fr/2c7f43e9-d768-396d-95d7-dfe0adb08298",
      "schema:email": [
        "tourisme@castillonpujols.fr"
      ],
      "schema:legalName": "Mairie",
      "schema:telephone": [
        "+33 5 57 74 90 24"
      ],
      "@type": [
        "schema:Organization",
        "foaf:Agent",
        "Agent"
      ],
      "foaf:homepage": [
        "https://www.tourisme-castillonpujols.fr/"
      ]
    }
  ],
  "hasDescription": [
    {
      "@id": "https://data.datatourisme.fr/eb50202f-c0ec-3c3c-bcb4-6c77d791a1c6",
      "dc:description": {
        "de": [
          "Bei diesem angenehmen Spaziergang können Sie die reiche Fauna des Unterholzes, die Weinberge und das bauliche Erbe dieser Gemeinde entdecken."
        ],
        "en": [
          "This pleasant walk allows you to discover the richness of the fauna of the undergrowth, the vineyard and the built heritage of this commune."
        ],
        "it": [
          "Questa piacevole passeggiata permette di scoprire la ricchezza della fauna del sottobosco, i vigneti e il patrimonio edilizio di questo comune."
        ],
        "fr": [
          "Cette agréable balade permet de découvrir la richesse de la faune des sous-bois, le vignoble et le patrimoine bâti de cette commune."
        ],
        "nl": [
          "Tijdens deze aangename wandeling ontdekt u de rijkdom van de fauna van het kreupelhout, de wijngaarden en het gebouwde erfgoed van deze gemeente."
        ],
        "es": [
          "Este agradable paseo permite descubrir la riqueza de la fauna del sotobosque, los viñedos y el patrimonio construido de este municipio."
        ]
      },
      "@type": [
        "Description"
      ],
      "hasTranslatedProperty": [
        {
          "@id": "https://data.datatourisme.fr/155053ff-5240-339a-8d9d-d993b8fc3a21",
          "dc:contributor": [
            "https://api.deepl.com/v2/translate"
          ],
          "rdf:language": [
            "es"
          ],
          "rdf:predicate": [
            {
              "@id": "dc:description"
            }
          ]
        },
        {
          "@id": "https://data.datatourisme.fr/1cb13dae-3811-31d8-a591-45cd52914078",
          "dc:contributor": [
            "https://api.deepl.com/v2/translate"
          ],
          "rdf:language": [
            "it"
          ],
          "rdf:predicate": [
            "shortDescription"
          ]
        },
        {
          "@id": "https://data.datatourisme.fr/232fcce1-8a01-316d-afd2-5ee334998ce5",
          "dc:contributor": [
            "https://api.deepl.com/v2/translate"
          ],
          "rdf:language": [
            "de"
          ],
          "rdf:predicate": [
            {
              "@id": "dc:description"
            }
          ]
        },
        {
          "@id": "https://data.datatourisme.fr/3e45883b-f222-31fd-aec2-da9829dc04a8",
          "dc:contributor": [
            "https://api.deepl.com/v2/translate"
          ],
          "rdf:language": [
            "en"
          ],
          "rdf:predicate": [
            "shortDescription"
          ]
        },
        {
          "@id": "https://data.datatourisme.fr/48e2c0a7-6652-3e72-a638-bf8df120b8eb",
          "dc:contributor": [
            "https://api.deepl.com/v2/translate"
          ],
          "rdf:language": [
            "es"
          ],
          "rdf:predicate": [
            "shortDescription"
          ]
        },
        {
          "@id": "https://data.datatourisme.fr/986a97c8-31a4-30e4-8307-f3257907b219",
          "dc:contributor": [
            "https://api.deepl.com/v2/translate"
          ],
          "rdf:language": [
            "it"
          ],
          "rdf:predicate": [
            {
              "@id": "dc:description"
            }
          ]
        },
        {
          "@id": "https://data.datatourisme.fr/bebed8ab-54b5-3d92-9d4d-2bb79901bdeb",
          "dc:contributor": [
            "https://api.deepl.com/v2/translate"
          ],
          "rdf:language": [
            "de"
          ],
          "rdf:predicate": [
            "shortDescription"
          ]
        },
        {
          "@id": "https://data.datatourisme.fr/d947ff78-2ec2-3fb8-aaf7-65d34c65bc10",
          "dc:contributor": [
            "https://api.deepl.com/v2/translate"
          ],
          "rdf:language": [
            "nl"
          ],
          "rdf:predicate": [
            "shortDescription"
          ]
        },
        {
          "@id": "https://data.datatourisme.fr/e5c3b8ea-562a-34c2-ae9a-da703796d188",
          "dc:contributor": [
            "https://api.deepl.com/v2/translate"
          ],
          "rdf:language": [
            "en"
          ],
          "rdf:predicate": [
            {
              "@id": "dc:description"
            }
          ]
        },
        {
          "@id": "https://data.datatourisme.fr/fceaba05-8c6a-39d8-a2ef-30cfeed1dac8",
          "dc:contributor": [
            "https://api.deepl.com/v2/translate"
          ],
          "rdf:language": [
            "nl"
          ],
          "rdf:predicate": [
            {
              "@id": "dc:description"
            }
          ]
        }
      ],
      "isDedicatedTo": [
        {
          "@id": "kb:Families",
          "@type": [
            "PeopleAudience"
          ],
          "rdfs:label": {
            "de": [
              "Familien"
            ],
            "pt": [
              "Famílias"
            ],
            "en": [
              "Families"
            ],
            "it": [
              "Famiglie"
            ],
            "fr": [
              "Familles"
            ],
            "nl": [
              "Families"
            ],
            "es": [
              "Familias"
            ]
          }
        },
        {
          "@id": "kb:ForAll",
          "@type": [
            "PeopleAudience"
          ],
          "rdfs:label": {
            "de": [
              "Für alle"
            ],
            "pt": [
              "Para todos"
            ],
            "en": [
              "For all"
            ],
            "it": [
              "Per tutti"
            ],
            "fr": [
              "Tout public"
            ],
            "nl": [
              "Voor iedereen"
            ],
            "es": [
              "Todos los públicos"
            ]
          }
        }
      ],
      "shortDescription": {
        "de": [
          "Bei diesem angenehmen Spaziergang können Sie die reiche Fauna des Unterholzes, die Weinberge und das bauliche Erbe dieser Gemeinde entdecken."
        ],
        "en": [
          "This pleasant walk allows you to discover the richness of the fauna of the undergrowth, the vineyard and the built heritage of this commune."
        ],
        "it": [
          "Questa piacevole passeggiata permette di scoprire la ricchezza della fauna del sottobosco, i vigneti e il patrimonio edilizio di questo comune."
        ],
        "fr": [
          "Cette agréable balade permet de découvrir la richesse de la faune des sous-bois, le vignoble et le patrimoine bâti de cette commune."
        ],
        "nl": [
          "Tijdens deze aangename wandeling ontdekt u de rijkdom van de fauna van het kreupelhout, de wijngaarden en het gebouwde erfgoed van deze gemeente."
        ],
        "es": [
          "Este agradable paseo permite descubrir la riqueza de la fauna del sotobosque, los viñedos y el patrimonio construido de este municipio."
        ]
      }
    }
  ],
  "hasFeature": [
    {
      "@id": "https://data.datatourisme.fr/9fb3c235-2ff0-33a7-91ae-4f215fbf91a5",
      "@type": [
        "schema:PropertyValue",
        "FeatureSpecification"
      ],
      "features": [
        {
          "@id": "kb:PicnicArea",
          "@type": [
            "CommonAmenity"
          ],
          "rdfs:label": {
            "de": [
              "Picknickplatz"
            ],
            "pt": [
              "Área de piquenique"
            ],
            "en": [
              "Picnic area"
            ],
            "it": [
              "Area pic-nic"
            ],
            "fr": [
              "Aire de pique-nique"
            ],
            "es": [
              "Zona de pícnic"
            ],
            "nl": [
              "Picknickplaats"
            ]
          }
        }
      ],
      "petsAllowed": true
    }
  ],
  "hasMainRepresentation": [
    {
      "@id": "https://data.datatourisme.fr/0ff2fa5e-ed22-3116-b9eb-995d008f9113",
      "ebucore:hasAnnotation": [
        {
          "@id": "https://data.datatourisme.fr/9fc469a3-a2d1-301d-831d-e964c6b63405",
          "ebucore:title": {
            "fr": [
              "Église Notre-Dame - Grezillac"
            ]
          },
          "@type": [
            "ebucore:Annotation"
          ],
          "credits": [
            "Emmanuel Gaye - Office de Tourisme Castillon-Pujols"
          ]
        }
      ],
      "ebucore:hasRelatedResource": [
        {
          "@id": "https://data.datatourisme.fr/40ebfe01-81ed-396d-9aaa-09a7387c38e8",
          "ebucore:hasMimeType": [
            {
              "@id": "kb:JPEG",
              "@type": [
                "ebucore:MimeType"
              ],
              "rdfs:comment": {
                "de": [
                  "JPEG-Bild"
                ],
                "pt": [
                  "Imagem JPEG"
                ],
                "en": [
                  "JPEG image file"
                ],
                "it": [
                  "Immagine JPEG"
                ],
                "fr": [
                  "Image JPEG"
                ],
                "nl": [
                  "JPEG-afbeelding"
                ],
                "es": [
                  "Imagen JPEG"
                ]
              },
              "rdfs:label": {
                "de": [
                  "image/jpeg"
                ],
                "pt": [
                  "image/jpeg"
                ],
                "en": [
                  "image/jpeg"
                ],
                "it": [
                  "image/jpeg"
                ],
                "fr": [
                  "image/jpeg"
                ],
                "nl": [
                  "image/jpeg"
                ],
                "es": [
                  "image/jpeg"
                ]
              }
            }
          ],
          "ebucore:locator": [
            "http://aquitaine.media.tourinsoft.eu/Upload/Eglise-Notre-Dame---Grezillac---OTCP-Emmanuel-GAYE-2020--4--2.jpg"
          ],
          "@type": [
            "ebucore:Resource"
          ]
        }
      ],
      "@type": [
        "ebucore:EditorialObject"
      ]
    }
  ],
  "hasNeighborhood": [
    {
      "@id": "kb:InARemoteLocation",
      "@type": [
        "SpatialEnvironmentTheme"
      ],
      "rdfs:label": {
        "de": [
          "Isoliert"
        ],
        "pt": [
          "Isolado"
        ],
        "en": [
          "In a remote location"
        ],
        "it": [
          "Isolato"
        ],
        "fr": [
          "Isolé"
        ],
        "nl": [
          "Geïsoleerd"
        ],
        "es": [
          "Aislado"
        ]
      }
    },
    {
      "@id": "kb:InTheCountryside",
      "@type": [
        "SpatialEnvironmentTheme"
      ],
      "rdfs:label": {
        "de": [
          "Auf dem Land"
        ],
        "pt": [
          "No campo"
        ],
        "en": [
          "In the countryside"
        ],
        "it": [
          "In campagna"
        ],
        "fr": [
          "A la campagne"
        ],
        "nl": [
          "Op het platteland"
        ],
        "es": [
          "En el campo"
        ]
      }
    },
    {
      "@id": "kb:InTheForest",
      "@type": [
        "SpatialEnvironmentTheme"
      ],
      "rdfs:label": {
        "de": [
          "Im Wald"
        ],
        "pt": [
          "Na floresta"
        ],
        "en": [
          "In the forest"
        ],
        "it": [
          "Nella foresta"
        ],
        "fr": [
          "En forêt"
        ],
        "nl": [
          "In het bos"
        ],
        "es": [
          "En el bosque"
        ]
      }
    }
  ],
  "hasPracticeCondition": [
    {
      "@id": "https://data.datatourisme.fr/a9357e8e-5283-3d0b-939b-8141a7d8f82e",
      "@type": [
        "PracticeCondition"
      ],
      "hasDifficultyLevel": [
        {
          "@id": "kb:EasyTour",
          "@type": [
            "DifficultyLevel"
          ],
          "rdfs:label": {
            "de": [
              "Einfach"
            ],
            "pt": [
              "Fácil"
            ],
            "en": [
              "Easy"
            ],
            "it": [
              "Facile"
            ],
            "fr": [
              "Facile"
            ],
            "nl": [
              "Gemakkelijk"
            ],
            "es": [
              "Fácil"
            ]
          }
        }
      ],
      "hasLocomotionMode": [
        {
          "@id": "kb:WalkingMode",
          "@type": [
            "PedestrianLocomotionMode"
          ],
          "rdfs:label": {
            "de": [
              "Zu Fuß"
            ],
            "pt": [
              "Um pé"
            ],
            "en": [
              "Walking"
            ],
            "it": [
              "Un piede"
            ],
            "fr": [
              "A pieds"
            ],
            "es": [
              "Un pie"
            ],
            "nl": [
              "Een voet"
            ]
          }
        }
      ],
      "practicalTips": {
        "en": [
          "Durée: 1h55"
        ],
        "fr": [
          "Durée: 1h55"
        ],
        "nl": [
          "Durée: 1h55"
        ],
        "es": [
          "Durée: 1h55"
        ]
      }
    }
  ],
  "hasRepresentation": [
    {
      "@id": "https://data.datatourisme.fr/0ff2fa5e-ed22-3116-b9eb-995d008f9113",
      "ebucore:hasAnnotation": [
        {
          "@id": "https://data.datatourisme.fr/9fc469a3-a2d1-301d-831d-e964c6b63405",
          "ebucore:title": {
            "fr": [
              "Église Notre-Dame - Grezillac"
            ]
          },
          "@type": [
            "ebucore:Annotation"
          ],
          "credits": [
            "Emmanuel Gaye - Office de Tourisme Castillon-Pujols"
          ]
        }
      ],
      "ebucore:hasRelatedResource": [
        {
          "@id": "https://data.datatourisme.fr/40ebfe01-81ed-396d-9aaa-09a7387c38e8",
          "ebucore:hasMimeType": [
            {
              "@id": "kb:JPEG",
              "@type": [
                "ebucore:MimeType"
              ],
              "rdfs:comment": {
                "de": [
                  "JPEG-Bild"
                ],
                "pt": [
                  "Imagem JPEG"
                ],
                "en": [
                  "JPEG image file"
                ],
                "it": [
                  "Immagine JPEG"
                ],
                "fr": [
                  "Image JPEG"
                ],
                "nl": [
                  "JPEG-afbeelding"
                ],
                "es": [
                  "Imagen JPEG"
                ]
              },
              "rdfs:label": {
                "de": [
                  "image/jpeg"
                ],
                "pt": [
                  "image/jpeg"
                ],
                "en": [
                  "image/jpeg"
                ],
                "it": [
                  "image/jpeg"
                ],
                "fr": [
                  "image/jpeg"
                ],
                "nl": [
                  "image/jpeg"
                ],
                "es": [
                  "image/jpeg"
                ]
              }
            }
          ],
          "ebucore:locator": [
            "http://aquitaine.media.tourinsoft.eu/Upload/Eglise-Notre-Dame---Grezillac---OTCP-Emmanuel-GAYE-2020--4--2.jpg"
          ],
          "@type": [
            "ebucore:Resource"
          ]
        }
      ],
      "@type": [
        "ebucore:EditorialObject"
      ]
    },
    {
      "@id": "https://data.datatourisme.fr/11105722-5f63-3720-9230-da126e33372f",
      "ebucore:hasRelatedResource": [
        {
          "@id": "https://data.datatourisme.fr/c36c5cc3-f3b3-3373-9ced-515266661e55",
          "ebucore:hasMimeType": [
            {
              "@id": "kb:PDF",
              "@type": [
                "ebucore:MimeType"
              ],
              "rdfs:comment": {
                "de": [
                  "PDF-Datei"
                ],
                "pt": [
                  "Ficheiro PDF"
                ],
                "en": [
                  "PDF file"
                ],
                "it": [
                  "File PDF"
                ],
                "fr": [
                  "Adobe Portable Document Format"
                ],
                "nl": [
                  "Pdf-bestand"
                ],
                "es": [
                  "Archivo PDF"
                ]
              },
              "rdfs:label": {
                "de": [
                  "application/pdf"
                ],
                "pt": [
                  "application/pdf"
                ],
                "en": [
                  "application/pdf"
                ],
                "it": [
                  "application/pdf"
                ],
                "fr": [
                  "application/pdf"
                ],
                "nl": [
                  "application/pdf"
                ],
                "es": [
                  "application/pdf"
                ]
              }
            }
          ],
          "ebucore:locator": [
            "http://aquitaine.media.tourinsoft.eu/upload/Grezillac-Boucle-du-ruisseau-2.pdf"
          ],
          "@type": [
            "ebucore:Resource"
          ]
        }
      ],
      "@type": [
        "ebucore:EditorialObject"
      ]
    },
    {
      "@id": "https://data.datatourisme.fr/73bd2ce9-a390-32e6-94c6-64880a0faea8",
      "ebucore:hasAnnotation": [
        {
          "@id": "https://data.datatourisme.fr/980bf1c4-e30c-3696-9b89-d7b4b252acb9",
          "ebucore:title": {
            "fr": [
              "Eglise Notre-Dame - Grezillac"
            ]
          },
          "@type": [
            "ebucore:Annotation"
          ],
          "credits": [
            "Emmanuel Gaye - Office de Tourisme Castillon-Pujols"
          ]
        }
      ],
      "ebucore:hasRelatedResource": [
        {
          "@id": "https://data.datatourisme.fr/792a38de-bb64-3df6-a9c4-55dad8af6984",
          "ebucore:hasMimeType": [
            {
              "@id": "kb:JPEG",
              "@type": [
                "ebucore:MimeType"
              ],
              "rdfs:comment": {
                "de": [
                  "JPEG-Bild"
                ],
                "pt": [
                  "Imagem JPEG"
                ],
                "en": [
                  "JPEG image file"
                ],
                "it": [
                  "Immagine JPEG"
                ],
                "fr": [
                  "Image JPEG"
                ],
                "nl": [
                  "JPEG-afbeelding"
                ],
                "es": [
                  "Imagen JPEG"
                ]
              },
              "rdfs:label": {
                "de": [
                  "image/jpeg"
                ],
                "pt": [
                  "image/jpeg"
                ],
                "en": [
                  "image/jpeg"
                ],
                "it": [
                  "image/jpeg"
                ],
                "fr": [
                  "image/jpeg"
                ],
                "nl": [
                  "image/jpeg"
                ],
                "es": [
                  "image/jpeg"
                ]
              }
            }
          ],
          "ebucore:locator": [
            "http://aquitaine.media.tourinsoft.eu/Upload/Eglise-Notre-Dame---Grezillac---OTCP-Emmanuel-GAYE-2020--1--2.jpg"
          ],
          "@type": [
            "ebucore:Resource"
          ]
        }
      ],
      "@type": [
        "ebucore:EditorialObject"
      ]
    },
    {
      "@id": "https://data.datatourisme.fr/7a29225a-57a9-3f2a-8459-75cd56568947",
      "ebucore:hasRelatedResource": [
        {
          "@id": "https://data.datatourisme.fr/d1b51057-e248-3cdb-82f2-f6e8b6d15e34",
          "ebucore:hasMimeType": [
            {
              "@id": "kb:GPX",
              "@type": [
                "ebucore:MimeType"
              ],
              "rdfs:comment": {
                "de": [
                  "GPX-Datei"
                ],
                "pt": [
                  "Ficheiro GPX"
                ],
                "en": [
                  "GPX file"
                ],
                "it": [
                  "File GPX"
                ],
                "fr": [
                  "Fichier GPX"
                ],
                "nl": [
                  "GPX-bestand"
                ],
                "es": [
                  "Archivo GPX"
                ]
              },
              "rdfs:label": {
                "de": [
                  "application/gpx+xml"
                ],
                "pt": [
                  "application/gpx+xml"
                ],
                "en": [
                  "application/gpx+xml"
                ],
                "it": [
                  "application/gpx+xml"
                ],
                "fr": [
                  "application/gpx+xml"
                ],
                "nl": [
                  "application/gpx+xml"
                ],
                "es": [
                  "application/gpx+xml"
                ]
              }
            }
          ],
          "ebucore:locator": [
            "http://aquitaine.media.tourinsoft.eu/Upload/Grezillac.gpx"
          ],
          "@type": [
            "ebucore:Resource"
          ]
        }
      ],
      "@type": [
        "ebucore:EditorialObject"
      ]
    }
  ],
  "hasTheme": [
    {
      "@id": "kb:Culture",
      "@type": [
        "CulturalTheme"
      ],
      "rdfs:label": {
        "de": [
          "Kultur"
        ],
        "pt": [
          "Cultura"
        ],
        "en": [
          "Culture"
        ],
        "it": [
          "Cultura"
        ],
        "fr": [
          "Culture"
        ],
        "nl": [
          "Cultuur"
        ],
        "es": [
          "Cultura"
        ]
      }
    },
    {
      "@id": "kb:FaunaFlora",
      "@type": [
        "CulturalTheme"
      ],
      "rdfs:label": {
        "de": [
          "Fauna – Flora"
        ],
        "pt": [
          "Fauna — flora"
        ],
        "en": [
          "Fauna - flora"
        ],
        "it": [
          "Fauna - Flora"
        ],
        "fr": [
          "Faune - flore"
        ],
        "nl": [
          "Fauna - flora"
        ],
        "es": [
          "Fauna - flora"
        ]
      }
    },
    {
      "@id": "kb:InARemoteLocation",
      "@type": [
        "SpatialEnvironmentTheme"
      ],
      "rdfs:label": {
        "de": [
          "Isoliert"
        ],
        "pt": [
          "Isolado"
        ],
        "en": [
          "In a remote location"
        ],
        "it": [
          "Isolato"
        ],
        "fr": [
          "Isolé"
        ],
        "nl": [
          "Geïsoleerd"
        ],
        "es": [
          "Aislado"
        ]
      }
    },
    {
      "@id": "kb:InTheCountryside",
      "@type": [
        "SpatialEnvironmentTheme"
      ],
      "rdfs:label": {
        "de": [
          "Auf dem Land"
        ],
        "pt": [
          "No campo"
        ],
        "en": [
          "In the countryside"
        ],
        "it": [
          "In campagna"
        ],
        "fr": [
          "A la campagne"
        ],
        "nl": [
          "Op het platteland"
        ],
        "es": [
          "En el campo"
        ]
      }
    },
    {
      "@id": "kb:InTheForest",
      "@type": [
        "SpatialEnvironmentTheme"
      ],
      "rdfs:label": {
        "de": [
          "Im Wald"
        ],
        "pt": [
          "Na floresta"
        ],
        "en": [
          "In the forest"
        ],
        "it": [
          "Nella foresta"
        ],
        "fr": [
          "En forêt"
        ],
        "nl": [
          "In het bos"
        ],
        "es": [
          "En el bosque"
        ]
      }
    },
    {
      "@id": "kb:NatureAndEnvironment",
      "@type": [
        "CulturalTheme"
      ],
      "rdfs:label": {
        "de": [
          "Umwelt und Natur"
        ],
        "pt": [
          "Ambiente e natureza"
        ],
        "en": [
          "Nature and environment"
        ],
        "it": [
          "Ambiente e natura"
        ],
        "fr": [
          "Environnement et nature"
        ],
        "nl": [
          "Milieu en natuur"
        ],
        "es": [
          "Medioambiente y naturaleza"
        ]
      }
    },
    {
      "@id": "kb:PlantsAndFlower",
      "@type": [
        "CulturalTheme"
      ],
      "rdfs:label": {
        "de": [
          "Pflanze und Blume"
        ],
        "pt": [
          "Plantas e flores"
        ],
        "en": [
          "Plants and flower"
        ],
        "it": [
          "Pianta e fiore"
        ],
        "fr": [
          "Plante et fleur"
        ],
        "es": [
          "Plantas y flores"
        ],
        "nl": [
          "Bloemen en planten"
        ]
      }
    }
  ],
  "hasTourType": [
    {
      "@id": "kb:Loop",
      "@type": [
        "TourType"
      ],
      "rdfs:label": {
        "de": [
          "Schleifenroute"
        ],
        "pt": [
          "Circular"
        ],
        "en": [
          "Loop itinerary"
        ],
        "it": [
          "Ad anello"
        ],
        "fr": [
          "En boucle"
        ],
        "nl": [
          "In een lus"
        ],
        "es": [
          "Circuito"
        ]
      }
    }
  ],
  "hasTranslatedProperty": [
    {
      "@id": "https://data.datatourisme.fr/0fa09399-4b45-3b83-8b6c-4322e7b40f7a",
      "dc:contributor": [
        "https://api.deepl.com/v2/translate"
      ],
      "rdf:language": [
        "nl"
      ],
      "rdf:predicate": [
        {
          "@id": "rdfs:comment"
        }
      ]
    },
    {
      "@id": "https://data.datatourisme.fr/292429df-73ab-3964-97ce-b3064114a55d",
      "dc:contributor": [
        "https://api.deepl.com/v2/translate"
      ],
      "rdf:language": [
        "de"
      ],
      "rdf:predicate": [
        {
          "@id": "rdfs:comment"
        }
      ]
    },
    {
      "@id": "https://data.datatourisme.fr/870a76ed-ac0a-3813-98a8-e0040fe11438",
      "dc:contributor": [
        "https://api.deepl.com/v2/translate"
      ],
      "rdf:language": [
        "es"
      ],
      "rdf:predicate": [
        {
          "@id": "rdfs:comment"
        }
      ]
    },
    {
      "@id": "https://data.datatourisme.fr/a4449a5f-0cb8-3fd0-b708-62733d5109c4",
      "dc:contributor": [
        "https://api.deepl.com/v2/translate"
      ],
      "rdf:language": [
        "en"
      ],
      "rdf:predicate": [
        {
          "@id": "rdfs:comment"
        }
      ]
    },
    {
      "@id": "https://data.datatourisme.fr/a4859d77-ebcf-3e6a-a017-c045ba0a07e0",
      "dc:contributor": [
        "https://api.deepl.com/v2/translate"
      ],
      "rdf:language": [
        "it"
      ],
      "rdf:predicate": [
        {
          "@id": "rdfs:comment"
        }
      ]
    }
  ],
  "isLocatedAt": [
    {
      "@id": "https://data.datatourisme.fr/047e8409-ffab-34d9-b56b-9b76f8b3c7e5",
      "schema:address": [
        {
          "@id": "https://data.datatourisme.fr/de812676-0c3e-3b94-aa2b-d0f152c0b71e",
          "schema:addressLocality": "Grézillac",
          "schema:postalCode": "33420",
          "@type": [
            "schema:PostalAddress",
            "PostalAddress"
          ],
          "hasAddressCity": {
            "@id": "kb:33194",
            "@type": [
              "City"
            ],
            "rdfs:label": {
              "de": [
                "Grézillac"
              ],
              "pt": [
                "Grézillac"
              ],
              "en": [
                "Grézillac"
              ],
              "it": [
                "Grézillac"
              ],
              "fr": [
                "Grézillac"
              ],
              "nl": [
                "Grézillac"
              ],
              "es": [
                "Grézillac"
              ]
            },
            "insee": "33194",
            "isPartOfDepartment": {
              "@id": "kb:France7533",
              "@type": [
                "Department"
              ],
              "rdfs:label": {
                "de": [
                  "Gironde"
                ],
                "pt": [
                  "Gironde"
                ],
                "en": [
                  "Gironde"
                ],
                "it": [
                  "Gironde"
                ],
                "fr": [
                  "Gironde"
                ],
                "nl": [
                  "Gironde"
                ],
                "es": [
                  "Gironde"
                ]
              },
              "insee": "33",
              "isPartOfRegion": {
                "@id": "kb:France75",
                "@type": [
                  "Region"
                ],
                "rdfs:label": {
                  "de": [
                    "Nouvelle-Aquitaine"
                  ],
                  "pt": [
                    "Nouvelle-Aquitaine"
                  ],
                  "en": [
                    "Nouvelle-Aquitaine"
                  ],
                  "it": [
                    "Nouvelle-Aquitaine"
                  ],
                  "fr": [
                    "Nouvelle-Aquitaine"
                  ],
                  "nl": [
                    "Nouvelle-Aquitaine"
                  ],
                  "es": [
                    "Nouvelle-Aquitaine"
                  ]
                },
                "insee": "75",
                "isPartOfCountry": {
                  "@id": "kb:France",
                  "@type": [
                    "schema:Country"
                  ],
                  "rdfs:label": {
                    "de": [
                      "France",
                      "Frankreich"
                    ],
                    "pt": [
                      "França",
                      "France"
                    ],
                    "en": [
                      "France"
                    ],
                    "it": [
                      "France",
                      "Francia"
                    ],
                    "fr": [
                      "France"
                    ],
                    "nl": [
                      "France",
                      "Frankrijk"
                    ],
                    "es": [
                      "France",
                      "Francia"
                    ]
                  }
                }
              }
            }
          }
        }
      ],
      "schema:geo": {
        "@id": "https://data.datatourisme.fr/b5a3a22a-b3f0-3002-9630-9690deb3facd",
        "schema:latitude": "44.8175206",
        "schema:longitude": "-0.2163951",
        "@type": [
          "schema:GeoCoordinates"
        ]
      },
      "@type": [
        "schema:Place",
        "Place"
      ],
      "petsAllowed": true
    }
  ],
  "isOwnedBy": [
    {
      "@id": "https://data.datatourisme.fr/2c7f43e9-d768-396d-95d7-dfe0adb08298",
      "schema:email": [
        "tourisme@castillonpujols.fr"
      ],
      "schema:legalName": "Mairie",
      "schema:telephone": [
        "+33 5 57 74 90 24"
      ],
      "@type": [
        "schema:Organization",
        "foaf:Agent",
        "Agent"
      ],
      "foaf:homepage": [
        "https://www.tourisme-castillonpujols.fr/"
      ]
    }
  ],
  "lastUpdate": "2022-12-31",
  "lastUpdateDatatourisme": "2023-06-20T16:34:08.43Z",
  "markup": {
    "en": [
      "Green"
    ],
    "fr": [
      "Vert"
    ],
    "es": [
      "Verde"
    ],
    "nl": [
      "Groen"
    ]
  },
  "negativeCumulDifference": "70.0",
  "positiveCumulDifference": "71.0",
  "reducedMobilityAccess": false,
  "tourDistance": "6000.0"
}