{
  "@id": "https://data.datatourisme.fr/23/0000783f-aabd-3af7-a619-34d9410cf226",
  "dc:identifier": "FMAAQU064V5BQ7V6",
  "schema:endDate": [
    "2023-11-25"
  ],
  "schema:startDate": [
    "2023-11-25"
  ],
  "@type": [
    "schema:Event",
    "schema:TheaterEvent",
    "CulturalEvent",
    "EntertainmentAndEvent",
    "PointOfInterest",
    "TheaterEvent"
  ],
  "rdfs:comment": {
    "de": [
      "Ein Vorschlag des Kollektivs CPSG, inszeniert von Christian Cazenave\n\nWenn man sich streitet, fährt man nicht zum Camping nach Monaco! Man muss seine Toga auspacken und sich in die Tragödie stürzen oder seinen Körper einsetzen, um aus dem Streit einen Hochleistungssport zu machen. Gegenüber Monique? und allen anderen muss man auch wissen, wie man die richtigen Beleidigungen auswählt... eine Kunst für sich!\nErleben Sie die Streitereien, von denen Sie heimlich träumen."
    ],
    "en": [
      "A proposal by the CPSG collective, directed by Christian Cazenave\n\nWhen you argue, you don't go camping in Monaco! You have to get out your toga and launch into tragedy, or give your all to make arguing a high-level sport. Faced with Monique? and all the others, you also have to know how to choose the right insults? quite an art!\nCome and share the arguments you secretly dream of."
    ],
    "it": [
      "Una proposta del collettivo CPSG, diretto da Christian Cazenave\n\nQuando si litiga, non si va in campeggio a Monaco! Bisogna tirare fuori la toga e lanciarsi nella tragedia, oppure dare il massimo per trasformare il litigio in uno sport di alto livello. Di fronte a Monique? e a tutti gli altri, bisogna anche saper scegliere gli insulti giusti: un'arte!\nVenite a condividere le discussioni che sognate segretamente."
    ],
    "fr": [
      "Une proposition du collectif CPSG, mise en scène par Christian Cazenave\n\nQuand on se dispute, on ne part pas en camping à Monaco ! Il faut sortir sa toge et se lancer en tragédie ou donner de son corps pour faire de la dispute un sport de haut niveau. Face à Monique… et tous les autres, il faut aussi savoir choisir les bonnes insultes… tout un art !\nVenez partager les disputes dont vous rêvez secrètement."
    ],
    "es": [
      "Una propuesta del colectivo CPSG, dirigido por Christian Cazenave\n\nCuando se discute, ¡no se va de camping a Mónaco! Hay que sacar la toga y lanzarse a la tragedia, o darlo todo para convertir la discusión en un deporte de alto nivel. Frente a Monique... y todos los demás, también hay que saber elegir bien los insultos... ¡todo un arte!\nVen a compartir las discusiones con las que sueñas en secreto."
    ],
    "nl": [
      "Een voorstel van het collectief CPSG, geregisseerd door Christian Cazenave\n\nAls je ruzie maakt, ga je niet kamperen in Monaco! Je moet je toga uit de kast halen en je in een tragedie storten, of alles geven om van ruzie een sport op hoog niveau te maken. Tegenover Monique? en alle anderen moet je ook nog weten hoe je de juiste beledigingen kiest? Een hele kunst!\nKom en deel de argumenten waar je stiekem van droomt."
    ]
  },
  "rdfs:label": {
    "de": [
      "Non mais ho !!!"
    ],
    "en": [
      "Non mais ho !!!"
    ],
    "fr": [
      "Non mais ho !!!"
    ],
    "nl": [
      "Non mais ho !!!"
    ],
    "es": [
      "Non mais ho !!!"
    ]
  },
  "creationDate": "2023-09-08",
  "hasAudience": [
    {
      "@id": "kb:Local",
      "@type": [
        "GeographicReach"
      ],
      "rdfs:label": {
        "de": [
          "Lokal"
        ],
        "pt": [
          "Local"
        ],
        "en": [
          "Local"
        ],
        "it": [
          "Locale"
        ],
        "fr": [
          "Locale"
        ],
        "nl": [
          "Lokaal"
        ],
        "es": [
          "Local"
        ]
      }
    }
  ],
  "hasBeenCreatedBy": {
    "@id": "https://data.datatourisme.fr/23/03070e70-dbf8-3daa-a0b2-bc4aaf8b21c7",
    "dc:identifier": "4cbd4f8d-22ae-4c0f-8b7e-60123f1f2946",
    "schema:legalName": "OT Pau",
    "@type": [
      "schema:Organization",
      "foaf:Agent",
      "Agent"
    ]
  },
  "hasBeenPublishedBy": [
    {
      "@id": "https://data.datatourisme.fr/05dc9cb8-2fa5-383d-b87b-497de06649a2",
      "schema:email": [
        "sirtaqui@na-tourisme.com"
      ],
      "schema:legalName": "SIRTAQUI Nouvelle-Aquitaine",
      "schema:logo": "http://aquitaine.media.tourinsoft.eu/upload/Logo-Sirtaqui-1280x405.jpg",
      "@type": [
        "schema:Organization",
        "foaf:Agent",
        "Agent"
      ],
      "rdfs:comment": {
        "de": [
          "Collecter, mettre en commun et diffuser le plus largement possible une information complète et de qualité au service de nos habitants et de nos visiteurs : voici les objectifs du SIRTAQUI, Système d’Information Régional Touristique de Nouvelle-AQUItaine. Le dispositif est mis en œuvre conjointement par le Comité Régional de Tourisme de Nouvelle-Aquitaine, les services touristiques de la Corrèze, de la Creuse, de la Dordogne, de la Gironde, des Landes, du Lot-et-Garonne, des Pyrénées-Atlantiques, des Deux-Sèvres, de la Vienne et de la Haute-Vienne, en collaboration avec les Offices de Tourisme, et avec le soutien financier de l’Europe et du Conseil Régional."
        ],
        "en": [
          "Collecter, mettre en commun et diffuser le plus largement possible une information complète et de qualité au service de nos habitants et de nos visiteurs : voici les objectifs du SIRTAQUI, Système d’Information Régional Touristique de Nouvelle-AQUItaine. Le dispositif est mis en œuvre conjointement par le Comité Régional de Tourisme de Nouvelle-Aquitaine, les services touristiques de la Corrèze, de la Creuse, de la Dordogne, de la Gironde, des Landes, du Lot-et-Garonne, des Pyrénées-Atlantiques, des Deux-Sèvres, de la Vienne et de la Haute-Vienne, en collaboration avec les Offices de Tourisme, et avec le soutien financier de l’Europe et du Conseil Régional."
        ],
        "it": [
          "L'obiettivo di SIRTAQUI, il Sistema Regionale di Informazione Turistica della Nuova Aquitania, è quello di raccogliere, mettere in comune e diffondere il più possibile informazioni complete e di qualità a beneficio dei nostri residenti e visitatori. Il sistema è realizzato congiuntamente dal Comité Régional de Tourisme de Nouvelle-Aquitaine, dai servizi turistici di Corrèze, Creuse, Dordogne, Gironde, Landes, Lot-et-Garonne, Pyrénées-Atlantiques, Deux-Sèvres, Vienne e Haute-Vienne, in collaborazione con gli Uffici del Turismo e con il sostegno finanziario dell'Europa e del Conseil Régional."
        ],
        "fr": [
          "Collecter, mettre en commun et diffuser le plus largement possible une information complète et de qualité au service de nos habitants et de nos visiteurs : voici les objectifs du SIRTAQUI, Système d’Information Régional Touristique de Nouvelle-AQUItaine. Le dispositif est mis en œuvre conjointement par le Comité Régional de Tourisme de Nouvelle-Aquitaine, les services touristiques de la Corrèze, de la Creuse, de la Dordogne, de la Gironde, des Landes, du Lot-et-Garonne, des Pyrénées-Atlantiques, des Deux-Sèvres, de la Vienne et de la Haute-Vienne, en collaboration avec les Offices de Tourisme, et avec le soutien financier de l’Europe et du Conseil Régional."
        ],
        "nl": [
          "Collecter, mettre en commun et diffuser le plus largement possible une information complète et de qualité au service de nos habitants et de nos visiteurs : voici les objectifs du SIRTAQUI, Système d’Information Régional Touristique de Nouvelle-AQUItaine. Le dispositif est mis en œuvre conjointement par le Comité Régional de Tourisme de Nouvelle-Aquitaine, les services touristiques de la Corrèze, de la Creuse, de la Dordogne, de la Gironde, des Landes, du Lot-et-Garonne, des Pyrénées-Atlantiques, des Deux-Sèvres, de la Vienne et de la Haute-Vienne, en collaboration avec les Offices de Tourisme, et avec le soutien financier de l’Europe et du Conseil Régional."
        ],
        "es": [
          "Collecter, mettre en commun et diffuser le plus largement possible une information complète et de qualité au service de nos habitants et de nos visiteurs : voici les objectifs du SIRTAQUI, Système d’Information Régional Touristique de Nouvelle-AQUItaine. Le dispositif est mis en œuvre conjointement par le Comité Régional de Tourisme de Nouvelle-Aquitaine, les services touristiques de la Corrèze, de la Creuse, de la Dordogne, de la Gironde, des Landes, du Lot-et-Garonne, des Pyrénées-Atlantiques, des Deux-Sèvres, de la Vienne et de la Haute-Vienne, en collaboration avec les Offices de Tourisme, et avec le soutien financier de l’Europe et du Conseil Régional."
        ]
      },
      "foaf:homepage": [
        "http://www.sirtaqui-aquitaine.com/"
      ],
      "hasTranslatedProperty": [
        {
          "@id": "https://data.datatourisme.fr/eef27e75-4a23-313e-a6ee-797e7b64a1cd",
          "dc:contributor": [
            "https://api.deepl.com/v2/translate"
          ],
          "rdf:language": [
            "it"
          ],
          "rdf:predicate": [
            {
              "@id": "rdfs:comment"
            }
          ]
        }
      ]
    }
  ],
  "hasBookingContact": [
    {
      "@id": "https://data.datatourisme.fr/dcfd05c5-4e12-3f67-a15c-e26c2aaf2c4f",
      "schema:email": [
        "info@episcenes.com"
      ],
      "schema:telephone": [
        "+33 5 59 71 83 65"
      ],
      "@type": [
        "foaf:Agent",
        "Agent"
      ],
      "foaf:homepage": [
        "https://www.episcenes.com/"
      ]
    }
  ],
  "hasContact": [
    {
      "@id": "https://data.datatourisme.fr/dcfd05c5-4e12-3f67-a15c-e26c2aaf2c4f",
      "schema:email": [
        "info@episcenes.com"
      ],
      "schema:telephone": [
        "+33 5 59 71 83 65"
      ],
      "@type": [
        "foaf:Agent",
        "Agent"
      ],
      "foaf:homepage": [
        "https://www.episcenes.com/"
      ]
    }
  ],
  "hasDescription": [
    {
      "@id": "https://data.datatourisme.fr/e0900556-fb09-3e66-af7e-dd7b50f9c135",
      "dc:description": {
        "de": [
          "Ein Vorschlag des Kollektivs CPSG, inszeniert von Christian Cazenave\n\nWenn man sich streitet, fährt man nicht zum Camping nach Monaco! Man muss seine Toga auspacken und sich in die Tragödie stürzen oder seinen Körper einsetzen, um aus dem Streit einen Hochleistungssport zu machen. Gegenüber Monique? und allen anderen muss man auch wissen, wie man die richtigen Beleidigungen auswählt... eine Kunst für sich!\nErleben Sie die Streitereien, von denen Sie heimlich träumen."
        ],
        "en": [
          "A proposal by the CPSG collective, directed by Christian Cazenave\n\nWhen you argue, you don't go camping in Monaco! You have to get out your toga and launch into tragedy, or give your all to make arguing a high-level sport. Faced with Monique? and all the others, you also have to know how to choose the right insults? quite an art!\nCome and share the arguments you secretly dream of."
        ],
        "it": [
          "Una proposta del collettivo CPSG, diretto da Christian Cazenave\n\nQuando si litiga, non si va in campeggio a Monaco! Bisogna tirare fuori la toga e lanciarsi nella tragedia, oppure dare il massimo per trasformare il litigio in uno sport di alto livello. Di fronte a Monique? e a tutti gli altri, bisogna anche saper scegliere gli insulti giusti: un'arte!\nVenite a condividere le discussioni che sognate segretamente."
        ],
        "fr": [
          "Une proposition du collectif CPSG, mise en scène par Christian Cazenave\n\nQuand on se dispute, on ne part pas en camping à Monaco ! Il faut sortir sa toge et se lancer en tragédie ou donner de son corps pour faire de la dispute un sport de haut niveau. Face à Monique… et tous les autres, il faut aussi savoir choisir les bonnes insultes… tout un art !\nVenez partager les disputes dont vous rêvez secrètement."
        ],
        "es": [
          "Una propuesta del colectivo CPSG, dirigido por Christian Cazenave\n\nCuando se discute, ¡no se va de camping a Mónaco! Hay que sacar la toga y lanzarse a la tragedia, o darlo todo para convertir la discusión en un deporte de alto nivel. Frente a Monique... y todos los demás, también hay que saber elegir bien los insultos... ¡todo un arte!\nVen a compartir las discusiones con las que sueñas en secreto."
        ],
        "nl": [
          "Een voorstel van het collectief CPSG, geregisseerd door Christian Cazenave\n\nAls je ruzie maakt, ga je niet kamperen in Monaco! Je moet je toga uit de kast halen en je in een tragedie storten, of alles geven om van ruzie een sport op hoog niveau te maken. Tegenover Monique? en alle anderen moet je ook nog weten hoe je de juiste beledigingen kiest? Een hele kunst!\nKom en deel de argumenten waar je stiekem van droomt."
        ]
      },
      "@type": [
        "Description"
      ],
      "hasTranslatedProperty": [
        {
          "@id": "https://data.datatourisme.fr/0a2ab61e-7d82-3043-8ff6-e8ce44791cbe",
          "dc:contributor": [
            "https://api.deepl.com/v2/translate"
          ],
          "rdf:language": [
            "it"
          ],
          "rdf:predicate": [
            {
              "@id": "dc:description"
            }
          ]
        },
        {
          "@id": "https://data.datatourisme.fr/16fd6564-ad0a-305b-9b45-c71f6d9a1b4f",
          "dc:contributor": [
            "https://api.deepl.com/v2/translate"
          ],
          "rdf:language": [
            "es"
          ],
          "rdf:predicate": [
            "shortDescription"
          ]
        },
        {
          "@id": "https://data.datatourisme.fr/1e74cafd-7422-3ca6-a103-46e843cf849d",
          "dc:contributor": [
            "https://api.deepl.com/v2/translate"
          ],
          "rdf:language": [
            "it"
          ],
          "rdf:predicate": [
            "shortDescription"
          ]
        },
        {
          "@id": "https://data.datatourisme.fr/293d4400-5ece-380c-8496-123db3ad87fd",
          "dc:contributor": [
            "https://api.deepl.com/v2/translate"
          ],
          "rdf:language": [
            "nl"
          ],
          "rdf:predicate": [
            "shortDescription"
          ]
        },
        {
          "@id": "https://data.datatourisme.fr/3b3db019-f836-345f-9484-b7f937e4cde1",
          "dc:contributor": [
            "https://api.deepl.com/v2/translate"
          ],
          "rdf:language": [
            "nl"
          ],
          "rdf:predicate": [
            {
              "@id": "dc:description"
            }
          ]
        },
        {
          "@id": "https://data.datatourisme.fr/96572145-93ec-3ac6-a59d-dfd3ead12149",
          "dc:contributor": [
            "https://api.deepl.com/v2/translate"
          ],
          "rdf:language": [
            "en"
          ],
          "rdf:predicate": [
            "shortDescription"
          ]
        },
        {
          "@id": "https://data.datatourisme.fr/cbc7f309-0a74-324e-96a9-c84e4c852187",
          "dc:contributor": [
            "https://api.deepl.com/v2/translate"
          ],
          "rdf:language": [
            "de"
          ],
          "rdf:predicate": [
            "shortDescription"
          ]
        },
        {
          "@id": "https://data.datatourisme.fr/cca62a85-4a4a-31e9-9cd8-34c9132cc369",
          "dc:contributor": [
            "https://api.deepl.com/v2/translate"
          ],
          "rdf:language": [
            "de"
          ],
          "rdf:predicate": [
            {
              "@id": "dc:description"
            }
          ]
        },
        {
          "@id": "https://data.datatourisme.fr/d501b9ef-ab34-3e54-8f21-4c0266e449af",
          "dc:contributor": [
            "https://api.deepl.com/v2/translate"
          ],
          "rdf:language": [
            "es"
          ],
          "rdf:predicate": [
            {
              "@id": "dc:description"
            }
          ]
        },
        {
          "@id": "https://data.datatourisme.fr/f407c881-f7f0-3bab-990a-53da1d06b88b",
          "dc:contributor": [
            "https://api.deepl.com/v2/translate"
          ],
          "rdf:language": [
            "en"
          ],
          "rdf:predicate": [
            {
              "@id": "dc:description"
            }
          ]
        }
      ],
      "shortDescription": {
        "de": [
          "Ein Vorschlag des Kollektivs CPSG, inszeniert von Christian Cazenave\n\nWenn man sich streitet, fährt man nicht zum Camping nach Monaco! Man muss seine Toga auspacken und sich in die Tragödie stürzen oder seinen Körper einsetzen, um aus dem Streit einen Hochleistungssport zu machen. Gegenüber Monique? und allen anderen muss man auch wissen, wie man die richtigen Beleidigungen auswählt... eine Kunst für sich!\nErleben Sie die Streitereien, von denen Sie heimlich träumen."
        ],
        "en": [
          "A proposal by the CPSG collective, directed by Christian Cazenave\n\nWhen you argue, you don't go camping in Monaco! You have to get out your toga and launch into tragedy, or give your all to make arguing a high-level sport. Faced with Monique? and all the others, you also have to know how to choose the right insults? quite an art!\nCome and share the arguments you secretly dream of."
        ],
        "it": [
          "Una proposta del collettivo CPSG, diretto da Christian Cazenave\n\nQuando si litiga, non si va in campeggio a Monaco! Bisogna tirare fuori la toga e lanciarsi nella tragedia, oppure dare il massimo per trasformare il litigio in uno sport di alto livello. Di fronte a Monique? e a tutti gli altri, bisogna anche saper scegliere gli insulti giusti: un'arte!\nVenite a condividere le discussioni che sognate segretamente."
        ],
        "fr": [
          "Une proposition du collectif CPSG, mise en scène par Christian Cazenave\n\nQuand on se dispute, on ne part pas en camping à Monaco ! Il faut sortir sa toge et se lancer en tragédie ou donner de son corps pour faire de la dispute un sport de haut niveau. Face à Monique… et tous les autres, il faut aussi savoir choisir les bonnes insultes… tout un art !\nVenez partager les disputes dont vous rêvez secrètement."
        ],
        "es": [
          "Una propuesta del colectivo CPSG, dirigido por Christian Cazenave\n\nCuando se discute, ¡no se va de camping a Mónaco! Hay que sacar la toga y lanzarse a la tragedia, o darlo todo para convertir la discusión en un deporte de alto nivel. Frente a Monique... y todos los demás, también hay que saber elegir bien los insultos... ¡todo un arte!\nVen a compartir las discusiones con las que sueñas en secreto."
        ],
        "nl": [
          "Een voorstel van het collectief CPSG, geregisseerd door Christian Cazenave\n\nAls je ruzie maakt, ga je niet kamperen in Monaco! Je moet je toga uit de kast halen en je in een tragedie storten, of alles geven om van ruzie een sport op hoog niveau te maken. Tegenover Monique? en alle anderen moet je ook nog weten hoe je de juiste beledigingen kiest? Een hele kunst!\nKom en deel de argumenten waar je stiekem van droomt."
        ]
      }
    }
  ],
  "hasGeographicReach": [
    {
      "@id": "kb:Local",
      "@type": [
        "GeographicReach"
      ],
      "rdfs:label": {
        "de": [
          "Lokal"
        ],
        "pt": [
          "Local"
        ],
        "en": [
          "Local"
        ],
        "it": [
          "Locale"
        ],
        "fr": [
          "Locale"
        ],
        "nl": [
          "Lokaal"
        ],
        "es": [
          "Local"
        ]
      }
    }
  ],
  "hasMainRepresentation": [
    {
      "@id": "https://data.datatourisme.fr/d43a38d7-b777-36ac-8319-faf6e3390339",
      "ebucore:hasAnnotation": [
        {
          "@id": "https://data.datatourisme.fr/26c463a7-37b3-3739-b5b7-1b0c9f0108b0",
          "ebucore:isCoveredBy": "By-NC-ND 4.0",
          "ebucore:title": {
            "fr": [
              "Pas de visuel"
            ]
          },
          "@type": [
            "ebucore:Annotation"
          ],
          "credits": [
            "Pau Pyrénées Tourisme"
          ]
        }
      ],
      "ebucore:hasRelatedResource": [
        {
          "@id": "https://data.datatourisme.fr/9e5573e7-0f76-382d-8264-bd919b3ac6c8",
          "ebucore:hasMimeType": [
            {
              "@id": "kb:JPEG",
              "@type": [
                "ebucore:MimeType"
              ],
              "rdfs:comment": {
                "de": [
                  "JPEG-Bild"
                ],
                "pt": [
                  "Imagem JPEG"
                ],
                "en": [
                  "JPEG image file"
                ],
                "it": [
                  "Immagine JPEG"
                ],
                "fr": [
                  "Image JPEG"
                ],
                "nl": [
                  "JPEG-afbeelding"
                ],
                "es": [
                  "Imagen JPEG"
                ]
              },
              "rdfs:label": {
                "de": [
                  "image/jpeg"
                ],
                "pt": [
                  "image/jpeg"
                ],
                "en": [
                  "image/jpeg"
                ],
                "it": [
                  "image/jpeg"
                ],
                "fr": [
                  "image/jpeg"
                ],
                "nl": [
                  "image/jpeg"
                ],
                "es": [
                  "image/jpeg"
                ]
              }
            }
          ],
          "ebucore:locator": [
            "http://aquitaine.media.tourinsoft.eu/Upload/pas-de-visuel.jpg"
          ],
          "@type": [
            "ebucore:Resource"
          ]
        }
      ],
      "@type": [
        "ebucore:EditorialObject"
      ]
    }
  ],
  "hasRepresentation": [
    {
      "@id": "https://data.datatourisme.fr/d43a38d7-b777-36ac-8319-faf6e3390339",
      "ebucore:hasAnnotation": [
        {
          "@id": "https://data.datatourisme.fr/26c463a7-37b3-3739-b5b7-1b0c9f0108b0",
          "ebucore:isCoveredBy": "By-NC-ND 4.0",
          "ebucore:title": {
            "fr": [
              "Pas de visuel"
            ]
          },
          "@type": [
            "ebucore:Annotation"
          ],
          "credits": [
            "Pau Pyrénées Tourisme"
          ]
        }
      ],
      "ebucore:hasRelatedResource": [
        {
          "@id": "https://data.datatourisme.fr/9e5573e7-0f76-382d-8264-bd919b3ac6c8",
          "ebucore:hasMimeType": [
            {
              "@id": "kb:JPEG",
              "@type": [
                "ebucore:MimeType"
              ],
              "rdfs:comment": {
                "de": [
                  "JPEG-Bild"
                ],
                "pt": [
                  "Imagem JPEG"
                ],
                "en": [
                  "JPEG image file"
                ],
                "it": [
                  "Immagine JPEG"
                ],
                "fr": [
                  "Image JPEG"
                ],
                "nl": [
                  "JPEG-afbeelding"
                ],
                "es": [
                  "Imagen JPEG"
                ]
              },
              "rdfs:label": {
                "de": [
                  "image/jpeg"
                ],
                "pt": [
                  "image/jpeg"
                ],
                "en": [
                  "image/jpeg"
                ],
                "it": [
                  "image/jpeg"
                ],
                "fr": [
                  "image/jpeg"
                ],
                "nl": [
                  "image/jpeg"
                ],
                "es": [
                  "image/jpeg"
                ]
              }
            }
          ],
          "ebucore:locator": [
            "http://aquitaine.media.tourinsoft.eu/Upload/pas-de-visuel.jpg"
          ],
          "@type": [
            "ebucore:Resource"
          ]
        }
      ],
      "@type": [
        "ebucore:EditorialObject"
      ]
    }
  ],
  "hasTranslatedProperty": [
    {
      "@id": "https://data.datatourisme.fr/06527ab3-0279-3a83-a668-82bf87db148e",
      "dc:contributor": [
        "https://api.deepl.com/v2/translate"
      ],
      "rdf:language": [
        "it"
      ],
      "rdf:predicate": [
        {
          "@id": "rdfs:comment"
        }
      ]
    },
    {
      "@id": "https://data.datatourisme.fr/1208e8c4-b2ce-3d4c-b9e8-67d9f2974f35",
      "dc:contributor": [
        "https://api.deepl.com/v2/translate"
      ],
      "rdf:language": [
        "en"
      ],
      "rdf:predicate": [
        {
          "@id": "rdfs:comment"
        }
      ]
    },
    {
      "@id": "https://data.datatourisme.fr/1cce2370-70bd-329e-9847-3da71ba13217",
      "dc:contributor": [
        "https://api.deepl.com/v2/translate"
      ],
      "rdf:language": [
        "es"
      ],
      "rdf:predicate": [
        {
          "@id": "rdfs:comment"
        }
      ]
    },
    {
      "@id": "https://data.datatourisme.fr/5db1504e-7703-3cf6-97e3-279a80cef0f6",
      "dc:contributor": [
        "https://api.deepl.com/v2/translate"
      ],
      "rdf:language": [
        "de"
      ],
      "rdf:predicate": [
        {
          "@id": "rdfs:comment"
        }
      ]
    },
    {
      "@id": "https://data.datatourisme.fr/8517db1b-7349-3f7f-b91c-18f5d5f2f20b",
      "dc:contributor": [
        "https://api.deepl.com/v2/translate"
      ],
      "rdf:language": [
        "nl"
      ],
      "rdf:predicate": [
        {
          "@id": "rdfs:comment"
        }
      ]
    }
  ],
  "isLocatedAt": [
    {
      "@id": "https://data.datatourisme.fr/81d912db-773f-3ebc-8905-d0490cdb7b6e",
      "schema:address": [
        {
          "@id": "https://data.datatourisme.fr/45043a1e-afe8-3715-8c2a-760d9929050b",
          "schema:addressLocality": "Bizanos",
          "schema:postalCode": "64320",
          "schema:streetAddress": [
            "6B Rue René Olivier",
            "Episcènes"
          ],
          "@type": [
            "schema:PostalAddress",
            "PostalAddress"
          ],
          "hasAddressCity": {
            "@id": "kb:64132",
            "@type": [
              "City"
            ],
            "rdfs:label": {
              "de": [
                "Bizanos"
              ],
              "pt": [
                "Bizanos"
              ],
              "en": [
                "Bizanos"
              ],
              "it": [
                "Bizanos"
              ],
              "fr": [
                "Bizanos"
              ],
              "nl": [
                "Bizanos"
              ],
              "es": [
                "Bizanos"
              ]
            },
            "insee": "64132",
            "isPartOfDepartment": {
              "@id": "kb:France7564",
              "@type": [
                "Department"
              ],
              "rdfs:label": {
                "de": [
                  "Pyrénées-Atlantiques"
                ],
                "pt": [
                  "Pyrénées-Atlantiques"
                ],
                "en": [
                  "Pyrénées-Atlantiques"
                ],
                "it": [
                  "Pyrénées-Atlantiques"
                ],
                "fr": [
                  "Pyrénées-Atlantiques"
                ],
                "nl": [
                  "Pyrénées-Atlantiques"
                ],
                "es": [
                  "Pyrénées-Atlantiques"
                ]
              },
              "insee": "64",
              "isPartOfRegion": {
                "@id": "kb:France75",
                "@type": [
                  "Region"
                ],
                "rdfs:label": {
                  "de": [
                    "Nouvelle-Aquitaine"
                  ],
                  "pt": [
                    "Nouvelle-Aquitaine"
                  ],
                  "en": [
                    "Nouvelle-Aquitaine"
                  ],
                  "it": [
                    "Nouvelle-Aquitaine"
                  ],
                  "fr": [
                    "Nouvelle-Aquitaine"
                  ],
                  "nl": [
                    "Nouvelle-Aquitaine"
                  ],
                  "es": [
                    "Nouvelle-Aquitaine"
                  ]
                },
                "insee": "75",
                "isPartOfCountry": {
                  "@id": "kb:France",
                  "@type": [
                    "schema:Country"
                  ],
                  "rdfs:label": {
                    "de": [
                      "France",
                      "Frankreich"
                    ],
                    "pt": [
                      "França",
                      "France"
                    ],
                    "en": [
                      "France"
                    ],
                    "it": [
                      "France",
                      "Francia"
                    ],
                    "fr": [
                      "France"
                    ],
                    "nl": [
                      "France",
                      "Frankrijk"
                    ],
                    "es": [
                      "France",
                      "Francia"
                    ]
                  }
                }
              }
            }
          }
        }
      ],
      "schema:geo": {
        "@id": "https://data.datatourisme.fr/672ba95b-64cf-34e3-ac46-b8e176b5f542",
        "schema:latitude": "43.28827",
        "schema:longitude": "-0.34967",
        "@type": [
          "schema:GeoCoordinates"
        ]
      },
      "@type": [
        "schema:Place",
        "Place"
      ],
      "altInsee": [
        "64132"
      ]
    }
  ],
  "isOwnedBy": [
    {
      "@id": "https://data.datatourisme.fr/dcfd05c5-4e12-3f67-a15c-e26c2aaf2c4f",
      "schema:email": [
        "info@episcenes.com"
      ],
      "schema:telephone": [
        "+33 5 59 71 83 65"
      ],
      "@type": [
        "foaf:Agent",
        "Agent"
      ],
      "foaf:homepage": [
        "https://www.episcenes.com/"
      ]
    }
  ],
  "lastUpdate": "2023-09-08",
  "lastUpdateDatatourisme": "2023-09-27T23:11:03.727Z",
  "offers": [
    {
      "@id": "https://data.datatourisme.fr/4e232b06-54b3-3b25-aa24-28d11b505698",
      "schema:priceSpecification": [
        {
          "@id": "https://data.datatourisme.fr/e6cfe97f-8b4a-30a3-9502-c20cc2db761a",
          "schema:maxPrice": [
            "12"
          ],
          "schema:minPrice": [
            "12"
          ],
          "schema:priceCurrency": "EUR",
          "@type": [
            "schema:PriceSpecification",
            "PriceSpecification"
          ],
          "additionalInformation": {
            "de": [
              "Mitglieder, Studenten, Arbeitssuchende gegen Vorlage eines Nachweises"
            ],
            "en": [
              "Members, students, unemployed on presentation of proof of employment"
            ],
            "it": [
              "Soci, studenti, persone in cerca di lavoro su presentazione di un documento d'iscrizione"
            ],
            "fr": [
              "Adhérents, étudiants, demandeurs d’emploi sur présentation d’un justificatif"
            ],
            "nl": [
              "Leden, studenten, werkzoekenden op vertoon van bewijs van inschrijving"
            ],
            "es": [
              "Afiliados, estudiantes, solicitantes de empleo previa presentación de un justificante de inscripción"
            ]
          },
          "hasEligiblePolicy": [
            {
              "@id": "kb:ReducedRate",
              "@type": [
                "PricingPolicy"
              ],
              "rdfs:label": {
                "de": [
                  "Ermäßigter Tarif"
                ],
                "pt": [
                  "Preço reduzido"
                ],
                "en": [
                  "Reduced rate"
                ],
                "it": [
                  "Prezzo ridotto"
                ],
                "fr": [
                  "Tarif réduit"
                ],
                "es": [
                  "Tarifa reducida"
                ],
                "nl": [
                  "Gereduceerd tarief"
                ]
              }
            }
          ],
          "hasPricingMode": [
            {
              "@id": "kb:PerPerson",
              "@type": [
                "PricingMode"
              ],
              "rdfs:label": {
                "de": [
                  "Pro Person"
                ],
                "pt": [
                  "Por pessoa"
                ],
                "en": [
                  "Per person"
                ],
                "it": [
                  "Per persona"
                ],
                "fr": [
                  "Par personne"
                ],
                "es": [
                  "Por persona"
                ],
                "nl": [
                  "Per persoon"
                ]
              }
            },
            {
              "@id": "kb:PerUnit",
              "@type": [
                "PricingMode"
              ],
              "rdfs:label": {
                "de": [
                  "Pro Einheit"
                ],
                "pt": [
                  "Por unidade"
                ],
                "en": [
                  "Per unit"
                ],
                "it": [
                  "Per unità"
                ],
                "fr": [
                  "A l'unité"
                ],
                "es": [
                  "Por unidad"
                ],
                "nl": [
                  "Per eenheid"
                ]
              }
            }
          ],
          "hasTranslatedProperty": [
            {
              "@id": "https://data.datatourisme.fr/421df629-12c4-3915-9948-846a84f8d1d8",
              "dc:contributor": [
                "https://api.deepl.com/v2/translate"
              ],
              "rdf:language": [
                "it"
              ],
              "rdf:predicate": [
                "additionalInformation"
              ]
            },
            {
              "@id": "https://data.datatourisme.fr/4a68ec2d-e9fe-38c7-b7bd-1223eb3841fd",
              "dc:contributor": [
                "https://api.deepl.com/v2/translate"
              ],
              "rdf:language": [
                "en"
              ],
              "rdf:predicate": [
                "additionalInformation"
              ]
            },
            {
              "@id": "https://data.datatourisme.fr/992b7778-242c-35b9-9ce6-4cc806aa245c",
              "dc:contributor": [
                "https://api.deepl.com/v2/translate"
              ],
              "rdf:language": [
                "de"
              ],
              "rdf:predicate": [
                "additionalInformation"
              ]
            },
            {
              "@id": "https://data.datatourisme.fr/9aec5d2a-55cb-39de-a3c0-0e0bf3e6f9b0",
              "dc:contributor": [
                "https://api.deepl.com/v2/translate"
              ],
              "rdf:language": [
                "es"
              ],
              "rdf:predicate": [
                "additionalInformation"
              ]
            },
            {
              "@id": "https://data.datatourisme.fr/f219e6f0-63e1-3ac3-ae8c-d4182c152f1b",
              "dc:contributor": [
                "https://api.deepl.com/v2/translate"
              ],
              "rdf:language": [
                "nl"
              ],
              "rdf:predicate": [
                "additionalInformation"
              ]
            }
          ]
        },
        {
          "@id": "https://data.datatourisme.fr/f5dab1af-5ebd-310a-8b9e-869d9adc8b7e",
          "schema:maxPrice": [
            "15"
          ],
          "schema:minPrice": [
            "15"
          ],
          "schema:priceCurrency": "EUR",
          "@type": [
            "schema:PriceSpecification",
            "PriceSpecification"
          ],
          "hasEligiblePolicy": [
            {
              "@id": "kb:BaseRateFullRate",
              "@type": [
                "PricingPolicy"
              ],
              "rdfs:label": {
                "de": [
                  "Basistarif – voller Tarif"
                ],
                "pt": [
                  "Preço de base — preço total"
                ],
                "en": [
                  "Base rate - full rate"
                ],
                "it": [
                  "Tariffa di base — tariffa intera"
                ],
                "fr": [
                  "Tarif de base - plein tarif"
                ],
                "es": [
                  "Tarifa básica - tarifa completa"
                ],
                "nl": [
                  "Basistarief - vol tarief"
                ]
              }
            }
          ],
          "hasPricingMode": [
            {
              "@id": "kb:PerPerson",
              "@type": [
                "PricingMode"
              ],
              "rdfs:label": {
                "de": [
                  "Pro Person"
                ],
                "pt": [
                  "Por pessoa"
                ],
                "en": [
                  "Per person"
                ],
                "it": [
                  "Per persona"
                ],
                "fr": [
                  "Par personne"
                ],
                "es": [
                  "Por persona"
                ],
                "nl": [
                  "Per persoon"
                ]
              }
            },
            {
              "@id": "kb:PerUnit",
              "@type": [
                "PricingMode"
              ],
              "rdfs:label": {
                "de": [
                  "Pro Einheit"
                ],
                "pt": [
                  "Por unidade"
                ],
                "en": [
                  "Per unit"
                ],
                "it": [
                  "Per unità"
                ],
                "fr": [
                  "A l'unité"
                ],
                "es": [
                  "Por unidad"
                ],
                "nl": [
                  "Per eenheid"
                ]
              }
            }
          ],
          "hasPricingOffer": [
            {
              "@id": "kb:Ticket",
              "@type": [
                "ActivityPricingOffer"
              ],
              "rdfs:label": {
                "de": [
                  "Eintrittskarte, Eintrittsgeld, Pauschale"
                ],
                "pt": [
                  "Bilhete, Direito de entrada, Preço fixo"
                ],
                "en": [
                  "Ticket, Entry fee, Pass"
                ],
                "it": [
                  "Biglietto, diritto d'ingresso, forfait"
                ],
                "fr": [
                  "Ticket, Droit d'entrée, Forfait"
                ],
                "nl": [
                  "Ticket, toegangsbewijs, pas"
                ],
                "es": [
                  "Billete, entrada, forfait"
                ]
              }
            }
          ]
        }
      ],
      "@type": [
        "schema:Offer",
        "Offer"
      ]
    }
  ],
  "takesPlaceAt": [
    {
      "@id": "https://data.datatourisme.fr/433026c0-1215-3b0a-bf3a-9eac25515b5a",
      "@type": [
        "Period"
      ],
      "endDate": "2023-11-25",
      "startDate": "2023-11-25",
      "startTime": "20:30:00"
    }
  ]
}