{
  "@id": "https://data.datatourisme.fr/23/0090dfc7-eb15-3ed7-82e7-fb8bbd2f0652",
  "dc:identifier": "FMAAQU064V5BMO0H",
  "schema:endDate": [
    "2023-11-16"
  ],
  "schema:startDate": [
    "2023-11-16"
  ],
  "@type": [
    "schema:Event",
    "CulturalEvent",
    "EntertainmentAndEvent",
    "PointOfInterest",
    "ShowEvent"
  ],
  "rdfs:comment": {
    "de": [
      "Komisches weibliches Duo.\nerstes Solo, das als Duo gespielt wird, oder umgekehrt!\nWortspiele und unwahrscheinliche Situationen, die in diesem nicht alltäglichen Solo aufblitzen! Frisch und spritzig!\nSind sie eine? Ist sie zwei?\nEin nicht alltägliches, originelles und atypisches Duo, das von einer Überraschung in die nächste stolpert!\nErleben Sie die Abenteuer von Miss Cordin, der ehemaligen 2. Dauphine ihres Dorfes in Nivernais (na gut, es gab 3 Kandidatinnen...), den Spiegel der Umkleidekabinen, eine lebensechte Parodie der Nachrichtensendung, die Nachstellung der echten Inhaftierung der Heldin in den USA...\nEs ist sicher, dass Sie die Dinge nicht mehr auf die gleiche Weise sehen werden!"
    ],
    "en": [
      "Female comedy duo.\n1st solo performed as a duo or vice versa!\nWordplay and improbable situations explode in this solo unlike any other! Fresh and sparkling!\nAre they one? Are they two?\nAn original, atypical duo that goes from surprise to surprise!\nCome and discover the adventures of Mlle Cordin, former 2nd runner-up in her village in the Nivernais (okay, there were 3 candidates...), the fitting room mirror, a parody of the TV news that's truer than life, the reconstruction of the heroine's real incarceration in the USA...\nYou'll never see things the same way again!"
    ],
    "it": [
      "Duo comico femminile.\n1° assolo eseguito come duo o viceversa!\nGiochi di parole e situazioni improbabili esplodono in questo assolo diverso da tutti gli altri! Fresco e frizzante!\nSono una sola? Sono due?\nUn duo come nessun altro, originale e atipico, con una sorpresa dopo l'altra!\nVenite a scoprire le avventure della signorina Cordin, ex seconda classificata nel suo villaggio della Nièvre (ok, c'erano 3 candidate...), lo specchio del camerino, una parodia del telegiornale più vera del vero, la ricostruzione della reale prigionia dell'eroina negli Stati Uniti...\nNon vedrete più le cose allo stesso modo!"
    ],
    "fr": [
      "Duo comique féminin. \n1er solo joué en duo ou l'inverse !\nDes jeux de mots et des situations improbables qui fusent dans ce solo pas comme les autres ! Frais et pétillant !\nSont-elles une ? Est-elle deux ?\nUn duo pas comme les autres, original et atypique qui va de surprise en surprise !\nVenez découvrir les aventures de Mlle Cordin, ancienne 2ème dauphine de son village nivernais (bon ok, il y avait 3 candidates...), le miroir des cabines d'essayage, une parodie du JT plus vraie que nature, la reconstitution de la véritable incarcération de l'héroïne aux États-Unis...\nC'est sûr, vous ne verrez plus les choses de la même manière !"
    ],
    "nl": [
      "Vrouwelijk comedy duo.\n1e solo uitgevoerd als duo of andersom!\nWoordspelingen en onwaarschijnlijke situaties exploderen in deze solo als geen ander! Fris en sprankelend!\nZijn ze één? Zijn ze twee?\nEen duo als geen ander, origineel en atypisch, met de ene verrassing na de andere!\nKom en ontdek de avonturen van juffrouw Cordin, voormalig tweede in haar dorp in de Nièvre (OK, er waren 3 kandidaten...), de passpiegel, een parodie op het nieuws die levensechter is, de reconstructie van de werkelijke gevangenschap van de heldin in de Verenigde Staten...\nJe zult de dingen nooit meer op dezelfde manier zien!"
    ],
    "es": [
      "Dúo cómico femenino.\n1er solo interpretado como dúo o viceversa\nJuegos de palabras y situaciones inverosímiles estallan en este solo inédito Fresco y chispeante\n¿Son una? ¿Son dos?\nUn dúo sin igual, original y atípico, con una sorpresa tras otra\nVenga a descubrir las aventuras de Miss Cordin, antigua 2ª finalista de su pueblo en el Nivernais (vale, había 3 candidatas...), el espejo del probador, una parodia del telediario más verdadera que la vida, la reconstrucción del encarcelamiento real de la heroína en Estados Unidos...\n¡Nunca volverás a ver las cosas de la misma manera!"
    ]
  },
  "rdfs:label": {
    "de": [
      "les jumelles"
    ],
    "en": [
      "les jumelles"
    ],
    "fr": [
      "les jumelles"
    ],
    "nl": [
      "les jumelles"
    ],
    "es": [
      "les jumelles"
    ]
  },
  "creationDate": "2023-06-19",
  "hasAudience": [
    {
      "@id": "kb:Local",
      "@type": [
        "GeographicReach"
      ],
      "rdfs:label": {
        "de": [
          "Lokal"
        ],
        "pt": [
          "Local"
        ],
        "en": [
          "Local"
        ],
        "it": [
          "Locale"
        ],
        "fr": [
          "Locale"
        ],
        "nl": [
          "Lokaal"
        ],
        "es": [
          "Local"
        ]
      }
    }
  ],
  "hasBeenCreatedBy": {
    "@id": "https://data.datatourisme.fr/23/ca1aa850-dccc-362a-963a-9faa96fc4652",
    "dc:identifier": "71d690a4-46f9-4fb1-90ad-8538a963f3d7",
    "schema:legalName": "OT Bayonne",
    "@type": [
      "schema:Organization",
      "foaf:Agent",
      "Agent"
    ]
  },
  "hasBeenPublishedBy": [
    {
      "@id": "https://data.datatourisme.fr/05dc9cb8-2fa5-383d-b87b-497de06649a2",
      "schema:email": [
        "sirtaqui@na-tourisme.com"
      ],
      "schema:legalName": "SIRTAQUI Nouvelle-Aquitaine",
      "schema:logo": "http://aquitaine.media.tourinsoft.eu/upload/Logo-Sirtaqui-1280x405.jpg",
      "@type": [
        "schema:Organization",
        "foaf:Agent",
        "Agent"
      ],
      "rdfs:comment": {
        "de": [
          "Collecter, mettre en commun et diffuser le plus largement possible une information complète et de qualité au service de nos habitants et de nos visiteurs : voici les objectifs du SIRTAQUI, Système d’Information Régional Touristique de Nouvelle-AQUItaine. Le dispositif est mis en œuvre conjointement par le Comité Régional de Tourisme de Nouvelle-Aquitaine, les services touristiques de la Corrèze, de la Creuse, de la Dordogne, de la Gironde, des Landes, du Lot-et-Garonne, des Pyrénées-Atlantiques, des Deux-Sèvres, de la Vienne et de la Haute-Vienne, en collaboration avec les Offices de Tourisme, et avec le soutien financier de l’Europe et du Conseil Régional."
        ],
        "en": [
          "Collecter, mettre en commun et diffuser le plus largement possible une information complète et de qualité au service de nos habitants et de nos visiteurs : voici les objectifs du SIRTAQUI, Système d’Information Régional Touristique de Nouvelle-AQUItaine. Le dispositif est mis en œuvre conjointement par le Comité Régional de Tourisme de Nouvelle-Aquitaine, les services touristiques de la Corrèze, de la Creuse, de la Dordogne, de la Gironde, des Landes, du Lot-et-Garonne, des Pyrénées-Atlantiques, des Deux-Sèvres, de la Vienne et de la Haute-Vienne, en collaboration avec les Offices de Tourisme, et avec le soutien financier de l’Europe et du Conseil Régional."
        ],
        "it": [
          "L'obiettivo di SIRTAQUI, il Sistema Regionale di Informazione Turistica della Nuova Aquitania, è quello di raccogliere, mettere in comune e diffondere il più possibile informazioni complete e di qualità a beneficio dei nostri residenti e visitatori. Il sistema è realizzato congiuntamente dal Comité Régional de Tourisme de Nouvelle-Aquitaine, dai servizi turistici di Corrèze, Creuse, Dordogne, Gironde, Landes, Lot-et-Garonne, Pyrénées-Atlantiques, Deux-Sèvres, Vienne e Haute-Vienne, in collaborazione con gli Uffici del Turismo e con il sostegno finanziario dell'Europa e del Conseil Régional."
        ],
        "fr": [
          "Collecter, mettre en commun et diffuser le plus largement possible une information complète et de qualité au service de nos habitants et de nos visiteurs : voici les objectifs du SIRTAQUI, Système d’Information Régional Touristique de Nouvelle-AQUItaine. Le dispositif est mis en œuvre conjointement par le Comité Régional de Tourisme de Nouvelle-Aquitaine, les services touristiques de la Corrèze, de la Creuse, de la Dordogne, de la Gironde, des Landes, du Lot-et-Garonne, des Pyrénées-Atlantiques, des Deux-Sèvres, de la Vienne et de la Haute-Vienne, en collaboration avec les Offices de Tourisme, et avec le soutien financier de l’Europe et du Conseil Régional."
        ],
        "nl": [
          "Collecter, mettre en commun et diffuser le plus largement possible une information complète et de qualité au service de nos habitants et de nos visiteurs : voici les objectifs du SIRTAQUI, Système d’Information Régional Touristique de Nouvelle-AQUItaine. Le dispositif est mis en œuvre conjointement par le Comité Régional de Tourisme de Nouvelle-Aquitaine, les services touristiques de la Corrèze, de la Creuse, de la Dordogne, de la Gironde, des Landes, du Lot-et-Garonne, des Pyrénées-Atlantiques, des Deux-Sèvres, de la Vienne et de la Haute-Vienne, en collaboration avec les Offices de Tourisme, et avec le soutien financier de l’Europe et du Conseil Régional."
        ],
        "es": [
          "Collecter, mettre en commun et diffuser le plus largement possible une information complète et de qualité au service de nos habitants et de nos visiteurs : voici les objectifs du SIRTAQUI, Système d’Information Régional Touristique de Nouvelle-AQUItaine. Le dispositif est mis en œuvre conjointement par le Comité Régional de Tourisme de Nouvelle-Aquitaine, les services touristiques de la Corrèze, de la Creuse, de la Dordogne, de la Gironde, des Landes, du Lot-et-Garonne, des Pyrénées-Atlantiques, des Deux-Sèvres, de la Vienne et de la Haute-Vienne, en collaboration avec les Offices de Tourisme, et avec le soutien financier de l’Europe et du Conseil Régional."
        ]
      },
      "foaf:homepage": [
        "http://www.sirtaqui-aquitaine.com/"
      ],
      "hasTranslatedProperty": [
        {
          "@id": "https://data.datatourisme.fr/eef27e75-4a23-313e-a6ee-797e7b64a1cd",
          "dc:contributor": [
            "https://api.deepl.com/v2/translate"
          ],
          "rdf:language": [
            "it"
          ],
          "rdf:predicate": [
            {
              "@id": "rdfs:comment"
            }
          ]
        }
      ]
    }
  ],
  "hasBookingContact": [
    {
      "@id": "https://data.datatourisme.fr/094db951-fa29-362a-90f1-b246bb469361",
      "schema:legalName": "la Luna Negra",
      "schema:telephone": [
        "+33 5 59 25 78 05"
      ],
      "@type": [
        "schema:Organization",
        "foaf:Agent",
        "Agent"
      ],
      "foaf:homepage": [
        "https://www.lunanegra.fr/jumelles-p-6041.html"
      ]
    }
  ],
  "hasContact": [
    {
      "@id": "https://data.datatourisme.fr/094db951-fa29-362a-90f1-b246bb469361",
      "schema:legalName": "la Luna Negra",
      "schema:telephone": [
        "+33 5 59 25 78 05"
      ],
      "@type": [
        "schema:Organization",
        "foaf:Agent",
        "Agent"
      ],
      "foaf:homepage": [
        "https://www.lunanegra.fr/jumelles-p-6041.html"
      ]
    }
  ],
  "hasDescription": [
    {
      "@id": "https://data.datatourisme.fr/4d8c7b0c-efc6-3c64-b668-126ff09736f7",
      "dc:description": {
        "de": [
          "Komisches weibliches Duo.\nerstes Solo, das als Duo gespielt wird, oder umgekehrt!\nWortspiele und unwahrscheinliche Situationen, die in diesem nicht alltäglichen Solo aufblitzen! Frisch und spritzig!\nSind sie eine? Ist sie zwei?\nEin nicht alltägliches, originelles und atypisches Duo, das von einer Überraschung in die nächste stolpert!\nErleben Sie die Abenteuer von Miss Cordin, der ehemaligen 2. Dauphine ihres Dorfes in Nivernais (na gut, es gab 3 Kandidatinnen...), den Spiegel der Umkleidekabinen, eine lebensechte Parodie der Nachrichtensendung, die Nachstellung der echten Inhaftierung der Heldin in den USA...\nEs ist sicher, dass Sie die Dinge nicht mehr auf die gleiche Weise sehen werden!"
        ],
        "en": [
          "Female comedy duo.\n1st solo performed as a duo or vice versa!\nWordplay and improbable situations explode in this solo unlike any other! Fresh and sparkling!\nAre they one? Are they two?\nAn original, atypical duo that goes from surprise to surprise!\nCome and discover the adventures of Mlle Cordin, former 2nd runner-up in her village in the Nivernais (okay, there were 3 candidates...), the fitting room mirror, a parody of the TV news that's truer than life, the reconstruction of the heroine's real incarceration in the USA...\nYou'll never see things the same way again!"
        ],
        "it": [
          "Duo comico femminile.\n1° assolo eseguito come duo o viceversa!\nGiochi di parole e situazioni improbabili esplodono in questo assolo diverso da tutti gli altri! Fresco e frizzante!\nSono una sola? Sono due?\nUn duo come nessun altro, originale e atipico, con una sorpresa dopo l'altra!\nVenite a scoprire le avventure della signorina Cordin, ex seconda classificata nel suo villaggio della Nièvre (ok, c'erano 3 candidate...), lo specchio del camerino, una parodia del telegiornale più vera del vero, la ricostruzione della reale prigionia dell'eroina negli Stati Uniti...\nNon vedrete più le cose allo stesso modo!"
        ],
        "fr": [
          "Duo comique féminin. \n1er solo joué en duo ou l'inverse !\nDes jeux de mots et des situations improbables qui fusent dans ce solo pas comme les autres ! Frais et pétillant !\nSont-elles une ? Est-elle deux ?\nUn duo pas comme les autres, original et atypique qui va de surprise en surprise !\nVenez découvrir les aventures de Mlle Cordin, ancienne 2ème dauphine de son village nivernais (bon ok, il y avait 3 candidates...), le miroir des cabines d'essayage, une parodie du JT plus vraie que nature, la reconstitution de la véritable incarcération de l'héroïne aux États-Unis...\nC'est sûr, vous ne verrez plus les choses de la même manière !"
        ],
        "nl": [
          "Vrouwelijk comedy duo.\n1e solo uitgevoerd als duo of andersom!\nWoordspelingen en onwaarschijnlijke situaties exploderen in deze solo als geen ander! Fris en sprankelend!\nZijn ze één? Zijn ze twee?\nEen duo als geen ander, origineel en atypisch, met de ene verrassing na de andere!\nKom en ontdek de avonturen van juffrouw Cordin, voormalig tweede in haar dorp in de Nièvre (OK, er waren 3 kandidaten...), de passpiegel, een parodie op het nieuws die levensechter is, de reconstructie van de werkelijke gevangenschap van de heldin in de Verenigde Staten...\nJe zult de dingen nooit meer op dezelfde manier zien!"
        ],
        "es": [
          "Dúo cómico femenino.\n1er solo interpretado como dúo o viceversa\nJuegos de palabras y situaciones inverosímiles estallan en este solo inédito Fresco y chispeante\n¿Son una? ¿Son dos?\nUn dúo sin igual, original y atípico, con una sorpresa tras otra\nVenga a descubrir las aventuras de Miss Cordin, antigua 2ª finalista de su pueblo en el Nivernais (vale, había 3 candidatas...), el espejo del probador, una parodia del telediario más verdadera que la vida, la reconstrucción del encarcelamiento real de la heroína en Estados Unidos...\n¡Nunca volverás a ver las cosas de la misma manera!"
        ]
      },
      "@type": [
        "Description"
      ],
      "hasTranslatedProperty": [
        {
          "@id": "https://data.datatourisme.fr/1620cdee-e08d-358a-b9fb-4b8cbc59f5c7",
          "dc:contributor": [
            "https://api.deepl.com/v2/translate"
          ],
          "rdf:language": [
            "es"
          ],
          "rdf:predicate": [
            "shortDescription"
          ]
        },
        {
          "@id": "https://data.datatourisme.fr/26c5215f-f309-3fe7-948f-0193caad8a5f",
          "dc:contributor": [
            "https://api.deepl.com/v2/translate"
          ],
          "rdf:language": [
            "en"
          ],
          "rdf:predicate": [
            {
              "@id": "dc:description"
            }
          ]
        },
        {
          "@id": "https://data.datatourisme.fr/562a4f90-e54b-3b58-a4dc-f5db54d57d8c",
          "dc:contributor": [
            "https://api.deepl.com/v2/translate"
          ],
          "rdf:language": [
            "de"
          ],
          "rdf:predicate": [
            "shortDescription"
          ]
        },
        {
          "@id": "https://data.datatourisme.fr/8ecf5159-a198-343c-bab6-93089b959027",
          "dc:contributor": [
            "https://api.deepl.com/v2/translate"
          ],
          "rdf:language": [
            "it"
          ],
          "rdf:predicate": [
            "shortDescription"
          ]
        },
        {
          "@id": "https://data.datatourisme.fr/be45f8f6-9466-3964-acb8-41b9009dc38a",
          "dc:contributor": [
            "https://api.deepl.com/v2/translate"
          ],
          "rdf:language": [
            "de"
          ],
          "rdf:predicate": [
            {
              "@id": "dc:description"
            }
          ]
        },
        {
          "@id": "https://data.datatourisme.fr/d0afbc8e-677a-3587-9641-12f95c7ae7ff",
          "dc:contributor": [
            "https://api.deepl.com/v2/translate"
          ],
          "rdf:language": [
            "nl"
          ],
          "rdf:predicate": [
            {
              "@id": "dc:description"
            }
          ]
        },
        {
          "@id": "https://data.datatourisme.fr/d5cf904d-0d33-3523-b645-03f0e25d666e",
          "dc:contributor": [
            "https://api.deepl.com/v2/translate"
          ],
          "rdf:language": [
            "en"
          ],
          "rdf:predicate": [
            "shortDescription"
          ]
        },
        {
          "@id": "https://data.datatourisme.fr/ee0947d5-6e21-3e6e-9520-6cf46a809af9",
          "dc:contributor": [
            "https://api.deepl.com/v2/translate"
          ],
          "rdf:language": [
            "es"
          ],
          "rdf:predicate": [
            {
              "@id": "dc:description"
            }
          ]
        },
        {
          "@id": "https://data.datatourisme.fr/efd3a048-cd08-3377-acfa-9352707d6b07",
          "dc:contributor": [
            "https://api.deepl.com/v2/translate"
          ],
          "rdf:language": [
            "nl"
          ],
          "rdf:predicate": [
            "shortDescription"
          ]
        },
        {
          "@id": "https://data.datatourisme.fr/f23d5606-2b4c-3c40-877c-ca20d772a2dc",
          "dc:contributor": [
            "https://api.deepl.com/v2/translate"
          ],
          "rdf:language": [
            "it"
          ],
          "rdf:predicate": [
            {
              "@id": "dc:description"
            }
          ]
        }
      ],
      "shortDescription": {
        "de": [
          "Komisches weibliches Duo.\nerstes Solo, das als Duo gespielt wird, oder umgekehrt!\nWortspiele und unwahrscheinliche Situationen, die in diesem nicht alltäglichen Solo aufblitzen! Frisch und spritzig!\nSind sie eine? Ist sie zwei?\nEin nicht alltägliches, originelles und atypisches Duo, das von einer Überraschung in die nächste stolpert!\nErleben Sie die Abenteuer von Miss Cordin, der ehemaligen 2. Dauphine ihres Dorfes in Nivernais (na gut, es gab 3 Kandidatinnen...), den Spiegel der Umkleidekabinen, eine lebensechte Parodie der Nachrichtensendung, die Nachstellung der echten Inhaftierung der Heldin in den USA...\nEs ist sicher, dass Sie die Dinge nicht mehr auf die gleiche Weise sehen werden!"
        ],
        "en": [
          "Female comedy duo.\n1st solo performed as a duo or vice versa!\nWordplay and improbable situations explode in this solo unlike any other! Fresh and sparkling!\nAre they one? Are they two?\nAn original, atypical duo that goes from surprise to surprise!\nCome and discover the adventures of Mlle Cordin, former 2nd runner-up in her village in the Nivernais (okay, there were 3 candidates...), the fitting room mirror, a parody of the TV news that's truer than life, the reconstruction of the heroine's real incarceration in the USA...\nYou'll never see things the same way again!"
        ],
        "it": [
          "Duo comico femminile.\n1° assolo eseguito come duo o viceversa!\nGiochi di parole e situazioni improbabili esplodono in questo assolo diverso da tutti gli altri! Fresco e frizzante!\nSono una sola? Sono due?\nUn duo come nessun altro, originale e atipico, con una sorpresa dopo l'altra!\nVenite a scoprire le avventure della signorina Cordin, ex seconda classificata nel suo villaggio della Nièvre (ok, c'erano 3 candidate...), lo specchio del camerino, una parodia del telegiornale più vera del vero, la ricostruzione della reale prigionia dell'eroina negli Stati Uniti...\nNon vedrete più le cose allo stesso modo!"
        ],
        "fr": [
          "Duo comique féminin. \n1er solo joué en duo ou l'inverse !\nDes jeux de mots et des situations improbables qui fusent dans ce solo pas comme les autres ! Frais et pétillant !\nSont-elles une ? Est-elle deux ?\nUn duo pas comme les autres, original et atypique qui va de surprise en surprise !\nVenez découvrir les aventures de Mlle Cordin, ancienne 2ème dauphine de son village nivernais (bon ok, il y avait 3 candidates...), le miroir des cabines d'essayage, une parodie du JT plus vraie que nature, la reconstitution de la véritable incarcération de l'héroïne aux États-Unis...\nC'est sûr, vous ne verrez plus les choses de la même manière !"
        ],
        "nl": [
          "Vrouwelijk comedy duo.\n1e solo uitgevoerd als duo of andersom!\nWoordspelingen en onwaarschijnlijke situaties exploderen in deze solo als geen ander! Fris en sprankelend!\nZijn ze één? Zijn ze twee?\nEen duo als geen ander, origineel en atypisch, met de ene verrassing na de andere!\nKom en ontdek de avonturen van juffrouw Cordin, voormalig tweede in haar dorp in de Nièvre (OK, er waren 3 kandidaten...), de passpiegel, een parodie op het nieuws die levensechter is, de reconstructie van de werkelijke gevangenschap van de heldin in de Verenigde Staten...\nJe zult de dingen nooit meer op dezelfde manier zien!"
        ],
        "es": [
          "Dúo cómico femenino.\n1er solo interpretado como dúo o viceversa\nJuegos de palabras y situaciones inverosímiles estallan en este solo inédito Fresco y chispeante\n¿Son una? ¿Son dos?\nUn dúo sin igual, original y atípico, con una sorpresa tras otra\nVenga a descubrir las aventuras de Miss Cordin, antigua 2ª finalista de su pueblo en el Nivernais (vale, había 3 candidatas...), el espejo del probador, una parodia del telediario más verdadera que la vida, la reconstrucción del encarcelamiento real de la heroína en Estados Unidos...\n¡Nunca volverás a ver las cosas de la misma manera!"
        ]
      }
    }
  ],
  "hasGeographicReach": [
    {
      "@id": "kb:Local",
      "@type": [
        "GeographicReach"
      ],
      "rdfs:label": {
        "de": [
          "Lokal"
        ],
        "pt": [
          "Local"
        ],
        "en": [
          "Local"
        ],
        "it": [
          "Locale"
        ],
        "fr": [
          "Locale"
        ],
        "nl": [
          "Lokaal"
        ],
        "es": [
          "Local"
        ]
      }
    }
  ],
  "hasMainRepresentation": [
    {
      "@id": "https://data.datatourisme.fr/3013f233-f35b-3129-a728-76bd9f3f9e67",
      "ebucore:hasAnnotation": [
        {
          "@id": "https://data.datatourisme.fr/a2e5e289-3e23-36aa-8354-a8c529930f0e",
          "ebucore:isCoveredBy": "By-NC-ND 4.0",
          "ebucore:title": {
            "fr": [
              "LES JUMELLES  LES 7 FROMENTINS LUNA NEGRA"
            ]
          },
          "@type": [
            "ebucore:Annotation"
          ],
          "credits": [
            "LES JUMELLES  LES 7 FROMENTINS LUNA NEGRA"
          ]
        }
      ],
      "ebucore:hasRelatedResource": [
        {
          "@id": "https://data.datatourisme.fr/f5763cb6-20ea-34af-8ce7-6c46569da251",
          "ebucore:hasMimeType": [
            {
              "@id": "kb:JPEG",
              "@type": [
                "ebucore:MimeType"
              ],
              "rdfs:comment": {
                "de": [
                  "JPEG-Bild"
                ],
                "pt": [
                  "Imagem JPEG"
                ],
                "en": [
                  "JPEG image file"
                ],
                "it": [
                  "Immagine JPEG"
                ],
                "fr": [
                  "Image JPEG"
                ],
                "nl": [
                  "JPEG-afbeelding"
                ],
                "es": [
                  "Imagen JPEG"
                ]
              },
              "rdfs:label": {
                "de": [
                  "image/jpeg"
                ],
                "pt": [
                  "image/jpeg"
                ],
                "en": [
                  "image/jpeg"
                ],
                "it": [
                  "image/jpeg"
                ],
                "fr": [
                  "image/jpeg"
                ],
                "nl": [
                  "image/jpeg"
                ],
                "es": [
                  "image/jpeg"
                ]
              }
            }
          ],
          "ebucore:locator": [
            "http://aquitaine.media.tourinsoft.eu/Upload/LES-JUMELLES--LES-7-FROMENTINS-5.jpg"
          ],
          "@type": [
            "ebucore:Resource"
          ]
        }
      ],
      "@type": [
        "ebucore:EditorialObject"
      ]
    }
  ],
  "hasRepresentation": [
    {
      "@id": "https://data.datatourisme.fr/3013f233-f35b-3129-a728-76bd9f3f9e67",
      "ebucore:hasAnnotation": [
        {
          "@id": "https://data.datatourisme.fr/a2e5e289-3e23-36aa-8354-a8c529930f0e",
          "ebucore:isCoveredBy": "By-NC-ND 4.0",
          "ebucore:title": {
            "fr": [
              "LES JUMELLES  LES 7 FROMENTINS LUNA NEGRA"
            ]
          },
          "@type": [
            "ebucore:Annotation"
          ],
          "credits": [
            "LES JUMELLES  LES 7 FROMENTINS LUNA NEGRA"
          ]
        }
      ],
      "ebucore:hasRelatedResource": [
        {
          "@id": "https://data.datatourisme.fr/f5763cb6-20ea-34af-8ce7-6c46569da251",
          "ebucore:hasMimeType": [
            {
              "@id": "kb:JPEG",
              "@type": [
                "ebucore:MimeType"
              ],
              "rdfs:comment": {
                "de": [
                  "JPEG-Bild"
                ],
                "pt": [
                  "Imagem JPEG"
                ],
                "en": [
                  "JPEG image file"
                ],
                "it": [
                  "Immagine JPEG"
                ],
                "fr": [
                  "Image JPEG"
                ],
                "nl": [
                  "JPEG-afbeelding"
                ],
                "es": [
                  "Imagen JPEG"
                ]
              },
              "rdfs:label": {
                "de": [
                  "image/jpeg"
                ],
                "pt": [
                  "image/jpeg"
                ],
                "en": [
                  "image/jpeg"
                ],
                "it": [
                  "image/jpeg"
                ],
                "fr": [
                  "image/jpeg"
                ],
                "nl": [
                  "image/jpeg"
                ],
                "es": [
                  "image/jpeg"
                ]
              }
            }
          ],
          "ebucore:locator": [
            "http://aquitaine.media.tourinsoft.eu/Upload/LES-JUMELLES--LES-7-FROMENTINS-5.jpg"
          ],
          "@type": [
            "ebucore:Resource"
          ]
        }
      ],
      "@type": [
        "ebucore:EditorialObject"
      ]
    }
  ],
  "hasTheme": [
    {
      "@id": "kb:Humour",
      "@type": [
        "CulturalTheme"
      ],
      "rdfs:label": {
        "de": [
          "Humor"
        ],
        "pt": [
          "Humor"
        ],
        "en": [
          "Humour"
        ],
        "it": [
          "Umorismo"
        ],
        "fr": [
          "Humour"
        ],
        "nl": [
          "Humor"
        ],
        "es": [
          "Humor"
        ]
      }
    }
  ],
  "hasTranslatedProperty": [
    {
      "@id": "https://data.datatourisme.fr/57411baf-1c14-32cc-8c16-a270675b8351",
      "dc:contributor": [
        "https://api.deepl.com/v2/translate"
      ],
      "rdf:language": [
        "es"
      ],
      "rdf:predicate": [
        {
          "@id": "rdfs:comment"
        }
      ]
    },
    {
      "@id": "https://data.datatourisme.fr/57472277-90c5-37e4-a0bf-9a5adc8adad7",
      "dc:contributor": [
        "https://api.deepl.com/v2/translate"
      ],
      "rdf:language": [
        "it"
      ],
      "rdf:predicate": [
        {
          "@id": "rdfs:comment"
        }
      ]
    },
    {
      "@id": "https://data.datatourisme.fr/5b182d57-b413-39e6-a399-eb047230a51f",
      "dc:contributor": [
        "https://api.deepl.com/v2/translate"
      ],
      "rdf:language": [
        "en"
      ],
      "rdf:predicate": [
        {
          "@id": "rdfs:comment"
        }
      ]
    },
    {
      "@id": "https://data.datatourisme.fr/9f871821-33fd-372b-89de-0809d74a1244",
      "dc:contributor": [
        "https://api.deepl.com/v2/translate"
      ],
      "rdf:language": [
        "nl"
      ],
      "rdf:predicate": [
        {
          "@id": "rdfs:comment"
        }
      ]
    },
    {
      "@id": "https://data.datatourisme.fr/d0d1f89b-bc5f-3115-839d-0d188a1f98f4",
      "dc:contributor": [
        "https://api.deepl.com/v2/translate"
      ],
      "rdf:language": [
        "de"
      ],
      "rdf:predicate": [
        {
          "@id": "rdfs:comment"
        }
      ]
    }
  ],
  "isLocatedAt": [
    {
      "@id": "https://data.datatourisme.fr/8359c47d-8ef2-3d26-90a6-39c8bef4438d",
      "schema:address": [
        {
          "@id": "https://data.datatourisme.fr/542eccd9-72fb-353d-8fc1-c5658dd0c30d",
          "schema:addressLocality": "Bayonne",
          "schema:postalCode": "64100",
          "schema:streetAddress": [
            "7 Rue des Augustins",
            "La Luna Negra"
          ],
          "@type": [
            "schema:PostalAddress",
            "PostalAddress"
          ],
          "hasAddressCity": {
            "@id": "kb:64102",
            "@type": [
              "City"
            ],
            "rdfs:label": {
              "de": [
                "Bayonne"
              ],
              "pt": [
                "Bayonne"
              ],
              "en": [
                "Bayonne"
              ],
              "it": [
                "Bayonne"
              ],
              "fr": [
                "Bayonne"
              ],
              "nl": [
                "Bayonne"
              ],
              "es": [
                "Bayonne"
              ]
            },
            "insee": "64102",
            "isPartOfDepartment": {
              "@id": "kb:France7564",
              "@type": [
                "Department"
              ],
              "rdfs:label": {
                "de": [
                  "Pyrénées-Atlantiques"
                ],
                "pt": [
                  "Pyrénées-Atlantiques"
                ],
                "en": [
                  "Pyrénées-Atlantiques"
                ],
                "it": [
                  "Pyrénées-Atlantiques"
                ],
                "fr": [
                  "Pyrénées-Atlantiques"
                ],
                "nl": [
                  "Pyrénées-Atlantiques"
                ],
                "es": [
                  "Pyrénées-Atlantiques"
                ]
              },
              "insee": "64",
              "isPartOfRegion": {
                "@id": "kb:France75",
                "@type": [
                  "Region"
                ],
                "rdfs:label": {
                  "de": [
                    "Nouvelle-Aquitaine"
                  ],
                  "pt": [
                    "Nouvelle-Aquitaine"
                  ],
                  "en": [
                    "Nouvelle-Aquitaine"
                  ],
                  "it": [
                    "Nouvelle-Aquitaine"
                  ],
                  "fr": [
                    "Nouvelle-Aquitaine"
                  ],
                  "nl": [
                    "Nouvelle-Aquitaine"
                  ],
                  "es": [
                    "Nouvelle-Aquitaine"
                  ]
                },
                "insee": "75",
                "isPartOfCountry": {
                  "@id": "kb:France",
                  "@type": [
                    "schema:Country"
                  ],
                  "rdfs:label": {
                    "de": [
                      "France",
                      "Frankreich"
                    ],
                    "pt": [
                      "França",
                      "France"
                    ],
                    "en": [
                      "France"
                    ],
                    "it": [
                      "France",
                      "Francia"
                    ],
                    "fr": [
                      "France"
                    ],
                    "nl": [
                      "France",
                      "Frankrijk"
                    ],
                    "es": [
                      "France",
                      "Francia"
                    ]
                  }
                }
              }
            }
          }
        }
      ],
      "schema:geo": {
        "@id": "https://data.datatourisme.fr/0093084e-7883-3666-85db-da8c36e44ac1",
        "schema:latitude": "43.4891979",
        "schema:longitude": "-1.4759378",
        "@type": [
          "schema:GeoCoordinates"
        ]
      },
      "@type": [
        "schema:Place",
        "Place"
      ],
      "altInsee": [
        "64102"
      ]
    }
  ],
  "isOwnedBy": [
    {
      "@id": "https://data.datatourisme.fr/094db951-fa29-362a-90f1-b246bb469361",
      "schema:legalName": "la Luna Negra",
      "schema:telephone": [
        "+33 5 59 25 78 05"
      ],
      "@type": [
        "schema:Organization",
        "foaf:Agent",
        "Agent"
      ],
      "foaf:homepage": [
        "https://www.lunanegra.fr/jumelles-p-6041.html"
      ]
    }
  ],
  "lastUpdate": "2023-06-24",
  "lastUpdateDatatourisme": "2023-09-27T23:11:03.724Z",
  "offers": [
    {
      "@id": "https://data.datatourisme.fr/1a6618e1-279f-3a5d-8250-f211c7e63425",
      "schema:acceptedPaymentMethod": [
        {
          "@id": "kb:BlueCard",
          "@type": [
            "schema:PaymentMethod"
          ],
          "rdfs:label": {
            "de": [
              "Carte bleue"
            ],
            "pt": [
              "Cartão de pagamento (Carte bleue)"
            ],
            "en": [
              "Blue card"
            ],
            "it": [
              "Carta blu"
            ],
            "fr": [
              "Carte bleue"
            ],
            "es": [
              "Tarjeta bancaria"
            ],
            "nl": [
              "Carte Bleue"
            ]
          }
        },
        {
          "@id": "kb:Cash",
          "@type": [
            "schema:PaymentMethod"
          ],
          "rdfs:label": {
            "de": [
              "Art"
            ],
            "pt": [
              "Espécie"
            ],
            "en": [
              "Cash"
            ],
            "it": [
              "Contanti"
            ],
            "fr": [
              "Espèce"
            ],
            "es": [
              "Especie"
            ],
            "nl": [
              "Contant"
            ]
          }
        },
        {
          "@id": "kb:CreditCards",
          "@type": [
            "schema:PaymentMethod"
          ],
          "rdfs:label": {
            "de": [
              "Bankkarten"
            ],
            "pt": [
              "Cartões bancários"
            ],
            "en": [
              "Credit Cards"
            ],
            "it": [
              "Carte bancarie"
            ],
            "fr": [
              "Cartes bancaires"
            ],
            "es": [
              "Tarjetas bancarias"
            ],
            "nl": [
              "Bankkaarten"
            ]
          }
        },
        {
          "@id": "kb:EurocardMastercard",
          "@type": [
            "schema:PaymentMethod"
          ],
          "rdfs:label": {
            "de": [
              "Eurocard – Mastercard"
            ],
            "pt": [
              "Eurocard — Mastercard"
            ],
            "en": [
              "Eurocard - mastercard"
            ],
            "it": [
              "Eurocard - mastercard"
            ],
            "fr": [
              "Eurocard - mastercard"
            ],
            "nl": [
              "Eurocard - Mastercard"
            ],
            "es": [
              "Eurocard - Mastercard"
            ]
          }
        },
        {
          "@id": "kb:Visa",
          "@type": [
            "schema:PaymentMethod"
          ],
          "rdfs:label": {
            "de": [
              "Visa"
            ],
            "pt": [
              "Visto"
            ],
            "en": [
              "Visa"
            ],
            "it": [
              "Visto"
            ],
            "fr": [
              "Visa"
            ],
            "nl": [
              "Visum"
            ],
            "es": [
              "Visa"
            ]
          }
        }
      ],
      "@type": [
        "schema:Offer",
        "Offer"
      ]
    }
  ],
  "takesPlaceAt": [
    {
      "@id": "https://data.datatourisme.fr/bdb05973-c23e-3c3a-8e60-c829e018aaca",
      "@type": [
        "Period"
      ],
      "endDate": "2023-11-16",
      "startDate": "2023-11-16",
      "startTime": "20:30:00"
    }
  ]
}