{
  "@id": "https://data.datatourisme.fr/23/002add01-ecb1-306c-adcc-b48927219e78",
  "dc:identifier": "FMAAQU079V505327",
  "schema:endDate": [
    "2023-10-04"
  ],
  "schema:startDate": [
    "2023-10-04"
  ],
  "@type": [
    "schema:Event",
    "schema:SocialEvent",
    "EntertainmentAndEvent",
    "LocalAnimation",
    "PointOfInterest",
    "SocialEvent",
    "TraditionalCelebration"
  ],
  "rdfs:comment": {
    "de": [
      "Konditoreikurs Art et Gourmandise\n\t\nTarte revisitée: Vanille - Karamell und Pekannüsse\n\nMittwoch, 4. Oktober von 14.30 bis 17.45 Uhr\n\nAnmeldung per E-Mail (galloisannelaure@gmail.com) oder per Telefon 0661747777 per SMS."
    ],
    "en": [
      "Art et Gourmandise pastry classes\n\t\nRevisited tart: Vanilla - caramel and pecans\n\nWednesday, October 4, 2:30 pm to 5:45 pm\n\nRegistration by e-mail (galloisannelaure@gmail.com) or by phone 0661747777 by SMS."
    ],
    "it": [
      "Corsi di pasticceria Art et Gourmandise\n\t\nCrostata rivisitata: Vaniglia - caramello e noci pecan\n\nMercoledì 4 ottobre dalle 14.30 alle 17.45\n\nIscrizioni via e-mail (galloisannelaure@gmail.com) o via telefono 0661747777 via SMS."
    ],
    "fr": [
      "Cours de pâtisserie Art et Gourmandise\n\t\nTarte revisitée : Vanille - caramel et noix de pécan\n\nMercredi 4 octobre de 14h30 à 17h45\n\nInscription par mail (galloisannelaure@gmail.com) ou par téléphone 0661747777 par SMS."
    ],
    "es": [
      "Clases de pastelería Art et Gourmandise\n\t\nTarta revisitada: Vainilla - caramelo y pacanas\n\nMiércoles 4 de octubre de 14h30 a 17h45\n\nInscripciones por correo electrónico (galloisannelaure@gmail.com) o por teléfono 0661747777 por SMS."
    ],
    "nl": [
      "Art et Gourmandise gebaklessen\n\t\nRevisited taart: Vanille - karamel en pecannoten\n\nWoensdag 4 oktober van 14.30 tot 17.45 uur\n\nInschrijven per e-mail (galloisannelaure@gmail.com) of per telefoon 0661747777 per sms."
    ]
  },
  "rdfs:label": {
    "de": [
      "Cours de pâtisserie : Tarte revisitée : Vanille - caramel et noix de pécan"
    ],
    "en": [
      "Cours de pâtisserie : Tarte revisitée : Vanille - caramel et noix de pécan"
    ],
    "fr": [
      "Cours de pâtisserie : Tarte revisitée : Vanille - caramel et noix de pécan"
    ],
    "nl": [
      "Cours de pâtisserie : Tarte revisitée : Vanille - caramel et noix de pécan"
    ],
    "es": [
      "Cours de pâtisserie : Tarte revisitée : Vanille - caramel et noix de pécan"
    ]
  },
  "availableLanguage": [
    "fr"
  ],
  "creationDate": "2023-09-04",
  "hasAudience": [
    {
      "@id": "kb:Local",
      "@type": [
        "GeographicReach"
      ],
      "rdfs:label": {
        "de": [
          "Lokal"
        ],
        "pt": [
          "Local"
        ],
        "en": [
          "Local"
        ],
        "it": [
          "Locale"
        ],
        "fr": [
          "Locale"
        ],
        "nl": [
          "Lokaal"
        ],
        "es": [
          "Local"
        ]
      }
    }
  ],
  "hasBeenCreatedBy": {
    "@id": "https://data.datatourisme.fr/23/0af0179c-ad65-34ab-bb5c-96158534602c",
    "dc:identifier": "640e3802-0b83-4e5e-98fa-1e21f6de63fa",
    "schema:legalName": "OT Pays Mellois",
    "@type": [
      "schema:Organization",
      "foaf:Agent",
      "Agent"
    ]
  },
  "hasBeenPublishedBy": [
    {
      "@id": "https://data.datatourisme.fr/05dc9cb8-2fa5-383d-b87b-497de06649a2",
      "schema:email": [
        "sirtaqui@na-tourisme.com"
      ],
      "schema:legalName": "SIRTAQUI Nouvelle-Aquitaine",
      "schema:logo": "http://aquitaine.media.tourinsoft.eu/upload/Logo-Sirtaqui-1280x405.jpg",
      "@type": [
        "schema:Organization",
        "foaf:Agent",
        "Agent"
      ],
      "rdfs:comment": {
        "de": [
          "Collecter, mettre en commun et diffuser le plus largement possible une information complète et de qualité au service de nos habitants et de nos visiteurs : voici les objectifs du SIRTAQUI, Système d’Information Régional Touristique de Nouvelle-AQUItaine. Le dispositif est mis en œuvre conjointement par le Comité Régional de Tourisme de Nouvelle-Aquitaine, les services touristiques de la Corrèze, de la Creuse, de la Dordogne, de la Gironde, des Landes, du Lot-et-Garonne, des Pyrénées-Atlantiques, des Deux-Sèvres, de la Vienne et de la Haute-Vienne, en collaboration avec les Offices de Tourisme, et avec le soutien financier de l’Europe et du Conseil Régional."
        ],
        "en": [
          "Collecter, mettre en commun et diffuser le plus largement possible une information complète et de qualité au service de nos habitants et de nos visiteurs : voici les objectifs du SIRTAQUI, Système d’Information Régional Touristique de Nouvelle-AQUItaine. Le dispositif est mis en œuvre conjointement par le Comité Régional de Tourisme de Nouvelle-Aquitaine, les services touristiques de la Corrèze, de la Creuse, de la Dordogne, de la Gironde, des Landes, du Lot-et-Garonne, des Pyrénées-Atlantiques, des Deux-Sèvres, de la Vienne et de la Haute-Vienne, en collaboration avec les Offices de Tourisme, et avec le soutien financier de l’Europe et du Conseil Régional."
        ],
        "it": [
          "L'obiettivo di SIRTAQUI, il Sistema Regionale di Informazione Turistica della Nuova Aquitania, è quello di raccogliere, mettere in comune e diffondere il più possibile informazioni complete e di qualità a beneficio dei nostri residenti e visitatori. Il sistema è realizzato congiuntamente dal Comité Régional de Tourisme de Nouvelle-Aquitaine, dai servizi turistici di Corrèze, Creuse, Dordogne, Gironde, Landes, Lot-et-Garonne, Pyrénées-Atlantiques, Deux-Sèvres, Vienne e Haute-Vienne, in collaborazione con gli Uffici del Turismo e con il sostegno finanziario dell'Europa e del Conseil Régional."
        ],
        "fr": [
          "Collecter, mettre en commun et diffuser le plus largement possible une information complète et de qualité au service de nos habitants et de nos visiteurs : voici les objectifs du SIRTAQUI, Système d’Information Régional Touristique de Nouvelle-AQUItaine. Le dispositif est mis en œuvre conjointement par le Comité Régional de Tourisme de Nouvelle-Aquitaine, les services touristiques de la Corrèze, de la Creuse, de la Dordogne, de la Gironde, des Landes, du Lot-et-Garonne, des Pyrénées-Atlantiques, des Deux-Sèvres, de la Vienne et de la Haute-Vienne, en collaboration avec les Offices de Tourisme, et avec le soutien financier de l’Europe et du Conseil Régional."
        ],
        "nl": [
          "Collecter, mettre en commun et diffuser le plus largement possible une information complète et de qualité au service de nos habitants et de nos visiteurs : voici les objectifs du SIRTAQUI, Système d’Information Régional Touristique de Nouvelle-AQUItaine. Le dispositif est mis en œuvre conjointement par le Comité Régional de Tourisme de Nouvelle-Aquitaine, les services touristiques de la Corrèze, de la Creuse, de la Dordogne, de la Gironde, des Landes, du Lot-et-Garonne, des Pyrénées-Atlantiques, des Deux-Sèvres, de la Vienne et de la Haute-Vienne, en collaboration avec les Offices de Tourisme, et avec le soutien financier de l’Europe et du Conseil Régional."
        ],
        "es": [
          "Collecter, mettre en commun et diffuser le plus largement possible une information complète et de qualité au service de nos habitants et de nos visiteurs : voici les objectifs du SIRTAQUI, Système d’Information Régional Touristique de Nouvelle-AQUItaine. Le dispositif est mis en œuvre conjointement par le Comité Régional de Tourisme de Nouvelle-Aquitaine, les services touristiques de la Corrèze, de la Creuse, de la Dordogne, de la Gironde, des Landes, du Lot-et-Garonne, des Pyrénées-Atlantiques, des Deux-Sèvres, de la Vienne et de la Haute-Vienne, en collaboration avec les Offices de Tourisme, et avec le soutien financier de l’Europe et du Conseil Régional."
        ]
      },
      "foaf:homepage": [
        "http://www.sirtaqui-aquitaine.com/"
      ],
      "hasTranslatedProperty": [
        {
          "@id": "https://data.datatourisme.fr/eef27e75-4a23-313e-a6ee-797e7b64a1cd",
          "dc:contributor": [
            "https://api.deepl.com/v2/translate"
          ],
          "rdf:language": [
            "it"
          ],
          "rdf:predicate": [
            {
              "@id": "rdfs:comment"
            }
          ]
        }
      ]
    }
  ],
  "hasBookingContact": [
    {
      "@id": "https://data.datatourisme.fr/78abfc0d-a26e-364b-b369-53c5b0844a68",
      "schema:legalName": "Art et Gourmandise",
      "schema:telephone": [
        "+33 6 61 74 77 77"
      ],
      "@type": [
        "schema:Organization",
        "foaf:Agent",
        "Agent"
      ],
      "foaf:homepage": [
        "https://art-et-gourmandise-alg.fr/"
      ]
    }
  ],
  "hasContact": [
    {
      "@id": "https://data.datatourisme.fr/78abfc0d-a26e-364b-b369-53c5b0844a68",
      "schema:legalName": "Art et Gourmandise",
      "schema:telephone": [
        "+33 6 61 74 77 77"
      ],
      "@type": [
        "schema:Organization",
        "foaf:Agent",
        "Agent"
      ],
      "foaf:homepage": [
        "https://art-et-gourmandise-alg.fr/"
      ]
    }
  ],
  "hasDescription": [
    {
      "@id": "https://data.datatourisme.fr/9063b66d-92a2-3841-81dc-e3544d524c4e",
      "dc:description": {
        "de": [
          "Konditoreikurs Art et Gourmandise\n\t\nTarte revisitée: Vanille - Karamell und Pekannüsse\n\nMittwoch, 4. Oktober von 14.30 bis 17.45 Uhr\n\nVanille-Süßteig, Pekannuss-Mandelcreme, Dulcey-Sahne, Fleur de Sel-Karamell, Pekannuss-Pralinencreme, Pekannuss-Pralinen, karamellisierte Pekannüsse\n\nErwachsene 70 Euro / Kinder unter 16 Jahren 55 Euro\n\nSie erhalten eine Torte für 6 Personen\n\nAnmeldung per E-Mail (galloisannelaure@gmail.com) oder per Telefon 0661747777 per SMS."
        ],
        "en": [
          "Art et Gourmandise pastry classes\n\t\nRevisited tart: Vanilla - caramel and pecans\n\nWednesday, October 4, 2:30 pm to 5:45 pm\n\nSweet vanilla pastry, pecan almond cream, dulcey cream, fleur de sel caramel, pecan praline cream, pecan praline, caramelized pecans\n\nAdult price 70? / Under 16 55?\n\nYou leave with a 6-person tart\n\nRegistration by e-mail (galloisannelaure@gmail.com) or by phone 0661747777 by SMS."
        ],
        "it": [
          "Corsi di pasticceria Art et Gourmandise\n\t\nCrostata rivisitata: Vaniglia - caramello e noci pecan\n\nMercoledì 4 ottobre dalle 14.30 alle 17.45\n\nPasta dolce alla vaniglia, crema di mandorle pecan, crema dulcey, caramello al fleur de sel, crema di praline pecan, praline pecan, noci pecan caramellate\n\nPrezzo adulti 70? / minori di 16 anni 55?\n\nVerrà consegnata una crostata per 6 persone\n\nIscrizioni via e-mail (galloisannelaure@gmail.com) o via telefono 0661747777 via SMS."
        ],
        "fr": [
          "Cours de pâtisserie Art et Gourmandise\n\t\nTarte revisitée : Vanille - caramel et noix de pécan\n\nMercredi 4 octobre de 14h30 à 17h45\n\nPâte sucrée vanille, crème d’amande noix de pécan, crémeux dulcey, caramel fleur de sel, crème praliné pécan, praliné pécan, noix de pécan caramélisées\n\nTarif adulte 70€ / Moins de 16 ans 55€\n\nVous repartez avec une tarte de 6 personnes\n\nInscription par mail (galloisannelaure@gmail.com) ou par téléphone 0661747777 par SMS."
        ],
        "es": [
          "Clases de pastelería Art et Gourmandise\n\t\nTarta revisitada: Vainilla - caramelo y pacanas\n\nMiércoles 4 de octubre de 14h30 a 17h45\n\nHojaldre dulce de vainilla, crema de almendras y nueces pecanas, crema de dulce de leche, caramelo de flor de sal, crema de praliné de nueces pecanas, praliné de nueces pecanas, nueces pecanas caramelizadas\n\nPrecio adulto 70? / Menores de 16 años 55?\n\nTe llevarás una tarta para 6 personas\n\nInscríbete por correo electrónico (galloisannelaure@gmail.com) o por teléfono 0661747777 por SMS."
        ],
        "nl": [
          "Art et Gourmandise gebaklessen\n\t\nRevisited taart: Vanille - karamel en pecannoten\n\nWoensdag 4 oktober van 14u30 tot 17u45\n\nZoet vanillegebakje, pecannoot amandelcrème, dulcey crème, fleur de sel karamel, pecannoot praliné crème, gekarameliseerde pecannoten\n\nPrijs volwassenen 70? / Onder 16 55?\n\nJe vertrekt met een taart voor 6 personen\n\nSchrijf je in per e-mail (galloisannelaure@gmail.com) of per telefoon 0661747777 per sms."
        ]
      },
      "@type": [
        "Description"
      ],
      "hasTranslatedProperty": [
        {
          "@id": "https://data.datatourisme.fr/2084fd9d-21e6-307d-aa5f-78ad5a36246b",
          "dc:contributor": [
            "https://api.deepl.com/v2/translate"
          ],
          "rdf:language": [
            "it"
          ],
          "rdf:predicate": [
            "shortDescription"
          ]
        },
        {
          "@id": "https://data.datatourisme.fr/47bc7b71-1fcb-3171-b881-a3a43bf971dc",
          "dc:contributor": [
            "https://api.deepl.com/v2/translate"
          ],
          "rdf:language": [
            "es"
          ],
          "rdf:predicate": [
            {
              "@id": "dc:description"
            }
          ]
        },
        {
          "@id": "https://data.datatourisme.fr/7e33ac37-de4f-3ebf-bb20-414ffbc60a9d",
          "dc:contributor": [
            "https://api.deepl.com/v2/translate"
          ],
          "rdf:language": [
            "nl"
          ],
          "rdf:predicate": [
            "shortDescription"
          ]
        },
        {
          "@id": "https://data.datatourisme.fr/8e21077c-84b0-3af5-b69c-c0d44ac35018",
          "dc:contributor": [
            "https://api.deepl.com/v2/translate"
          ],
          "rdf:language": [
            "de"
          ],
          "rdf:predicate": [
            "shortDescription"
          ]
        },
        {
          "@id": "https://data.datatourisme.fr/a48c86ea-f41a-318b-b254-18290adf9ba6",
          "dc:contributor": [
            "https://api.deepl.com/v2/translate"
          ],
          "rdf:language": [
            "de"
          ],
          "rdf:predicate": [
            {
              "@id": "dc:description"
            }
          ]
        },
        {
          "@id": "https://data.datatourisme.fr/a4a54e10-477a-3c5a-a1b7-22c7e39386a7",
          "dc:contributor": [
            "https://api.deepl.com/v2/translate"
          ],
          "rdf:language": [
            "nl"
          ],
          "rdf:predicate": [
            {
              "@id": "dc:description"
            }
          ]
        },
        {
          "@id": "https://data.datatourisme.fr/b566396a-1ae7-34e7-a12f-79cb71acef26",
          "dc:contributor": [
            "https://api.deepl.com/v2/translate"
          ],
          "rdf:language": [
            "en"
          ],
          "rdf:predicate": [
            {
              "@id": "dc:description"
            }
          ]
        },
        {
          "@id": "https://data.datatourisme.fr/eb9574eb-e8ab-35f2-b400-ebd4176daba4",
          "dc:contributor": [
            "https://api.deepl.com/v2/translate"
          ],
          "rdf:language": [
            "en"
          ],
          "rdf:predicate": [
            "shortDescription"
          ]
        },
        {
          "@id": "https://data.datatourisme.fr/fa95e5d3-611b-3808-8394-eafba5be8d8b",
          "dc:contributor": [
            "https://api.deepl.com/v2/translate"
          ],
          "rdf:language": [
            "es"
          ],
          "rdf:predicate": [
            "shortDescription"
          ]
        },
        {
          "@id": "https://data.datatourisme.fr/fed6e5c1-6401-379b-8981-3e7ae6e679f2",
          "dc:contributor": [
            "https://api.deepl.com/v2/translate"
          ],
          "rdf:language": [
            "it"
          ],
          "rdf:predicate": [
            {
              "@id": "dc:description"
            }
          ]
        }
      ],
      "shortDescription": {
        "de": [
          "Konditoreikurs Art et Gourmandise\n\t\nTarte revisitée: Vanille - Karamell und Pekannüsse\n\nMittwoch, 4. Oktober von 14.30 bis 17.45 Uhr\n\nAnmeldung per E-Mail (galloisannelaure@gmail.com) oder per Telefon 0661747777 per SMS."
        ],
        "en": [
          "Art et Gourmandise pastry classes\n\t\nRevisited tart: Vanilla - caramel and pecans\n\nWednesday, October 4, 2:30 pm to 5:45 pm\n\nRegistration by e-mail (galloisannelaure@gmail.com) or by phone 0661747777 by SMS."
        ],
        "it": [
          "Corsi di pasticceria Art et Gourmandise\n\t\nCrostata rivisitata: Vaniglia - caramello e noci pecan\n\nMercoledì 4 ottobre dalle 14.30 alle 17.45\n\nIscrizioni via e-mail (galloisannelaure@gmail.com) o via telefono 0661747777 via SMS."
        ],
        "fr": [
          "Cours de pâtisserie Art et Gourmandise\n\t\nTarte revisitée : Vanille - caramel et noix de pécan\n\nMercredi 4 octobre de 14h30 à 17h45\n\nInscription par mail (galloisannelaure@gmail.com) ou par téléphone 0661747777 par SMS."
        ],
        "es": [
          "Clases de pastelería Art et Gourmandise\n\t\nTarta revisitada: Vainilla - caramelo y pacanas\n\nMiércoles 4 de octubre de 14h30 a 17h45\n\nInscripciones por correo electrónico (galloisannelaure@gmail.com) o por teléfono 0661747777 por SMS."
        ],
        "nl": [
          "Art et Gourmandise gebaklessen\n\t\nRevisited taart: Vanille - karamel en pecannoten\n\nWoensdag 4 oktober van 14.30 tot 17.45 uur\n\nInschrijven per e-mail (galloisannelaure@gmail.com) of per telefoon 0661747777 per sms."
        ]
      }
    }
  ],
  "hasGeographicReach": [
    {
      "@id": "kb:Local",
      "@type": [
        "GeographicReach"
      ],
      "rdfs:label": {
        "de": [
          "Lokal"
        ],
        "pt": [
          "Local"
        ],
        "en": [
          "Local"
        ],
        "it": [
          "Locale"
        ],
        "fr": [
          "Locale"
        ],
        "nl": [
          "Lokaal"
        ],
        "es": [
          "Local"
        ]
      }
    }
  ],
  "hasMainRepresentation": [
    {
      "@id": "https://data.datatourisme.fr/4492ee0f-6344-3ef2-ad32-c9a0efc7a4b0",
      "ebucore:hasAnnotation": [
        {
          "@id": "https://data.datatourisme.fr/facd0c65-c508-3c4c-9253-96779be87b14",
          "ebucore:isCoveredBy": "By-NC-ND 4.0",
          "ebucore:title": {
            "fr": [
              "art et gourmandise"
            ]
          },
          "@type": [
            "ebucore:Annotation"
          ],
          "credits": [
            "art et gourmandise"
          ]
        }
      ],
      "ebucore:hasRelatedResource": [
        {
          "@id": "https://data.datatourisme.fr/c34652fb-7053-3446-bb99-488de1d80806",
          "ebucore:hasMimeType": [
            {
              "@id": "kb:JPEG",
              "@type": [
                "ebucore:MimeType"
              ],
              "rdfs:comment": {
                "de": [
                  "JPEG-Bild"
                ],
                "pt": [
                  "Imagem JPEG"
                ],
                "en": [
                  "JPEG image file"
                ],
                "it": [
                  "Immagine JPEG"
                ],
                "fr": [
                  "Image JPEG"
                ],
                "nl": [
                  "JPEG-afbeelding"
                ],
                "es": [
                  "Imagen JPEG"
                ]
              },
              "rdfs:label": {
                "de": [
                  "image/jpeg"
                ],
                "pt": [
                  "image/jpeg"
                ],
                "en": [
                  "image/jpeg"
                ],
                "it": [
                  "image/jpeg"
                ],
                "fr": [
                  "image/jpeg"
                ],
                "nl": [
                  "image/jpeg"
                ],
                "es": [
                  "image/jpeg"
                ]
              }
            }
          ],
          "ebucore:locator": [
            "http://aquitaine.media.tourinsoft.eu/Upload/dp6-large.jpg"
          ],
          "@type": [
            "ebucore:Resource"
          ]
        }
      ],
      "@type": [
        "ebucore:EditorialObject"
      ]
    }
  ],
  "hasRepresentation": [
    {
      "@id": "https://data.datatourisme.fr/4492ee0f-6344-3ef2-ad32-c9a0efc7a4b0",
      "ebucore:hasAnnotation": [
        {
          "@id": "https://data.datatourisme.fr/facd0c65-c508-3c4c-9253-96779be87b14",
          "ebucore:isCoveredBy": "By-NC-ND 4.0",
          "ebucore:title": {
            "fr": [
              "art et gourmandise"
            ]
          },
          "@type": [
            "ebucore:Annotation"
          ],
          "credits": [
            "art et gourmandise"
          ]
        }
      ],
      "ebucore:hasRelatedResource": [
        {
          "@id": "https://data.datatourisme.fr/c34652fb-7053-3446-bb99-488de1d80806",
          "ebucore:hasMimeType": [
            {
              "@id": "kb:JPEG",
              "@type": [
                "ebucore:MimeType"
              ],
              "rdfs:comment": {
                "de": [
                  "JPEG-Bild"
                ],
                "pt": [
                  "Imagem JPEG"
                ],
                "en": [
                  "JPEG image file"
                ],
                "it": [
                  "Immagine JPEG"
                ],
                "fr": [
                  "Image JPEG"
                ],
                "nl": [
                  "JPEG-afbeelding"
                ],
                "es": [
                  "Imagen JPEG"
                ]
              },
              "rdfs:label": {
                "de": [
                  "image/jpeg"
                ],
                "pt": [
                  "image/jpeg"
                ],
                "en": [
                  "image/jpeg"
                ],
                "it": [
                  "image/jpeg"
                ],
                "fr": [
                  "image/jpeg"
                ],
                "nl": [
                  "image/jpeg"
                ],
                "es": [
                  "image/jpeg"
                ]
              }
            }
          ],
          "ebucore:locator": [
            "http://aquitaine.media.tourinsoft.eu/Upload/dp6-large.jpg"
          ],
          "@type": [
            "ebucore:Resource"
          ]
        }
      ],
      "@type": [
        "ebucore:EditorialObject"
      ]
    }
  ],
  "hasTheme": [
    {
      "@id": "kb:Gastronomy",
      "@type": [
        "CulturalTheme"
      ],
      "rdfs:label": {
        "de": [
          "Gastronomie"
        ],
        "pt": [
          "Gastronomia"
        ],
        "en": [
          "Gastronomy"
        ],
        "it": [
          "Gastronomia"
        ],
        "fr": [
          "Gastronomie"
        ],
        "nl": [
          "Gastronomie"
        ],
        "es": [
          "Gastronomía"
        ]
      }
    }
  ],
  "hasTranslatedProperty": [
    {
      "@id": "https://data.datatourisme.fr/4166f983-c54c-368b-ae1d-56ddd94078ed",
      "dc:contributor": [
        "https://api.deepl.com/v2/translate"
      ],
      "rdf:language": [
        "nl"
      ],
      "rdf:predicate": [
        {
          "@id": "rdfs:comment"
        }
      ]
    },
    {
      "@id": "https://data.datatourisme.fr/98c9b169-4636-3b99-8544-ed455cb6ab81",
      "dc:contributor": [
        "https://api.deepl.com/v2/translate"
      ],
      "rdf:language": [
        "en"
      ],
      "rdf:predicate": [
        {
          "@id": "rdfs:comment"
        }
      ]
    },
    {
      "@id": "https://data.datatourisme.fr/bc329a24-119e-3965-b290-2c0abb099cee",
      "dc:contributor": [
        "https://api.deepl.com/v2/translate"
      ],
      "rdf:language": [
        "de"
      ],
      "rdf:predicate": [
        {
          "@id": "rdfs:comment"
        }
      ]
    },
    {
      "@id": "https://data.datatourisme.fr/c8293e09-0150-3db2-bd39-fef440615c20",
      "dc:contributor": [
        "https://api.deepl.com/v2/translate"
      ],
      "rdf:language": [
        "es"
      ],
      "rdf:predicate": [
        {
          "@id": "rdfs:comment"
        }
      ]
    },
    {
      "@id": "https://data.datatourisme.fr/f617078a-855d-36c6-9bc5-f8514be73f52",
      "dc:contributor": [
        "https://api.deepl.com/v2/translate"
      ],
      "rdf:language": [
        "it"
      ],
      "rdf:predicate": [
        {
          "@id": "rdfs:comment"
        }
      ]
    }
  ],
  "isLocatedAt": [
    {
      "@id": "https://data.datatourisme.fr/f6d5ff4c-79ee-36d8-9289-c025d2acb63b",
      "schema:address": [
        {
          "@id": "https://data.datatourisme.fr/0303374e-06b0-3db2-9076-069984680259",
          "schema:addressLocality": "Melle",
          "schema:postalCode": "79500",
          "schema:streetAddress": [
            "32 Avenue Roger Aubin",
            "Art et Gourmandise"
          ],
          "@type": [
            "schema:PostalAddress",
            "PostalAddress"
          ],
          "hasAddressCity": {
            "@id": "kb:79174",
            "@type": [
              "City"
            ],
            "rdfs:label": {
              "de": [
                "Melle"
              ],
              "pt": [
                "Melle"
              ],
              "en": [
                "Melle"
              ],
              "it": [
                "Melle"
              ],
              "fr": [
                "Melle"
              ],
              "nl": [
                "Melle"
              ],
              "es": [
                "Melle"
              ]
            },
            "insee": "79174",
            "isPartOfDepartment": {
              "@id": "kb:France7579",
              "@type": [
                "Department"
              ],
              "rdfs:label": {
                "de": [
                  "Deux-Sèvres"
                ],
                "pt": [
                  "Deux-Sèvres"
                ],
                "en": [
                  "Deux-Sèvres"
                ],
                "it": [
                  "Deux-Sèvres"
                ],
                "fr": [
                  "Deux-Sèvres"
                ],
                "nl": [
                  "Deux-Sèvres"
                ],
                "es": [
                  "Deux-Sèvres"
                ]
              },
              "insee": "79",
              "isPartOfRegion": {
                "@id": "kb:France75",
                "@type": [
                  "Region"
                ],
                "rdfs:label": {
                  "de": [
                    "Nouvelle-Aquitaine"
                  ],
                  "pt": [
                    "Nouvelle-Aquitaine"
                  ],
                  "en": [
                    "Nouvelle-Aquitaine"
                  ],
                  "it": [
                    "Nouvelle-Aquitaine"
                  ],
                  "fr": [
                    "Nouvelle-Aquitaine"
                  ],
                  "nl": [
                    "Nouvelle-Aquitaine"
                  ],
                  "es": [
                    "Nouvelle-Aquitaine"
                  ]
                },
                "insee": "75",
                "isPartOfCountry": {
                  "@id": "kb:France",
                  "@type": [
                    "schema:Country"
                  ],
                  "rdfs:label": {
                    "de": [
                      "France",
                      "Frankreich"
                    ],
                    "pt": [
                      "França",
                      "France"
                    ],
                    "en": [
                      "France"
                    ],
                    "it": [
                      "France",
                      "Francia"
                    ],
                    "fr": [
                      "France"
                    ],
                    "nl": [
                      "France",
                      "Frankrijk"
                    ],
                    "es": [
                      "France",
                      "Francia"
                    ]
                  }
                }
              }
            }
          }
        }
      ],
      "schema:geo": {
        "@id": "https://data.datatourisme.fr/a7c64dbc-07ec-3ac9-bfd0-17c24cc3bc10",
        "schema:latitude": "46.22341",
        "schema:longitude": "-0.15139",
        "@type": [
          "schema:GeoCoordinates"
        ]
      },
      "@type": [
        "schema:Place",
        "Place"
      ],
      "altInsee": [
        "79174"
      ]
    }
  ],
  "isOwnedBy": [
    {
      "@id": "https://data.datatourisme.fr/78abfc0d-a26e-364b-b369-53c5b0844a68",
      "schema:legalName": "Art et Gourmandise",
      "schema:telephone": [
        "+33 6 61 74 77 77"
      ],
      "@type": [
        "schema:Organization",
        "foaf:Agent",
        "Agent"
      ],
      "foaf:homepage": [
        "https://art-et-gourmandise-alg.fr/"
      ]
    }
  ],
  "lastUpdate": "2023-09-04",
  "lastUpdateDatatourisme": "2023-09-28T00:04:23.605Z",
  "offers": [
    {
      "@id": "https://data.datatourisme.fr/104af2d5-1c5b-363f-9978-ceac450e6c06",
      "schema:priceSpecification": [
        {
          "@id": "https://data.datatourisme.fr/47a12ce3-7ba6-3a42-ac4e-c4b3cde3153b",
          "schema:maxPrice": [
            "55"
          ],
          "schema:minPrice": [
            "55"
          ],
          "schema:priceCurrency": "EUR",
          "@type": [
            "schema:PriceSpecification",
            "PriceSpecification"
          ],
          "hasEligiblePolicy": [
            {
              "@id": "kb:ReducedRate",
              "@type": [
                "PricingPolicy"
              ],
              "rdfs:label": {
                "de": [
                  "Ermäßigter Tarif"
                ],
                "pt": [
                  "Preço reduzido"
                ],
                "en": [
                  "Reduced rate"
                ],
                "it": [
                  "Prezzo ridotto"
                ],
                "fr": [
                  "Tarif réduit"
                ],
                "es": [
                  "Tarifa reducida"
                ],
                "nl": [
                  "Gereduceerd tarief"
                ]
              }
            }
          ],
          "hasPricingMode": [
            {
              "@id": "kb:PerPerson",
              "@type": [
                "PricingMode"
              ],
              "rdfs:label": {
                "de": [
                  "Pro Person"
                ],
                "pt": [
                  "Por pessoa"
                ],
                "en": [
                  "Per person"
                ],
                "it": [
                  "Per persona"
                ],
                "fr": [
                  "Par personne"
                ],
                "es": [
                  "Por persona"
                ],
                "nl": [
                  "Per persoon"
                ]
              }
            },
            {
              "@id": "kb:PerUnit",
              "@type": [
                "PricingMode"
              ],
              "rdfs:label": {
                "de": [
                  "Pro Einheit"
                ],
                "pt": [
                  "Por unidade"
                ],
                "en": [
                  "Per unit"
                ],
                "it": [
                  "Per unità"
                ],
                "fr": [
                  "A l'unité"
                ],
                "es": [
                  "Por unidad"
                ],
                "nl": [
                  "Per eenheid"
                ]
              }
            }
          ]
        },
        {
          "@id": "https://data.datatourisme.fr/f0725c92-bede-3918-a958-90654ed1935f",
          "schema:maxPrice": [
            "70"
          ],
          "schema:minPrice": [
            "70"
          ],
          "schema:priceCurrency": "EUR",
          "@type": [
            "schema:PriceSpecification",
            "PriceSpecification"
          ],
          "hasEligiblePolicy": [
            {
              "@id": "kb:BaseRateFullRate",
              "@type": [
                "PricingPolicy"
              ],
              "rdfs:label": {
                "de": [
                  "Basistarif – voller Tarif"
                ],
                "pt": [
                  "Preço de base — preço total"
                ],
                "en": [
                  "Base rate - full rate"
                ],
                "it": [
                  "Tariffa di base — tariffa intera"
                ],
                "fr": [
                  "Tarif de base - plein tarif"
                ],
                "es": [
                  "Tarifa básica - tarifa completa"
                ],
                "nl": [
                  "Basistarief - vol tarief"
                ]
              }
            }
          ],
          "hasPricingMode": [
            {
              "@id": "kb:PerPerson",
              "@type": [
                "PricingMode"
              ],
              "rdfs:label": {
                "de": [
                  "Pro Person"
                ],
                "pt": [
                  "Por pessoa"
                ],
                "en": [
                  "Per person"
                ],
                "it": [
                  "Per persona"
                ],
                "fr": [
                  "Par personne"
                ],
                "es": [
                  "Por persona"
                ],
                "nl": [
                  "Per persoon"
                ]
              }
            },
            {
              "@id": "kb:PerUnit",
              "@type": [
                "PricingMode"
              ],
              "rdfs:label": {
                "de": [
                  "Pro Einheit"
                ],
                "pt": [
                  "Por unidade"
                ],
                "en": [
                  "Per unit"
                ],
                "it": [
                  "Per unità"
                ],
                "fr": [
                  "A l'unité"
                ],
                "es": [
                  "Por unidad"
                ],
                "nl": [
                  "Per eenheid"
                ]
              }
            }
          ],
          "hasPricingOffer": [
            {
              "@id": "kb:Ticket",
              "@type": [
                "ActivityPricingOffer"
              ],
              "rdfs:label": {
                "de": [
                  "Eintrittskarte, Eintrittsgeld, Pauschale"
                ],
                "pt": [
                  "Bilhete, Direito de entrada, Preço fixo"
                ],
                "en": [
                  "Ticket, Entry fee, Pass"
                ],
                "it": [
                  "Biglietto, diritto d'ingresso, forfait"
                ],
                "fr": [
                  "Ticket, Droit d'entrée, Forfait"
                ],
                "nl": [
                  "Ticket, toegangsbewijs, pas"
                ],
                "es": [
                  "Billete, entrada, forfait"
                ]
              }
            }
          ]
        }
      ],
      "@type": [
        "schema:Offer",
        "Offer"
      ]
    }
  ],
  "takesPlaceAt": [
    {
      "@id": "https://data.datatourisme.fr/98ed36cd-9f9a-3254-b328-829f91589ae3",
      "@type": [
        "Period"
      ],
      "endDate": "2023-10-04",
      "endTime": "17:45:00",
      "startDate": "2023-10-04",
      "startTime": "14:30:00"
    }
  ]
}