{
  "@id": "https://data.datatourisme.fr/23/007891ff-398a-34fd-81fa-55069c4ac2f5",
  "dc:identifier": "PCUAQU033V50KPGZ",
  "@type": [
    "CulturalSite",
    "PlaceOfInterest",
    "PointOfInterest"
  ],
  "rdfs:comment": {
    "de": [
      "Wenn sich in den frühen Morgenstunden der Nebel entlang des Hafens von Issan legt, verwandelt er die gewohnten Ufer in eine fast übernatürliche Landschaft.\n\nDie Anlegestellen und kleinen Fischerboote (je nach Jahreszeit werden hier Aale, Neunaugen oder Maifische gefangen) scheinen in den ruhigen Gewässern zu warten, einige Mündungsvögel tauchen ab und schlüpfen in die Wellen, weiter hinten verschmelzen die Insel Macau und die Insel Margaux im Hintergrund (sie liegen direkt vor dem Hafen).\n\nHier vergehen die Stunden ruhiger als anderswo: Die Augen verlieren sich unaufhörlich in den Gewässern der Gironde. Auf dem schattigen Vorplatz kann man auch einige Produkte aus dem Médoc probieren.\n\nEs ist ein etwas magischer Ort, an dem früher die Gabarres anlegten, um ihre kostbare Fracht zu wechseln..."
    ],
    "en": [
      "When at dawn, the mist settles along the port of Issan, it transforms the usual banks into an almost supernatural landscape.\n\nThe piers and small fishing boats (eels, lampreys or shad are fished here depending on the season) seem to be waiting in the calm waters, some estuarine birds dive and glide into the waves, further on the island of Macau and Margaux Island blend into the background (they are located right in front of the harbour).\n\nHere, the hours go by more quietly than elsewhere: the eyes get lost without ceasing in the waters of the Gironde. You can also take advantage of the shaded terrace to taste some Medocain products from the basket.\n\nIt's a magical place, in the past the barges used to dock here to change their precious cargoes ..."
    ],
    "it": [
      "Quando, all'alba, la nebbia si posa lungo il porto di Issan, trasforma le solite rive in un paesaggio quasi soprannaturale.\n\nI moli e le piccole imbarcazioni da pesca (qui si pescano anguille, lamprede o alose, a seconda della stagione) sembrano aspettare nelle acque calme, alcuni uccelli dell'estuario si tuffano e si infilano nelle onde, mentre più avanti l'isola di Macao e l'isola di Margaux si confondono sullo sfondo (si trovano proprio di fronte al porto).\n\nQui le ore passano più lentamente che altrove: lo sguardo si perde costantemente nelle acque della Gironda. Si può anche approfittare della terrazza ombreggiata per assaggiare alcuni prodotti del Medoc dal cestino.\n\nÈ un luogo un po' magico, in passato le chiatte attraccavano qui per cambiare i loro preziosi carichi..."
    ],
    "fr": [
      "Quand au petit jour, la brume se dépose le long du port d'Issan, elle transforme les berges habituelles en un paysage presque surnaturel.\n\nLes embarcadères et petits bateaux de pêcheurs (on y pratique la pêche aux anguilles, lamproies ou aloses selon la saison) semblent attendre dans les eaux tranquilles, quelques oiseaux estuariens plongent et se glissent dans les vaguelettes, plus loin l'île de Macau et l'île Margaux se fondent en arrière-plan (elles se situent juste en face du port).\n\nIci, les heures s'égrainent plus tranquillement qu'ailleurs : les yeux se perdent sans cesses dans les eaux de la Gironde. On profite également du terre-plein ombragé pour déguster quelques produits médocains sortis du panier.\n\nC'est un lieu un peu magique, autrefois les gabarres y accostaient pour changer leurs précieuses cargaisons ..."
    ],
    "nl": [
      "Wanneer bij zonsopgang de mist optrekt langs de haven van Issan, verandert deze de gebruikelijke oevers in een bijna bovennatuurlijk landschap.\n\nDe pieren en kleine vissersboten (hier worden palingen, lampreien of shads gevangen, afhankelijk van het seizoen) lijken te wachten in het rustige water, enkele estuariene vogels duiken en glijden in de golven, verderop gaan het eiland Macau en het eiland Margaux op in de achtergrond (ze liggen recht tegenover de haven).\n\nHier gaan de uren langzamer voorbij dan elders: de ogen gaan voortdurend verloren in het water van de Gironde. U kunt ook gebruik maken van het schaduwrijke terras om wat Medoc producten uit de mand te proeven.\n\nHet is een enigszins magische plek, in het verleden meerden schuiten hier aan om hun kostbare lading te verversen..."
    ],
    "es": [
      "Cuando, al amanecer, la niebla se instala a lo largo del puerto de Issan, transforma las habituales orillas en un paisaje casi sobrenatural.\n\nLos muelles y las pequeñas embarcaciones de pesca (aquí se pescan anguilas, lampreas o sábalos, según la temporada) parecen esperar en las aguas tranquilas, algunas aves de estuario se zambullen y se deslizan en las olas, más allá la isla de Macao y la isla de Margaux se funden en el fondo (están situadas justo enfrente del puerto).\n\nAquí, las horas pasan más lentamente que en otros lugares: los ojos se pierden constantemente en las aguas de la Gironda. También puede aprovechar la terraza a la sombra para degustar algunos productos del Medoc de la cesta.\n\nEs un lugar un tanto mágico, en el pasado, las barcazas atracaban aquí para cambiar sus preciados cargamentos..."
    ]
  },
  "rdfs:label": {
    "de": [
      "Port d'Issan"
    ],
    "en": [
      "Port d'Issan"
    ],
    "fr": [
      "Port d'Issan"
    ],
    "nl": [
      "Port d'Issan"
    ],
    "es": [
      "Port d'Issan"
    ]
  },
  "owl:sameAs": [
    "http://www.wikidata.org/entity/Q120475956"
  ],
  "creationDate": "2018-05-17",
  "hasBeenCreatedBy": {
    "@id": "https://data.datatourisme.fr/23/f9337bb7-afdb-3b43-ab81-b92f5ae5d719",
    "dc:identifier": "2a79f82c-67b7-469d-88f0-94ccb95cd932",
    "schema:legalName": "CDC Médoc Estuaire",
    "@type": [
      "schema:Organization",
      "foaf:Agent",
      "Agent"
    ]
  },
  "hasBeenPublishedBy": [
    {
      "@id": "https://data.datatourisme.fr/05dc9cb8-2fa5-383d-b87b-497de06649a2",
      "schema:email": [
        "sirtaqui@na-tourisme.com"
      ],
      "schema:legalName": "SIRTAQUI Nouvelle-Aquitaine",
      "schema:logo": "http://aquitaine.media.tourinsoft.eu/upload/Logo-Sirtaqui-1280x405.jpg",
      "@type": [
        "schema:Organization",
        "foaf:Agent",
        "Agent"
      ],
      "rdfs:comment": {
        "de": [
          "Collecter, mettre en commun et diffuser le plus largement possible une information complète et de qualité au service de nos habitants et de nos visiteurs : voici les objectifs du SIRTAQUI, Système d’Information Régional Touristique de Nouvelle-AQUItaine. Le dispositif est mis en œuvre conjointement par le Comité Régional de Tourisme de Nouvelle-Aquitaine, les services touristiques de la Corrèze, de la Creuse, de la Dordogne, de la Gironde, des Landes, du Lot-et-Garonne, des Pyrénées-Atlantiques, des Deux-Sèvres, de la Vienne et de la Haute-Vienne, en collaboration avec les Offices de Tourisme, et avec le soutien financier de l’Europe et du Conseil Régional."
        ],
        "en": [
          "Collecter, mettre en commun et diffuser le plus largement possible une information complète et de qualité au service de nos habitants et de nos visiteurs : voici les objectifs du SIRTAQUI, Système d’Information Régional Touristique de Nouvelle-AQUItaine. Le dispositif est mis en œuvre conjointement par le Comité Régional de Tourisme de Nouvelle-Aquitaine, les services touristiques de la Corrèze, de la Creuse, de la Dordogne, de la Gironde, des Landes, du Lot-et-Garonne, des Pyrénées-Atlantiques, des Deux-Sèvres, de la Vienne et de la Haute-Vienne, en collaboration avec les Offices de Tourisme, et avec le soutien financier de l’Europe et du Conseil Régional."
        ],
        "it": [
          "L'obiettivo di SIRTAQUI, il Sistema Regionale di Informazione Turistica della Nuova Aquitania, è quello di raccogliere, mettere in comune e diffondere il più possibile informazioni complete e di qualità a beneficio dei nostri residenti e visitatori. Il sistema è realizzato congiuntamente dal Comité Régional de Tourisme de Nouvelle-Aquitaine, dai servizi turistici di Corrèze, Creuse, Dordogne, Gironde, Landes, Lot-et-Garonne, Pyrénées-Atlantiques, Deux-Sèvres, Vienne e Haute-Vienne, in collaborazione con gli Uffici del Turismo e con il sostegno finanziario dell'Europa e del Conseil Régional."
        ],
        "fr": [
          "Collecter, mettre en commun et diffuser le plus largement possible une information complète et de qualité au service de nos habitants et de nos visiteurs : voici les objectifs du SIRTAQUI, Système d’Information Régional Touristique de Nouvelle-AQUItaine. Le dispositif est mis en œuvre conjointement par le Comité Régional de Tourisme de Nouvelle-Aquitaine, les services touristiques de la Corrèze, de la Creuse, de la Dordogne, de la Gironde, des Landes, du Lot-et-Garonne, des Pyrénées-Atlantiques, des Deux-Sèvres, de la Vienne et de la Haute-Vienne, en collaboration avec les Offices de Tourisme, et avec le soutien financier de l’Europe et du Conseil Régional."
        ],
        "nl": [
          "Collecter, mettre en commun et diffuser le plus largement possible une information complète et de qualité au service de nos habitants et de nos visiteurs : voici les objectifs du SIRTAQUI, Système d’Information Régional Touristique de Nouvelle-AQUItaine. Le dispositif est mis en œuvre conjointement par le Comité Régional de Tourisme de Nouvelle-Aquitaine, les services touristiques de la Corrèze, de la Creuse, de la Dordogne, de la Gironde, des Landes, du Lot-et-Garonne, des Pyrénées-Atlantiques, des Deux-Sèvres, de la Vienne et de la Haute-Vienne, en collaboration avec les Offices de Tourisme, et avec le soutien financier de l’Europe et du Conseil Régional."
        ],
        "es": [
          "Collecter, mettre en commun et diffuser le plus largement possible une information complète et de qualité au service de nos habitants et de nos visiteurs : voici les objectifs du SIRTAQUI, Système d’Information Régional Touristique de Nouvelle-AQUItaine. Le dispositif est mis en œuvre conjointement par le Comité Régional de Tourisme de Nouvelle-Aquitaine, les services touristiques de la Corrèze, de la Creuse, de la Dordogne, de la Gironde, des Landes, du Lot-et-Garonne, des Pyrénées-Atlantiques, des Deux-Sèvres, de la Vienne et de la Haute-Vienne, en collaboration avec les Offices de Tourisme, et avec le soutien financier de l’Europe et du Conseil Régional."
        ]
      },
      "foaf:homepage": [
        "http://www.sirtaqui-aquitaine.com/"
      ],
      "hasTranslatedProperty": [
        {
          "@id": "https://data.datatourisme.fr/eef27e75-4a23-313e-a6ee-797e7b64a1cd",
          "dc:contributor": [
            "https://api.deepl.com/v2/translate"
          ],
          "rdf:language": [
            "it"
          ],
          "rdf:predicate": [
            {
              "@id": "rdfs:comment"
            }
          ]
        }
      ]
    }
  ],
  "hasBookingContact": [
    {
      "@id": "https://data.datatourisme.fr/3cbe41fe-5e4f-3230-af9f-045cd7c6adfe",
      "schema:legalName": "Mairie de Margaux-Cantenac",
      "schema:telephone": [
        "+33 5 57 88 34 12"
      ],
      "@type": [
        "schema:Organization",
        "foaf:Agent",
        "Agent"
      ]
    }
  ],
  "hasContact": [
    {
      "@id": "https://data.datatourisme.fr/3cbe41fe-5e4f-3230-af9f-045cd7c6adfe",
      "schema:legalName": "Mairie de Margaux-Cantenac",
      "schema:telephone": [
        "+33 5 57 88 34 12"
      ],
      "@type": [
        "schema:Organization",
        "foaf:Agent",
        "Agent"
      ]
    },
    {
      "@id": "https://data.datatourisme.fr/6fb855c1-2f4c-348a-bc16-353eea8ab0a6",
      "schema:legalName": "Port d'Issan",
      "schema:telephone": [
        "+33 5 57 88 34 12"
      ],
      "@type": [
        "schema:Organization",
        "foaf:Agent",
        "Agent"
      ]
    }
  ],
  "hasDescription": [
    {
      "@id": "https://data.datatourisme.fr/ee9cf008-e4db-357a-83e3-85f63b2dcecc",
      "dc:description": {
        "de": [
          "Wenn sich in den frühen Morgenstunden der Nebel entlang des Hafens von Issan legt, verwandelt er die gewohnten Ufer in eine fast übernatürliche Landschaft.\n\nDie Anlegestellen und kleinen Fischerboote (je nach Jahreszeit werden hier Aale, Neunaugen oder Maifische gefangen) scheinen in den ruhigen Gewässern zu warten, einige Mündungsvögel tauchen ab und schlüpfen in die Wellen, weiter hinten verschmelzen die Insel Macau und die Insel Margaux im Hintergrund (sie liegen direkt vor dem Hafen).\n\nHier vergehen die Stunden ruhiger als anderswo: Die Augen verlieren sich unaufhörlich in den Gewässern der Gironde. Auf dem schattigen Vorplatz kann man auch einige Produkte aus dem Médoc probieren.\n\nEs ist ein etwas magischer Ort, an dem früher die Gabarres anlegten, um ihre kostbare Fracht zu wechseln..."
        ],
        "en": [
          "When at dawn, the mist settles along the port of Issan, it transforms the usual banks into an almost supernatural landscape.\n\nThe piers and small fishing boats (eels, lampreys or shad are fished here depending on the season) seem to be waiting in the calm waters, some estuarine birds dive and glide into the waves, further on the island of Macau and Margaux Island blend into the background (they are located right in front of the harbour).\n\nHere, the hours go by more quietly than elsewhere: the eyes get lost without ceasing in the waters of the Gironde. You can also take advantage of the shaded terrace to taste some Medocain products from the basket.\n\nIt's a magical place, in the past the barges used to dock here to change their precious cargoes ..."
        ],
        "it": [
          "Quando, all'alba, la nebbia si posa lungo il porto di Issan, trasforma le solite rive in un paesaggio quasi soprannaturale.\n\nI moli e le piccole imbarcazioni da pesca (qui si pescano anguille, lamprede o alose, a seconda della stagione) sembrano aspettare nelle acque calme, alcuni uccelli dell'estuario si tuffano e si infilano nelle onde, mentre più avanti l'isola di Macao e l'isola di Margaux si confondono sullo sfondo (si trovano proprio di fronte al porto).\n\nQui le ore passano più lentamente che altrove: lo sguardo si perde costantemente nelle acque della Gironda. Si può anche approfittare della terrazza ombreggiata per assaggiare alcuni prodotti del Medoc dal cestino.\n\nÈ un luogo un po' magico, in passato le chiatte attraccavano qui per cambiare i loro preziosi carichi..."
        ],
        "fr": [
          "Quand au petit jour, la brume se dépose le long du port d'Issan, elle transforme les berges habituelles en un paysage presque surnaturel.\n\nLes embarcadères et petits bateaux de pêcheurs (on y pratique la pêche aux anguilles, lamproies ou aloses selon la saison) semblent attendre dans les eaux tranquilles, quelques oiseaux estuariens plongent et se glissent dans les vaguelettes, plus loin l'île de Macau et l'île Margaux se fondent en arrière-plan (elles se situent juste en face du port).\n\nIci, les heures s'égrainent plus tranquillement qu'ailleurs : les yeux se perdent sans cesses dans les eaux de la Gironde. On profite également du terre-plein ombragé pour déguster quelques produits médocains sortis du panier.\n\nC'est un lieu un peu magique, autrefois les gabarres y accostaient pour changer leurs précieuses cargaisons ..."
        ],
        "nl": [
          "Wanneer bij zonsopgang de mist optrekt langs de haven van Issan, verandert deze de gebruikelijke oevers in een bijna bovennatuurlijk landschap.\n\nDe pieren en kleine vissersboten (hier worden palingen, lampreien of shads gevangen, afhankelijk van het seizoen) lijken te wachten in het rustige water, enkele estuariene vogels duiken en glijden in de golven, verderop gaan het eiland Macau en het eiland Margaux op in de achtergrond (ze liggen recht tegenover de haven).\n\nHier gaan de uren langzamer voorbij dan elders: de ogen gaan voortdurend verloren in het water van de Gironde. U kunt ook gebruik maken van het schaduwrijke terras om wat Medoc producten uit de mand te proeven.\n\nHet is een enigszins magische plek, in het verleden meerden schuiten hier aan om hun kostbare lading te verversen..."
        ],
        "es": [
          "Cuando, al amanecer, la niebla se instala a lo largo del puerto de Issan, transforma las habituales orillas en un paisaje casi sobrenatural.\n\nLos muelles y las pequeñas embarcaciones de pesca (aquí se pescan anguilas, lampreas o sábalos, según la temporada) parecen esperar en las aguas tranquilas, algunas aves de estuario se zambullen y se deslizan en las olas, más allá la isla de Macao y la isla de Margaux se funden en el fondo (están situadas justo enfrente del puerto).\n\nAquí, las horas pasan más lentamente que en otros lugares: los ojos se pierden constantemente en las aguas de la Gironda. También puede aprovechar la terraza a la sombra para degustar algunos productos del Medoc de la cesta.\n\nEs un lugar un tanto mágico, en el pasado, las barcazas atracaban aquí para cambiar sus preciados cargamentos..."
        ]
      },
      "@type": [
        "Description"
      ],
      "hasTranslatedProperty": [
        {
          "@id": "https://data.datatourisme.fr/2dee5099-9d12-3a2c-9b46-daf8d7c23d77",
          "dc:contributor": [
            "https://api.deepl.com/v2/translate"
          ],
          "rdf:language": [
            "nl"
          ],
          "rdf:predicate": [
            "shortDescription"
          ]
        },
        {
          "@id": "https://data.datatourisme.fr/33bdbcc9-0021-33d2-901c-fc7799b68bd0",
          "dc:contributor": [
            "https://api.deepl.com/v2/translate"
          ],
          "rdf:language": [
            "it"
          ],
          "rdf:predicate": [
            {
              "@id": "dc:description"
            }
          ]
        },
        {
          "@id": "https://data.datatourisme.fr/48f54d19-db70-36eb-989d-f38885e20c91",
          "dc:contributor": [
            "https://api.deepl.com/v2/translate"
          ],
          "rdf:language": [
            "it"
          ],
          "rdf:predicate": [
            "shortDescription"
          ]
        },
        {
          "@id": "https://data.datatourisme.fr/6d2d12bf-0297-38ef-986a-23b747170436",
          "dc:contributor": [
            "https://api.deepl.com/v2/translate"
          ],
          "rdf:language": [
            "en"
          ],
          "rdf:predicate": [
            {
              "@id": "dc:description"
            }
          ]
        },
        {
          "@id": "https://data.datatourisme.fr/6e666126-4a70-37ab-86ab-15fd83325a32",
          "dc:contributor": [
            "https://api.deepl.com/v2/translate"
          ],
          "rdf:language": [
            "es"
          ],
          "rdf:predicate": [
            {
              "@id": "dc:description"
            }
          ]
        },
        {
          "@id": "https://data.datatourisme.fr/9ab49e6d-b9a3-38d8-acc2-272dda89b033",
          "dc:contributor": [
            "https://api.deepl.com/v2/translate"
          ],
          "rdf:language": [
            "es"
          ],
          "rdf:predicate": [
            "shortDescription"
          ]
        },
        {
          "@id": "https://data.datatourisme.fr/a997a85e-c636-3c05-a099-155f198a2765",
          "dc:contributor": [
            "https://api.deepl.com/v2/translate"
          ],
          "rdf:language": [
            "de"
          ],
          "rdf:predicate": [
            {
              "@id": "dc:description"
            }
          ]
        },
        {
          "@id": "https://data.datatourisme.fr/d7f61954-7762-3d77-8a21-b43205516922",
          "dc:contributor": [
            "https://api.deepl.com/v2/translate"
          ],
          "rdf:language": [
            "nl"
          ],
          "rdf:predicate": [
            {
              "@id": "dc:description"
            }
          ]
        },
        {
          "@id": "https://data.datatourisme.fr/decfe583-8698-36bd-bcd7-0156234a1228",
          "dc:contributor": [
            "https://api.deepl.com/v2/translate"
          ],
          "rdf:language": [
            "de"
          ],
          "rdf:predicate": [
            "shortDescription"
          ]
        },
        {
          "@id": "https://data.datatourisme.fr/f60dd68a-a378-3bf5-8747-4de500ed7e42",
          "dc:contributor": [
            "https://api.deepl.com/v2/translate"
          ],
          "rdf:language": [
            "en"
          ],
          "rdf:predicate": [
            "shortDescription"
          ]
        }
      ],
      "isDedicatedTo": [
        {
          "@id": "kb:Yachtsman",
          "@type": [
            "PeopleAudience"
          ],
          "rdfs:label": {
            "de": [
              "Segler"
            ],
            "pt": [
              "Velejadores"
            ],
            "en": [
              "Yachtsman"
            ],
            "it": [
              "Velisti"
            ],
            "fr": [
              "Plaisanciers"
            ],
            "nl": [
              "Watersporters"
            ],
            "es": [
              "Embarcaciones de recreo"
            ]
          }
        }
      ],
      "shortDescription": {
        "de": [
          "Wenn sich in den frühen Morgenstunden der Nebel entlang des Hafens von Issan legt, verwandelt er die gewohnten Ufer in eine fast übernatürliche Landschaft.\n\nDie Anlegestellen und kleinen Fischerboote (je nach Jahreszeit werden hier Aale, Neunaugen oder Maifische gefangen) scheinen in den ruhigen Gewässern zu warten, einige Mündungsvögel tauchen ab und schlüpfen in die Wellen, weiter hinten verschmelzen die Insel Macau und die Insel Margaux im Hintergrund (sie liegen direkt vor dem Hafen).\n\nHier vergehen die Stunden ruhiger als anderswo: Die Augen verlieren sich unaufhörlich in den Gewässern der Gironde. Auf dem schattigen Vorplatz kann man auch einige Produkte aus dem Médoc probieren.\n\nEs ist ein etwas magischer Ort, an dem früher die Gabarres anlegten, um ihre kostbare Fracht zu wechseln..."
        ],
        "en": [
          "When at dawn, the mist settles along the port of Issan, it transforms the usual banks into an almost supernatural landscape.\n\nThe piers and small fishing boats (eels, lampreys or shad are fished here depending on the season) seem to be waiting in the calm waters, some estuarine birds dive and glide into the waves, further on the island of Macau and Margaux Island blend into the background (they are located right in front of the harbour).\n\nHere, the hours go by more quietly than elsewhere: the eyes get lost without ceasing in the waters of the Gironde. You can also take advantage of the shaded terrace to taste some Medocain products from the basket.\n\nIt's a magical place, in the past the barges used to dock here to change their precious cargoes ..."
        ],
        "it": [
          "Quando, all'alba, la nebbia si posa lungo il porto di Issan, trasforma le solite rive in un paesaggio quasi soprannaturale.\n\nI moli e le piccole imbarcazioni da pesca (qui si pescano anguille, lamprede o alose, a seconda della stagione) sembrano aspettare nelle acque calme, alcuni uccelli dell'estuario si tuffano e si infilano nelle onde, mentre più avanti l'isola di Macao e l'isola di Margaux si confondono sullo sfondo (si trovano proprio di fronte al porto).\n\nQui le ore passano più lentamente che altrove: lo sguardo si perde costantemente nelle acque della Gironda. Si può anche approfittare della terrazza ombreggiata per assaggiare alcuni prodotti del Medoc dal cestino.\n\nÈ un luogo un po' magico, in passato le chiatte attraccavano qui per cambiare i loro preziosi carichi..."
        ],
        "fr": [
          "Quand au petit jour, la brume se dépose le long du port d'Issan, elle transforme les berges habituelles en un paysage presque surnaturel.\n\nLes embarcadères et petits bateaux de pêcheurs (on y pratique la pêche aux anguilles, lamproies ou aloses selon la saison) semblent attendre dans les eaux tranquilles, quelques oiseaux estuariens plongent et se glissent dans les vaguelettes, plus loin l'île de Macau et l'île Margaux se fondent en arrière-plan (elles se situent juste en face du port).\n\nIci, les heures s'égrainent plus tranquillement qu'ailleurs : les yeux se perdent sans cesses dans les eaux de la Gironde. On profite également du terre-plein ombragé pour déguster quelques produits médocains sortis du panier.\n\nC'est un lieu un peu magique, autrefois les gabarres y accostaient pour changer leurs précieuses cargaisons ..."
        ],
        "nl": [
          "Wanneer bij zonsopgang de mist optrekt langs de haven van Issan, verandert deze de gebruikelijke oevers in een bijna bovennatuurlijk landschap.\n\nDe pieren en kleine vissersboten (hier worden palingen, lampreien of shads gevangen, afhankelijk van het seizoen) lijken te wachten in het rustige water, enkele estuariene vogels duiken en glijden in de golven, verderop gaan het eiland Macau en het eiland Margaux op in de achtergrond (ze liggen recht tegenover de haven).\n\nHier gaan de uren langzamer voorbij dan elders: de ogen gaan voortdurend verloren in het water van de Gironde. U kunt ook gebruik maken van het schaduwrijke terras om wat Medoc producten uit de mand te proeven.\n\nHet is een enigszins magische plek, in het verleden meerden schuiten hier aan om hun kostbare lading te verversen..."
        ],
        "es": [
          "Cuando, al amanecer, la niebla se instala a lo largo del puerto de Issan, transforma las habituales orillas en un paisaje casi sobrenatural.\n\nLos muelles y las pequeñas embarcaciones de pesca (aquí se pescan anguilas, lampreas o sábalos, según la temporada) parecen esperar en las aguas tranquilas, algunas aves de estuario se zambullen y se deslizan en las olas, más allá la isla de Macao y la isla de Margaux se funden en el fondo (están situadas justo enfrente del puerto).\n\nAquí, las horas pasan más lentamente que en otros lugares: los ojos se pierden constantemente en las aguas de la Gironda. También puede aprovechar la terraza a la sombra para degustar algunos productos del Medoc de la cesta.\n\nEs un lugar un tanto mágico, en el pasado, las barcazas atracaban aquí para cambiar sus preciados cargamentos..."
        ]
      }
    }
  ],
  "hasFeature": [
    {
      "@id": "https://data.datatourisme.fr/4531512b-fbfe-39a1-98fa-3735244e055e",
      "@type": [
        "schema:PropertyValue",
        "FeatureSpecification"
      ],
      "petsAllowed": true
    }
  ],
  "hasMainRepresentation": [
    {
      "@id": "https://data.datatourisme.fr/c25ec5b6-7dc3-3b26-be60-52f8ebc50b2e",
      "ebucore:hasAnnotation": [
        {
          "@id": "https://data.datatourisme.fr/f66ffb83-cf36-3d3c-a525-1279f4d0df00",
          "ebucore:isCoveredBy": "By-NC-ND 4.0",
          "ebucore:title": {
            "fr": [
              "Port-d-Issan1-3"
            ]
          },
          "@type": [
            "ebucore:Annotation"
          ],
          "credits": [
            "CDC MEDOC ESTUAIRE"
          ]
        }
      ],
      "ebucore:hasRelatedResource": [
        {
          "@id": "https://data.datatourisme.fr/8f69f189-47d9-373d-8fdd-2a268d055aa3",
          "ebucore:hasMimeType": [
            {
              "@id": "kb:JPEG",
              "@type": [
                "ebucore:MimeType"
              ],
              "rdfs:comment": {
                "de": [
                  "JPEG-Bild"
                ],
                "pt": [
                  "Imagem JPEG"
                ],
                "en": [
                  "JPEG image file"
                ],
                "it": [
                  "Immagine JPEG"
                ],
                "fr": [
                  "Image JPEG"
                ],
                "nl": [
                  "JPEG-afbeelding"
                ],
                "es": [
                  "Imagen JPEG"
                ]
              },
              "rdfs:label": {
                "de": [
                  "image/jpeg"
                ],
                "pt": [
                  "image/jpeg"
                ],
                "en": [
                  "image/jpeg"
                ],
                "it": [
                  "image/jpeg"
                ],
                "fr": [
                  "image/jpeg"
                ],
                "nl": [
                  "image/jpeg"
                ],
                "es": [
                  "image/jpeg"
                ]
              }
            }
          ],
          "ebucore:locator": [
            "http://aquitaine.media.tourinsoft.eu/Upload/Port-d-Issan1-3.jpg"
          ],
          "@type": [
            "ebucore:Resource"
          ]
        }
      ],
      "@type": [
        "ebucore:EditorialObject"
      ]
    }
  ],
  "hasNeighborhood": [
    {
      "@id": "kb:NearARiverOrStream",
      "@type": [
        "SpatialEnvironmentTheme"
      ],
      "rdfs:label": {
        "de": [
          "Am Ufer eines Flusses oder eines Stroms"
        ],
        "pt": [
          "Na borda de um rio ou ribeira"
        ],
        "en": [
          "Near a river or stream"
        ],
        "it": [
          "Lungo il fiume"
        ],
        "fr": [
          "En bord de fleuve ou rivière"
        ],
        "nl": [
          "Aan de oever van een stroompje of rivier"
        ],
        "es": [
          "A orillas de un río"
        ]
      }
    }
  ],
  "hasRepresentation": [
    {
      "@id": "https://data.datatourisme.fr/013f60e8-6459-313b-a791-4b5c39a435c6",
      "ebucore:hasAnnotation": [
        {
          "@id": "https://data.datatourisme.fr/95b363e1-781e-34b3-88e8-ea5ec4d93581",
          "ebucore:isCoveredBy": "By-NC-ND 4.0",
          "ebucore:title": {
            "fr": [
              "Port-d-Issan4-4"
            ]
          },
          "@type": [
            "ebucore:Annotation"
          ],
          "credits": [
            "CDC MEDOC ESTUAIRE"
          ]
        }
      ],
      "ebucore:hasRelatedResource": [
        {
          "@id": "https://data.datatourisme.fr/a5f11df5-e8f0-375a-b919-8d8b32778942",
          "ebucore:hasMimeType": [
            {
              "@id": "kb:JPEG",
              "@type": [
                "ebucore:MimeType"
              ],
              "rdfs:comment": {
                "de": [
                  "JPEG-Bild"
                ],
                "pt": [
                  "Imagem JPEG"
                ],
                "en": [
                  "JPEG image file"
                ],
                "it": [
                  "Immagine JPEG"
                ],
                "fr": [
                  "Image JPEG"
                ],
                "nl": [
                  "JPEG-afbeelding"
                ],
                "es": [
                  "Imagen JPEG"
                ]
              },
              "rdfs:label": {
                "de": [
                  "image/jpeg"
                ],
                "pt": [
                  "image/jpeg"
                ],
                "en": [
                  "image/jpeg"
                ],
                "it": [
                  "image/jpeg"
                ],
                "fr": [
                  "image/jpeg"
                ],
                "nl": [
                  "image/jpeg"
                ],
                "es": [
                  "image/jpeg"
                ]
              }
            }
          ],
          "ebucore:locator": [
            "http://aquitaine.media.tourinsoft.eu/Upload/Port-d-Issan4-4.jpg"
          ],
          "@type": [
            "ebucore:Resource"
          ]
        }
      ],
      "@type": [
        "ebucore:EditorialObject"
      ]
    },
    {
      "@id": "https://data.datatourisme.fr/120a1afe-ab72-396f-ac7c-d61f01f74e33",
      "ebucore:hasAnnotation": [
        {
          "@id": "https://data.datatourisme.fr/4dd302a3-9d24-300c-bca5-0e3bedb19738",
          "ebucore:isCoveredBy": "By-NC-ND 4.0",
          "ebucore:title": {
            "fr": [
              "Port-d-Issan3-3"
            ]
          },
          "@type": [
            "ebucore:Annotation"
          ],
          "credits": [
            "CDC MEDOC ESTUAIRE"
          ]
        }
      ],
      "ebucore:hasRelatedResource": [
        {
          "@id": "https://data.datatourisme.fr/dd86701e-0885-334a-8799-324f84163f68",
          "ebucore:hasMimeType": [
            {
              "@id": "kb:JPEG",
              "@type": [
                "ebucore:MimeType"
              ],
              "rdfs:comment": {
                "de": [
                  "JPEG-Bild"
                ],
                "pt": [
                  "Imagem JPEG"
                ],
                "en": [
                  "JPEG image file"
                ],
                "it": [
                  "Immagine JPEG"
                ],
                "fr": [
                  "Image JPEG"
                ],
                "nl": [
                  "JPEG-afbeelding"
                ],
                "es": [
                  "Imagen JPEG"
                ]
              },
              "rdfs:label": {
                "de": [
                  "image/jpeg"
                ],
                "pt": [
                  "image/jpeg"
                ],
                "en": [
                  "image/jpeg"
                ],
                "it": [
                  "image/jpeg"
                ],
                "fr": [
                  "image/jpeg"
                ],
                "nl": [
                  "image/jpeg"
                ],
                "es": [
                  "image/jpeg"
                ]
              }
            }
          ],
          "ebucore:locator": [
            "http://aquitaine.media.tourinsoft.eu/Upload/Port-d-Issan3-3.jpg"
          ],
          "@type": [
            "ebucore:Resource"
          ]
        }
      ],
      "@type": [
        "ebucore:EditorialObject"
      ]
    },
    {
      "@id": "https://data.datatourisme.fr/ad1beea1-6db6-3f09-9752-6b40ec21d24c",
      "ebucore:hasAnnotation": [
        {
          "@id": "https://data.datatourisme.fr/d4b09fb6-fdd4-34b2-a224-ff87ef07865c",
          "ebucore:isCoveredBy": "By-NC-ND 4.0",
          "ebucore:title": {
            "fr": [
              "Port-d-Issan2-7"
            ]
          },
          "@type": [
            "ebucore:Annotation"
          ],
          "credits": [
            "CDC MEDOC ESTUAIRE"
          ]
        }
      ],
      "ebucore:hasRelatedResource": [
        {
          "@id": "https://data.datatourisme.fr/cf75641d-3a86-3512-a6a9-e2b233137239",
          "ebucore:hasMimeType": [
            {
              "@id": "kb:JPEG",
              "@type": [
                "ebucore:MimeType"
              ],
              "rdfs:comment": {
                "de": [
                  "JPEG-Bild"
                ],
                "pt": [
                  "Imagem JPEG"
                ],
                "en": [
                  "JPEG image file"
                ],
                "it": [
                  "Immagine JPEG"
                ],
                "fr": [
                  "Image JPEG"
                ],
                "nl": [
                  "JPEG-afbeelding"
                ],
                "es": [
                  "Imagen JPEG"
                ]
              },
              "rdfs:label": {
                "de": [
                  "image/jpeg"
                ],
                "pt": [
                  "image/jpeg"
                ],
                "en": [
                  "image/jpeg"
                ],
                "it": [
                  "image/jpeg"
                ],
                "fr": [
                  "image/jpeg"
                ],
                "nl": [
                  "image/jpeg"
                ],
                "es": [
                  "image/jpeg"
                ]
              }
            }
          ],
          "ebucore:locator": [
            "http://aquitaine.media.tourinsoft.eu/Upload/Port-d-Issan2-7.jpg"
          ],
          "@type": [
            "ebucore:Resource"
          ]
        }
      ],
      "@type": [
        "ebucore:EditorialObject"
      ]
    },
    {
      "@id": "https://data.datatourisme.fr/c25ec5b6-7dc3-3b26-be60-52f8ebc50b2e",
      "ebucore:hasAnnotation": [
        {
          "@id": "https://data.datatourisme.fr/f66ffb83-cf36-3d3c-a525-1279f4d0df00",
          "ebucore:isCoveredBy": "By-NC-ND 4.0",
          "ebucore:title": {
            "fr": [
              "Port-d-Issan1-3"
            ]
          },
          "@type": [
            "ebucore:Annotation"
          ],
          "credits": [
            "CDC MEDOC ESTUAIRE"
          ]
        }
      ],
      "ebucore:hasRelatedResource": [
        {
          "@id": "https://data.datatourisme.fr/8f69f189-47d9-373d-8fdd-2a268d055aa3",
          "ebucore:hasMimeType": [
            {
              "@id": "kb:JPEG",
              "@type": [
                "ebucore:MimeType"
              ],
              "rdfs:comment": {
                "de": [
                  "JPEG-Bild"
                ],
                "pt": [
                  "Imagem JPEG"
                ],
                "en": [
                  "JPEG image file"
                ],
                "it": [
                  "Immagine JPEG"
                ],
                "fr": [
                  "Image JPEG"
                ],
                "nl": [
                  "JPEG-afbeelding"
                ],
                "es": [
                  "Imagen JPEG"
                ]
              },
              "rdfs:label": {
                "de": [
                  "image/jpeg"
                ],
                "pt": [
                  "image/jpeg"
                ],
                "en": [
                  "image/jpeg"
                ],
                "it": [
                  "image/jpeg"
                ],
                "fr": [
                  "image/jpeg"
                ],
                "nl": [
                  "image/jpeg"
                ],
                "es": [
                  "image/jpeg"
                ]
              }
            }
          ],
          "ebucore:locator": [
            "http://aquitaine.media.tourinsoft.eu/Upload/Port-d-Issan1-3.jpg"
          ],
          "@type": [
            "ebucore:Resource"
          ]
        }
      ],
      "@type": [
        "ebucore:EditorialObject"
      ]
    }
  ],
  "hasTheme": [
    {
      "@id": "kb:NearARiverOrStream",
      "@type": [
        "SpatialEnvironmentTheme"
      ],
      "rdfs:label": {
        "de": [
          "Am Ufer eines Flusses oder eines Stroms"
        ],
        "pt": [
          "Na borda de um rio ou ribeira"
        ],
        "en": [
          "Near a river or stream"
        ],
        "it": [
          "Lungo il fiume"
        ],
        "fr": [
          "En bord de fleuve ou rivière"
        ],
        "nl": [
          "Aan de oever van een stroompje of rivier"
        ],
        "es": [
          "A orillas de un río"
        ]
      }
    }
  ],
  "hasTranslatedProperty": [
    {
      "@id": "https://data.datatourisme.fr/19351055-e73f-3190-9c79-7bc5668c7aa8",
      "dc:contributor": [
        "https://api.deepl.com/v2/translate"
      ],
      "rdf:language": [
        "en"
      ],
      "rdf:predicate": [
        {
          "@id": "rdfs:comment"
        }
      ]
    },
    {
      "@id": "https://data.datatourisme.fr/34e22bc3-032e-3395-a9c1-7ae940e3c8cd",
      "dc:contributor": [
        "https://api.deepl.com/v2/translate"
      ],
      "rdf:language": [
        "de"
      ],
      "rdf:predicate": [
        {
          "@id": "rdfs:comment"
        }
      ]
    },
    {
      "@id": "https://data.datatourisme.fr/7329fef6-ed4e-3b0a-a2be-5ebfa20787bf",
      "dc:contributor": [
        "https://api.deepl.com/v2/translate"
      ],
      "rdf:language": [
        "nl"
      ],
      "rdf:predicate": [
        {
          "@id": "rdfs:comment"
        }
      ]
    },
    {
      "@id": "https://data.datatourisme.fr/d8d33df0-543a-3848-9d1f-2b086e767654",
      "dc:contributor": [
        "https://api.deepl.com/v2/translate"
      ],
      "rdf:language": [
        "it"
      ],
      "rdf:predicate": [
        {
          "@id": "rdfs:comment"
        }
      ]
    },
    {
      "@id": "https://data.datatourisme.fr/fb96b425-226b-34ab-bbb7-0a205d4a679d",
      "dc:contributor": [
        "https://api.deepl.com/v2/translate"
      ],
      "rdf:language": [
        "es"
      ],
      "rdf:predicate": [
        {
          "@id": "rdfs:comment"
        }
      ]
    }
  ],
  "isLocatedAt": [
    {
      "@id": "https://data.datatourisme.fr/cf1f04a4-a961-313e-a493-e74318b1ad4c",
      "schema:address": [
        {
          "@id": "https://data.datatourisme.fr/58aebf4d-3b06-3bea-8678-24208851a281",
          "schema:addressLocality": "Margaux-Cantenac",
          "schema:postalCode": "33460",
          "schema:streetAddress": [
            "Route du Port d'Issan"
          ],
          "@type": [
            "schema:PostalAddress",
            "PostalAddress"
          ],
          "hasAddressCity": {
            "@id": "kb:33268",
            "@type": [
              "City"
            ],
            "rdfs:label": {
              "de": [
                "Margaux-Cantenac"
              ],
              "pt": [
                "Margaux-Cantenac"
              ],
              "en": [
                "Margaux-Cantenac"
              ],
              "it": [
                "Margaux-Cantenac"
              ],
              "fr": [
                "Margaux-Cantenac"
              ],
              "nl": [
                "Margaux-Cantenac"
              ],
              "es": [
                "Margaux-Cantenac"
              ]
            },
            "insee": "33268",
            "isPartOfDepartment": {
              "@id": "kb:France7533",
              "@type": [
                "Department"
              ],
              "rdfs:label": {
                "de": [
                  "Gironde"
                ],
                "pt": [
                  "Gironde"
                ],
                "en": [
                  "Gironde"
                ],
                "it": [
                  "Gironde"
                ],
                "fr": [
                  "Gironde"
                ],
                "nl": [
                  "Gironde"
                ],
                "es": [
                  "Gironde"
                ]
              },
              "insee": "33",
              "isPartOfRegion": {
                "@id": "kb:France75",
                "@type": [
                  "Region"
                ],
                "rdfs:label": {
                  "de": [
                    "Nouvelle-Aquitaine"
                  ],
                  "pt": [
                    "Nouvelle-Aquitaine"
                  ],
                  "en": [
                    "Nouvelle-Aquitaine"
                  ],
                  "it": [
                    "Nouvelle-Aquitaine"
                  ],
                  "fr": [
                    "Nouvelle-Aquitaine"
                  ],
                  "nl": [
                    "Nouvelle-Aquitaine"
                  ],
                  "es": [
                    "Nouvelle-Aquitaine"
                  ]
                },
                "insee": "75",
                "isPartOfCountry": {
                  "@id": "kb:France",
                  "@type": [
                    "schema:Country"
                  ],
                  "rdfs:label": {
                    "de": [
                      "France",
                      "Frankreich"
                    ],
                    "pt": [
                      "França",
                      "France"
                    ],
                    "en": [
                      "France"
                    ],
                    "it": [
                      "France",
                      "Francia"
                    ],
                    "fr": [
                      "France"
                    ],
                    "nl": [
                      "France",
                      "Frankrijk"
                    ],
                    "es": [
                      "France",
                      "Francia"
                    ]
                  }
                }
              }
            }
          }
        }
      ],
      "schema:geo": {
        "@id": "https://data.datatourisme.fr/b56325b8-bfa1-3b33-9205-e9e3f014cee7",
        "schema:latitude": "45.0433604",
        "schema:longitude": "-0.6440696",
        "@type": [
          "schema:GeoCoordinates"
        ]
      },
      "@type": [
        "schema:Place",
        "Place"
      ],
      "petsAllowed": true
    }
  ],
  "isOwnedBy": [
    {
      "@id": "https://data.datatourisme.fr/3cbe41fe-5e4f-3230-af9f-045cd7c6adfe",
      "schema:legalName": "Mairie de Margaux-Cantenac",
      "schema:telephone": [
        "+33 5 57 88 34 12"
      ],
      "@type": [
        "schema:Organization",
        "foaf:Agent",
        "Agent"
      ]
    }
  ],
  "lastUpdate": "2022-01-02",
  "lastUpdateDatatourisme": "2023-06-20T09:49:53.042Z"
}