{
  "@id": "https://data.datatourisme.fr/23/00dc88c0-70d1-3fee-98a7-4409ffd60309",
  "dc:identifier": "FMAAQU087V5003SE",
  "schema:endDate": [
    "2023-04-08",
    "2023-05-13",
    "2023-06-10",
    "2023-07-08",
    "2023-08-12",
    "2023-09-09",
    "2023-10-14",
    "2023-11-11",
    "2023-12-09",
    "2024-01-13"
  ],
  "schema:startDate": [
    "2023-04-08",
    "2023-05-13",
    "2023-06-10",
    "2023-07-08",
    "2023-08-12",
    "2023-09-09",
    "2023-10-14",
    "2023-11-11",
    "2023-12-09",
    "2024-01-13"
  ],
  "@type": [
    "schema:Event",
    "schema:SaleEvent",
    "EntertainmentAndEvent",
    "Market",
    "PointOfInterest",
    "SaleEvent"
  ],
  "rdfs:comment": {
    "de": [
      "Am 2. Samstag des Monats, Place Donnet - 7 bis 13 Uhr. Jeden Sonntagmorgen auf dem Place Donnet: Obst und Gemüse und Produzentin von Limousin-Fleisch (Geflügel, Milchkälber, Schweine, Lämmer..)."
    ],
    "en": [
      "The 2nd Saturday of the month, Place Donnet - 7am to 1pm. Every Sunday morning on Place Donnet: fruit and vegetables and Limousine meat producer (poultry, suckling veal, pigs, lambs...)."
    ],
    "it": [
      "Il 2° sabato del mese, Place Donnet - dalle 7.00 alle 13.00. Ogni domenica mattina in Place Donnet: frutta e verdura e produttori di carne del Limousin (pollame, vitelli da latte, maiali, agnelli, ecc.)."
    ],
    "fr": [
      "Le 2ème samedi du mois, Place Donnet - 7h à 13h. Tous les dimanches matins sur la place Donnet : fruits et légumes et productrice de viande Limousine (volailles, veaux de lait, porcs, agneaux..)."
    ],
    "es": [
      "El 2º sábado de cada mes, Place Donnet - de 7.00 a 13.00 h. Todos los domingos por la mañana en la plaza Donnet: frutas y verduras y productores de carne de Lemosín (aves, terneros lechales, cerdos, corderos, etc.)."
    ],
    "nl": [
      "De 2e zaterdag van de maand, Place Donnet - 7u tot 13u. Elke zondagochtend op het Donnetplein: groenten en fruit en vleesproducenten uit de Limousin (pluimvee, zoogkalveren, varkens, lammeren, enz.)."
    ]
  },
  "rdfs:label": {
    "de": [
      "Marché à Magnac-Bourg"
    ],
    "en": [
      "Marché à Magnac-Bourg"
    ],
    "fr": [
      "Marché à Magnac-Bourg"
    ],
    "nl": [
      "Marché à Magnac-Bourg"
    ],
    "es": [
      "Marché à Magnac-Bourg"
    ]
  },
  "creationDate": "2022-09-06",
  "hasBeenCreatedBy": {
    "@id": "https://data.datatourisme.fr/23/c55b72cf-5595-367d-9c4b-4abf9191932e",
    "dc:identifier": "97087255-804d-42a1-af84-43125c632fd5",
    "schema:legalName": "OT Briance Sud Haute-Vienne",
    "@type": [
      "schema:Organization",
      "foaf:Agent",
      "Agent"
    ]
  },
  "hasBeenPublishedBy": [
    {
      "@id": "https://data.datatourisme.fr/05dc9cb8-2fa5-383d-b87b-497de06649a2",
      "schema:email": [
        "sirtaqui@na-tourisme.com"
      ],
      "schema:legalName": "SIRTAQUI Nouvelle-Aquitaine",
      "schema:logo": "http://aquitaine.media.tourinsoft.eu/upload/Logo-Sirtaqui-1280x405.jpg",
      "@type": [
        "schema:Organization",
        "foaf:Agent",
        "Agent"
      ],
      "rdfs:comment": {
        "de": [
          "Collecter, mettre en commun et diffuser le plus largement possible une information complète et de qualité au service de nos habitants et de nos visiteurs : voici les objectifs du SIRTAQUI, Système d’Information Régional Touristique de Nouvelle-AQUItaine. Le dispositif est mis en œuvre conjointement par le Comité Régional de Tourisme de Nouvelle-Aquitaine, les services touristiques de la Corrèze, de la Creuse, de la Dordogne, de la Gironde, des Landes, du Lot-et-Garonne, des Pyrénées-Atlantiques, des Deux-Sèvres, de la Vienne et de la Haute-Vienne, en collaboration avec les Offices de Tourisme, et avec le soutien financier de l’Europe et du Conseil Régional."
        ],
        "en": [
          "Collecter, mettre en commun et diffuser le plus largement possible une information complète et de qualité au service de nos habitants et de nos visiteurs : voici les objectifs du SIRTAQUI, Système d’Information Régional Touristique de Nouvelle-AQUItaine. Le dispositif est mis en œuvre conjointement par le Comité Régional de Tourisme de Nouvelle-Aquitaine, les services touristiques de la Corrèze, de la Creuse, de la Dordogne, de la Gironde, des Landes, du Lot-et-Garonne, des Pyrénées-Atlantiques, des Deux-Sèvres, de la Vienne et de la Haute-Vienne, en collaboration avec les Offices de Tourisme, et avec le soutien financier de l’Europe et du Conseil Régional."
        ],
        "it": [
          "L'obiettivo di SIRTAQUI, il Sistema Regionale di Informazione Turistica della Nuova Aquitania, è quello di raccogliere, mettere in comune e diffondere il più possibile informazioni complete e di qualità a beneficio dei nostri residenti e visitatori. Il sistema è realizzato congiuntamente dal Comité Régional de Tourisme de Nouvelle-Aquitaine, dai servizi turistici di Corrèze, Creuse, Dordogne, Gironde, Landes, Lot-et-Garonne, Pyrénées-Atlantiques, Deux-Sèvres, Vienne e Haute-Vienne, in collaborazione con gli Uffici del Turismo e con il sostegno finanziario dell'Europa e del Conseil Régional."
        ],
        "fr": [
          "Collecter, mettre en commun et diffuser le plus largement possible une information complète et de qualité au service de nos habitants et de nos visiteurs : voici les objectifs du SIRTAQUI, Système d’Information Régional Touristique de Nouvelle-AQUItaine. Le dispositif est mis en œuvre conjointement par le Comité Régional de Tourisme de Nouvelle-Aquitaine, les services touristiques de la Corrèze, de la Creuse, de la Dordogne, de la Gironde, des Landes, du Lot-et-Garonne, des Pyrénées-Atlantiques, des Deux-Sèvres, de la Vienne et de la Haute-Vienne, en collaboration avec les Offices de Tourisme, et avec le soutien financier de l’Europe et du Conseil Régional."
        ],
        "nl": [
          "Collecter, mettre en commun et diffuser le plus largement possible une information complète et de qualité au service de nos habitants et de nos visiteurs : voici les objectifs du SIRTAQUI, Système d’Information Régional Touristique de Nouvelle-AQUItaine. Le dispositif est mis en œuvre conjointement par le Comité Régional de Tourisme de Nouvelle-Aquitaine, les services touristiques de la Corrèze, de la Creuse, de la Dordogne, de la Gironde, des Landes, du Lot-et-Garonne, des Pyrénées-Atlantiques, des Deux-Sèvres, de la Vienne et de la Haute-Vienne, en collaboration avec les Offices de Tourisme, et avec le soutien financier de l’Europe et du Conseil Régional."
        ],
        "es": [
          "Collecter, mettre en commun et diffuser le plus largement possible une information complète et de qualité au service de nos habitants et de nos visiteurs : voici les objectifs du SIRTAQUI, Système d’Information Régional Touristique de Nouvelle-AQUItaine. Le dispositif est mis en œuvre conjointement par le Comité Régional de Tourisme de Nouvelle-Aquitaine, les services touristiques de la Corrèze, de la Creuse, de la Dordogne, de la Gironde, des Landes, du Lot-et-Garonne, des Pyrénées-Atlantiques, des Deux-Sèvres, de la Vienne et de la Haute-Vienne, en collaboration avec les Offices de Tourisme, et avec le soutien financier de l’Europe et du Conseil Régional."
        ]
      },
      "foaf:homepage": [
        "http://www.sirtaqui-aquitaine.com/"
      ],
      "hasTranslatedProperty": [
        {
          "@id": "https://data.datatourisme.fr/eef27e75-4a23-313e-a6ee-797e7b64a1cd",
          "dc:contributor": [
            "https://api.deepl.com/v2/translate"
          ],
          "rdf:language": [
            "it"
          ],
          "rdf:predicate": [
            {
              "@id": "rdfs:comment"
            }
          ]
        }
      ]
    }
  ],
  "hasBookingContact": [
    {
      "@id": "https://data.datatourisme.fr/0fe7076b-fa3a-30a3-bd26-83991155876e",
      "schema:email": [
        "mairie.magnac-bourg@wanadoo.fr"
      ],
      "schema:legalName": "Mairie de Magnac-Bourg",
      "schema:telephone": [
        "+33 5 55 00 80 28"
      ],
      "@type": [
        "schema:Organization",
        "foaf:Agent",
        "Agent"
      ],
      "foaf:homepage": [
        "https://www.magnac-bourg.fr/"
      ]
    }
  ],
  "hasContact": [
    {
      "@id": "https://data.datatourisme.fr/0fe7076b-fa3a-30a3-bd26-83991155876e",
      "schema:email": [
        "mairie.magnac-bourg@wanadoo.fr"
      ],
      "schema:legalName": "Mairie de Magnac-Bourg",
      "schema:telephone": [
        "+33 5 55 00 80 28"
      ],
      "@type": [
        "schema:Organization",
        "foaf:Agent",
        "Agent"
      ],
      "foaf:homepage": [
        "https://www.magnac-bourg.fr/"
      ]
    }
  ],
  "hasDescription": [
    {
      "@id": "https://data.datatourisme.fr/5c100ca1-c819-350c-b6e3-bfe2e5e655b9",
      "dc:description": {
        "de": [
          "Am 2. Samstag des Monats, Place Donnet - 7 bis 13 Uhr. Jeden Sonntagmorgen auf dem Place Donnet: Obst und Gemüse und Produzentin von Limousin-Fleisch (Geflügel, Milchkälber, Schweine, Lämmer..)."
        ],
        "en": [
          "The 2nd Saturday of the month, Place Donnet - 7am to 1pm. Every Sunday morning on Place Donnet: fruit and vegetables and Limousine meat producer (poultry, suckling veal, pigs, lambs...)."
        ],
        "it": [
          "Il 2° sabato del mese, Place Donnet - dalle 7.00 alle 13.00. Ogni domenica mattina in Place Donnet: frutta e verdura e produttori di carne del Limousin (pollame, vitelli da latte, maiali, agnelli, ecc.)."
        ],
        "fr": [
          "Le 2ème samedi du mois, Place Donnet - 7h à 13h. Tous les dimanches matins sur la place Donnet : fruits et légumes et productrice de viande Limousine (volailles, veaux de lait, porcs, agneaux..)."
        ],
        "es": [
          "El 2º sábado de cada mes, Place Donnet - de 7.00 a 13.00 h. Todos los domingos por la mañana en la plaza Donnet: frutas y verduras y productores de carne de Lemosín (aves, terneros lechales, cerdos, corderos, etc.)."
        ],
        "nl": [
          "De 2e zaterdag van de maand, Place Donnet - 7u tot 13u. Elke zondagochtend op het Donnetplein: groenten en fruit en vleesproducenten uit de Limousin (pluimvee, zoogkalveren, varkens, lammeren, enz.)."
        ]
      },
      "@type": [
        "Description"
      ],
      "hasTranslatedProperty": [
        {
          "@id": "https://data.datatourisme.fr/0976dcad-82bd-34e1-a9fe-c2d1a11dfdfa",
          "dc:contributor": [
            "https://api.deepl.com/v2/translate"
          ],
          "rdf:language": [
            "it"
          ],
          "rdf:predicate": [
            "shortDescription"
          ]
        },
        {
          "@id": "https://data.datatourisme.fr/2ea67083-e064-3ad5-9d74-363001be86be",
          "dc:contributor": [
            "https://api.deepl.com/v2/translate"
          ],
          "rdf:language": [
            "de"
          ],
          "rdf:predicate": [
            {
              "@id": "dc:description"
            }
          ]
        },
        {
          "@id": "https://data.datatourisme.fr/3f7314a1-9d8f-3d3d-a78a-957f77c62036",
          "dc:contributor": [
            "https://api.deepl.com/v2/translate"
          ],
          "rdf:language": [
            "nl"
          ],
          "rdf:predicate": [
            "shortDescription"
          ]
        },
        {
          "@id": "https://data.datatourisme.fr/4151a06c-bd47-3a2a-ae3b-d0a8cbcc8a13",
          "dc:contributor": [
            "https://api.deepl.com/v2/translate"
          ],
          "rdf:language": [
            "en"
          ],
          "rdf:predicate": [
            {
              "@id": "dc:description"
            }
          ]
        },
        {
          "@id": "https://data.datatourisme.fr/48ccb7ac-40dd-36c8-86a7-58ce0e7b95b5",
          "dc:contributor": [
            "https://api.deepl.com/v2/translate"
          ],
          "rdf:language": [
            "de"
          ],
          "rdf:predicate": [
            "shortDescription"
          ]
        },
        {
          "@id": "https://data.datatourisme.fr/49a861aa-eb6d-3135-ade4-29f0ce2864e5",
          "dc:contributor": [
            "https://api.deepl.com/v2/translate"
          ],
          "rdf:language": [
            "nl"
          ],
          "rdf:predicate": [
            {
              "@id": "dc:description"
            }
          ]
        },
        {
          "@id": "https://data.datatourisme.fr/cfe91ebc-9023-393f-85e6-9e129f9d4d92",
          "dc:contributor": [
            "https://api.deepl.com/v2/translate"
          ],
          "rdf:language": [
            "es"
          ],
          "rdf:predicate": [
            {
              "@id": "dc:description"
            }
          ]
        },
        {
          "@id": "https://data.datatourisme.fr/de0b5d45-1a5c-32b4-95bd-b6a0764e3b53",
          "dc:contributor": [
            "https://api.deepl.com/v2/translate"
          ],
          "rdf:language": [
            "it"
          ],
          "rdf:predicate": [
            {
              "@id": "dc:description"
            }
          ]
        },
        {
          "@id": "https://data.datatourisme.fr/e7820928-15d4-36b5-9c5f-625a2035057b",
          "dc:contributor": [
            "https://api.deepl.com/v2/translate"
          ],
          "rdf:language": [
            "es"
          ],
          "rdf:predicate": [
            "shortDescription"
          ]
        },
        {
          "@id": "https://data.datatourisme.fr/e7d17954-03a4-35b2-b50b-e199d39dd8e7",
          "dc:contributor": [
            "https://api.deepl.com/v2/translate"
          ],
          "rdf:language": [
            "en"
          ],
          "rdf:predicate": [
            "shortDescription"
          ]
        }
      ],
      "shortDescription": {
        "de": [
          "Am 2. Samstag des Monats, Place Donnet - 7 bis 13 Uhr. Jeden Sonntagmorgen auf dem Place Donnet: Obst und Gemüse und Produzentin von Limousin-Fleisch (Geflügel, Milchkälber, Schweine, Lämmer..)."
        ],
        "en": [
          "The 2nd Saturday of the month, Place Donnet - 7am to 1pm. Every Sunday morning on Place Donnet: fruit and vegetables and Limousine meat producer (poultry, suckling veal, pigs, lambs...)."
        ],
        "it": [
          "Il 2° sabato del mese, Place Donnet - dalle 7.00 alle 13.00. Ogni domenica mattina in Place Donnet: frutta e verdura e produttori di carne del Limousin (pollame, vitelli da latte, maiali, agnelli, ecc.)."
        ],
        "fr": [
          "Le 2ème samedi du mois, Place Donnet - 7h à 13h. Tous les dimanches matins sur la place Donnet : fruits et légumes et productrice de viande Limousine (volailles, veaux de lait, porcs, agneaux..)."
        ],
        "es": [
          "El 2º sábado de cada mes, Place Donnet - de 7.00 a 13.00 h. Todos los domingos por la mañana en la plaza Donnet: frutas y verduras y productores de carne de Lemosín (aves, terneros lechales, cerdos, corderos, etc.)."
        ],
        "nl": [
          "De 2e zaterdag van de maand, Place Donnet - 7u tot 13u. Elke zondagochtend op het Donnetplein: groenten en fruit en vleesproducenten uit de Limousin (pluimvee, zoogkalveren, varkens, lammeren, enz.)."
        ]
      }
    }
  ],
  "hasMainRepresentation": [
    {
      "@id": "https://data.datatourisme.fr/8635ec93-1506-36ab-9637-bb8ac681215c",
      "ebucore:hasAnnotation": [
        {
          "@id": "https://data.datatourisme.fr/5e49f4e0-3afc-3e1a-a86b-41bb0df886cf",
          "ebucore:isCoveredBy": "By-NC-ND 4.0",
          "ebucore:title": {
            "fr": [
              "Marché_1"
            ]
          },
          "@type": [
            "ebucore:Annotation"
          ],
          "credits": [
            "Mairie Magnac-Bourg"
          ]
        }
      ],
      "ebucore:hasRelatedResource": [
        {
          "@id": "https://data.datatourisme.fr/d57c0bc4-6f79-3382-822a-b74087328f96",
          "ebucore:hasMimeType": [
            {
              "@id": "kb:JPEG",
              "@type": [
                "ebucore:MimeType"
              ],
              "rdfs:comment": {
                "de": [
                  "JPEG-Bild"
                ],
                "pt": [
                  "Imagem JPEG"
                ],
                "en": [
                  "JPEG image file"
                ],
                "it": [
                  "Immagine JPEG"
                ],
                "fr": [
                  "Image JPEG"
                ],
                "nl": [
                  "JPEG-afbeelding"
                ],
                "es": [
                  "Imagen JPEG"
                ]
              },
              "rdfs:label": {
                "de": [
                  "image/jpeg"
                ],
                "pt": [
                  "image/jpeg"
                ],
                "en": [
                  "image/jpeg"
                ],
                "it": [
                  "image/jpeg"
                ],
                "fr": [
                  "image/jpeg"
                ],
                "nl": [
                  "image/jpeg"
                ],
                "es": [
                  "image/jpeg"
                ]
              }
            }
          ],
          "ebucore:locator": [
            "http://aquitaine.media.tourinsoft.eu/Upload/202000328-7.jpg"
          ],
          "@type": [
            "ebucore:Resource"
          ]
        }
      ],
      "@type": [
        "ebucore:EditorialObject"
      ]
    }
  ],
  "hasRepresentation": [
    {
      "@id": "https://data.datatourisme.fr/8635ec93-1506-36ab-9637-bb8ac681215c",
      "ebucore:hasAnnotation": [
        {
          "@id": "https://data.datatourisme.fr/5e49f4e0-3afc-3e1a-a86b-41bb0df886cf",
          "ebucore:isCoveredBy": "By-NC-ND 4.0",
          "ebucore:title": {
            "fr": [
              "Marché_1"
            ]
          },
          "@type": [
            "ebucore:Annotation"
          ],
          "credits": [
            "Mairie Magnac-Bourg"
          ]
        }
      ],
      "ebucore:hasRelatedResource": [
        {
          "@id": "https://data.datatourisme.fr/d57c0bc4-6f79-3382-822a-b74087328f96",
          "ebucore:hasMimeType": [
            {
              "@id": "kb:JPEG",
              "@type": [
                "ebucore:MimeType"
              ],
              "rdfs:comment": {
                "de": [
                  "JPEG-Bild"
                ],
                "pt": [
                  "Imagem JPEG"
                ],
                "en": [
                  "JPEG image file"
                ],
                "it": [
                  "Immagine JPEG"
                ],
                "fr": [
                  "Image JPEG"
                ],
                "nl": [
                  "JPEG-afbeelding"
                ],
                "es": [
                  "Imagen JPEG"
                ]
              },
              "rdfs:label": {
                "de": [
                  "image/jpeg"
                ],
                "pt": [
                  "image/jpeg"
                ],
                "en": [
                  "image/jpeg"
                ],
                "it": [
                  "image/jpeg"
                ],
                "fr": [
                  "image/jpeg"
                ],
                "nl": [
                  "image/jpeg"
                ],
                "es": [
                  "image/jpeg"
                ]
              }
            }
          ],
          "ebucore:locator": [
            "http://aquitaine.media.tourinsoft.eu/Upload/202000328-7.jpg"
          ],
          "@type": [
            "ebucore:Resource"
          ]
        }
      ],
      "@type": [
        "ebucore:EditorialObject"
      ]
    },
    {
      "@id": "https://data.datatourisme.fr/eda99c3b-f4d6-3528-bec6-094992db3753",
      "ebucore:hasAnnotation": [
        {
          "@id": "https://data.datatourisme.fr/9f4414fa-b79c-3743-9d0c-cbc3f088ddf0",
          "ebucore:isCoveredBy": "By-NC-ND 4.0",
          "ebucore:title": {
            "fr": [
              "Marché_2"
            ]
          },
          "@type": [
            "ebucore:Annotation"
          ],
          "credits": [
            "ot bshv"
          ]
        }
      ],
      "ebucore:hasRelatedResource": [
        {
          "@id": "https://data.datatourisme.fr/d6ed935a-b1c4-332a-912e-ae66f4cdcd13",
          "ebucore:hasMimeType": [
            {
              "@id": "kb:JPEG",
              "@type": [
                "ebucore:MimeType"
              ],
              "rdfs:comment": {
                "de": [
                  "JPEG-Bild"
                ],
                "pt": [
                  "Imagem JPEG"
                ],
                "en": [
                  "JPEG image file"
                ],
                "it": [
                  "Immagine JPEG"
                ],
                "fr": [
                  "Image JPEG"
                ],
                "nl": [
                  "JPEG-afbeelding"
                ],
                "es": [
                  "Imagen JPEG"
                ]
              },
              "rdfs:label": {
                "de": [
                  "image/jpeg"
                ],
                "pt": [
                  "image/jpeg"
                ],
                "en": [
                  "image/jpeg"
                ],
                "it": [
                  "image/jpeg"
                ],
                "fr": [
                  "image/jpeg"
                ],
                "nl": [
                  "image/jpeg"
                ],
                "es": [
                  "image/jpeg"
                ]
              }
            }
          ],
          "ebucore:locator": [
            "http://aquitaine.media.tourinsoft.eu/Upload/182001082-4.jpg"
          ],
          "@type": [
            "ebucore:Resource"
          ]
        }
      ],
      "@type": [
        "ebucore:EditorialObject"
      ]
    }
  ],
  "hasTranslatedProperty": [
    {
      "@id": "https://data.datatourisme.fr/48109322-458a-3e21-b007-6033cae6f9ba",
      "dc:contributor": [
        "https://api.deepl.com/v2/translate"
      ],
      "rdf:language": [
        "es"
      ],
      "rdf:predicate": [
        {
          "@id": "rdfs:comment"
        }
      ]
    },
    {
      "@id": "https://data.datatourisme.fr/553e1ccb-a98b-3b74-aba9-1a518d984df4",
      "dc:contributor": [
        "https://api.deepl.com/v2/translate"
      ],
      "rdf:language": [
        "en"
      ],
      "rdf:predicate": [
        {
          "@id": "rdfs:comment"
        }
      ]
    },
    {
      "@id": "https://data.datatourisme.fr/736b1b07-7f25-3058-857d-09d205290b40",
      "dc:contributor": [
        "https://api.deepl.com/v2/translate"
      ],
      "rdf:language": [
        "nl"
      ],
      "rdf:predicate": [
        {
          "@id": "rdfs:comment"
        }
      ]
    },
    {
      "@id": "https://data.datatourisme.fr/91365e5c-5138-33d7-96d0-f860f08688ee",
      "dc:contributor": [
        "https://api.deepl.com/v2/translate"
      ],
      "rdf:language": [
        "it"
      ],
      "rdf:predicate": [
        {
          "@id": "rdfs:comment"
        }
      ]
    },
    {
      "@id": "https://data.datatourisme.fr/b8503802-ee14-3ddf-a681-546877550df2",
      "dc:contributor": [
        "https://api.deepl.com/v2/translate"
      ],
      "rdf:language": [
        "de"
      ],
      "rdf:predicate": [
        {
          "@id": "rdfs:comment"
        }
      ]
    }
  ],
  "isLocatedAt": [
    {
      "@id": "https://data.datatourisme.fr/5ffd9935-98d2-38ed-9a0c-62e72b44430f",
      "schema:address": [
        {
          "@id": "https://data.datatourisme.fr/6b9bf1ff-d4ee-3e35-9fb4-ff4d8b5e632a",
          "schema:addressLocality": "Magnac-Bourg",
          "schema:postalCode": "87380",
          "@type": [
            "schema:PostalAddress",
            "PostalAddress"
          ],
          "hasAddressCity": {
            "@id": "kb:87088",
            "@type": [
              "City"
            ],
            "rdfs:label": {
              "de": [
                "Magnac-Bourg"
              ],
              "pt": [
                "Magnac-Bourg"
              ],
              "en": [
                "Magnac-Bourg"
              ],
              "it": [
                "Magnac-Bourg"
              ],
              "fr": [
                "Magnac-Bourg"
              ],
              "nl": [
                "Magnac-Bourg"
              ],
              "es": [
                "Magnac-Bourg"
              ]
            },
            "insee": "87088",
            "isPartOfDepartment": {
              "@id": "kb:France7587",
              "@type": [
                "Department"
              ],
              "rdfs:label": {
                "de": [
                  "Haute-Vienne"
                ],
                "pt": [
                  "Haute-Vienne"
                ],
                "en": [
                  "Haute-Vienne"
                ],
                "it": [
                  "Haute-Vienne"
                ],
                "fr": [
                  "Haute-Vienne"
                ],
                "nl": [
                  "Haute-Vienne"
                ],
                "es": [
                  "Haute-Vienne"
                ]
              },
              "insee": "87",
              "isPartOfRegion": {
                "@id": "kb:France75",
                "@type": [
                  "Region"
                ],
                "rdfs:label": {
                  "de": [
                    "Nouvelle-Aquitaine"
                  ],
                  "pt": [
                    "Nouvelle-Aquitaine"
                  ],
                  "en": [
                    "Nouvelle-Aquitaine"
                  ],
                  "it": [
                    "Nouvelle-Aquitaine"
                  ],
                  "fr": [
                    "Nouvelle-Aquitaine"
                  ],
                  "nl": [
                    "Nouvelle-Aquitaine"
                  ],
                  "es": [
                    "Nouvelle-Aquitaine"
                  ]
                },
                "insee": "75",
                "isPartOfCountry": {
                  "@id": "kb:France",
                  "@type": [
                    "schema:Country"
                  ],
                  "rdfs:label": {
                    "de": [
                      "France",
                      "Frankreich"
                    ],
                    "pt": [
                      "França",
                      "France"
                    ],
                    "en": [
                      "France"
                    ],
                    "it": [
                      "France",
                      "Francia"
                    ],
                    "fr": [
                      "France"
                    ],
                    "nl": [
                      "France",
                      "Frankrijk"
                    ],
                    "es": [
                      "France",
                      "Francia"
                    ]
                  }
                }
              }
            }
          }
        }
      ],
      "schema:geo": {
        "@id": "https://data.datatourisme.fr/63741eab-5876-3c0c-96d2-897344615751",
        "schema:latitude": "45.6179508",
        "schema:longitude": "1.43079195",
        "@type": [
          "schema:GeoCoordinates"
        ]
      },
      "@type": [
        "schema:Place",
        "Place"
      ],
      "altInsee": [
        "87088"
      ]
    }
  ],
  "isOwnedBy": [
    {
      "@id": "https://data.datatourisme.fr/0fe7076b-fa3a-30a3-bd26-83991155876e",
      "schema:email": [
        "mairie.magnac-bourg@wanadoo.fr"
      ],
      "schema:legalName": "Mairie de Magnac-Bourg",
      "schema:telephone": [
        "+33 5 55 00 80 28"
      ],
      "@type": [
        "schema:Organization",
        "foaf:Agent",
        "Agent"
      ],
      "foaf:homepage": [
        "https://www.magnac-bourg.fr/"
      ]
    }
  ],
  "lastUpdate": "2023-07-17",
  "lastUpdateDatatourisme": "2023-09-28T01:00:59.16Z",
  "reducedMobilityAccess": true,
  "takesPlaceAt": [
    {
      "@id": "https://data.datatourisme.fr/067b3f8c-19f5-3d03-a65a-b6d7d8c533f0",
      "@type": [
        "Period"
      ],
      "endDate": "2023-08-12",
      "endTime": "12:00:00",
      "startDate": "2023-08-12",
      "startTime": "08:00:00"
    },
    {
      "@id": "https://data.datatourisme.fr/13f30fcd-55e2-3a75-b05c-8ec80858b360",
      "@type": [
        "Period"
      ],
      "endDate": "2023-06-10",
      "endTime": "12:00:00",
      "startDate": "2023-06-10",
      "startTime": "08:00:00"
    },
    {
      "@id": "https://data.datatourisme.fr/21392780-7107-3905-aec9-17d62fb66fe3",
      "@type": [
        "Period"
      ],
      "endDate": "2023-05-13",
      "endTime": "12:00:00",
      "startDate": "2023-05-13",
      "startTime": "08:00:00"
    },
    {
      "@id": "https://data.datatourisme.fr/427a5cb4-438e-3447-9f0f-8f5b480e420f",
      "@type": [
        "Period"
      ],
      "endDate": "2023-10-14",
      "endTime": "12:00:00",
      "startDate": "2023-10-14",
      "startTime": "08:00:00"
    },
    {
      "@id": "https://data.datatourisme.fr/487b9994-1188-3890-87c3-bd9b6405d929",
      "@type": [
        "Period"
      ],
      "endDate": "2023-09-09",
      "endTime": "12:00:00",
      "startDate": "2023-09-09",
      "startTime": "08:00:00"
    },
    {
      "@id": "https://data.datatourisme.fr/489b63b9-8708-3517-af91-3e3403cf848e",
      "@type": [
        "Period"
      ],
      "endDate": "2023-04-08",
      "endTime": "12:00:00",
      "startDate": "2023-04-08",
      "startTime": "08:00:00"
    },
    {
      "@id": "https://data.datatourisme.fr/8a6fb92e-7240-38cc-bb58-9217dbdbbf1c",
      "@type": [
        "Period"
      ],
      "endDate": "2023-11-11",
      "endTime": "12:00:00",
      "startDate": "2023-11-11",
      "startTime": "08:00:00"
    },
    {
      "@id": "https://data.datatourisme.fr/fa620290-12f5-3020-aab4-6a0151be2a7e",
      "@type": [
        "Period"
      ],
      "endDate": "2024-01-13",
      "endTime": "12:00:00",
      "startDate": "2024-01-13",
      "startTime": "08:00:00"
    },
    {
      "@id": "https://data.datatourisme.fr/fbfb5747-6afe-311b-932c-708370d717eb",
      "@type": [
        "Period"
      ],
      "endDate": "2023-07-08",
      "endTime": "12:00:00",
      "startDate": "2023-07-08",
      "startTime": "08:00:00"
    },
    {
      "@id": "https://data.datatourisme.fr/fe057531-6f04-3eb0-9f57-5ec46bdca6e9",
      "@type": [
        "Period"
      ],
      "endDate": "2023-12-09",
      "endTime": "12:00:00",
      "startDate": "2023-12-09",
      "startTime": "08:00:00"
    }
  ]
}