{
  "@id": "https://data.datatourisme.fr/23/00dd76e8-5d1a-3355-be66-9f3bf1dc20d0",
  "dc:identifier": "FMAAQU0404375580",
  "schema:endDate": [
    "2023-10-14"
  ],
  "schema:startDate": [
    "2023-10-14"
  ],
  "@type": [
    "schema:Event",
    "schema:SocialEvent",
    "EntertainmentAndEvent",
    "PointOfInterest",
    "SocialEvent",
    "SportsEvent"
  ],
  "rdfs:comment": {
    "de": [
      "Workshop geleitet von Marie Chabin\n\nDie professionelle Übersetzerin Marie Chabin bietet Ihnen eine spielerische und partizipative Erfahrung: die literarische Übersetzung. Zwei Stunden lang führt sie Sie mit Hilfe eines Wort-für-Wort oder eines Lexikons durch die Entdeckung eines Autors, einer Sprache und einer fremden Kultur.\n\nAuditorium | Ab 16 Jahren | Auf Anmeldung"
    ],
    "en": [
      "Workshop led by Marie Chabin\n\nProfessional translator Marie Chabin offers you a fun, hands-on experience: literary translation. For 2 hours, using a word-by-word guide or a lexicon, she will guide you in the discovery of a foreign author, language and culture.\n\nAuditorium | Ages 16 and up | Registration required"
    ],
    "it": [
      "Laboratorio condotto da Marie Chabin\n\nLa traduttrice professionista Marie Chabin vi propone un'esperienza divertente e interattiva: la traduzione letteraria. Per 2 ore, utilizzando una guida parola per parola o un lessico, vi guiderà alla scoperta di un autore, di una lingua e di una cultura straniera.\n\nAuditorium | A partire da 16 anni | Iscrizione obbligatoria"
    ],
    "fr": [
      "Atelier animé par Marie Chabin \n\nLa traductrice professionnelle Marie Chabin vous propos une expérience ludique et participative : la traduction littéraire. Durant 2 heures, à l'aide d'un mot-à-mot ou d'un lexique, elle vous guidera à la découverte d'un auteur, d'une langue et d'une culture étrangère. \n\nAuditorium | A partir de 16 ans | Sur inscription"
    ],
    "nl": [
      "Workshop geleid door Marie Chabin\n\nProfessioneel vertaalster Marie Chabin biedt je een leuke en interactieve ervaring: literair vertalen. Gedurende 2 uur leidt ze je aan de hand van een woord-voor-woordgids of een lexicon door de ontdekking van een buitenlandse auteur, taal en cultuur.\n\nAuditorium | Vanaf 16 jaar | Registratie verplicht"
    ],
    "es": [
      "Taller dirigido por Marie Chabin\n\nLa traductora profesional Marie Chabin le propone una experiencia lúdica e interactiva: la traducción literaria. Durante 2 horas, utilizando una guía palabra por palabra o un léxico, le guiará en el descubrimiento de un autor, una lengua y una cultura extranjeros.\n\nAuditorio | A partir de 16 años | Inscripción obligatoria"
    ]
  },
  "rdfs:label": {
    "de": [
      "Atelier \"Traducteur d'un jour\" | Médiathèque Philippe Labeyrie"
    ],
    "en": [
      "Atelier \"Traducteur d'un jour\" | Médiathèque Philippe Labeyrie"
    ],
    "fr": [
      "Atelier \"Traducteur d'un jour\" | Médiathèque Philippe Labeyrie"
    ],
    "nl": [
      "Atelier \"Traducteur d'un jour\" | Médiathèque Philippe Labeyrie"
    ],
    "es": [
      "Atelier \"Traducteur d'un jour\" | Médiathèque Philippe Labeyrie"
    ]
  },
  "creationDate": "2023-08-28",
  "hasBeenCreatedBy": {
    "@id": "https://data.datatourisme.fr/23/762a08f2-e30c-3591-8037-d8e530e60837",
    "dc:identifier": "ffb96cee-e892-4b4a-9807-9465b60f4243",
    "schema:legalName": "OT Mont-de-Marsan",
    "@type": [
      "schema:Organization",
      "foaf:Agent",
      "Agent"
    ]
  },
  "hasBeenPublishedBy": [
    {
      "@id": "https://data.datatourisme.fr/05dc9cb8-2fa5-383d-b87b-497de06649a2",
      "schema:email": [
        "sirtaqui@na-tourisme.com"
      ],
      "schema:legalName": "SIRTAQUI Nouvelle-Aquitaine",
      "schema:logo": "http://aquitaine.media.tourinsoft.eu/upload/Logo-Sirtaqui-1280x405.jpg",
      "@type": [
        "schema:Organization",
        "foaf:Agent",
        "Agent"
      ],
      "rdfs:comment": {
        "de": [
          "Collecter, mettre en commun et diffuser le plus largement possible une information complète et de qualité au service de nos habitants et de nos visiteurs : voici les objectifs du SIRTAQUI, Système d’Information Régional Touristique de Nouvelle-AQUItaine. Le dispositif est mis en œuvre conjointement par le Comité Régional de Tourisme de Nouvelle-Aquitaine, les services touristiques de la Corrèze, de la Creuse, de la Dordogne, de la Gironde, des Landes, du Lot-et-Garonne, des Pyrénées-Atlantiques, des Deux-Sèvres, de la Vienne et de la Haute-Vienne, en collaboration avec les Offices de Tourisme, et avec le soutien financier de l’Europe et du Conseil Régional."
        ],
        "en": [
          "Collecter, mettre en commun et diffuser le plus largement possible une information complète et de qualité au service de nos habitants et de nos visiteurs : voici les objectifs du SIRTAQUI, Système d’Information Régional Touristique de Nouvelle-AQUItaine. Le dispositif est mis en œuvre conjointement par le Comité Régional de Tourisme de Nouvelle-Aquitaine, les services touristiques de la Corrèze, de la Creuse, de la Dordogne, de la Gironde, des Landes, du Lot-et-Garonne, des Pyrénées-Atlantiques, des Deux-Sèvres, de la Vienne et de la Haute-Vienne, en collaboration avec les Offices de Tourisme, et avec le soutien financier de l’Europe et du Conseil Régional."
        ],
        "it": [
          "L'obiettivo di SIRTAQUI, il Sistema Regionale di Informazione Turistica della Nuova Aquitania, è quello di raccogliere, mettere in comune e diffondere il più possibile informazioni complete e di qualità a beneficio dei nostri residenti e visitatori. Il sistema è realizzato congiuntamente dal Comité Régional de Tourisme de Nouvelle-Aquitaine, dai servizi turistici di Corrèze, Creuse, Dordogne, Gironde, Landes, Lot-et-Garonne, Pyrénées-Atlantiques, Deux-Sèvres, Vienne e Haute-Vienne, in collaborazione con gli Uffici del Turismo e con il sostegno finanziario dell'Europa e del Conseil Régional."
        ],
        "fr": [
          "Collecter, mettre en commun et diffuser le plus largement possible une information complète et de qualité au service de nos habitants et de nos visiteurs : voici les objectifs du SIRTAQUI, Système d’Information Régional Touristique de Nouvelle-AQUItaine. Le dispositif est mis en œuvre conjointement par le Comité Régional de Tourisme de Nouvelle-Aquitaine, les services touristiques de la Corrèze, de la Creuse, de la Dordogne, de la Gironde, des Landes, du Lot-et-Garonne, des Pyrénées-Atlantiques, des Deux-Sèvres, de la Vienne et de la Haute-Vienne, en collaboration avec les Offices de Tourisme, et avec le soutien financier de l’Europe et du Conseil Régional."
        ],
        "nl": [
          "Collecter, mettre en commun et diffuser le plus largement possible une information complète et de qualité au service de nos habitants et de nos visiteurs : voici les objectifs du SIRTAQUI, Système d’Information Régional Touristique de Nouvelle-AQUItaine. Le dispositif est mis en œuvre conjointement par le Comité Régional de Tourisme de Nouvelle-Aquitaine, les services touristiques de la Corrèze, de la Creuse, de la Dordogne, de la Gironde, des Landes, du Lot-et-Garonne, des Pyrénées-Atlantiques, des Deux-Sèvres, de la Vienne et de la Haute-Vienne, en collaboration avec les Offices de Tourisme, et avec le soutien financier de l’Europe et du Conseil Régional."
        ],
        "es": [
          "Collecter, mettre en commun et diffuser le plus largement possible une information complète et de qualité au service de nos habitants et de nos visiteurs : voici les objectifs du SIRTAQUI, Système d’Information Régional Touristique de Nouvelle-AQUItaine. Le dispositif est mis en œuvre conjointement par le Comité Régional de Tourisme de Nouvelle-Aquitaine, les services touristiques de la Corrèze, de la Creuse, de la Dordogne, de la Gironde, des Landes, du Lot-et-Garonne, des Pyrénées-Atlantiques, des Deux-Sèvres, de la Vienne et de la Haute-Vienne, en collaboration avec les Offices de Tourisme, et avec le soutien financier de l’Europe et du Conseil Régional."
        ]
      },
      "foaf:homepage": [
        "http://www.sirtaqui-aquitaine.com/"
      ],
      "hasTranslatedProperty": [
        {
          "@id": "https://data.datatourisme.fr/eef27e75-4a23-313e-a6ee-797e7b64a1cd",
          "dc:contributor": [
            "https://api.deepl.com/v2/translate"
          ],
          "rdf:language": [
            "it"
          ],
          "rdf:predicate": [
            {
              "@id": "rdfs:comment"
            }
          ]
        }
      ]
    }
  ],
  "hasBookingContact": [
    {
      "@id": "https://data.datatourisme.fr/c6ca9952-5fab-346c-91c2-c2df0536833e",
      "schema:telephone": [
        "+33 5 58 46 09 43"
      ],
      "@type": [
        "foaf:Agent",
        "Agent"
      ],
      "foaf:homepage": [
        "http://lamediathequedumarsan.fr/media/jsp/"
      ]
    }
  ],
  "hasContact": [
    {
      "@id": "https://data.datatourisme.fr/c6ca9952-5fab-346c-91c2-c2df0536833e",
      "schema:telephone": [
        "+33 5 58 46 09 43"
      ],
      "@type": [
        "foaf:Agent",
        "Agent"
      ],
      "foaf:homepage": [
        "http://lamediathequedumarsan.fr/media/jsp/"
      ]
    }
  ],
  "hasDescription": [
    {
      "@id": "https://data.datatourisme.fr/7742ccb3-3a44-3d01-9ce3-bc9f0aebb883",
      "dc:description": {
        "de": [
          "Workshop geleitet von Marie Chabin\n\nDie professionelle Übersetzerin Marie Chabin bietet Ihnen eine spielerische und partizipative Erfahrung: die literarische Übersetzung. Zwei Stunden lang führt sie Sie mit Hilfe eines Wort-für-Wort oder eines Lexikons durch die Entdeckung eines Autors, einer Sprache und einer fremden Kultur.\n\nAuditorium | Ab 16 Jahren | Auf Anmeldung"
        ],
        "en": [
          "Workshop led by Marie Chabin\n\nProfessional translator Marie Chabin offers you a fun, hands-on experience: literary translation. For 2 hours, using a word-by-word guide or a lexicon, she will guide you in the discovery of a foreign author, language and culture.\n\nAuditorium | Ages 16 and up | Registration required"
        ],
        "it": [
          "Laboratorio condotto da Marie Chabin\n\nLa traduttrice professionista Marie Chabin vi propone un'esperienza divertente e interattiva: la traduzione letteraria. Per 2 ore, utilizzando una guida parola per parola o un lessico, vi guiderà alla scoperta di un autore, di una lingua e di una cultura straniera.\n\nAuditorium | A partire da 16 anni | Iscrizione obbligatoria"
        ],
        "fr": [
          "Atelier animé par Marie Chabin \n\nLa traductrice professionnelle Marie Chabin vous propos une expérience ludique et participative : la traduction littéraire. Durant 2 heures, à l'aide d'un mot-à-mot ou d'un lexique, elle vous guidera à la découverte d'un auteur, d'une langue et d'une culture étrangère. \n\nAuditorium | A partir de 16 ans | Sur inscription"
        ],
        "nl": [
          "Workshop geleid door Marie Chabin\n\nProfessioneel vertaalster Marie Chabin biedt je een leuke en interactieve ervaring: literair vertalen. Gedurende 2 uur leidt ze je aan de hand van een woord-voor-woordgids of een lexicon door de ontdekking van een buitenlandse auteur, taal en cultuur.\n\nAuditorium | Vanaf 16 jaar | Registratie verplicht"
        ],
        "es": [
          "Taller dirigido por Marie Chabin\n\nLa traductora profesional Marie Chabin le propone una experiencia lúdica e interactiva: la traducción literaria. Durante 2 horas, utilizando una guía palabra por palabra o un léxico, le guiará en el descubrimiento de un autor, una lengua y una cultura extranjeros.\n\nAuditorio | A partir de 16 años | Inscripción obligatoria"
        ]
      },
      "@type": [
        "Description"
      ],
      "hasTranslatedProperty": [
        {
          "@id": "https://data.datatourisme.fr/0c5b6c5a-8bc5-3d15-be48-d9cfea1aae15",
          "dc:contributor": [
            "https://api.deepl.com/v2/translate"
          ],
          "rdf:language": [
            "nl"
          ],
          "rdf:predicate": [
            "shortDescription"
          ]
        },
        {
          "@id": "https://data.datatourisme.fr/2a6c2500-0574-3d27-8578-6e1e056c5cc6",
          "dc:contributor": [
            "https://api.deepl.com/v2/translate"
          ],
          "rdf:language": [
            "it"
          ],
          "rdf:predicate": [
            "shortDescription"
          ]
        },
        {
          "@id": "https://data.datatourisme.fr/396240e9-27eb-3e2d-a9f9-9f85c085b751",
          "dc:contributor": [
            "https://api.deepl.com/v2/translate"
          ],
          "rdf:language": [
            "de"
          ],
          "rdf:predicate": [
            "shortDescription"
          ]
        },
        {
          "@id": "https://data.datatourisme.fr/3f5f4286-e30b-3a97-86f4-a2e18825a742",
          "dc:contributor": [
            "https://api.deepl.com/v2/translate"
          ],
          "rdf:language": [
            "es"
          ],
          "rdf:predicate": [
            "shortDescription"
          ]
        },
        {
          "@id": "https://data.datatourisme.fr/49ab760d-75ad-35e6-9abf-7999253fe55c",
          "dc:contributor": [
            "https://api.deepl.com/v2/translate"
          ],
          "rdf:language": [
            "en"
          ],
          "rdf:predicate": [
            "shortDescription"
          ]
        },
        {
          "@id": "https://data.datatourisme.fr/578c8ca8-fae8-3735-9989-78c33f751731",
          "dc:contributor": [
            "https://api.deepl.com/v2/translate"
          ],
          "rdf:language": [
            "de"
          ],
          "rdf:predicate": [
            {
              "@id": "dc:description"
            }
          ]
        },
        {
          "@id": "https://data.datatourisme.fr/59047277-a78e-3487-9caa-c64e98e40e56",
          "dc:contributor": [
            "https://api.deepl.com/v2/translate"
          ],
          "rdf:language": [
            "es"
          ],
          "rdf:predicate": [
            {
              "@id": "dc:description"
            }
          ]
        },
        {
          "@id": "https://data.datatourisme.fr/7909baab-4547-3e49-9f13-9dbeff5b333a",
          "dc:contributor": [
            "https://api.deepl.com/v2/translate"
          ],
          "rdf:language": [
            "en"
          ],
          "rdf:predicate": [
            {
              "@id": "dc:description"
            }
          ]
        },
        {
          "@id": "https://data.datatourisme.fr/b5aa1314-f24e-3cb1-b86c-ee045587dd2f",
          "dc:contributor": [
            "https://api.deepl.com/v2/translate"
          ],
          "rdf:language": [
            "it"
          ],
          "rdf:predicate": [
            {
              "@id": "dc:description"
            }
          ]
        },
        {
          "@id": "https://data.datatourisme.fr/fb57276f-4cb5-307f-81ca-155703f702a2",
          "dc:contributor": [
            "https://api.deepl.com/v2/translate"
          ],
          "rdf:language": [
            "nl"
          ],
          "rdf:predicate": [
            {
              "@id": "dc:description"
            }
          ]
        }
      ],
      "shortDescription": {
        "de": [
          "Workshop geleitet von Marie Chabin\n\nDie professionelle Übersetzerin Marie Chabin bietet Ihnen eine spielerische und partizipative Erfahrung: die literarische Übersetzung. Zwei Stunden lang führt sie Sie mit Hilfe eines Wort-für-Wort oder eines Lexikons durch die Entdeckung eines Autors, einer Sprache und einer fremden Kultur.\n\nAuditorium | Ab 16 Jahren | Auf Anmeldung"
        ],
        "en": [
          "Workshop led by Marie Chabin\n\nProfessional translator Marie Chabin offers you a fun, hands-on experience: literary translation. For 2 hours, using a word-by-word guide or a lexicon, she will guide you in the discovery of a foreign author, language and culture.\n\nAuditorium | Ages 16 and up | Registration required"
        ],
        "it": [
          "Laboratorio condotto da Marie Chabin\n\nLa traduttrice professionista Marie Chabin vi propone un'esperienza divertente e interattiva: la traduzione letteraria. Per 2 ore, utilizzando una guida parola per parola o un lessico, vi guiderà alla scoperta di un autore, di una lingua e di una cultura straniera.\n\nAuditorium | A partire da 16 anni | Iscrizione obbligatoria"
        ],
        "fr": [
          "Atelier animé par Marie Chabin \n\nLa traductrice professionnelle Marie Chabin vous propos une expérience ludique et participative : la traduction littéraire. Durant 2 heures, à l'aide d'un mot-à-mot ou d'un lexique, elle vous guidera à la découverte d'un auteur, d'une langue et d'une culture étrangère. \n\nAuditorium | A partir de 16 ans | Sur inscription"
        ],
        "nl": [
          "Workshop geleid door Marie Chabin\n\nProfessioneel vertaalster Marie Chabin biedt je een leuke en interactieve ervaring: literair vertalen. Gedurende 2 uur leidt ze je aan de hand van een woord-voor-woordgids of een lexicon door de ontdekking van een buitenlandse auteur, taal en cultuur.\n\nAuditorium | Vanaf 16 jaar | Registratie verplicht"
        ],
        "es": [
          "Taller dirigido por Marie Chabin\n\nLa traductora profesional Marie Chabin le propone una experiencia lúdica e interactiva: la traducción literaria. Durante 2 horas, utilizando una guía palabra por palabra o un léxico, le guiará en el descubrimiento de un autor, una lengua y una cultura extranjeros.\n\nAuditorio | A partir de 16 años | Inscripción obligatoria"
        ]
      }
    }
  ],
  "hasMainRepresentation": [
    {
      "@id": "https://data.datatourisme.fr/49a2a890-e60f-323c-87a0-d851cc0d1b08",
      "ebucore:hasAnnotation": [
        {
          "@id": "https://data.datatourisme.fr/a2bf8011-8e7b-3e36-b5b1-72c80861d233",
          "ebucore:isCoveredBy": "By-NC-ND 4.0",
          "ebucore:title": {
            "fr": [
              "Médiathèque©NLL (1).jpg_1"
            ]
          },
          "@type": [
            "ebucore:Annotation"
          ],
          "credits": [
            "Non communiqué"
          ]
        }
      ],
      "ebucore:hasRelatedResource": [
        {
          "@id": "https://data.datatourisme.fr/a29c9ce1-b282-3545-89de-f2174036e049",
          "ebucore:hasMimeType": [
            {
              "@id": "kb:JPEG",
              "@type": [
                "ebucore:MimeType"
              ],
              "rdfs:comment": {
                "de": [
                  "JPEG-Bild"
                ],
                "pt": [
                  "Imagem JPEG"
                ],
                "en": [
                  "JPEG image file"
                ],
                "it": [
                  "Immagine JPEG"
                ],
                "fr": [
                  "Image JPEG"
                ],
                "nl": [
                  "JPEG-afbeelding"
                ],
                "es": [
                  "Imagen JPEG"
                ]
              },
              "rdfs:label": {
                "de": [
                  "image/jpeg"
                ],
                "pt": [
                  "image/jpeg"
                ],
                "en": [
                  "image/jpeg"
                ],
                "it": [
                  "image/jpeg"
                ],
                "fr": [
                  "image/jpeg"
                ],
                "nl": [
                  "image/jpeg"
                ],
                "es": [
                  "image/jpeg"
                ]
              }
            }
          ],
          "ebucore:locator": [
            "http://aquitaine.media.tourinsoft.eu/Upload/788809-mediathequenll-1.jpg"
          ],
          "@type": [
            "ebucore:Resource"
          ]
        }
      ],
      "@type": [
        "ebucore:EditorialObject"
      ]
    }
  ],
  "hasRepresentation": [
    {
      "@id": "https://data.datatourisme.fr/49a2a890-e60f-323c-87a0-d851cc0d1b08",
      "ebucore:hasAnnotation": [
        {
          "@id": "https://data.datatourisme.fr/a2bf8011-8e7b-3e36-b5b1-72c80861d233",
          "ebucore:isCoveredBy": "By-NC-ND 4.0",
          "ebucore:title": {
            "fr": [
              "Médiathèque©NLL (1).jpg_1"
            ]
          },
          "@type": [
            "ebucore:Annotation"
          ],
          "credits": [
            "Non communiqué"
          ]
        }
      ],
      "ebucore:hasRelatedResource": [
        {
          "@id": "https://data.datatourisme.fr/a29c9ce1-b282-3545-89de-f2174036e049",
          "ebucore:hasMimeType": [
            {
              "@id": "kb:JPEG",
              "@type": [
                "ebucore:MimeType"
              ],
              "rdfs:comment": {
                "de": [
                  "JPEG-Bild"
                ],
                "pt": [
                  "Imagem JPEG"
                ],
                "en": [
                  "JPEG image file"
                ],
                "it": [
                  "Immagine JPEG"
                ],
                "fr": [
                  "Image JPEG"
                ],
                "nl": [
                  "JPEG-afbeelding"
                ],
                "es": [
                  "Imagen JPEG"
                ]
              },
              "rdfs:label": {
                "de": [
                  "image/jpeg"
                ],
                "pt": [
                  "image/jpeg"
                ],
                "en": [
                  "image/jpeg"
                ],
                "it": [
                  "image/jpeg"
                ],
                "fr": [
                  "image/jpeg"
                ],
                "nl": [
                  "image/jpeg"
                ],
                "es": [
                  "image/jpeg"
                ]
              }
            }
          ],
          "ebucore:locator": [
            "http://aquitaine.media.tourinsoft.eu/Upload/788809-mediathequenll-1.jpg"
          ],
          "@type": [
            "ebucore:Resource"
          ]
        }
      ],
      "@type": [
        "ebucore:EditorialObject"
      ]
    }
  ],
  "hasTranslatedProperty": [
    {
      "@id": "https://data.datatourisme.fr/08b6028a-af40-32b3-b026-127ac5a9a8c0",
      "dc:contributor": [
        "https://api.deepl.com/v2/translate"
      ],
      "rdf:language": [
        "nl"
      ],
      "rdf:predicate": [
        {
          "@id": "rdfs:comment"
        }
      ]
    },
    {
      "@id": "https://data.datatourisme.fr/7599511f-ae57-36ae-b036-c0126a1a6516",
      "dc:contributor": [
        "https://api.deepl.com/v2/translate"
      ],
      "rdf:language": [
        "de"
      ],
      "rdf:predicate": [
        {
          "@id": "rdfs:comment"
        }
      ]
    },
    {
      "@id": "https://data.datatourisme.fr/8a8d9118-6ba4-3163-bcdd-2b5711933aae",
      "dc:contributor": [
        "https://api.deepl.com/v2/translate"
      ],
      "rdf:language": [
        "en"
      ],
      "rdf:predicate": [
        {
          "@id": "rdfs:comment"
        }
      ]
    },
    {
      "@id": "https://data.datatourisme.fr/c1527f9b-0ab3-3a1f-a21d-e11e8a28b5ee",
      "dc:contributor": [
        "https://api.deepl.com/v2/translate"
      ],
      "rdf:language": [
        "es"
      ],
      "rdf:predicate": [
        {
          "@id": "rdfs:comment"
        }
      ]
    },
    {
      "@id": "https://data.datatourisme.fr/fda67904-94f2-3f99-a7f2-a3f89f84da6c",
      "dc:contributor": [
        "https://api.deepl.com/v2/translate"
      ],
      "rdf:language": [
        "it"
      ],
      "rdf:predicate": [
        {
          "@id": "rdfs:comment"
        }
      ]
    }
  ],
  "isLocatedAt": [
    {
      "@id": "https://data.datatourisme.fr/ecfbc78f-f12a-3aa0-8587-0846e17a924b",
      "schema:address": [
        {
          "@id": "https://data.datatourisme.fr/61c330cc-b7d4-3345-a337-05d2ea10a610",
          "schema:addressLocality": "Mont-de-Marsan",
          "schema:postalCode": "40000",
          "schema:streetAddress": [
            "Médiathèque Philippe Labeyrie",
            "place du 6ème R.P.I.Ma"
          ],
          "@type": [
            "schema:PostalAddress",
            "PostalAddress"
          ],
          "hasAddressCity": {
            "@id": "kb:40192",
            "@type": [
              "City"
            ],
            "rdfs:label": {
              "de": [
                "Mont-de-Marsan"
              ],
              "pt": [
                "Mont-de-Marsan"
              ],
              "en": [
                "Mont-de-Marsan"
              ],
              "it": [
                "Mont-de-Marsan"
              ],
              "fr": [
                "Mont-de-Marsan"
              ],
              "nl": [
                "Mont-de-Marsan"
              ],
              "es": [
                "Mont-de-Marsan"
              ]
            },
            "insee": "40192",
            "isPartOfDepartment": {
              "@id": "kb:France7540",
              "@type": [
                "Department"
              ],
              "rdfs:label": {
                "de": [
                  "Landes"
                ],
                "pt": [
                  "Landes"
                ],
                "en": [
                  "Landes"
                ],
                "it": [
                  "Landes"
                ],
                "fr": [
                  "Landes"
                ],
                "nl": [
                  "Landes"
                ],
                "es": [
                  "Landes"
                ]
              },
              "insee": "40",
              "isPartOfRegion": {
                "@id": "kb:France75",
                "@type": [
                  "Region"
                ],
                "rdfs:label": {
                  "de": [
                    "Nouvelle-Aquitaine"
                  ],
                  "pt": [
                    "Nouvelle-Aquitaine"
                  ],
                  "en": [
                    "Nouvelle-Aquitaine"
                  ],
                  "it": [
                    "Nouvelle-Aquitaine"
                  ],
                  "fr": [
                    "Nouvelle-Aquitaine"
                  ],
                  "nl": [
                    "Nouvelle-Aquitaine"
                  ],
                  "es": [
                    "Nouvelle-Aquitaine"
                  ]
                },
                "insee": "75",
                "isPartOfCountry": {
                  "@id": "kb:France",
                  "@type": [
                    "schema:Country"
                  ],
                  "rdfs:label": {
                    "de": [
                      "France",
                      "Frankreich"
                    ],
                    "pt": [
                      "França",
                      "France"
                    ],
                    "en": [
                      "France"
                    ],
                    "it": [
                      "France",
                      "Francia"
                    ],
                    "fr": [
                      "France"
                    ],
                    "nl": [
                      "France",
                      "Frankrijk"
                    ],
                    "es": [
                      "France",
                      "Francia"
                    ]
                  }
                }
              }
            }
          }
        }
      ],
      "schema:geo": {
        "@id": "https://data.datatourisme.fr/578796f0-c216-3c6d-9202-fa915ef14b75",
        "schema:latitude": "43.89614",
        "schema:longitude": "-0.492317",
        "@type": [
          "schema:GeoCoordinates"
        ]
      },
      "@type": [
        "schema:Place",
        "Place"
      ],
      "altInsee": [
        "40192"
      ]
    }
  ],
  "isOwnedBy": [
    {
      "@id": "https://data.datatourisme.fr/c6ca9952-5fab-346c-91c2-c2df0536833e",
      "schema:telephone": [
        "+33 5 58 46 09 43"
      ],
      "@type": [
        "foaf:Agent",
        "Agent"
      ],
      "foaf:homepage": [
        "http://lamediathequedumarsan.fr/media/jsp/"
      ]
    }
  ],
  "lastUpdate": "2023-08-27",
  "lastUpdateDatatourisme": "2023-08-29T22:11:30.778Z",
  "takesPlaceAt": [
    {
      "@id": "https://data.datatourisme.fr/db81dd79-0d31-3580-bc59-3ec01b5baf1e",
      "@type": [
        "Period"
      ],
      "endDate": "2023-10-14",
      "endTime": "16:30:00",
      "startDate": "2023-10-14",
      "startTime": "14:30:00"
    }
  ]
}