{
  "@id": "https://data.datatourisme.fr/23/00fb1feb-f5d0-3706-9f7a-b2cc5d380084",
  "dc:identifier": "DEGAQU047V5032TL",
  "@type": [
    "schema:LocalBusiness",
    "PlaceOfInterest",
    "PointOfInterest",
    "Producer",
    "TastingProvider"
  ],
  "rdfs:comment": {
    "de": [
      "Wir bieten Ihnen die Möglichkeit, (nach vorheriger Anmeldung) den Bauernhof zu besuchen und die Tiere, den Stopfraum, das Verarbeitungslabor und den Laden zu besichtigen."
    ],
    "en": [
      "We propose you to visit (on reservation) the farm and to discover the animals, the feeding room, the processing laboratory and the shop."
    ],
    "it": [
      "È possibile visitare la fattoria e scoprire gli animali, la sala di alimentazione, il laboratorio di trasformazione e il negozio."
    ],
    "fr": [
      "Nous vous proposons de visiter (sur réservation) la ferme et de découvrir les animaux, la salle de gavage, le laboratoire de transformation et le magasin."
    ],
    "nl": [
      "U kunt de boerderij bezoeken en de dieren, de voederruimte, het verwerkingslaboratorium en de winkel ontdekken."
    ],
    "es": [
      "Puede visitar la granja y descubrir los animales, la sala de alimentación, el laboratorio de procesamiento y la tienda."
    ]
  },
  "rdfs:label": {
    "de": [
      "EARL La Barraque - Mella et fils"
    ],
    "en": [
      "EARL La Barraque - Mella et fils"
    ],
    "fr": [
      "EARL La Barraque - Mella et fils"
    ],
    "nl": [
      "EARL La Barraque - Mella et fils"
    ],
    "es": [
      "EARL La Barraque - Mella et fils"
    ]
  },
  "COVID19SpecialMeasures": {
    "de": [
      "Aufgrund der Gesundheitskrise im Zusammenhang mit Covid-19 werden Besucher gebeten, die eingeführten Hygienemaßnahmen zu beachten."
    ],
    "en": [
      "Due to the health crisis linked to covid-19, visitors are asked to respect the hygiene measures in place."
    ],
    "it": [
      "A causa della crisi sanitaria di covid-19, i visitatori sono invitati a rispettare le misure igieniche in vigore."
    ],
    "fr": [
      "En raison de la crise sanitaire liée au covid-19, il est demandé aux visiteurs de respecter les mesures d’hygiènes mises en place."
    ],
    "nl": [
      "Wegens de gezondheidscrisis in verband met covid-19 worden bezoekers verzocht de geldende hygiënemaatregelen in acht te nemen."
    ],
    "es": [
      "Debido a la crisis sanitaria del covid-19, se pide a los visitantes que respeten las medidas de higiene establecidas."
    ]
  },
  "availableLanguage": [
    "en",
    "es"
  ],
  "creationDate": "2015-05-07",
  "hasBeenCreatedBy": {
    "@id": "https://data.datatourisme.fr/23/6fdda24b-5d2a-380e-a0d9-081279794298",
    "dc:identifier": "91474140-426c-40d6-8f66-468a96b4d109",
    "schema:legalName": "OT du Confluent et des Coteaux de Prayssas",
    "@type": [
      "schema:Organization",
      "foaf:Agent",
      "Agent"
    ]
  },
  "hasBeenPublishedBy": [
    {
      "@id": "https://data.datatourisme.fr/05dc9cb8-2fa5-383d-b87b-497de06649a2",
      "schema:email": [
        "sirtaqui@na-tourisme.com"
      ],
      "schema:legalName": "SIRTAQUI Nouvelle-Aquitaine",
      "schema:logo": "http://aquitaine.media.tourinsoft.eu/upload/Logo-Sirtaqui-1280x405.jpg",
      "@type": [
        "schema:Organization",
        "foaf:Agent",
        "Agent"
      ],
      "rdfs:comment": {
        "de": [
          "Collecter, mettre en commun et diffuser le plus largement possible une information complète et de qualité au service de nos habitants et de nos visiteurs : voici les objectifs du SIRTAQUI, Système d’Information Régional Touristique de Nouvelle-AQUItaine. Le dispositif est mis en œuvre conjointement par le Comité Régional de Tourisme de Nouvelle-Aquitaine, les services touristiques de la Corrèze, de la Creuse, de la Dordogne, de la Gironde, des Landes, du Lot-et-Garonne, des Pyrénées-Atlantiques, des Deux-Sèvres, de la Vienne et de la Haute-Vienne, en collaboration avec les Offices de Tourisme, et avec le soutien financier de l’Europe et du Conseil Régional."
        ],
        "en": [
          "Collecter, mettre en commun et diffuser le plus largement possible une information complète et de qualité au service de nos habitants et de nos visiteurs : voici les objectifs du SIRTAQUI, Système d’Information Régional Touristique de Nouvelle-AQUItaine. Le dispositif est mis en œuvre conjointement par le Comité Régional de Tourisme de Nouvelle-Aquitaine, les services touristiques de la Corrèze, de la Creuse, de la Dordogne, de la Gironde, des Landes, du Lot-et-Garonne, des Pyrénées-Atlantiques, des Deux-Sèvres, de la Vienne et de la Haute-Vienne, en collaboration avec les Offices de Tourisme, et avec le soutien financier de l’Europe et du Conseil Régional."
        ],
        "it": [
          "L'obiettivo di SIRTAQUI, il Sistema Regionale di Informazione Turistica della Nuova Aquitania, è quello di raccogliere, mettere in comune e diffondere il più possibile informazioni complete e di qualità a beneficio dei nostri residenti e visitatori. Il sistema è realizzato congiuntamente dal Comité Régional de Tourisme de Nouvelle-Aquitaine, dai servizi turistici di Corrèze, Creuse, Dordogne, Gironde, Landes, Lot-et-Garonne, Pyrénées-Atlantiques, Deux-Sèvres, Vienne e Haute-Vienne, in collaborazione con gli Uffici del Turismo e con il sostegno finanziario dell'Europa e del Conseil Régional."
        ],
        "fr": [
          "Collecter, mettre en commun et diffuser le plus largement possible une information complète et de qualité au service de nos habitants et de nos visiteurs : voici les objectifs du SIRTAQUI, Système d’Information Régional Touristique de Nouvelle-AQUItaine. Le dispositif est mis en œuvre conjointement par le Comité Régional de Tourisme de Nouvelle-Aquitaine, les services touristiques de la Corrèze, de la Creuse, de la Dordogne, de la Gironde, des Landes, du Lot-et-Garonne, des Pyrénées-Atlantiques, des Deux-Sèvres, de la Vienne et de la Haute-Vienne, en collaboration avec les Offices de Tourisme, et avec le soutien financier de l’Europe et du Conseil Régional."
        ],
        "nl": [
          "Collecter, mettre en commun et diffuser le plus largement possible une information complète et de qualité au service de nos habitants et de nos visiteurs : voici les objectifs du SIRTAQUI, Système d’Information Régional Touristique de Nouvelle-AQUItaine. Le dispositif est mis en œuvre conjointement par le Comité Régional de Tourisme de Nouvelle-Aquitaine, les services touristiques de la Corrèze, de la Creuse, de la Dordogne, de la Gironde, des Landes, du Lot-et-Garonne, des Pyrénées-Atlantiques, des Deux-Sèvres, de la Vienne et de la Haute-Vienne, en collaboration avec les Offices de Tourisme, et avec le soutien financier de l’Europe et du Conseil Régional."
        ],
        "es": [
          "Collecter, mettre en commun et diffuser le plus largement possible une information complète et de qualité au service de nos habitants et de nos visiteurs : voici les objectifs du SIRTAQUI, Système d’Information Régional Touristique de Nouvelle-AQUItaine. Le dispositif est mis en œuvre conjointement par le Comité Régional de Tourisme de Nouvelle-Aquitaine, les services touristiques de la Corrèze, de la Creuse, de la Dordogne, de la Gironde, des Landes, du Lot-et-Garonne, des Pyrénées-Atlantiques, des Deux-Sèvres, de la Vienne et de la Haute-Vienne, en collaboration avec les Offices de Tourisme, et avec le soutien financier de l’Europe et du Conseil Régional."
        ]
      },
      "foaf:homepage": [
        "http://www.sirtaqui-aquitaine.com/"
      ],
      "hasTranslatedProperty": [
        {
          "@id": "https://data.datatourisme.fr/eef27e75-4a23-313e-a6ee-797e7b64a1cd",
          "dc:contributor": [
            "https://api.deepl.com/v2/translate"
          ],
          "rdf:language": [
            "it"
          ],
          "rdf:predicate": [
            {
              "@id": "rdfs:comment"
            }
          ]
        }
      ]
    }
  ],
  "hasBookingContact": [
    {
      "@id": "https://data.datatourisme.fr/caece006-0532-3380-9b99-df39d4eeb457",
      "schema:email": [
        "mellaetfils@gmail.com"
      ],
      "schema:legalName": "EARL La Barraque - Mella et fils",
      "schema:telephone": [
        "+33 6 88 46 70 30"
      ],
      "@type": [
        "schema:Organization",
        "foaf:Agent",
        "Agent"
      ]
    }
  ],
  "hasContact": [
    {
      "@id": "https://data.datatourisme.fr/caece006-0532-3380-9b99-df39d4eeb457",
      "schema:email": [
        "mellaetfils@gmail.com"
      ],
      "schema:legalName": "EARL La Barraque - Mella et fils",
      "schema:telephone": [
        "+33 6 88 46 70 30"
      ],
      "@type": [
        "schema:Organization",
        "foaf:Agent",
        "Agent"
      ]
    }
  ],
  "hasDescription": [
    {
      "@id": "https://data.datatourisme.fr/784b944d-178b-3984-a83a-a307eecd75a0",
      "dc:description": {
        "de": [
          "Wir züchten Gänse und fette Enten. Wenn sie im Alter von einem Tag auf dem Hof ankommen, werden sie im Freien auf grasbewachsenen Ausläufen aufgezogen und mit Vollkornmais gefüttert und gestopft. Die Stopfmast findet in Gehegen und nicht in Käfigen statt. Sie werden auf dem Hof nach traditionellen Familienrezepten verarbeitet.\nWir bieten Ihnen die Möglichkeit, (nach vorheriger Anmeldung) den Bauernhof zu besuchen und die Tiere, das Verarbeitungslabor und den Laden zu besichtigen."
        ],
        "en": [
          "We raise fattened geese and ducks. When they arrive at the farm at the age of one day, they are raised outdoors on grassy fields, fed and force-fed with whole corn. The force-feeding is done in pens and not in cages. They are processed on the farm according to traditional and family recipes.\nWe propose you to visit (on reservation) the farm and to discover the animals, the processing laboratory and the shop."
        ],
        "it": [
          "Alleviamo oche e anatre da ingrasso. Una volta raggiunta l'età di un giorno nella fattoria, vengono allevati all'aperto su campi erbosi, nutriti e alimentati a forza con mais integrale. Sono alimentati a forza in recinti e non in gabbie. Vengono lavorati in azienda secondo le ricette tradizionali della famiglia.\nÈ possibile visitare la fattoria (su prenotazione) e scoprire gli animali, il laboratorio di trasformazione e il negozio."
        ],
        "fr": [
          "Nous élevons des oies et des canards gras. Arrivée à l'âge d'un jour à la ferme, ils sont élevés en plein air sur des parcours enherbés, nourris et gavés au maïs entier. Le gavage se fait dans des enclos et non dans des cages. Ils sont transformés à la ferme selon des recettes traditionnelles et familiales.\nNous vous proposons de visiter (sur réservation) la ferme et de découvrir les animaux, le laboratoire de transformation et le magasin."
        ],
        "nl": [
          "We fokken ganzen en gemeste eenden. Als ze één dag oud zijn op de boerderij, worden ze in de open lucht grootgebracht op grasvelden, gevoed en gedwongen met hele maïs. Ze worden gedwongen gevoed in hokken en niet in kooien. Ze worden op de boerderij verwerkt volgens traditionele familierecepten.\nU kunt de boerderij bezoeken (op reservering) en kennismaken met de dieren, het verwerkingslaboratorium en de winkel."
        ],
        "es": [
          "Criamos gansos y patos de engorde. Cuando tienen un día de vida en la granja, se crían al aire libre en campos de hierba, alimentados y forzados con maíz entero. Se les alimenta a la fuerza en corrales y no en jaulas. Se procesan en la granja según las recetas tradicionales de la familia.\nPuede visitar la granja (previa reserva) y descubrir los animales, el laboratorio de transformación y la tienda."
        ]
      },
      "@type": [
        "Description"
      ],
      "hasTranslatedProperty": [
        {
          "@id": "https://data.datatourisme.fr/0ab1a640-97cd-3393-a512-54e8321bd1b8",
          "dc:contributor": [
            "https://api.deepl.com/v2/translate"
          ],
          "rdf:language": [
            "es"
          ],
          "rdf:predicate": [
            "shortDescription"
          ]
        },
        {
          "@id": "https://data.datatourisme.fr/2e3c9813-606f-3462-8649-3caac0b2233c",
          "dc:contributor": [
            "https://api.deepl.com/v2/translate"
          ],
          "rdf:language": [
            "en"
          ],
          "rdf:predicate": [
            "shortDescription"
          ]
        },
        {
          "@id": "https://data.datatourisme.fr/2fa92038-cd9c-3e1a-a165-eac963730089",
          "dc:contributor": [
            "https://api.deepl.com/v2/translate"
          ],
          "rdf:language": [
            "en"
          ],
          "rdf:predicate": [
            {
              "@id": "dc:description"
            }
          ]
        },
        {
          "@id": "https://data.datatourisme.fr/45cbab89-a243-3a05-a88c-e43c386ef63b",
          "dc:contributor": [
            "https://api.deepl.com/v2/translate"
          ],
          "rdf:language": [
            "nl"
          ],
          "rdf:predicate": [
            "shortDescription"
          ]
        },
        {
          "@id": "https://data.datatourisme.fr/4d906edc-8a4d-3441-b50f-4f95b5ac843f",
          "dc:contributor": [
            "https://api.deepl.com/v2/translate"
          ],
          "rdf:language": [
            "de"
          ],
          "rdf:predicate": [
            "shortDescription"
          ]
        },
        {
          "@id": "https://data.datatourisme.fr/6f235091-458f-3ed3-beb6-7621447e71c9",
          "dc:contributor": [
            "https://api.deepl.com/v2/translate"
          ],
          "rdf:language": [
            "it"
          ],
          "rdf:predicate": [
            {
              "@id": "dc:description"
            }
          ]
        },
        {
          "@id": "https://data.datatourisme.fr/9b34282e-9c72-34a5-b092-85d327525686",
          "dc:contributor": [
            "https://api.deepl.com/v2/translate"
          ],
          "rdf:language": [
            "es"
          ],
          "rdf:predicate": [
            {
              "@id": "dc:description"
            }
          ]
        },
        {
          "@id": "https://data.datatourisme.fr/c109dff2-3ecf-3769-9ae6-380bf6e2aa06",
          "dc:contributor": [
            "https://api.deepl.com/v2/translate"
          ],
          "rdf:language": [
            "nl"
          ],
          "rdf:predicate": [
            {
              "@id": "dc:description"
            }
          ]
        },
        {
          "@id": "https://data.datatourisme.fr/d4b6c09c-d3a3-3a91-a65a-9182aaa7fb54",
          "dc:contributor": [
            "https://api.deepl.com/v2/translate"
          ],
          "rdf:language": [
            "it"
          ],
          "rdf:predicate": [
            "shortDescription"
          ]
        },
        {
          "@id": "https://data.datatourisme.fr/ec1632e9-3ed2-3b0e-b83f-bd527daf1c31",
          "dc:contributor": [
            "https://api.deepl.com/v2/translate"
          ],
          "rdf:language": [
            "de"
          ],
          "rdf:predicate": [
            {
              "@id": "dc:description"
            }
          ]
        }
      ],
      "shortDescription": {
        "de": [
          "Wir bieten Ihnen die Möglichkeit, (nach vorheriger Anmeldung) den Bauernhof zu besuchen und die Tiere, den Stopfraum, das Verarbeitungslabor und den Laden zu besichtigen."
        ],
        "en": [
          "We propose you to visit (on reservation) the farm and to discover the animals, the feeding room, the processing laboratory and the shop."
        ],
        "it": [
          "È possibile visitare la fattoria e scoprire gli animali, la sala di alimentazione, il laboratorio di trasformazione e il negozio."
        ],
        "fr": [
          "Nous vous proposons de visiter (sur réservation) la ferme et de découvrir les animaux, la salle de gavage, le laboratoire de transformation et le magasin."
        ],
        "nl": [
          "U kunt de boerderij bezoeken en de dieren, de voederruimte, het verwerkingslaboratorium en de winkel ontdekken."
        ],
        "es": [
          "Puede visitar la granja y descubrir los animales, la sala de alimentación, el laboratorio de procesamiento y la tienda."
        ]
      }
    }
  ],
  "hasFeature": [
    {
      "@id": "https://data.datatourisme.fr/4531512b-fbfe-39a1-98fa-3735244e055e",
      "@type": [
        "schema:PropertyValue",
        "FeatureSpecification"
      ],
      "petsAllowed": true
    }
  ],
  "hasMainRepresentation": [
    {
      "@id": "https://data.datatourisme.fr/29d6107a-5863-34a0-9e10-591a62aaf2ea",
      "ebucore:hasAnnotation": [
        {
          "@id": "https://data.datatourisme.fr/0d5e5659-0572-387f-a9e0-d6c165625998",
          "ebucore:isCoveredBy": "By-NC-ND 4.0",
          "ebucore:title": {
            "fr": [
              "boutique mella et fils"
            ]
          },
          "@type": [
            "ebucore:Annotation"
          ],
          "credits": [
            "Mella et fils"
          ]
        }
      ],
      "ebucore:hasRelatedResource": [
        {
          "@id": "https://data.datatourisme.fr/7985391c-c977-3798-b574-2d4e4c698d86",
          "ebucore:hasMimeType": [
            {
              "@id": "kb:JPEG",
              "@type": [
                "ebucore:MimeType"
              ],
              "rdfs:comment": {
                "de": [
                  "JPEG-Bild"
                ],
                "pt": [
                  "Imagem JPEG"
                ],
                "en": [
                  "JPEG image file"
                ],
                "it": [
                  "Immagine JPEG"
                ],
                "fr": [
                  "Image JPEG"
                ],
                "nl": [
                  "JPEG-afbeelding"
                ],
                "es": [
                  "Imagen JPEG"
                ]
              },
              "rdfs:label": {
                "de": [
                  "image/jpeg"
                ],
                "pt": [
                  "image/jpeg"
                ],
                "en": [
                  "image/jpeg"
                ],
                "it": [
                  "image/jpeg"
                ],
                "fr": [
                  "image/jpeg"
                ],
                "nl": [
                  "image/jpeg"
                ],
                "es": [
                  "image/jpeg"
                ]
              }
            }
          ],
          "ebucore:locator": [
            "http://aquitaine.media.tourinsoft.eu/Upload/boutique-mella-et-fils.jpg"
          ],
          "@type": [
            "ebucore:Resource"
          ]
        }
      ],
      "@type": [
        "ebucore:EditorialObject"
      ]
    }
  ],
  "hasRepresentation": [
    {
      "@id": "https://data.datatourisme.fr/003a059d-3c5e-3c66-86a4-a214e7125195",
      "ebucore:hasAnnotation": [
        {
          "@id": "https://data.datatourisme.fr/d6ae2efc-7990-306d-9262-23bac495e92c",
          "ebucore:isCoveredBy": "By-NC-ND 4.0",
          "ebucore:title": {
            "fr": [
              "boutique mella et fils (7)"
            ]
          },
          "@type": [
            "ebucore:Annotation"
          ],
          "credits": [
            "Mella et fils"
          ]
        }
      ],
      "ebucore:hasRelatedResource": [
        {
          "@id": "https://data.datatourisme.fr/36a0358a-a71e-3299-9fc9-b5c304133f14",
          "ebucore:hasMimeType": [
            {
              "@id": "kb:JPEG",
              "@type": [
                "ebucore:MimeType"
              ],
              "rdfs:comment": {
                "de": [
                  "JPEG-Bild"
                ],
                "pt": [
                  "Imagem JPEG"
                ],
                "en": [
                  "JPEG image file"
                ],
                "it": [
                  "Immagine JPEG"
                ],
                "fr": [
                  "Image JPEG"
                ],
                "nl": [
                  "JPEG-afbeelding"
                ],
                "es": [
                  "Imagen JPEG"
                ]
              },
              "rdfs:label": {
                "de": [
                  "image/jpeg"
                ],
                "pt": [
                  "image/jpeg"
                ],
                "en": [
                  "image/jpeg"
                ],
                "it": [
                  "image/jpeg"
                ],
                "fr": [
                  "image/jpeg"
                ],
                "nl": [
                  "image/jpeg"
                ],
                "es": [
                  "image/jpeg"
                ]
              }
            }
          ],
          "ebucore:locator": [
            "http://aquitaine.media.tourinsoft.eu/Upload/boutique-mella-et-fils--7-.jpg"
          ],
          "@type": [
            "ebucore:Resource"
          ]
        }
      ],
      "@type": [
        "ebucore:EditorialObject"
      ]
    },
    {
      "@id": "https://data.datatourisme.fr/220e803c-f37b-3abb-b8db-bd26b483babb",
      "ebucore:hasAnnotation": [
        {
          "@id": "https://data.datatourisme.fr/7fe85c19-4b80-3894-9994-6838072ede77",
          "ebucore:isCoveredBy": "By-NC-ND 4.0",
          "ebucore:title": {
            "fr": [
              "boutique mella et fils (3)"
            ]
          },
          "@type": [
            "ebucore:Annotation"
          ],
          "credits": [
            "Mella et fils"
          ]
        }
      ],
      "ebucore:hasRelatedResource": [
        {
          "@id": "https://data.datatourisme.fr/b7afd3b7-9e18-36b9-9afb-2edbd2fb2707",
          "ebucore:hasMimeType": [
            {
              "@id": "kb:JPEG",
              "@type": [
                "ebucore:MimeType"
              ],
              "rdfs:comment": {
                "de": [
                  "JPEG-Bild"
                ],
                "pt": [
                  "Imagem JPEG"
                ],
                "en": [
                  "JPEG image file"
                ],
                "it": [
                  "Immagine JPEG"
                ],
                "fr": [
                  "Image JPEG"
                ],
                "nl": [
                  "JPEG-afbeelding"
                ],
                "es": [
                  "Imagen JPEG"
                ]
              },
              "rdfs:label": {
                "de": [
                  "image/jpeg"
                ],
                "pt": [
                  "image/jpeg"
                ],
                "en": [
                  "image/jpeg"
                ],
                "it": [
                  "image/jpeg"
                ],
                "fr": [
                  "image/jpeg"
                ],
                "nl": [
                  "image/jpeg"
                ],
                "es": [
                  "image/jpeg"
                ]
              }
            }
          ],
          "ebucore:locator": [
            "http://aquitaine.media.tourinsoft.eu/Upload/boutique-mella-et-fils--3-.jpg"
          ],
          "@type": [
            "ebucore:Resource"
          ]
        }
      ],
      "@type": [
        "ebucore:EditorialObject"
      ]
    },
    {
      "@id": "https://data.datatourisme.fr/29d6107a-5863-34a0-9e10-591a62aaf2ea",
      "ebucore:hasAnnotation": [
        {
          "@id": "https://data.datatourisme.fr/0d5e5659-0572-387f-a9e0-d6c165625998",
          "ebucore:isCoveredBy": "By-NC-ND 4.0",
          "ebucore:title": {
            "fr": [
              "boutique mella et fils"
            ]
          },
          "@type": [
            "ebucore:Annotation"
          ],
          "credits": [
            "Mella et fils"
          ]
        }
      ],
      "ebucore:hasRelatedResource": [
        {
          "@id": "https://data.datatourisme.fr/7985391c-c977-3798-b574-2d4e4c698d86",
          "ebucore:hasMimeType": [
            {
              "@id": "kb:JPEG",
              "@type": [
                "ebucore:MimeType"
              ],
              "rdfs:comment": {
                "de": [
                  "JPEG-Bild"
                ],
                "pt": [
                  "Imagem JPEG"
                ],
                "en": [
                  "JPEG image file"
                ],
                "it": [
                  "Immagine JPEG"
                ],
                "fr": [
                  "Image JPEG"
                ],
                "nl": [
                  "JPEG-afbeelding"
                ],
                "es": [
                  "Imagen JPEG"
                ]
              },
              "rdfs:label": {
                "de": [
                  "image/jpeg"
                ],
                "pt": [
                  "image/jpeg"
                ],
                "en": [
                  "image/jpeg"
                ],
                "it": [
                  "image/jpeg"
                ],
                "fr": [
                  "image/jpeg"
                ],
                "nl": [
                  "image/jpeg"
                ],
                "es": [
                  "image/jpeg"
                ]
              }
            }
          ],
          "ebucore:locator": [
            "http://aquitaine.media.tourinsoft.eu/Upload/boutique-mella-et-fils.jpg"
          ],
          "@type": [
            "ebucore:Resource"
          ]
        }
      ],
      "@type": [
        "ebucore:EditorialObject"
      ]
    },
    {
      "@id": "https://data.datatourisme.fr/35202bac-7cad-3596-8671-b155aa5f4a88",
      "ebucore:hasAnnotation": [
        {
          "@id": "https://data.datatourisme.fr/90ec36b5-e11c-3bad-8436-5d1b95b0f6ea",
          "ebucore:isCoveredBy": "By-NC-ND 4.0",
          "ebucore:title": {
            "fr": [
              "boutique mella et fils (8)"
            ]
          },
          "@type": [
            "ebucore:Annotation"
          ],
          "credits": [
            "Mella et fils"
          ]
        }
      ],
      "ebucore:hasRelatedResource": [
        {
          "@id": "https://data.datatourisme.fr/5b692db5-5b57-3935-8bd9-5e26a5f5e0a7",
          "ebucore:hasMimeType": [
            {
              "@id": "kb:JPEG",
              "@type": [
                "ebucore:MimeType"
              ],
              "rdfs:comment": {
                "de": [
                  "JPEG-Bild"
                ],
                "pt": [
                  "Imagem JPEG"
                ],
                "en": [
                  "JPEG image file"
                ],
                "it": [
                  "Immagine JPEG"
                ],
                "fr": [
                  "Image JPEG"
                ],
                "nl": [
                  "JPEG-afbeelding"
                ],
                "es": [
                  "Imagen JPEG"
                ]
              },
              "rdfs:label": {
                "de": [
                  "image/jpeg"
                ],
                "pt": [
                  "image/jpeg"
                ],
                "en": [
                  "image/jpeg"
                ],
                "it": [
                  "image/jpeg"
                ],
                "fr": [
                  "image/jpeg"
                ],
                "nl": [
                  "image/jpeg"
                ],
                "es": [
                  "image/jpeg"
                ]
              }
            }
          ],
          "ebucore:locator": [
            "http://aquitaine.media.tourinsoft.eu/Upload/boutique-mella-et-fils--8-.jpg"
          ],
          "@type": [
            "ebucore:Resource"
          ]
        }
      ],
      "@type": [
        "ebucore:EditorialObject"
      ]
    },
    {
      "@id": "https://data.datatourisme.fr/356d6c86-ad56-3311-b80a-4c28a67ed805",
      "ebucore:hasAnnotation": [
        {
          "@id": "https://data.datatourisme.fr/1a06f61e-9483-3be5-aea1-4b1edf16e48b",
          "ebucore:isCoveredBy": "By-NC-ND 4.0",
          "ebucore:title": {
            "fr": [
              "DEG_Montpezat_MellaetFils_nos produits [600x800]"
            ]
          },
          "@type": [
            "ebucore:Annotation"
          ],
          "credits": [
            "Mella et fils"
          ]
        }
      ],
      "ebucore:hasRelatedResource": [
        {
          "@id": "https://data.datatourisme.fr/e479814d-659f-376c-a95d-bf5cdba21c9f",
          "ebucore:hasMimeType": [
            {
              "@id": "kb:JPEG",
              "@type": [
                "ebucore:MimeType"
              ],
              "rdfs:comment": {
                "de": [
                  "JPEG-Bild"
                ],
                "pt": [
                  "Imagem JPEG"
                ],
                "en": [
                  "JPEG image file"
                ],
                "it": [
                  "Immagine JPEG"
                ],
                "fr": [
                  "Image JPEG"
                ],
                "nl": [
                  "JPEG-afbeelding"
                ],
                "es": [
                  "Imagen JPEG"
                ]
              },
              "rdfs:label": {
                "de": [
                  "image/jpeg"
                ],
                "pt": [
                  "image/jpeg"
                ],
                "en": [
                  "image/jpeg"
                ],
                "it": [
                  "image/jpeg"
                ],
                "fr": [
                  "image/jpeg"
                ],
                "nl": [
                  "image/jpeg"
                ],
                "es": [
                  "image/jpeg"
                ]
              }
            }
          ],
          "ebucore:locator": [
            "http://aquitaine.media.tourinsoft.eu/Upload/DEG-Montpezat-MellaetFils-nos-produits--600x800-.jpg"
          ],
          "@type": [
            "ebucore:Resource"
          ]
        }
      ],
      "@type": [
        "ebucore:EditorialObject"
      ]
    },
    {
      "@id": "https://data.datatourisme.fr/4716b0a9-8fe0-367f-8a33-a3e64fefd823",
      "ebucore:hasAnnotation": [
        {
          "@id": "https://data.datatourisme.fr/44b2a45d-f448-3272-aab9-f4402ea9a559",
          "ebucore:isCoveredBy": "By-NC-ND 4.0",
          "ebucore:title": {
            "fr": [
              "boutique mella et fils (2)"
            ]
          },
          "@type": [
            "ebucore:Annotation"
          ],
          "credits": [
            "Mella et fils"
          ]
        }
      ],
      "ebucore:hasRelatedResource": [
        {
          "@id": "https://data.datatourisme.fr/d06eadaa-edb5-3ffd-aa4e-fa657afeea36",
          "ebucore:hasMimeType": [
            {
              "@id": "kb:JPEG",
              "@type": [
                "ebucore:MimeType"
              ],
              "rdfs:comment": {
                "de": [
                  "JPEG-Bild"
                ],
                "pt": [
                  "Imagem JPEG"
                ],
                "en": [
                  "JPEG image file"
                ],
                "it": [
                  "Immagine JPEG"
                ],
                "fr": [
                  "Image JPEG"
                ],
                "nl": [
                  "JPEG-afbeelding"
                ],
                "es": [
                  "Imagen JPEG"
                ]
              },
              "rdfs:label": {
                "de": [
                  "image/jpeg"
                ],
                "pt": [
                  "image/jpeg"
                ],
                "en": [
                  "image/jpeg"
                ],
                "it": [
                  "image/jpeg"
                ],
                "fr": [
                  "image/jpeg"
                ],
                "nl": [
                  "image/jpeg"
                ],
                "es": [
                  "image/jpeg"
                ]
              }
            }
          ],
          "ebucore:locator": [
            "http://aquitaine.media.tourinsoft.eu/Upload/boutique-mella-et-fils--2-.jpg"
          ],
          "@type": [
            "ebucore:Resource"
          ]
        }
      ],
      "@type": [
        "ebucore:EditorialObject"
      ]
    },
    {
      "@id": "https://data.datatourisme.fr/48c3ec76-26e0-3cfe-ab26-8010cdc21a90",
      "ebucore:hasAnnotation": [
        {
          "@id": "https://data.datatourisme.fr/3f548663-d716-3712-83eb-deb6fd411883",
          "ebucore:isCoveredBy": "By-NC-ND 4.0",
          "ebucore:title": {
            "fr": [
              "DEG_Montpezat_MellaetFils_canard carte de visite [600x800]"
            ]
          },
          "@type": [
            "ebucore:Annotation"
          ],
          "credits": [
            "Mella et fils"
          ]
        }
      ],
      "ebucore:hasRelatedResource": [
        {
          "@id": "https://data.datatourisme.fr/ae8ac8e0-8988-3de6-843c-d5701153a643",
          "ebucore:hasMimeType": [
            {
              "@id": "kb:JPEG",
              "@type": [
                "ebucore:MimeType"
              ],
              "rdfs:comment": {
                "de": [
                  "JPEG-Bild"
                ],
                "pt": [
                  "Imagem JPEG"
                ],
                "en": [
                  "JPEG image file"
                ],
                "it": [
                  "Immagine JPEG"
                ],
                "fr": [
                  "Image JPEG"
                ],
                "nl": [
                  "JPEG-afbeelding"
                ],
                "es": [
                  "Imagen JPEG"
                ]
              },
              "rdfs:label": {
                "de": [
                  "image/jpeg"
                ],
                "pt": [
                  "image/jpeg"
                ],
                "en": [
                  "image/jpeg"
                ],
                "it": [
                  "image/jpeg"
                ],
                "fr": [
                  "image/jpeg"
                ],
                "nl": [
                  "image/jpeg"
                ],
                "es": [
                  "image/jpeg"
                ]
              }
            }
          ],
          "ebucore:locator": [
            "http://aquitaine.media.tourinsoft.eu/Upload/DEG-Montpezat-MellaetFils-canard-carte-de-visite--600x800-.jpg"
          ],
          "@type": [
            "ebucore:Resource"
          ]
        }
      ],
      "@type": [
        "ebucore:EditorialObject"
      ]
    },
    {
      "@id": "https://data.datatourisme.fr/5ff84c49-8d93-3884-bb55-48d791c0b774",
      "ebucore:hasAnnotation": [
        {
          "@id": "https://data.datatourisme.fr/5de97641-e84f-3a96-9504-b33c91876467",
          "ebucore:isCoveredBy": "By-NC-ND 4.0",
          "ebucore:title": {
            "fr": [
              "DEG_Montpezat_MellaetFils_2 [600x800]"
            ]
          },
          "@type": [
            "ebucore:Annotation"
          ],
          "credits": [
            "Mella et fils"
          ]
        }
      ],
      "ebucore:hasRelatedResource": [
        {
          "@id": "https://data.datatourisme.fr/933a1a0d-736a-30a2-9679-a85e37f870a4",
          "ebucore:hasMimeType": [
            {
              "@id": "kb:JPEG",
              "@type": [
                "ebucore:MimeType"
              ],
              "rdfs:comment": {
                "de": [
                  "JPEG-Bild"
                ],
                "pt": [
                  "Imagem JPEG"
                ],
                "en": [
                  "JPEG image file"
                ],
                "it": [
                  "Immagine JPEG"
                ],
                "fr": [
                  "Image JPEG"
                ],
                "nl": [
                  "JPEG-afbeelding"
                ],
                "es": [
                  "Imagen JPEG"
                ]
              },
              "rdfs:label": {
                "de": [
                  "image/jpeg"
                ],
                "pt": [
                  "image/jpeg"
                ],
                "en": [
                  "image/jpeg"
                ],
                "it": [
                  "image/jpeg"
                ],
                "fr": [
                  "image/jpeg"
                ],
                "nl": [
                  "image/jpeg"
                ],
                "es": [
                  "image/jpeg"
                ]
              }
            }
          ],
          "ebucore:locator": [
            "http://aquitaine.media.tourinsoft.eu/Upload/DEG-Montpezat-MellaetFils-2--600x800-.jpg"
          ],
          "@type": [
            "ebucore:Resource"
          ]
        }
      ],
      "@type": [
        "ebucore:EditorialObject"
      ]
    },
    {
      "@id": "https://data.datatourisme.fr/6086da12-0e66-34b7-8310-7702cf035ddc",
      "ebucore:hasAnnotation": [
        {
          "@id": "https://data.datatourisme.fr/2d236553-c51d-39f6-b4d4-a57f5c2c9b88",
          "ebucore:isCoveredBy": "By-NC-ND 4.0",
          "ebucore:title": {
            "fr": [
              "117104933_3437419292955724_1788870894702327585_n"
            ]
          },
          "@type": [
            "ebucore:Annotation"
          ],
          "credits": [
            "Mella et fils"
          ]
        }
      ],
      "ebucore:hasRelatedResource": [
        {
          "@id": "https://data.datatourisme.fr/a1b1c1b0-265f-339f-b1b0-866bdca831b4",
          "ebucore:hasMimeType": [
            {
              "@id": "kb:JPEG",
              "@type": [
                "ebucore:MimeType"
              ],
              "rdfs:comment": {
                "de": [
                  "JPEG-Bild"
                ],
                "pt": [
                  "Imagem JPEG"
                ],
                "en": [
                  "JPEG image file"
                ],
                "it": [
                  "Immagine JPEG"
                ],
                "fr": [
                  "Image JPEG"
                ],
                "nl": [
                  "JPEG-afbeelding"
                ],
                "es": [
                  "Imagen JPEG"
                ]
              },
              "rdfs:label": {
                "de": [
                  "image/jpeg"
                ],
                "pt": [
                  "image/jpeg"
                ],
                "en": [
                  "image/jpeg"
                ],
                "it": [
                  "image/jpeg"
                ],
                "fr": [
                  "image/jpeg"
                ],
                "nl": [
                  "image/jpeg"
                ],
                "es": [
                  "image/jpeg"
                ]
              }
            }
          ],
          "ebucore:locator": [
            "http://aquitaine.media.tourinsoft.eu/Upload/117104933-3437419292955724-1788870894702327585-n.jpg"
          ],
          "@type": [
            "ebucore:Resource"
          ]
        }
      ],
      "@type": [
        "ebucore:EditorialObject"
      ]
    },
    {
      "@id": "https://data.datatourisme.fr/662f1d15-4ea4-3352-af1d-c26b0de657c1",
      "ebucore:hasAnnotation": [
        {
          "@id": "https://data.datatourisme.fr/42212f69-8be6-31be-a6ca-ec844f361c82",
          "ebucore:isCoveredBy": "By-NC-ND 4.0",
          "ebucore:title": {
            "fr": [
              "117940758_3477792882251698_7285388775504975554_n"
            ]
          },
          "@type": [
            "ebucore:Annotation"
          ],
          "credits": [
            "Mella et fils"
          ]
        }
      ],
      "ebucore:hasRelatedResource": [
        {
          "@id": "https://data.datatourisme.fr/5c10894e-800b-33cc-932f-e9bdeda51bc0",
          "ebucore:hasMimeType": [
            {
              "@id": "kb:JPEG",
              "@type": [
                "ebucore:MimeType"
              ],
              "rdfs:comment": {
                "de": [
                  "JPEG-Bild"
                ],
                "pt": [
                  "Imagem JPEG"
                ],
                "en": [
                  "JPEG image file"
                ],
                "it": [
                  "Immagine JPEG"
                ],
                "fr": [
                  "Image JPEG"
                ],
                "nl": [
                  "JPEG-afbeelding"
                ],
                "es": [
                  "Imagen JPEG"
                ]
              },
              "rdfs:label": {
                "de": [
                  "image/jpeg"
                ],
                "pt": [
                  "image/jpeg"
                ],
                "en": [
                  "image/jpeg"
                ],
                "it": [
                  "image/jpeg"
                ],
                "fr": [
                  "image/jpeg"
                ],
                "nl": [
                  "image/jpeg"
                ],
                "es": [
                  "image/jpeg"
                ]
              }
            }
          ],
          "ebucore:locator": [
            "http://aquitaine.media.tourinsoft.eu/Upload/117940758-3477792882251698-7285388775504975554-n.jpg"
          ],
          "@type": [
            "ebucore:Resource"
          ]
        }
      ],
      "@type": [
        "ebucore:EditorialObject"
      ]
    },
    {
      "@id": "https://data.datatourisme.fr/683073ea-45e3-37cb-a975-02994e4cbb7f",
      "ebucore:hasAnnotation": [
        {
          "@id": "https://data.datatourisme.fr/277901c0-6f45-3f37-b37d-9d6cca6021b5",
          "ebucore:isCoveredBy": "By-NC-ND 4.0",
          "ebucore:title": {
            "fr": [
              "boutique mella et fils (9)"
            ]
          },
          "@type": [
            "ebucore:Annotation"
          ],
          "credits": [
            "Mella et fils"
          ]
        }
      ],
      "ebucore:hasRelatedResource": [
        {
          "@id": "https://data.datatourisme.fr/6f234e8d-b00d-366d-96ae-934f40f12db6",
          "ebucore:hasMimeType": [
            {
              "@id": "kb:JPEG",
              "@type": [
                "ebucore:MimeType"
              ],
              "rdfs:comment": {
                "de": [
                  "JPEG-Bild"
                ],
                "pt": [
                  "Imagem JPEG"
                ],
                "en": [
                  "JPEG image file"
                ],
                "it": [
                  "Immagine JPEG"
                ],
                "fr": [
                  "Image JPEG"
                ],
                "nl": [
                  "JPEG-afbeelding"
                ],
                "es": [
                  "Imagen JPEG"
                ]
              },
              "rdfs:label": {
                "de": [
                  "image/jpeg"
                ],
                "pt": [
                  "image/jpeg"
                ],
                "en": [
                  "image/jpeg"
                ],
                "it": [
                  "image/jpeg"
                ],
                "fr": [
                  "image/jpeg"
                ],
                "nl": [
                  "image/jpeg"
                ],
                "es": [
                  "image/jpeg"
                ]
              }
            }
          ],
          "ebucore:locator": [
            "http://aquitaine.media.tourinsoft.eu/Upload/boutique-mella-et-fils--9-.jpg"
          ],
          "@type": [
            "ebucore:Resource"
          ]
        }
      ],
      "@type": [
        "ebucore:EditorialObject"
      ]
    },
    {
      "@id": "https://data.datatourisme.fr/7f444e4c-5e13-3ef5-b207-f2ee87e1dea0",
      "ebucore:hasAnnotation": [
        {
          "@id": "https://data.datatourisme.fr/81307d22-721a-3193-944a-4f94ec5a21b3",
          "ebucore:isCoveredBy": "By-NC-ND 4.0",
          "ebucore:title": {
            "fr": [
              "117146973_3437419806289006_3839503232984904218_n"
            ]
          },
          "@type": [
            "ebucore:Annotation"
          ],
          "credits": [
            "Mella et fils"
          ]
        }
      ],
      "ebucore:hasRelatedResource": [
        {
          "@id": "https://data.datatourisme.fr/97a34df5-d38c-3737-b3a0-83e22489213c",
          "ebucore:hasMimeType": [
            {
              "@id": "kb:JPEG",
              "@type": [
                "ebucore:MimeType"
              ],
              "rdfs:comment": {
                "de": [
                  "JPEG-Bild"
                ],
                "pt": [
                  "Imagem JPEG"
                ],
                "en": [
                  "JPEG image file"
                ],
                "it": [
                  "Immagine JPEG"
                ],
                "fr": [
                  "Image JPEG"
                ],
                "nl": [
                  "JPEG-afbeelding"
                ],
                "es": [
                  "Imagen JPEG"
                ]
              },
              "rdfs:label": {
                "de": [
                  "image/jpeg"
                ],
                "pt": [
                  "image/jpeg"
                ],
                "en": [
                  "image/jpeg"
                ],
                "it": [
                  "image/jpeg"
                ],
                "fr": [
                  "image/jpeg"
                ],
                "nl": [
                  "image/jpeg"
                ],
                "es": [
                  "image/jpeg"
                ]
              }
            }
          ],
          "ebucore:locator": [
            "http://aquitaine.media.tourinsoft.eu/Upload/117146973-3437419806289006-3839503232984904218-n.jpg"
          ],
          "@type": [
            "ebucore:Resource"
          ]
        }
      ],
      "@type": [
        "ebucore:EditorialObject"
      ]
    },
    {
      "@id": "https://data.datatourisme.fr/a4b2cc44-6750-3c0a-b670-80b2f06ea722",
      "ebucore:hasAnnotation": [
        {
          "@id": "https://data.datatourisme.fr/ef90f276-5327-3ff6-a76e-86a93969ae3e",
          "ebucore:isCoveredBy": "By-NC-ND 4.0",
          "ebucore:title": {
            "fr": [
              "boutique mella et fils (11)"
            ]
          },
          "@type": [
            "ebucore:Annotation"
          ],
          "credits": [
            "Mella et fils"
          ]
        }
      ],
      "ebucore:hasRelatedResource": [
        {
          "@id": "https://data.datatourisme.fr/0e20b66a-0bb3-35eb-be92-edf1e262cfe5",
          "ebucore:hasMimeType": [
            {
              "@id": "kb:JPEG",
              "@type": [
                "ebucore:MimeType"
              ],
              "rdfs:comment": {
                "de": [
                  "JPEG-Bild"
                ],
                "pt": [
                  "Imagem JPEG"
                ],
                "en": [
                  "JPEG image file"
                ],
                "it": [
                  "Immagine JPEG"
                ],
                "fr": [
                  "Image JPEG"
                ],
                "nl": [
                  "JPEG-afbeelding"
                ],
                "es": [
                  "Imagen JPEG"
                ]
              },
              "rdfs:label": {
                "de": [
                  "image/jpeg"
                ],
                "pt": [
                  "image/jpeg"
                ],
                "en": [
                  "image/jpeg"
                ],
                "it": [
                  "image/jpeg"
                ],
                "fr": [
                  "image/jpeg"
                ],
                "nl": [
                  "image/jpeg"
                ],
                "es": [
                  "image/jpeg"
                ]
              }
            }
          ],
          "ebucore:locator": [
            "http://aquitaine.media.tourinsoft.eu/Upload/boutique-mella-et-fils--11-.jpg"
          ],
          "@type": [
            "ebucore:Resource"
          ]
        }
      ],
      "@type": [
        "ebucore:EditorialObject"
      ]
    },
    {
      "@id": "https://data.datatourisme.fr/a53d41f3-ac4f-3eb4-b919-6b72601a4758",
      "ebucore:hasAnnotation": [
        {
          "@id": "https://data.datatourisme.fr/801e3e23-1471-3657-b6e9-9a34d04deb64",
          "ebucore:isCoveredBy": "By-NC-ND 4.0",
          "ebucore:title": {
            "fr": [
              "boutique mella et fils (12)"
            ]
          },
          "@type": [
            "ebucore:Annotation"
          ],
          "credits": [
            "Mella et fils"
          ]
        }
      ],
      "ebucore:hasRelatedResource": [
        {
          "@id": "https://data.datatourisme.fr/e4820592-a18f-3898-8f3c-1eea5b7e9f47",
          "ebucore:hasMimeType": [
            {
              "@id": "kb:JPEG",
              "@type": [
                "ebucore:MimeType"
              ],
              "rdfs:comment": {
                "de": [
                  "JPEG-Bild"
                ],
                "pt": [
                  "Imagem JPEG"
                ],
                "en": [
                  "JPEG image file"
                ],
                "it": [
                  "Immagine JPEG"
                ],
                "fr": [
                  "Image JPEG"
                ],
                "nl": [
                  "JPEG-afbeelding"
                ],
                "es": [
                  "Imagen JPEG"
                ]
              },
              "rdfs:label": {
                "de": [
                  "image/jpeg"
                ],
                "pt": [
                  "image/jpeg"
                ],
                "en": [
                  "image/jpeg"
                ],
                "it": [
                  "image/jpeg"
                ],
                "fr": [
                  "image/jpeg"
                ],
                "nl": [
                  "image/jpeg"
                ],
                "es": [
                  "image/jpeg"
                ]
              }
            }
          ],
          "ebucore:locator": [
            "http://aquitaine.media.tourinsoft.eu/Upload/boutique-mella-et-fils--12-.jpg"
          ],
          "@type": [
            "ebucore:Resource"
          ]
        }
      ],
      "@type": [
        "ebucore:EditorialObject"
      ]
    },
    {
      "@id": "https://data.datatourisme.fr/a707812b-cb61-38df-8747-bf325dc2e1c1",
      "ebucore:hasAnnotation": [
        {
          "@id": "https://data.datatourisme.fr/5a08656d-2c38-31fc-91c6-bb807e06e951",
          "ebucore:isCoveredBy": "By-NC-ND 4.0",
          "ebucore:title": {
            "fr": [
              "boutique mella et fils (1)"
            ]
          },
          "@type": [
            "ebucore:Annotation"
          ],
          "credits": [
            "Mella et fils"
          ]
        }
      ],
      "ebucore:hasRelatedResource": [
        {
          "@id": "https://data.datatourisme.fr/50754fba-d5f4-3e90-9c99-65de71ad4e3b",
          "ebucore:hasMimeType": [
            {
              "@id": "kb:JPEG",
              "@type": [
                "ebucore:MimeType"
              ],
              "rdfs:comment": {
                "de": [
                  "JPEG-Bild"
                ],
                "pt": [
                  "Imagem JPEG"
                ],
                "en": [
                  "JPEG image file"
                ],
                "it": [
                  "Immagine JPEG"
                ],
                "fr": [
                  "Image JPEG"
                ],
                "nl": [
                  "JPEG-afbeelding"
                ],
                "es": [
                  "Imagen JPEG"
                ]
              },
              "rdfs:label": {
                "de": [
                  "image/jpeg"
                ],
                "pt": [
                  "image/jpeg"
                ],
                "en": [
                  "image/jpeg"
                ],
                "it": [
                  "image/jpeg"
                ],
                "fr": [
                  "image/jpeg"
                ],
                "nl": [
                  "image/jpeg"
                ],
                "es": [
                  "image/jpeg"
                ]
              }
            }
          ],
          "ebucore:locator": [
            "http://aquitaine.media.tourinsoft.eu/Upload/boutique-mella-et-fils--1-.jpg"
          ],
          "@type": [
            "ebucore:Resource"
          ]
        }
      ],
      "@type": [
        "ebucore:EditorialObject"
      ]
    },
    {
      "@id": "https://data.datatourisme.fr/b845d846-7dce-34cc-89c8-358695f0e04f",
      "ebucore:hasAnnotation": [
        {
          "@id": "https://data.datatourisme.fr/ca1256c4-c2e1-3806-a91f-0586d067a1f8",
          "ebucore:isCoveredBy": "By-NC-ND 4.0",
          "ebucore:title": {
            "fr": [
              "boutique mella et fils (5)"
            ]
          },
          "@type": [
            "ebucore:Annotation"
          ],
          "credits": [
            "Mella et fils"
          ]
        }
      ],
      "ebucore:hasRelatedResource": [
        {
          "@id": "https://data.datatourisme.fr/2d98dd3b-5e37-3b3d-aa30-ab291d803b66",
          "ebucore:hasMimeType": [
            {
              "@id": "kb:JPEG",
              "@type": [
                "ebucore:MimeType"
              ],
              "rdfs:comment": {
                "de": [
                  "JPEG-Bild"
                ],
                "pt": [
                  "Imagem JPEG"
                ],
                "en": [
                  "JPEG image file"
                ],
                "it": [
                  "Immagine JPEG"
                ],
                "fr": [
                  "Image JPEG"
                ],
                "nl": [
                  "JPEG-afbeelding"
                ],
                "es": [
                  "Imagen JPEG"
                ]
              },
              "rdfs:label": {
                "de": [
                  "image/jpeg"
                ],
                "pt": [
                  "image/jpeg"
                ],
                "en": [
                  "image/jpeg"
                ],
                "it": [
                  "image/jpeg"
                ],
                "fr": [
                  "image/jpeg"
                ],
                "nl": [
                  "image/jpeg"
                ],
                "es": [
                  "image/jpeg"
                ]
              }
            }
          ],
          "ebucore:locator": [
            "http://aquitaine.media.tourinsoft.eu/Upload/boutique-mella-et-fils--5-.jpg"
          ],
          "@type": [
            "ebucore:Resource"
          ]
        }
      ],
      "@type": [
        "ebucore:EditorialObject"
      ]
    },
    {
      "@id": "https://data.datatourisme.fr/bae3f209-4639-33a5-b449-41f3b8b99dcb",
      "ebucore:hasAnnotation": [
        {
          "@id": "https://data.datatourisme.fr/d85743fc-5d67-3fd2-9186-c0a7c13975e7",
          "ebucore:isCoveredBy": "By-NC-ND 4.0",
          "ebucore:title": {
            "fr": [
              "117104805_3437419539622366_5188146301569874127_n"
            ]
          },
          "@type": [
            "ebucore:Annotation"
          ],
          "credits": [
            "Mella et fils"
          ]
        }
      ],
      "ebucore:hasRelatedResource": [
        {
          "@id": "https://data.datatourisme.fr/238f9a4d-184b-3f53-8961-5d8c6eca7cdf",
          "ebucore:hasMimeType": [
            {
              "@id": "kb:JPEG",
              "@type": [
                "ebucore:MimeType"
              ],
              "rdfs:comment": {
                "de": [
                  "JPEG-Bild"
                ],
                "pt": [
                  "Imagem JPEG"
                ],
                "en": [
                  "JPEG image file"
                ],
                "it": [
                  "Immagine JPEG"
                ],
                "fr": [
                  "Image JPEG"
                ],
                "nl": [
                  "JPEG-afbeelding"
                ],
                "es": [
                  "Imagen JPEG"
                ]
              },
              "rdfs:label": {
                "de": [
                  "image/jpeg"
                ],
                "pt": [
                  "image/jpeg"
                ],
                "en": [
                  "image/jpeg"
                ],
                "it": [
                  "image/jpeg"
                ],
                "fr": [
                  "image/jpeg"
                ],
                "nl": [
                  "image/jpeg"
                ],
                "es": [
                  "image/jpeg"
                ]
              }
            }
          ],
          "ebucore:locator": [
            "http://aquitaine.media.tourinsoft.eu/Upload/117104805-3437419539622366-5188146301569874127-n.jpg"
          ],
          "@type": [
            "ebucore:Resource"
          ]
        }
      ],
      "@type": [
        "ebucore:EditorialObject"
      ]
    },
    {
      "@id": "https://data.datatourisme.fr/c7489826-ba35-388e-9f9b-73bdc1af83f8",
      "ebucore:hasAnnotation": [
        {
          "@id": "https://data.datatourisme.fr/de18aaa4-9c5a-3e1d-9f63-99f7cf678000",
          "ebucore:isCoveredBy": "By-NC-ND 4.0",
          "ebucore:title": {
            "fr": [
              "boutique mella et fils (6)"
            ]
          },
          "@type": [
            "ebucore:Annotation"
          ],
          "credits": [
            "Mella et fils"
          ]
        }
      ],
      "ebucore:hasRelatedResource": [
        {
          "@id": "https://data.datatourisme.fr/0dfbf735-f47c-3bd7-97f2-7f6509100262",
          "ebucore:hasMimeType": [
            {
              "@id": "kb:JPEG",
              "@type": [
                "ebucore:MimeType"
              ],
              "rdfs:comment": {
                "de": [
                  "JPEG-Bild"
                ],
                "pt": [
                  "Imagem JPEG"
                ],
                "en": [
                  "JPEG image file"
                ],
                "it": [
                  "Immagine JPEG"
                ],
                "fr": [
                  "Image JPEG"
                ],
                "nl": [
                  "JPEG-afbeelding"
                ],
                "es": [
                  "Imagen JPEG"
                ]
              },
              "rdfs:label": {
                "de": [
                  "image/jpeg"
                ],
                "pt": [
                  "image/jpeg"
                ],
                "en": [
                  "image/jpeg"
                ],
                "it": [
                  "image/jpeg"
                ],
                "fr": [
                  "image/jpeg"
                ],
                "nl": [
                  "image/jpeg"
                ],
                "es": [
                  "image/jpeg"
                ]
              }
            }
          ],
          "ebucore:locator": [
            "http://aquitaine.media.tourinsoft.eu/Upload/boutique-mella-et-fils--6-.jpg"
          ],
          "@type": [
            "ebucore:Resource"
          ]
        }
      ],
      "@type": [
        "ebucore:EditorialObject"
      ]
    },
    {
      "@id": "https://data.datatourisme.fr/dee6ed9f-d673-3d8d-99b3-d8ee7ff2a7ab",
      "ebucore:hasAnnotation": [
        {
          "@id": "https://data.datatourisme.fr/c459f023-ac4f-3cb1-b986-e59e90dfd52e",
          "ebucore:isCoveredBy": "By-NC-ND 4.0",
          "ebucore:title": {
            "fr": [
              "DEG_Montpezat_MellaetFils_oie plein air [600x800]"
            ]
          },
          "@type": [
            "ebucore:Annotation"
          ],
          "credits": [
            "Mella et fils"
          ]
        }
      ],
      "ebucore:hasRelatedResource": [
        {
          "@id": "https://data.datatourisme.fr/16e78082-c058-3eb9-b90d-98b95678a9a3",
          "ebucore:hasMimeType": [
            {
              "@id": "kb:JPEG",
              "@type": [
                "ebucore:MimeType"
              ],
              "rdfs:comment": {
                "de": [
                  "JPEG-Bild"
                ],
                "pt": [
                  "Imagem JPEG"
                ],
                "en": [
                  "JPEG image file"
                ],
                "it": [
                  "Immagine JPEG"
                ],
                "fr": [
                  "Image JPEG"
                ],
                "nl": [
                  "JPEG-afbeelding"
                ],
                "es": [
                  "Imagen JPEG"
                ]
              },
              "rdfs:label": {
                "de": [
                  "image/jpeg"
                ],
                "pt": [
                  "image/jpeg"
                ],
                "en": [
                  "image/jpeg"
                ],
                "it": [
                  "image/jpeg"
                ],
                "fr": [
                  "image/jpeg"
                ],
                "nl": [
                  "image/jpeg"
                ],
                "es": [
                  "image/jpeg"
                ]
              }
            }
          ],
          "ebucore:locator": [
            "http://aquitaine.media.tourinsoft.eu/Upload/DEG-Montpezat-MellaetFils-oie-plein-air--600x800-.jpg"
          ],
          "@type": [
            "ebucore:Resource"
          ]
        }
      ],
      "@type": [
        "ebucore:EditorialObject"
      ]
    },
    {
      "@id": "https://data.datatourisme.fr/f1fb988d-358f-3476-8106-16bce023c4be",
      "ebucore:hasAnnotation": [
        {
          "@id": "https://data.datatourisme.fr/f4ec0cee-366f-3653-ace4-91c4b6f0b028",
          "ebucore:isCoveredBy": "By-NC-ND 4.0",
          "ebucore:title": {
            "fr": [
              "boutique mella et fils (4)"
            ]
          },
          "@type": [
            "ebucore:Annotation"
          ],
          "credits": [
            "Mella et fils"
          ]
        }
      ],
      "ebucore:hasRelatedResource": [
        {
          "@id": "https://data.datatourisme.fr/dae6fc91-0a41-34a7-88f4-3dba89c976fb",
          "ebucore:hasMimeType": [
            {
              "@id": "kb:JPEG",
              "@type": [
                "ebucore:MimeType"
              ],
              "rdfs:comment": {
                "de": [
                  "JPEG-Bild"
                ],
                "pt": [
                  "Imagem JPEG"
                ],
                "en": [
                  "JPEG image file"
                ],
                "it": [
                  "Immagine JPEG"
                ],
                "fr": [
                  "Image JPEG"
                ],
                "nl": [
                  "JPEG-afbeelding"
                ],
                "es": [
                  "Imagen JPEG"
                ]
              },
              "rdfs:label": {
                "de": [
                  "image/jpeg"
                ],
                "pt": [
                  "image/jpeg"
                ],
                "en": [
                  "image/jpeg"
                ],
                "it": [
                  "image/jpeg"
                ],
                "fr": [
                  "image/jpeg"
                ],
                "nl": [
                  "image/jpeg"
                ],
                "es": [
                  "image/jpeg"
                ]
              }
            }
          ],
          "ebucore:locator": [
            "http://aquitaine.media.tourinsoft.eu/Upload/boutique-mella-et-fils--4-.jpg"
          ],
          "@type": [
            "ebucore:Resource"
          ]
        }
      ],
      "@type": [
        "ebucore:EditorialObject"
      ]
    },
    {
      "@id": "https://data.datatourisme.fr/f263a02c-1fc7-3f44-9110-08e4cd387846",
      "ebucore:hasAnnotation": [
        {
          "@id": "https://data.datatourisme.fr/7fdb64f6-061f-370e-8a0d-8b6de5462e37",
          "ebucore:isCoveredBy": "By-NC-ND 4.0",
          "ebucore:title": {
            "fr": [
              "118041564_3477792828918370_1502446827878820969_n"
            ]
          },
          "@type": [
            "ebucore:Annotation"
          ],
          "credits": [
            "Mella et fils"
          ]
        }
      ],
      "ebucore:hasRelatedResource": [
        {
          "@id": "https://data.datatourisme.fr/519b8135-d234-3107-999e-29927637c61a",
          "ebucore:hasMimeType": [
            {
              "@id": "kb:JPEG",
              "@type": [
                "ebucore:MimeType"
              ],
              "rdfs:comment": {
                "de": [
                  "JPEG-Bild"
                ],
                "pt": [
                  "Imagem JPEG"
                ],
                "en": [
                  "JPEG image file"
                ],
                "it": [
                  "Immagine JPEG"
                ],
                "fr": [
                  "Image JPEG"
                ],
                "nl": [
                  "JPEG-afbeelding"
                ],
                "es": [
                  "Imagen JPEG"
                ]
              },
              "rdfs:label": {
                "de": [
                  "image/jpeg"
                ],
                "pt": [
                  "image/jpeg"
                ],
                "en": [
                  "image/jpeg"
                ],
                "it": [
                  "image/jpeg"
                ],
                "fr": [
                  "image/jpeg"
                ],
                "nl": [
                  "image/jpeg"
                ],
                "es": [
                  "image/jpeg"
                ]
              }
            }
          ],
          "ebucore:locator": [
            "http://aquitaine.media.tourinsoft.eu/Upload/118041564-3477792828918370-1502446827878820969-n.jpg"
          ],
          "@type": [
            "ebucore:Resource"
          ]
        }
      ],
      "@type": [
        "ebucore:EditorialObject"
      ]
    }
  ],
  "hasReview": [
    {
      "@id": "https://data.datatourisme.fr/5d876156-1fd6-3fd6-8497-339314581330",
      "@type": [
        "Review"
      ],
      "hasReviewValue": {
        "@id": "kb:LabelRating_ReasonedAgriculture",
        "@type": [
          "LabelRating"
        ],
        "rdfs:label": {
          "de": [
            "Nachhaltige Landwirtschaft"
          ],
          "pt": [
            "Agricultura racional"
          ],
          "en": [
            "Reasoned agriculture"
          ],
          "it": [
            "Agricoltura integrata"
          ],
          "fr": [
            "Agriculture raisonnée"
          ],
          "nl": [
            "Duurzame landbouw"
          ],
          "es": [
            "Agricultura sostenible"
          ]
        },
        "isCompliantWith": [
          "FoodEstablishment",
          "MedicalPlace",
          "Practice",
          "Store",
          "TastingProvider"
        ]
      }
    }
  ],
  "hasTheme": [
    {
      "@id": "kb:FoieGras",
      "@type": [
        "FoodProduct"
      ],
      "rdfs:label": {
        "de": [
          "Stopfleber"
        ],
        "pt": [
          "Pasta de fígado (foie gras)"
        ],
        "en": [
          "Foie gras"
        ],
        "it": [
          "Foie gras"
        ],
        "fr": [
          "Foie gras"
        ],
        "nl": [
          "Foie gras"
        ],
        "es": [
          "Foie gras"
        ]
      }
    },
    {
      "@id": "kb:Meat",
      "@type": [
        "FoodProduct"
      ],
      "rdfs:label": {
        "de": [
          "Fleisch"
        ],
        "pt": [
          "Carne"
        ],
        "en": [
          "Meat"
        ],
        "it": [
          "Carne"
        ],
        "fr": [
          "Viande"
        ],
        "nl": [
          "Vlees"
        ],
        "es": [
          "Carne"
        ]
      }
    },
    {
      "@id": "kb:PoultryEggs",
      "@type": [
        "FoodProduct"
      ],
      "rdfs:label": {
        "de": [
          "Geflügel – Eier"
        ],
        "pt": [
          "Aves de capoeira — ovos"
        ],
        "en": [
          "Poultry - eggs"
        ],
        "it": [
          "Pollame - uova"
        ],
        "fr": [
          "Volailles - oeufs"
        ],
        "nl": [
          "Gevogelte - eieren"
        ],
        "es": [
          "Aves de corral - huevos"
        ]
      }
    }
  ],
  "hasTranslatedProperty": [
    {
      "@id": "https://data.datatourisme.fr/117a63e4-47ce-30f0-940a-c724cac1c5c7",
      "dc:contributor": [
        "https://api.deepl.com/v2/translate"
      ],
      "rdf:language": [
        "en"
      ],
      "rdf:predicate": [
        {
          "@id": "rdfs:comment"
        }
      ]
    },
    {
      "@id": "https://data.datatourisme.fr/17fafdca-5e2c-3127-ad43-073839ac8269",
      "dc:contributor": [
        "https://api.deepl.com/v2/translate"
      ],
      "rdf:language": [
        "nl"
      ],
      "rdf:predicate": [
        {
          "@id": "rdfs:comment"
        }
      ]
    },
    {
      "@id": "https://data.datatourisme.fr/2bd5fa6f-3ea8-3fe9-88b7-75bc4890c9fc",
      "dc:contributor": [
        "https://api.deepl.com/v2/translate"
      ],
      "rdf:language": [
        "es"
      ],
      "rdf:predicate": [
        {
          "@id": "rdfs:comment"
        }
      ]
    },
    {
      "@id": "https://data.datatourisme.fr/6a0cda57-3e44-32eb-baed-ce2815fcea37",
      "dc:contributor": [
        "https://api.deepl.com/v2/translate"
      ],
      "rdf:language": [
        "it"
      ],
      "rdf:predicate": [
        {
          "@id": "rdfs:comment"
        }
      ]
    },
    {
      "@id": "https://data.datatourisme.fr/b8e65ddc-023b-3525-b88a-596fb03ad428",
      "dc:contributor": [
        "https://api.deepl.com/v2/translate"
      ],
      "rdf:language": [
        "de"
      ],
      "rdf:predicate": [
        {
          "@id": "rdfs:comment"
        }
      ]
    }
  ],
  "isLocatedAt": [
    {
      "@id": "https://data.datatourisme.fr/4f1d28ae-ca7f-3fd5-aecc-d3cd4d44bd4c",
      "schema:address": [
        {
          "@id": "https://data.datatourisme.fr/3fe91133-8a8d-3ba9-86b4-3320b271041d",
          "schema:addressLocality": "Montpezat",
          "schema:postalCode": "47360",
          "schema:streetAddress": [
            "Sous les vignes"
          ],
          "@type": [
            "schema:PostalAddress",
            "PostalAddress"
          ],
          "hasAddressCity": {
            "@id": "kb:47190",
            "@type": [
              "City"
            ],
            "rdfs:label": {
              "de": [
                "Montpezat"
              ],
              "pt": [
                "Montpezat"
              ],
              "en": [
                "Montpezat"
              ],
              "it": [
                "Montpezat"
              ],
              "fr": [
                "Montpezat"
              ],
              "nl": [
                "Montpezat"
              ],
              "es": [
                "Montpezat"
              ]
            },
            "insee": "47190",
            "isPartOfDepartment": {
              "@id": "kb:France7547",
              "@type": [
                "Department"
              ],
              "rdfs:label": {
                "de": [
                  "Lot-et-Garonne"
                ],
                "pt": [
                  "Lot-et-Garonne"
                ],
                "en": [
                  "Lot-et-Garonne"
                ],
                "it": [
                  "Lot-et-Garonne"
                ],
                "fr": [
                  "Lot-et-Garonne"
                ],
                "nl": [
                  "Lot-et-Garonne"
                ],
                "es": [
                  "Lot-et-Garonne"
                ]
              },
              "insee": "47",
              "isPartOfRegion": {
                "@id": "kb:France75",
                "@type": [
                  "Region"
                ],
                "rdfs:label": {
                  "de": [
                    "Nouvelle-Aquitaine"
                  ],
                  "pt": [
                    "Nouvelle-Aquitaine"
                  ],
                  "en": [
                    "Nouvelle-Aquitaine"
                  ],
                  "it": [
                    "Nouvelle-Aquitaine"
                  ],
                  "fr": [
                    "Nouvelle-Aquitaine"
                  ],
                  "nl": [
                    "Nouvelle-Aquitaine"
                  ],
                  "es": [
                    "Nouvelle-Aquitaine"
                  ]
                },
                "insee": "75",
                "isPartOfCountry": {
                  "@id": "kb:France",
                  "@type": [
                    "schema:Country"
                  ],
                  "rdfs:label": {
                    "de": [
                      "France",
                      "Frankreich"
                    ],
                    "pt": [
                      "França",
                      "France"
                    ],
                    "en": [
                      "France"
                    ],
                    "it": [
                      "France",
                      "Francia"
                    ],
                    "fr": [
                      "France"
                    ],
                    "nl": [
                      "France",
                      "Frankrijk"
                    ],
                    "es": [
                      "France",
                      "Francia"
                    ]
                  }
                }
              }
            }
          }
        }
      ],
      "schema:geo": {
        "@id": "https://data.datatourisme.fr/87fac90a-590c-3928-a6e2-7b54e749e4bf",
        "schema:latitude": "44.350619",
        "schema:longitude": "0.506514",
        "@type": [
          "schema:GeoCoordinates"
        ]
      },
      "@type": [
        "schema:Place",
        "Place"
      ],
      "petsAllowed": true
    }
  ],
  "isOwnedBy": [
    {
      "@id": "https://data.datatourisme.fr/caece006-0532-3380-9b99-df39d4eeb457",
      "schema:email": [
        "mellaetfils@gmail.com"
      ],
      "schema:legalName": "EARL La Barraque - Mella et fils",
      "schema:telephone": [
        "+33 6 88 46 70 30"
      ],
      "@type": [
        "schema:Organization",
        "foaf:Agent",
        "Agent"
      ]
    }
  ],
  "lastUpdate": "2023-04-25",
  "lastUpdateDatatourisme": "2023-06-20T09:46:01.497Z",
  "offers": [
    {
      "@id": "https://data.datatourisme.fr/22040e2f-3103-3665-8b27-44ac441be123",
      "schema:acceptedPaymentMethod": [
        {
          "@id": "kb:BlueCard",
          "@type": [
            "schema:PaymentMethod"
          ],
          "rdfs:label": {
            "de": [
              "Carte bleue"
            ],
            "pt": [
              "Cartão de pagamento (Carte bleue)"
            ],
            "en": [
              "Blue card"
            ],
            "it": [
              "Carta blu"
            ],
            "fr": [
              "Carte bleue"
            ],
            "es": [
              "Tarjeta bancaria"
            ],
            "nl": [
              "Carte Bleue"
            ]
          }
        },
        {
          "@id": "kb:Cash",
          "@type": [
            "schema:PaymentMethod"
          ],
          "rdfs:label": {
            "de": [
              "Art"
            ],
            "pt": [
              "Espécie"
            ],
            "en": [
              "Cash"
            ],
            "it": [
              "Contanti"
            ],
            "fr": [
              "Espèce"
            ],
            "es": [
              "Especie"
            ],
            "nl": [
              "Contant"
            ]
          }
        },
        {
          "@id": "kb:Check",
          "@type": [
            "schema:PaymentMethod"
          ],
          "rdfs:label": {
            "de": [
              "Scheck"
            ],
            "pt": [
              "Cheque"
            ],
            "en": [
              "Check"
            ],
            "it": [
              "Assegno"
            ],
            "fr": [
              "Chèque"
            ],
            "nl": [
              "Cheque"
            ],
            "es": [
              "Cheque"
            ]
          }
        },
        {
          "@id": "kb:CreditCards",
          "@type": [
            "schema:PaymentMethod"
          ],
          "rdfs:label": {
            "de": [
              "Bankkarten"
            ],
            "pt": [
              "Cartões bancários"
            ],
            "en": [
              "Credit Cards"
            ],
            "it": [
              "Carte bancarie"
            ],
            "fr": [
              "Cartes bancaires"
            ],
            "es": [
              "Tarjetas bancarias"
            ],
            "nl": [
              "Bankkaarten"
            ]
          }
        },
        {
          "@id": "kb:EurocardMastercard",
          "@type": [
            "schema:PaymentMethod"
          ],
          "rdfs:label": {
            "de": [
              "Eurocard – Mastercard"
            ],
            "pt": [
              "Eurocard — Mastercard"
            ],
            "en": [
              "Eurocard - mastercard"
            ],
            "it": [
              "Eurocard - mastercard"
            ],
            "fr": [
              "Eurocard - mastercard"
            ],
            "nl": [
              "Eurocard - Mastercard"
            ],
            "es": [
              "Eurocard - Mastercard"
            ]
          }
        },
        {
          "@id": "kb:Visa",
          "@type": [
            "schema:PaymentMethod"
          ],
          "rdfs:label": {
            "de": [
              "Visa"
            ],
            "pt": [
              "Visto"
            ],
            "en": [
              "Visa"
            ],
            "it": [
              "Visto"
            ],
            "fr": [
              "Visa"
            ],
            "nl": [
              "Visum"
            ],
            "es": [
              "Visa"
            ]
          }
        }
      ],
      "@type": [
        "schema:Offer",
        "Offer"
      ]
    }
  ],
  "providesFoodProduct": [
    {
      "@id": "kb:FoieGras",
      "@type": [
        "FoodProduct"
      ],
      "rdfs:label": {
        "de": [
          "Stopfleber"
        ],
        "pt": [
          "Pasta de fígado (foie gras)"
        ],
        "en": [
          "Foie gras"
        ],
        "it": [
          "Foie gras"
        ],
        "fr": [
          "Foie gras"
        ],
        "nl": [
          "Foie gras"
        ],
        "es": [
          "Foie gras"
        ]
      }
    },
    {
      "@id": "kb:Meat",
      "@type": [
        "FoodProduct"
      ],
      "rdfs:label": {
        "de": [
          "Fleisch"
        ],
        "pt": [
          "Carne"
        ],
        "en": [
          "Meat"
        ],
        "it": [
          "Carne"
        ],
        "fr": [
          "Viande"
        ],
        "nl": [
          "Vlees"
        ],
        "es": [
          "Carne"
        ]
      }
    },
    {
      "@id": "kb:PoultryEggs",
      "@type": [
        "FoodProduct"
      ],
      "rdfs:label": {
        "de": [
          "Geflügel – Eier"
        ],
        "pt": [
          "Aves de capoeira — ovos"
        ],
        "en": [
          "Poultry - eggs"
        ],
        "it": [
          "Pollame - uova"
        ],
        "fr": [
          "Volailles - oeufs"
        ],
        "nl": [
          "Gevogelte - eieren"
        ],
        "es": [
          "Aves de corral - huevos"
        ]
      }
    }
  ],
  "reducedMobilityAccess": false
}