{
  "@id": "https://data.datatourisme.fr/23/0017a118-66c2-36a6-910e-2e84e9dd52c3",
  "dc:identifier": "FMAAQU047V50JYQQ",
  "schema:endDate": [
    "2024-03-28"
  ],
  "schema:startDate": [
    "2024-03-28"
  ],
  "@type": [
    "schema:DanceEvent",
    "schema:Event",
    "CulturalEvent",
    "DanceEvent",
    "EntertainmentAndEvent",
    "PointOfInterest",
    "ShowEvent"
  ],
  "rdfs:comment": {
    "de": [
      "Métis'gwa\nGuadeloupe - Guyana - Hexagonales Frankreich\n\nBelles places lädt zu einem intimen und körperlichen Gespräch ein, das von den karibischen Kulturen geprägt ist und von vier weiblichen Künstlern und zwei Cyr-Rädern trommelnd angeführt wird.  \nZirkus, Tanz und Sprache verbinden sich in \"diesen Plätzen\", die nach und nach die Persönlichkeiten und Unebenheiten der vier Frauen offenbaren.  Ob sie nun Tänzerinnen oder Zirkusartistinnen sind, ob sie in Guyana, Guadeloupe oder Frankreich geboren wurden, sie alle treten abwechselnd in den Tanz ein, stark durch ihre Unterschiede und entschlossen, eine gemeinsame Sprache zu finden.\nDiese sensible und anspruchsvolle Zirkus-Choreografie lädt zu einer komplexeren Frage ein: Von welchem Platz oder welchen Plätzen sprechen wir?\n\nDauer: 50 min\nFür alle Zuschauer ab 8 Jahren\nNummerierte Platzierung"
    ],
    "en": [
      "Métis'gwa\nGuadeloupe - French Guiana - Mainland France\n\nBelles places invites you to an intimate, physical conversation steeped in Caribbean culture, led by four female artists and two Cyr wheels.  \nCircus, dance and the spoken word come together in \"ces places\", gradually revealing the personalities and asperities of the four women.  Whether they are dancers or circus performers, born in French Guiana, Guadeloupe or France, they enter the dance in turn, strengthened by their differences and determined to find a common language.\nWhile the singular \"place\" of women in society is often discussed, this sensitive and demanding circus choreography invites a more complex question: what place(s) are we talking about?\n\nRunning time: 50 min\nAll audiences, ages 8 and up\nNumbered seating"
    ],
    "it": [
      "Métis'gwa\nGuadalupa - Guyana francese - Francia continentale\n\nBelles places vi invita a una conversazione intima e fisica intrisa di cultura caraibica, condotta da quattro artiste e due ruote Cyr.  \nCirco, danza e parola si fondono in \"questi luoghi\", che rivelano gradualmente le personalità e le asperità delle quattro donne.  Che siano ballerine o circensi, che siano nate in Guyana, Guadalupa o Francia, entrano a turno nella danza, forti delle loro differenze e determinate a trovare un linguaggio comune.\nMentre si parla spesso del singolare \"posto\" delle donne nella società, questa sensibile e impegnativa coreografia circense invita a porsi una domanda più complessa: di quale/i posto/i stiamo parlando?\n\nDurata: 50 minuti\nPer tutti i tipi di pubblico, a partire dagli 8 anni\nPosti a sedere numerati"
    ],
    "fr": [
      "Métis'gwa\nGuadeloupe - Guyane - France hexagonale\n\nBelles places invite à une conversation intime et physique, empreinte des cultures caribéennes, menée tambour battant par quatre artistes féminines et deux roues Cyr.  \nLe cirque, la danse et la parole se conjuguent dans « ces places » qui révèlent peu à peu les personnalités et les aspérités des quatre femmes.  Qu’elles soient danseuses ou circassiennes, qu’elles soient nées en Guyane, en Guadeloupe ou dans l’hexagone, elles entrent tour à tour dans la danse, fortes de leurs différences et déterminées à trouver un langage commun.\nS’il est souvent question de la « place » au singulier de la femme dans la société, cette chorégraphie circassienne sensible et exigeante invite à une questionnement plus complexe : de quelle(s) place(s) parle-t-on ?\n\nDurée : 50 min\nTout public, à partir de 8 ans\nPlacement numéroté"
    ],
    "nl": [
      "Métis'gwa\nGuadeloupe - Frans Guyana - Franse vasteland\n\nBelles places nodigt je uit voor een intiem, fysiek gesprek dat doordrenkt is van de Caribische cultuur, onder leiding van vier vrouwelijke artiesten en twee Cyr-wielen.  \nCircus, dans en gesproken woord komen samen in \"these places\", die gaandeweg de persoonlijkheden en eigenaardigheden van de vier vrouwen onthullen.  Of ze nu dansers of circusartiesten zijn, of ze nu geboren zijn in Frans Guyana, Guadeloupe of Frankrijk, ze gaan om de beurt de dans aan, gesterkt door hun verschillen en vastbesloten om een gemeenschappelijke taal te vinden.\nTerwijl er vaak gesproken wordt over de unieke 'plaats' van vrouwen in de samenleving, nodigt deze gevoelige en veeleisende circuschoreografie uit tot een complexere vraag: over welke plaats(en) hebben we het?\n\nDuur: 50 minuten\nVoor alle toeschouwers vanaf 8 jaar\nGenummerde zitplaatsen"
    ],
    "es": [
      "Métis'gwa\nGuadalupe - Guayana Francesa - Francia continental\n\nBelles places le invita a una conversación íntima y física impregnada de cultura caribeña, protagonizada por cuatro artistas femeninas y dos ruedas Cyr.  \nCirco, danza y palabra se dan la mano en \"estos lugares\", que revelan poco a poco las personalidades y asperidades de las cuatro mujeres.  Ya sean bailarinas o artistas de circo, ya hayan nacido en Guayana Francesa, Guadalupe o Francia, se adentran en la danza por turnos, fortalecidas por sus diferencias y decididas a encontrar un lenguaje común.\nAunque a menudo se habla del \"lugar\" singular de la mujer en la sociedad, esta coreografía de circo, sensible y exigente, invita a plantearse una pregunta más compleja: ¿de qué lugar(es) estamos hablando?\n\nDuración: 50 minutos\nPara todos los públicos, a partir de 8 años\nAsientos numerados"
    ]
  },
  "rdfs:label": {
    "de": [
      "Danse contemporaine : Belles places"
    ],
    "en": [
      "Danse contemporaine : Belles places"
    ],
    "fr": [
      "Danse contemporaine : Belles places"
    ],
    "nl": [
      "Danse contemporaine : Belles places"
    ],
    "es": [
      "Danse contemporaine : Belles places"
    ]
  },
  "creationDate": "2023-09-01",
  "hasBeenCreatedBy": {
    "@id": "https://data.datatourisme.fr/23/26d74121-6c6b-3078-b28d-70426fc372e5",
    "dc:identifier": "8bf112d2-c866-4918-85f6-a926be97c7cf",
    "schema:legalName": "OT de l'Albret",
    "@type": [
      "schema:Organization",
      "foaf:Agent",
      "Agent"
    ]
  },
  "hasBeenPublishedBy": [
    {
      "@id": "https://data.datatourisme.fr/05dc9cb8-2fa5-383d-b87b-497de06649a2",
      "schema:email": [
        "sirtaqui@na-tourisme.com"
      ],
      "schema:legalName": "SIRTAQUI Nouvelle-Aquitaine",
      "schema:logo": "http://aquitaine.media.tourinsoft.eu/upload/Logo-Sirtaqui-1280x405.jpg",
      "@type": [
        "schema:Organization",
        "foaf:Agent",
        "Agent"
      ],
      "rdfs:comment": {
        "de": [
          "Collecter, mettre en commun et diffuser le plus largement possible une information complète et de qualité au service de nos habitants et de nos visiteurs : voici les objectifs du SIRTAQUI, Système d’Information Régional Touristique de Nouvelle-AQUItaine. Le dispositif est mis en œuvre conjointement par le Comité Régional de Tourisme de Nouvelle-Aquitaine, les services touristiques de la Corrèze, de la Creuse, de la Dordogne, de la Gironde, des Landes, du Lot-et-Garonne, des Pyrénées-Atlantiques, des Deux-Sèvres, de la Vienne et de la Haute-Vienne, en collaboration avec les Offices de Tourisme, et avec le soutien financier de l’Europe et du Conseil Régional."
        ],
        "en": [
          "Collecter, mettre en commun et diffuser le plus largement possible une information complète et de qualité au service de nos habitants et de nos visiteurs : voici les objectifs du SIRTAQUI, Système d’Information Régional Touristique de Nouvelle-AQUItaine. Le dispositif est mis en œuvre conjointement par le Comité Régional de Tourisme de Nouvelle-Aquitaine, les services touristiques de la Corrèze, de la Creuse, de la Dordogne, de la Gironde, des Landes, du Lot-et-Garonne, des Pyrénées-Atlantiques, des Deux-Sèvres, de la Vienne et de la Haute-Vienne, en collaboration avec les Offices de Tourisme, et avec le soutien financier de l’Europe et du Conseil Régional."
        ],
        "it": [
          "L'obiettivo di SIRTAQUI, il Sistema Regionale di Informazione Turistica della Nuova Aquitania, è quello di raccogliere, mettere in comune e diffondere il più possibile informazioni complete e di qualità a beneficio dei nostri residenti e visitatori. Il sistema è realizzato congiuntamente dal Comité Régional de Tourisme de Nouvelle-Aquitaine, dai servizi turistici di Corrèze, Creuse, Dordogne, Gironde, Landes, Lot-et-Garonne, Pyrénées-Atlantiques, Deux-Sèvres, Vienne e Haute-Vienne, in collaborazione con gli Uffici del Turismo e con il sostegno finanziario dell'Europa e del Conseil Régional."
        ],
        "fr": [
          "Collecter, mettre en commun et diffuser le plus largement possible une information complète et de qualité au service de nos habitants et de nos visiteurs : voici les objectifs du SIRTAQUI, Système d’Information Régional Touristique de Nouvelle-AQUItaine. Le dispositif est mis en œuvre conjointement par le Comité Régional de Tourisme de Nouvelle-Aquitaine, les services touristiques de la Corrèze, de la Creuse, de la Dordogne, de la Gironde, des Landes, du Lot-et-Garonne, des Pyrénées-Atlantiques, des Deux-Sèvres, de la Vienne et de la Haute-Vienne, en collaboration avec les Offices de Tourisme, et avec le soutien financier de l’Europe et du Conseil Régional."
        ],
        "nl": [
          "Collecter, mettre en commun et diffuser le plus largement possible une information complète et de qualité au service de nos habitants et de nos visiteurs : voici les objectifs du SIRTAQUI, Système d’Information Régional Touristique de Nouvelle-AQUItaine. Le dispositif est mis en œuvre conjointement par le Comité Régional de Tourisme de Nouvelle-Aquitaine, les services touristiques de la Corrèze, de la Creuse, de la Dordogne, de la Gironde, des Landes, du Lot-et-Garonne, des Pyrénées-Atlantiques, des Deux-Sèvres, de la Vienne et de la Haute-Vienne, en collaboration avec les Offices de Tourisme, et avec le soutien financier de l’Europe et du Conseil Régional."
        ],
        "es": [
          "Collecter, mettre en commun et diffuser le plus largement possible une information complète et de qualité au service de nos habitants et de nos visiteurs : voici les objectifs du SIRTAQUI, Système d’Information Régional Touristique de Nouvelle-AQUItaine. Le dispositif est mis en œuvre conjointement par le Comité Régional de Tourisme de Nouvelle-Aquitaine, les services touristiques de la Corrèze, de la Creuse, de la Dordogne, de la Gironde, des Landes, du Lot-et-Garonne, des Pyrénées-Atlantiques, des Deux-Sèvres, de la Vienne et de la Haute-Vienne, en collaboration avec les Offices de Tourisme, et avec le soutien financier de l’Europe et du Conseil Régional."
        ]
      },
      "foaf:homepage": [
        "http://www.sirtaqui-aquitaine.com/"
      ],
      "hasTranslatedProperty": [
        {
          "@id": "https://data.datatourisme.fr/eef27e75-4a23-313e-a6ee-797e7b64a1cd",
          "dc:contributor": [
            "https://api.deepl.com/v2/translate"
          ],
          "rdf:language": [
            "it"
          ],
          "rdf:predicate": [
            {
              "@id": "rdfs:comment"
            }
          ]
        }
      ]
    }
  ],
  "hasBookingContact": [
    {
      "@id": "https://data.datatourisme.fr/31daad50-b8f7-31c3-bcbd-8e901d3a420a",
      "schema:email": [
        "spectacles.albret@ville-nerac.fr"
      ],
      "schema:legalName": "Espace d'Albret",
      "schema:telephone": [
        "+33 5 53 97 40 50"
      ],
      "@type": [
        "schema:Organization",
        "foaf:Agent",
        "Agent"
      ],
      "foaf:homepage": [
        "https://www.espacedalbret.fr/"
      ]
    }
  ],
  "hasContact": [
    {
      "@id": "https://data.datatourisme.fr/31daad50-b8f7-31c3-bcbd-8e901d3a420a",
      "schema:email": [
        "spectacles.albret@ville-nerac.fr"
      ],
      "schema:legalName": "Espace d'Albret",
      "schema:telephone": [
        "+33 5 53 97 40 50"
      ],
      "@type": [
        "schema:Organization",
        "foaf:Agent",
        "Agent"
      ],
      "foaf:homepage": [
        "https://www.espacedalbret.fr/"
      ]
    }
  ],
  "hasDescription": [
    {
      "@id": "https://data.datatourisme.fr/a23c86b7-c2e4-33c3-9983-53ac8e420d14",
      "dc:description": {
        "de": [
          "Métis'gwa\nGuadeloupe - Guyana - Hexagonales Frankreich\n\nBelles places lädt zu einem intimen und körperlichen Gespräch ein, das von den karibischen Kulturen geprägt ist und von vier weiblichen Künstlern und zwei Cyr-Rädern trommelnd angeführt wird.  \nZirkus, Tanz und Sprache verbinden sich in \"diesen Plätzen\", die nach und nach die Persönlichkeiten und Unebenheiten der vier Frauen offenbaren.  Ob sie nun Tänzerinnen oder Zirkusartistinnen sind, ob sie in Guyana, Guadeloupe oder Frankreich geboren wurden, sie alle treten abwechselnd in den Tanz ein, stark durch ihre Unterschiede und entschlossen, eine gemeinsame Sprache zu finden.\nDiese sensible und anspruchsvolle Zirkus-Choreografie lädt zu einer komplexeren Frage ein: Von welchem Platz oder welchen Plätzen sprechen wir?\n\nDauer: 50 min\nFür alle Zuschauer ab 8 Jahren\nNummerierte Platzierung"
        ],
        "en": [
          "Métis'gwa\nGuadeloupe - French Guiana - Mainland France\n\nBelles places invites you to an intimate, physical conversation steeped in Caribbean culture, led by four female artists and two Cyr wheels.  \nCircus, dance and the spoken word come together in \"ces places\", gradually revealing the personalities and asperities of the four women.  Whether they are dancers or circus performers, born in French Guiana, Guadeloupe or France, they enter the dance in turn, strengthened by their differences and determined to find a common language.\nWhile the singular \"place\" of women in society is often discussed, this sensitive and demanding circus choreography invites a more complex question: what place(s) are we talking about?\n\nRunning time: 50 min\nAll audiences, ages 8 and up\nNumbered seating"
        ],
        "it": [
          "Métis'gwa\nGuadalupa - Guyana francese - Francia continentale\n\nBelles places vi invita a una conversazione intima e fisica intrisa di cultura caraibica, condotta da quattro artiste e due ruote Cyr.  \nCirco, danza e parola si fondono in \"questi luoghi\", che rivelano gradualmente le personalità e le asperità delle quattro donne.  Che siano ballerine o circensi, che siano nate in Guyana, Guadalupa o Francia, entrano a turno nella danza, forti delle loro differenze e determinate a trovare un linguaggio comune.\nMentre si parla spesso del singolare \"posto\" delle donne nella società, questa sensibile e impegnativa coreografia circense invita a porsi una domanda più complessa: di quale/i posto/i stiamo parlando?\n\nDurata: 50 minuti\nPer tutti i tipi di pubblico, a partire dagli 8 anni\nPosti a sedere numerati"
        ],
        "fr": [
          "Métis'gwa\nGuadeloupe - Guyane - France hexagonale\n\nBelles places invite à une conversation intime et physique, empreinte des cultures caribéennes, menée tambour battant par quatre artistes féminines et deux roues Cyr.  \nLe cirque, la danse et la parole se conjuguent dans « ces places » qui révèlent peu à peu les personnalités et les aspérités des quatre femmes.  Qu’elles soient danseuses ou circassiennes, qu’elles soient nées en Guyane, en Guadeloupe ou dans l’hexagone, elles entrent tour à tour dans la danse, fortes de leurs différences et déterminées à trouver un langage commun.\nS’il est souvent question de la « place » au singulier de la femme dans la société, cette chorégraphie circassienne sensible et exigeante invite à une questionnement plus complexe : de quelle(s) place(s) parle-t-on ?\n\nDurée : 50 min\nTout public, à partir de 8 ans\nPlacement numéroté"
        ],
        "nl": [
          "Métis'gwa\nGuadeloupe - Frans Guyana - Franse vasteland\n\nBelles places nodigt je uit voor een intiem, fysiek gesprek dat doordrenkt is van de Caribische cultuur, onder leiding van vier vrouwelijke artiesten en twee Cyr-wielen.  \nCircus, dans en gesproken woord komen samen in \"these places\", die gaandeweg de persoonlijkheden en eigenaardigheden van de vier vrouwen onthullen.  Of ze nu dansers of circusartiesten zijn, of ze nu geboren zijn in Frans Guyana, Guadeloupe of Frankrijk, ze gaan om de beurt de dans aan, gesterkt door hun verschillen en vastbesloten om een gemeenschappelijke taal te vinden.\nTerwijl er vaak gesproken wordt over de unieke 'plaats' van vrouwen in de samenleving, nodigt deze gevoelige en veeleisende circuschoreografie uit tot een complexere vraag: over welke plaats(en) hebben we het?\n\nDuur: 50 minuten\nVoor alle toeschouwers vanaf 8 jaar\nGenummerde zitplaatsen"
        ],
        "es": [
          "Métis'gwa\nGuadalupe - Guayana Francesa - Francia continental\n\nBelles places le invita a una conversación íntima y física impregnada de cultura caribeña, protagonizada por cuatro artistas femeninas y dos ruedas Cyr.  \nCirco, danza y palabra se dan la mano en \"estos lugares\", que revelan poco a poco las personalidades y asperidades de las cuatro mujeres.  Ya sean bailarinas o artistas de circo, ya hayan nacido en Guayana Francesa, Guadalupe o Francia, se adentran en la danza por turnos, fortalecidas por sus diferencias y decididas a encontrar un lenguaje común.\nAunque a menudo se habla del \"lugar\" singular de la mujer en la sociedad, esta coreografía de circo, sensible y exigente, invita a plantearse una pregunta más compleja: ¿de qué lugar(es) estamos hablando?\n\nDuración: 50 minutos\nPara todos los públicos, a partir de 8 años\nAsientos numerados"
        ]
      },
      "@type": [
        "Description"
      ],
      "hasTranslatedProperty": [
        {
          "@id": "https://data.datatourisme.fr/0c7f1f53-241f-3a10-b258-48c4d62da85d",
          "dc:contributor": [
            "https://api.deepl.com/v2/translate"
          ],
          "rdf:language": [
            "nl"
          ],
          "rdf:predicate": [
            {
              "@id": "dc:description"
            }
          ]
        },
        {
          "@id": "https://data.datatourisme.fr/18df66b3-9291-3c35-a1be-523691b772fd",
          "dc:contributor": [
            "https://api.deepl.com/v2/translate"
          ],
          "rdf:language": [
            "en"
          ],
          "rdf:predicate": [
            "shortDescription"
          ]
        },
        {
          "@id": "https://data.datatourisme.fr/3de37411-e3bb-3be3-8388-5316054640cf",
          "dc:contributor": [
            "https://api.deepl.com/v2/translate"
          ],
          "rdf:language": [
            "de"
          ],
          "rdf:predicate": [
            "shortDescription"
          ]
        },
        {
          "@id": "https://data.datatourisme.fr/440298bd-466f-3517-88fc-203b8499b0e9",
          "dc:contributor": [
            "https://api.deepl.com/v2/translate"
          ],
          "rdf:language": [
            "it"
          ],
          "rdf:predicate": [
            "shortDescription"
          ]
        },
        {
          "@id": "https://data.datatourisme.fr/928beeaf-3580-3f7d-bec3-0f151f8e69e1",
          "dc:contributor": [
            "https://api.deepl.com/v2/translate"
          ],
          "rdf:language": [
            "es"
          ],
          "rdf:predicate": [
            {
              "@id": "dc:description"
            }
          ]
        },
        {
          "@id": "https://data.datatourisme.fr/b113478b-fd18-32da-97fa-c5d933fc50f3",
          "dc:contributor": [
            "https://api.deepl.com/v2/translate"
          ],
          "rdf:language": [
            "de"
          ],
          "rdf:predicate": [
            {
              "@id": "dc:description"
            }
          ]
        },
        {
          "@id": "https://data.datatourisme.fr/b7eedb54-acfe-3534-bd5d-2fe5d4fee593",
          "dc:contributor": [
            "https://api.deepl.com/v2/translate"
          ],
          "rdf:language": [
            "en"
          ],
          "rdf:predicate": [
            {
              "@id": "dc:description"
            }
          ]
        },
        {
          "@id": "https://data.datatourisme.fr/ca43b702-8737-3cd2-9d66-45be36ad2047",
          "dc:contributor": [
            "https://api.deepl.com/v2/translate"
          ],
          "rdf:language": [
            "es"
          ],
          "rdf:predicate": [
            "shortDescription"
          ]
        },
        {
          "@id": "https://data.datatourisme.fr/e4b20307-2234-3f89-b57a-0353f35d978b",
          "dc:contributor": [
            "https://api.deepl.com/v2/translate"
          ],
          "rdf:language": [
            "nl"
          ],
          "rdf:predicate": [
            "shortDescription"
          ]
        },
        {
          "@id": "https://data.datatourisme.fr/f92556d2-5f3d-3bc7-9b2a-205d5ce7e516",
          "dc:contributor": [
            "https://api.deepl.com/v2/translate"
          ],
          "rdf:language": [
            "it"
          ],
          "rdf:predicate": [
            {
              "@id": "dc:description"
            }
          ]
        }
      ],
      "shortDescription": {
        "de": [
          "Métis'gwa\nGuadeloupe - Guyana - Hexagonales Frankreich\n\nBelles places lädt zu einem intimen und körperlichen Gespräch ein, das von den karibischen Kulturen geprägt ist und von vier weiblichen Künstlern und zwei Cyr-Rädern trommelnd angeführt wird.  \nZirkus, Tanz und Sprache verbinden sich in \"diesen Plätzen\", die nach und nach die Persönlichkeiten und Unebenheiten der vier Frauen offenbaren.  Ob sie nun Tänzerinnen oder Zirkusartistinnen sind, ob sie in Guyana, Guadeloupe oder Frankreich geboren wurden, sie alle treten abwechselnd in den Tanz ein, stark durch ihre Unterschiede und entschlossen, eine gemeinsame Sprache zu finden.\nDiese sensible und anspruchsvolle Zirkus-Choreografie lädt zu einer komplexeren Frage ein: Von welchem Platz oder welchen Plätzen sprechen wir?\n\nDauer: 50 min\nFür alle Zuschauer ab 8 Jahren\nNummerierte Platzierung"
        ],
        "en": [
          "Métis'gwa\nGuadeloupe - French Guiana - Mainland France\n\nBelles places invites you to an intimate, physical conversation steeped in Caribbean culture, led by four female artists and two Cyr wheels.  \nCircus, dance and the spoken word come together in \"ces places\", gradually revealing the personalities and asperities of the four women.  Whether they are dancers or circus performers, born in French Guiana, Guadeloupe or France, they enter the dance in turn, strengthened by their differences and determined to find a common language.\nWhile the singular \"place\" of women in society is often discussed, this sensitive and demanding circus choreography invites a more complex question: what place(s) are we talking about?\n\nRunning time: 50 min\nAll audiences, ages 8 and up\nNumbered seating"
        ],
        "it": [
          "Métis'gwa\nGuadalupa - Guyana francese - Francia continentale\n\nBelles places vi invita a una conversazione intima e fisica intrisa di cultura caraibica, condotta da quattro artiste e due ruote Cyr.  \nCirco, danza e parola si fondono in \"questi luoghi\", che rivelano gradualmente le personalità e le asperità delle quattro donne.  Che siano ballerine o circensi, che siano nate in Guyana, Guadalupa o Francia, entrano a turno nella danza, forti delle loro differenze e determinate a trovare un linguaggio comune.\nMentre si parla spesso del singolare \"posto\" delle donne nella società, questa sensibile e impegnativa coreografia circense invita a porsi una domanda più complessa: di quale/i posto/i stiamo parlando?\n\nDurata: 50 minuti\nPer tutti i tipi di pubblico, a partire dagli 8 anni\nPosti a sedere numerati"
        ],
        "fr": [
          "Métis'gwa\nGuadeloupe - Guyane - France hexagonale\n\nBelles places invite à une conversation intime et physique, empreinte des cultures caribéennes, menée tambour battant par quatre artistes féminines et deux roues Cyr.  \nLe cirque, la danse et la parole se conjuguent dans « ces places » qui révèlent peu à peu les personnalités et les aspérités des quatre femmes.  Qu’elles soient danseuses ou circassiennes, qu’elles soient nées en Guyane, en Guadeloupe ou dans l’hexagone, elles entrent tour à tour dans la danse, fortes de leurs différences et déterminées à trouver un langage commun.\nS’il est souvent question de la « place » au singulier de la femme dans la société, cette chorégraphie circassienne sensible et exigeante invite à une questionnement plus complexe : de quelle(s) place(s) parle-t-on ?\n\nDurée : 50 min\nTout public, à partir de 8 ans\nPlacement numéroté"
        ],
        "nl": [
          "Métis'gwa\nGuadeloupe - Frans Guyana - Franse vasteland\n\nBelles places nodigt je uit voor een intiem, fysiek gesprek dat doordrenkt is van de Caribische cultuur, onder leiding van vier vrouwelijke artiesten en twee Cyr-wielen.  \nCircus, dans en gesproken woord komen samen in \"these places\", die gaandeweg de persoonlijkheden en eigenaardigheden van de vier vrouwen onthullen.  Of ze nu dansers of circusartiesten zijn, of ze nu geboren zijn in Frans Guyana, Guadeloupe of Frankrijk, ze gaan om de beurt de dans aan, gesterkt door hun verschillen en vastbesloten om een gemeenschappelijke taal te vinden.\nTerwijl er vaak gesproken wordt over de unieke 'plaats' van vrouwen in de samenleving, nodigt deze gevoelige en veeleisende circuschoreografie uit tot een complexere vraag: over welke plaats(en) hebben we het?\n\nDuur: 50 minuten\nVoor alle toeschouwers vanaf 8 jaar\nGenummerde zitplaatsen"
        ],
        "es": [
          "Métis'gwa\nGuadalupe - Guayana Francesa - Francia continental\n\nBelles places le invita a una conversación íntima y física impregnada de cultura caribeña, protagonizada por cuatro artistas femeninas y dos ruedas Cyr.  \nCirco, danza y palabra se dan la mano en \"estos lugares\", que revelan poco a poco las personalidades y asperidades de las cuatro mujeres.  Ya sean bailarinas o artistas de circo, ya hayan nacido en Guayana Francesa, Guadalupe o Francia, se adentran en la danza por turnos, fortalecidas por sus diferencias y decididas a encontrar un lenguaje común.\nAunque a menudo se habla del \"lugar\" singular de la mujer en la sociedad, esta coreografía de circo, sensible y exigente, invita a plantearse una pregunta más compleja: ¿de qué lugar(es) estamos hablando?\n\nDuración: 50 minutos\nPara todos los públicos, a partir de 8 años\nAsientos numerados"
        ]
      }
    }
  ],
  "hasMainRepresentation": [
    {
      "@id": "https://data.datatourisme.fr/2ee03d0e-868f-3504-b3d3-b216fdc76a1b",
      "ebucore:hasAnnotation": [
        {
          "@id": "https://data.datatourisme.fr/77ecf9b9-a30f-386f-a12e-add0ee0d2b71",
          "ebucore:isCoveredBy": "By-NC-ND 4.0",
          "ebucore:title": {
            "fr": [
              "Espace Albret 2023-2024_Metisgwa"
            ]
          },
          "@type": [
            "ebucore:Annotation"
          ],
          "credits": [
            "Espace d'Albret"
          ]
        }
      ],
      "ebucore:hasRelatedResource": [
        {
          "@id": "https://data.datatourisme.fr/692036d5-2bc6-376a-9313-f0bc8cbe3567",
          "ebucore:hasMimeType": [
            {
              "@id": "kb:JPEG",
              "@type": [
                "ebucore:MimeType"
              ],
              "rdfs:comment": {
                "de": [
                  "JPEG-Bild"
                ],
                "pt": [
                  "Imagem JPEG"
                ],
                "en": [
                  "JPEG image file"
                ],
                "it": [
                  "Immagine JPEG"
                ],
                "fr": [
                  "Image JPEG"
                ],
                "nl": [
                  "JPEG-afbeelding"
                ],
                "es": [
                  "Imagen JPEG"
                ]
              },
              "rdfs:label": {
                "de": [
                  "image/jpeg"
                ],
                "pt": [
                  "image/jpeg"
                ],
                "en": [
                  "image/jpeg"
                ],
                "it": [
                  "image/jpeg"
                ],
                "fr": [
                  "image/jpeg"
                ],
                "nl": [
                  "image/jpeg"
                ],
                "es": [
                  "image/jpeg"
                ]
              }
            }
          ],
          "ebucore:locator": [
            "http://aquitaine.media.tourinsoft.eu/Upload/Espace-Albret-2023-2024-Metisgwa.jpg"
          ],
          "@type": [
            "ebucore:Resource"
          ]
        }
      ],
      "@type": [
        "ebucore:EditorialObject"
      ]
    }
  ],
  "hasRepresentation": [
    {
      "@id": "https://data.datatourisme.fr/2ee03d0e-868f-3504-b3d3-b216fdc76a1b",
      "ebucore:hasAnnotation": [
        {
          "@id": "https://data.datatourisme.fr/77ecf9b9-a30f-386f-a12e-add0ee0d2b71",
          "ebucore:isCoveredBy": "By-NC-ND 4.0",
          "ebucore:title": {
            "fr": [
              "Espace Albret 2023-2024_Metisgwa"
            ]
          },
          "@type": [
            "ebucore:Annotation"
          ],
          "credits": [
            "Espace d'Albret"
          ]
        }
      ],
      "ebucore:hasRelatedResource": [
        {
          "@id": "https://data.datatourisme.fr/692036d5-2bc6-376a-9313-f0bc8cbe3567",
          "ebucore:hasMimeType": [
            {
              "@id": "kb:JPEG",
              "@type": [
                "ebucore:MimeType"
              ],
              "rdfs:comment": {
                "de": [
                  "JPEG-Bild"
                ],
                "pt": [
                  "Imagem JPEG"
                ],
                "en": [
                  "JPEG image file"
                ],
                "it": [
                  "Immagine JPEG"
                ],
                "fr": [
                  "Image JPEG"
                ],
                "nl": [
                  "JPEG-afbeelding"
                ],
                "es": [
                  "Imagen JPEG"
                ]
              },
              "rdfs:label": {
                "de": [
                  "image/jpeg"
                ],
                "pt": [
                  "image/jpeg"
                ],
                "en": [
                  "image/jpeg"
                ],
                "it": [
                  "image/jpeg"
                ],
                "fr": [
                  "image/jpeg"
                ],
                "nl": [
                  "image/jpeg"
                ],
                "es": [
                  "image/jpeg"
                ]
              }
            }
          ],
          "ebucore:locator": [
            "http://aquitaine.media.tourinsoft.eu/Upload/Espace-Albret-2023-2024-Metisgwa.jpg"
          ],
          "@type": [
            "ebucore:Resource"
          ]
        }
      ],
      "@type": [
        "ebucore:EditorialObject"
      ]
    },
    {
      "@id": "https://data.datatourisme.fr/fa732db3-5516-3b8a-a649-bdf90e5ea847",
      "ebucore:hasAnnotation": [
        {
          "@id": "https://data.datatourisme.fr/9a93cd1e-7e9e-360d-9885-6fc50cf91d62",
          "ebucore:isCoveredBy": "By-NC-ND 4.0",
          "ebucore:title": {
            "fr": [
              "Espace Albret 2023-2024"
            ]
          },
          "@type": [
            "ebucore:Annotation"
          ],
          "credits": [
            "Espace d'Albret"
          ]
        }
      ],
      "ebucore:hasRelatedResource": [
        {
          "@id": "https://data.datatourisme.fr/7e5866d5-8b89-3579-a858-ad8f19bf8a07",
          "ebucore:hasMimeType": [
            {
              "@id": "kb:JPEG",
              "@type": [
                "ebucore:MimeType"
              ],
              "rdfs:comment": {
                "de": [
                  "JPEG-Bild"
                ],
                "pt": [
                  "Imagem JPEG"
                ],
                "en": [
                  "JPEG image file"
                ],
                "it": [
                  "Immagine JPEG"
                ],
                "fr": [
                  "Image JPEG"
                ],
                "nl": [
                  "JPEG-afbeelding"
                ],
                "es": [
                  "Imagen JPEG"
                ]
              },
              "rdfs:label": {
                "de": [
                  "image/jpeg"
                ],
                "pt": [
                  "image/jpeg"
                ],
                "en": [
                  "image/jpeg"
                ],
                "it": [
                  "image/jpeg"
                ],
                "fr": [
                  "image/jpeg"
                ],
                "nl": [
                  "image/jpeg"
                ],
                "es": [
                  "image/jpeg"
                ]
              }
            }
          ],
          "ebucore:locator": [
            "http://aquitaine.media.tourinsoft.eu/Upload/Espace-Albret-2023-2024.jpg"
          ],
          "@type": [
            "ebucore:Resource"
          ]
        }
      ],
      "@type": [
        "ebucore:EditorialObject"
      ]
    }
  ],
  "hasTheme": [
    {
      "@id": "kb:Dance",
      "@type": [
        "CulturalTheme",
        "SportsTheme"
      ],
      "rdfs:label": {
        "de": [
          "Tanz"
        ],
        "pt": [
          "Dança"
        ],
        "en": [
          "Dance"
        ],
        "it": [
          "Danza"
        ],
        "fr": [
          "Danse"
        ],
        "es": [
          "Danza"
        ],
        "nl": [
          "Dansen"
        ]
      }
    }
  ],
  "hasTranslatedProperty": [
    {
      "@id": "https://data.datatourisme.fr/019f2705-e1e9-37ef-b728-a13f398c6ffc",
      "dc:contributor": [
        "https://api.deepl.com/v2/translate"
      ],
      "rdf:language": [
        "de"
      ],
      "rdf:predicate": [
        {
          "@id": "rdfs:comment"
        }
      ]
    },
    {
      "@id": "https://data.datatourisme.fr/2416d2bc-7434-3450-809e-43f695127b28",
      "dc:contributor": [
        "https://api.deepl.com/v2/translate"
      ],
      "rdf:language": [
        "en"
      ],
      "rdf:predicate": [
        {
          "@id": "rdfs:comment"
        }
      ]
    },
    {
      "@id": "https://data.datatourisme.fr/ac41f1d2-ca9d-3060-b7bb-a3a6947b3a3f",
      "dc:contributor": [
        "https://api.deepl.com/v2/translate"
      ],
      "rdf:language": [
        "es"
      ],
      "rdf:predicate": [
        {
          "@id": "rdfs:comment"
        }
      ]
    },
    {
      "@id": "https://data.datatourisme.fr/ae0830d7-894a-3420-9fcc-04038ed09b94",
      "dc:contributor": [
        "https://api.deepl.com/v2/translate"
      ],
      "rdf:language": [
        "it"
      ],
      "rdf:predicate": [
        {
          "@id": "rdfs:comment"
        }
      ]
    },
    {
      "@id": "https://data.datatourisme.fr/afdcfaef-f1db-319b-ab3f-799beeddd51d",
      "dc:contributor": [
        "https://api.deepl.com/v2/translate"
      ],
      "rdf:language": [
        "nl"
      ],
      "rdf:predicate": [
        {
          "@id": "rdfs:comment"
        }
      ]
    }
  ],
  "isLocatedAt": [
    {
      "@id": "https://data.datatourisme.fr/3523d821-cfc2-3bd3-867c-0c0b4eb0db37",
      "schema:address": [
        {
          "@id": "https://data.datatourisme.fr/7feb4d49-3673-3070-928b-39586b677346",
          "schema:addressLocality": "Nérac",
          "schema:postalCode": "47600",
          "schema:streetAddress": [
            "Espace d'Albret",
            "Quai de la Baise"
          ],
          "@type": [
            "schema:PostalAddress",
            "PostalAddress"
          ],
          "hasAddressCity": {
            "@id": "kb:47195",
            "@type": [
              "City"
            ],
            "rdfs:label": {
              "de": [
                "Nérac"
              ],
              "pt": [
                "Nérac"
              ],
              "en": [
                "Nérac"
              ],
              "it": [
                "Nérac"
              ],
              "fr": [
                "Nérac"
              ],
              "nl": [
                "Nérac"
              ],
              "es": [
                "Nérac"
              ]
            },
            "insee": "47195",
            "isPartOfDepartment": {
              "@id": "kb:France7547",
              "@type": [
                "Department"
              ],
              "rdfs:label": {
                "de": [
                  "Lot-et-Garonne"
                ],
                "pt": [
                  "Lot-et-Garonne"
                ],
                "en": [
                  "Lot-et-Garonne"
                ],
                "it": [
                  "Lot-et-Garonne"
                ],
                "fr": [
                  "Lot-et-Garonne"
                ],
                "nl": [
                  "Lot-et-Garonne"
                ],
                "es": [
                  "Lot-et-Garonne"
                ]
              },
              "insee": "47",
              "isPartOfRegion": {
                "@id": "kb:France75",
                "@type": [
                  "Region"
                ],
                "rdfs:label": {
                  "de": [
                    "Nouvelle-Aquitaine"
                  ],
                  "pt": [
                    "Nouvelle-Aquitaine"
                  ],
                  "en": [
                    "Nouvelle-Aquitaine"
                  ],
                  "it": [
                    "Nouvelle-Aquitaine"
                  ],
                  "fr": [
                    "Nouvelle-Aquitaine"
                  ],
                  "nl": [
                    "Nouvelle-Aquitaine"
                  ],
                  "es": [
                    "Nouvelle-Aquitaine"
                  ]
                },
                "insee": "75",
                "isPartOfCountry": {
                  "@id": "kb:France",
                  "@type": [
                    "schema:Country"
                  ],
                  "rdfs:label": {
                    "de": [
                      "France",
                      "Frankreich"
                    ],
                    "pt": [
                      "França",
                      "France"
                    ],
                    "en": [
                      "France"
                    ],
                    "it": [
                      "France",
                      "Francia"
                    ],
                    "fr": [
                      "France"
                    ],
                    "nl": [
                      "France",
                      "Frankrijk"
                    ],
                    "es": [
                      "France",
                      "Francia"
                    ]
                  }
                }
              }
            }
          }
        }
      ],
      "schema:geo": {
        "@id": "https://data.datatourisme.fr/81b521a7-b0ec-3ba0-a1c8-dbedadb4a221",
        "schema:latitude": "44.13177",
        "schema:longitude": "0.34226",
        "@type": [
          "schema:GeoCoordinates"
        ]
      },
      "@type": [
        "schema:Place",
        "Place"
      ],
      "altInsee": [
        "47195"
      ]
    }
  ],
  "isOwnedBy": [
    {
      "@id": "https://data.datatourisme.fr/31daad50-b8f7-31c3-bcbd-8e901d3a420a",
      "schema:email": [
        "spectacles.albret@ville-nerac.fr"
      ],
      "schema:legalName": "Espace d'Albret",
      "schema:telephone": [
        "+33 5 53 97 40 50"
      ],
      "@type": [
        "schema:Organization",
        "foaf:Agent",
        "Agent"
      ],
      "foaf:homepage": [
        "https://www.espacedalbret.fr/"
      ]
    }
  ],
  "lastUpdate": "2023-09-01",
  "lastUpdateDatatourisme": "2023-09-27T23:27:51.759Z",
  "offers": [
    {
      "@id": "https://data.datatourisme.fr/a790bc0a-ea3e-3848-8bf4-8aa74dfb2616",
      "schema:priceSpecification": [
        {
          "@id": "https://data.datatourisme.fr/66de081d-f0bc-39f4-98d8-99685450e144",
          "schema:maxPrice": [
            "15"
          ],
          "schema:minPrice": [
            "8"
          ],
          "schema:priceCurrency": "EUR",
          "@type": [
            "schema:PriceSpecification",
            "PriceSpecification"
          ],
          "hasEligiblePolicy": [
            {
              "@id": "kb:BaseRateFullRate",
              "@type": [
                "PricingPolicy"
              ],
              "rdfs:label": {
                "de": [
                  "Basistarif – voller Tarif"
                ],
                "pt": [
                  "Preço de base — preço total"
                ],
                "en": [
                  "Base rate - full rate"
                ],
                "it": [
                  "Tariffa di base — tariffa intera"
                ],
                "fr": [
                  "Tarif de base - plein tarif"
                ],
                "es": [
                  "Tarifa básica - tarifa completa"
                ],
                "nl": [
                  "Basistarief - vol tarief"
                ]
              }
            }
          ],
          "hasPricingMode": [
            {
              "@id": "kb:PerPerson",
              "@type": [
                "PricingMode"
              ],
              "rdfs:label": {
                "de": [
                  "Pro Person"
                ],
                "pt": [
                  "Por pessoa"
                ],
                "en": [
                  "Per person"
                ],
                "it": [
                  "Per persona"
                ],
                "fr": [
                  "Par personne"
                ],
                "es": [
                  "Por persona"
                ],
                "nl": [
                  "Per persoon"
                ]
              }
            },
            {
              "@id": "kb:PerUnit",
              "@type": [
                "PricingMode"
              ],
              "rdfs:label": {
                "de": [
                  "Pro Einheit"
                ],
                "pt": [
                  "Por unidade"
                ],
                "en": [
                  "Per unit"
                ],
                "it": [
                  "Per unità"
                ],
                "fr": [
                  "A l'unité"
                ],
                "es": [
                  "Por unidad"
                ],
                "nl": [
                  "Per eenheid"
                ]
              }
            }
          ],
          "hasPricingOffer": [
            {
              "@id": "kb:Ticket",
              "@type": [
                "ActivityPricingOffer"
              ],
              "rdfs:label": {
                "de": [
                  "Eintrittskarte, Eintrittsgeld, Pauschale"
                ],
                "pt": [
                  "Bilhete, Direito de entrada, Preço fixo"
                ],
                "en": [
                  "Ticket, Entry fee, Pass"
                ],
                "it": [
                  "Biglietto, diritto d'ingresso, forfait"
                ],
                "fr": [
                  "Ticket, Droit d'entrée, Forfait"
                ],
                "nl": [
                  "Ticket, toegangsbewijs, pas"
                ],
                "es": [
                  "Billete, entrada, forfait"
                ]
              }
            }
          ]
        }
      ],
      "@type": [
        "schema:Offer",
        "Offer"
      ]
    }
  ],
  "takesPlaceAt": [
    {
      "@id": "https://data.datatourisme.fr/7b89e409-2f1b-3386-966c-43544c587ad9",
      "@type": [
        "Period"
      ],
      "endDate": "2024-03-28",
      "startDate": "2024-03-28",
      "startTime": "20:00:00"
    }
  ]
}