{
  "@id": "https://data.datatourisme.fr/23/00ad3ba7-6cd8-390f-b7a7-610f2466a1e6",
  "dc:identifier": "PCUAQU047FS00043",
  "@type": [
    "CulturalSite",
    "PlaceOfInterest",
    "PointOfInterest"
  ],
  "rdfs:comment": {
    "de": [
      "Zwischen Agen und Penne-d'Agenais und 18 km von Pujols entfernt liegt Frespech, ein befestigtes Dorf, das auf einem Felsvorsprung erbaut wurde. Betreten Sie das charmante Städtchen durch das Steintor in der Stadtmauer. Bewundern Sie die schöne romanische Kirche aus dem 12."
    ],
    "en": [
      "Between Agen and Penne-d'Agenais, 18 km away from Pujols, you can find Frespech, a fortified village built on a rock. Enter the small town full of charm through the stone door in the city wall. Admire the beautiful 12th-century Romanesque church with its mighty square bell-tower."
    ],
    "it": [
      "Tra Agen e Penne-d'Agenais e a 18 km da Pujols, Frespech è un villaggio fortificato costruito su uno sperone roccioso. Entrate nella graziosa cittadina attraverso la porta in pietra dei bastioni e ammirate la bella chiesa romanica del XII secolo con il suo possente campanile."
    ],
    "fr": [
      "Entre Agen et Penne-d'Agenais et à 18 km de Pujols, Frespech est un village fortifié bâti sur un éperon rocheux. Entrez dans la petite cité pleine de charme par la porte de pierre percée dans les remparts ; admirez, face à vous, la belle église romane du XIIème siècle avec son puissant clocher-tour."
    ],
    "nl": [
      "Tussen Agen en Penne-d'Agenais, op 18 km van Pujols, ligt Frespech, een versterkt dorp gebouwd op een rotsachtige uitloper. Ga het charmante stadje binnen door de stenen poort in de vestingmuren en bewonder de prachtige 12e-eeuwse Romaanse kerk met zijn machtige klokkentoren."
    ],
    "es": [
      "Entre Agen y Penne-d'Agenais y a 18 km de Pujols, Frespech es un pueblo fortificado construido sobre un espolón rocoso. Entre en la pequeña y encantadora ciudad a través de la puerta de piedra de las murallas y admire la hermosa iglesia románica del siglo XII con su poderoso campanario."
    ]
  },
  "rdfs:label": {
    "de": [
      "Village fortifié de Frespech"
    ],
    "en": [
      "Village fortifié de Frespech"
    ],
    "fr": [
      "Village fortifié de Frespech"
    ],
    "nl": [
      "Village fortifié de Frespech"
    ],
    "es": [
      "Village fortifié de Frespech"
    ]
  },
  "availableLanguage": [
    "fr"
  ],
  "creationDate": "2007-07-17",
  "hasBeenCreatedBy": {
    "@id": "https://data.datatourisme.fr/23/7179d9e0-70f0-3f5f-ae65-004013fb8678",
    "dc:identifier": "4287baff-7477-4323-9da5-bd67a237de44",
    "schema:legalName": "OT Fumel - Vallée du Lot",
    "@type": [
      "schema:Organization",
      "foaf:Agent",
      "Agent"
    ]
  },
  "hasBeenPublishedBy": [
    {
      "@id": "https://data.datatourisme.fr/05dc9cb8-2fa5-383d-b87b-497de06649a2",
      "schema:email": [
        "sirtaqui@na-tourisme.com"
      ],
      "schema:legalName": "SIRTAQUI Nouvelle-Aquitaine",
      "schema:logo": "http://aquitaine.media.tourinsoft.eu/upload/Logo-Sirtaqui-1280x405.jpg",
      "@type": [
        "schema:Organization",
        "foaf:Agent",
        "Agent"
      ],
      "rdfs:comment": {
        "de": [
          "Collecter, mettre en commun et diffuser le plus largement possible une information complète et de qualité au service de nos habitants et de nos visiteurs : voici les objectifs du SIRTAQUI, Système d’Information Régional Touristique de Nouvelle-AQUItaine. Le dispositif est mis en œuvre conjointement par le Comité Régional de Tourisme de Nouvelle-Aquitaine, les services touristiques de la Corrèze, de la Creuse, de la Dordogne, de la Gironde, des Landes, du Lot-et-Garonne, des Pyrénées-Atlantiques, des Deux-Sèvres, de la Vienne et de la Haute-Vienne, en collaboration avec les Offices de Tourisme, et avec le soutien financier de l’Europe et du Conseil Régional."
        ],
        "en": [
          "Collecter, mettre en commun et diffuser le plus largement possible une information complète et de qualité au service de nos habitants et de nos visiteurs : voici les objectifs du SIRTAQUI, Système d’Information Régional Touristique de Nouvelle-AQUItaine. Le dispositif est mis en œuvre conjointement par le Comité Régional de Tourisme de Nouvelle-Aquitaine, les services touristiques de la Corrèze, de la Creuse, de la Dordogne, de la Gironde, des Landes, du Lot-et-Garonne, des Pyrénées-Atlantiques, des Deux-Sèvres, de la Vienne et de la Haute-Vienne, en collaboration avec les Offices de Tourisme, et avec le soutien financier de l’Europe et du Conseil Régional."
        ],
        "it": [
          "L'obiettivo di SIRTAQUI, il Sistema Regionale di Informazione Turistica della Nuova Aquitania, è quello di raccogliere, mettere in comune e diffondere il più possibile informazioni complete e di qualità a beneficio dei nostri residenti e visitatori. Il sistema è realizzato congiuntamente dal Comité Régional de Tourisme de Nouvelle-Aquitaine, dai servizi turistici di Corrèze, Creuse, Dordogne, Gironde, Landes, Lot-et-Garonne, Pyrénées-Atlantiques, Deux-Sèvres, Vienne e Haute-Vienne, in collaborazione con gli Uffici del Turismo e con il sostegno finanziario dell'Europa e del Conseil Régional."
        ],
        "fr": [
          "Collecter, mettre en commun et diffuser le plus largement possible une information complète et de qualité au service de nos habitants et de nos visiteurs : voici les objectifs du SIRTAQUI, Système d’Information Régional Touristique de Nouvelle-AQUItaine. Le dispositif est mis en œuvre conjointement par le Comité Régional de Tourisme de Nouvelle-Aquitaine, les services touristiques de la Corrèze, de la Creuse, de la Dordogne, de la Gironde, des Landes, du Lot-et-Garonne, des Pyrénées-Atlantiques, des Deux-Sèvres, de la Vienne et de la Haute-Vienne, en collaboration avec les Offices de Tourisme, et avec le soutien financier de l’Europe et du Conseil Régional."
        ],
        "nl": [
          "Collecter, mettre en commun et diffuser le plus largement possible une information complète et de qualité au service de nos habitants et de nos visiteurs : voici les objectifs du SIRTAQUI, Système d’Information Régional Touristique de Nouvelle-AQUItaine. Le dispositif est mis en œuvre conjointement par le Comité Régional de Tourisme de Nouvelle-Aquitaine, les services touristiques de la Corrèze, de la Creuse, de la Dordogne, de la Gironde, des Landes, du Lot-et-Garonne, des Pyrénées-Atlantiques, des Deux-Sèvres, de la Vienne et de la Haute-Vienne, en collaboration avec les Offices de Tourisme, et avec le soutien financier de l’Europe et du Conseil Régional."
        ],
        "es": [
          "Collecter, mettre en commun et diffuser le plus largement possible une information complète et de qualité au service de nos habitants et de nos visiteurs : voici les objectifs du SIRTAQUI, Système d’Information Régional Touristique de Nouvelle-AQUItaine. Le dispositif est mis en œuvre conjointement par le Comité Régional de Tourisme de Nouvelle-Aquitaine, les services touristiques de la Corrèze, de la Creuse, de la Dordogne, de la Gironde, des Landes, du Lot-et-Garonne, des Pyrénées-Atlantiques, des Deux-Sèvres, de la Vienne et de la Haute-Vienne, en collaboration avec les Offices de Tourisme, et avec le soutien financier de l’Europe et du Conseil Régional."
        ]
      },
      "foaf:homepage": [
        "http://www.sirtaqui-aquitaine.com/"
      ],
      "hasTranslatedProperty": [
        {
          "@id": "https://data.datatourisme.fr/eef27e75-4a23-313e-a6ee-797e7b64a1cd",
          "dc:contributor": [
            "https://api.deepl.com/v2/translate"
          ],
          "rdf:language": [
            "it"
          ],
          "rdf:predicate": [
            {
              "@id": "rdfs:comment"
            }
          ]
        }
      ]
    }
  ],
  "hasBookingContact": [
    {
      "@id": "https://data.datatourisme.fr/269f6e17-aa68-37a4-920c-1d7ba38863d5",
      "schema:email": [
        "mairie.frespech@collectivite47.fr"
      ],
      "schema:legalName": "Mairie",
      "schema:telephone": [
        "+33 5 53 95 73 33"
      ],
      "@type": [
        "schema:Organization",
        "foaf:Agent",
        "Agent"
      ]
    }
  ],
  "hasContact": [
    {
      "@id": "https://data.datatourisme.fr/269f6e17-aa68-37a4-920c-1d7ba38863d5",
      "schema:email": [
        "mairie.frespech@collectivite47.fr"
      ],
      "schema:legalName": "Mairie",
      "schema:telephone": [
        "+33 5 53 95 73 33"
      ],
      "@type": [
        "schema:Organization",
        "foaf:Agent",
        "Agent"
      ]
    },
    {
      "@id": "https://data.datatourisme.fr/d2d1c2b4-779d-347a-8d89-33913db9e3a0",
      "schema:email": [
        "mairie.frespech@collectivite47.fr"
      ],
      "schema:legalName": "Village fortifié de Frespech",
      "schema:telephone": [
        "+33 5 53 95 73 33"
      ],
      "@type": [
        "schema:Organization",
        "foaf:Agent",
        "Agent"
      ]
    }
  ],
  "hasDescription": [
    {
      "@id": "https://data.datatourisme.fr/636fbd08-4746-33a1-b47f-eca702333260",
      "dc:description": {
        "de": [
          "Zwischen Agen und Penne-d'Agenais und 18 km von Pujols entfernt liegt Frespech, ein befestigtes Dorf, das auf einem Felsvorsprung erbaut wurde. Betreten Sie das charmante Städtchen durch das Steintor in der Stadtmauer. Bewundern Sie die schöne romanische Kirche aus dem 12. Jahrhundert mit ihrem mächtigen quadratischen Glockenturm, dem runden Kopfende und dem mit Schiefer gedeckten Dach.\nNeben ihr, umgeben von den Überresten der Burg, befindet sich ein Restaurant, das Feinschmecker empfängt, die eine für die Region typische Küche mit Entenfleisch genießen möchten. Die Gänseleber und Entenbrust, die in diesem Teil der Stadtmauer aus dem 13. Jahrhundert serviert werden, werden auf dem Bauernhof von Souleilles, 3 km von Frespech entfernt, hergestellt."
        ],
        "en": [
          "Between Agen and Penne-d'Agenais, 18 km away from Pujols, you can find Frespech, a fortified village built on a rock. Enter the small town full of charm through the stone door in the city wall. Admire the beautiful 12th-century Romanesque church with its mighty square bell-tower, its round chevet and a roof covered with lauzes. Next to it, surrounded by the vestiges of the castle, a restaurant welcomes you if you would like to taste a typical cuisine from this region, using duck. The Foie gras and magrets that are served in this part of the citywall are dating from the 13th century and are produced at the farm of Souleilles, 3 km from Frespech."
        ],
        "it": [
          "Tra Agen e Penne-d'Agenais e a 18 km da Pujols, Frespech è un villaggio fortificato costruito su uno sperone roccioso. Entrate nell'incantevole cittadina attraverso la porta in pietra dei bastioni e ammirate la bella chiesa romanica del XII secolo con il suo possente campanile quadrato, il chevet rotondo e il tetto in ardesia.\nAccanto ad esso, circondato dai resti del castello, un ristorante accoglie i buongustai che desiderano assaggiare la tipica cucina a base di anatra della regione. Il foie gras e il petto d'anatra serviti in questa parte dei bastioni del XIII secolo sono prodotti nella fattoria di Souleilles, a 3 km da Frespech."
        ],
        "fr": [
          "Entre Agen et Penne-d'Agenais et à 18 km de Pujols, Frespech est un village fortifié bâti sur un éperon rocheux. Entrez dans la petite cité pleine de charme par la porte de pierre percée dans les remparts ; admirez, face à vous, la belle église romane du XIIème siècle avec son puissant clocher-tour carré, son chevet rond et son toit couvert de lauzes.\nÀ ses côtés, entouré des vestiges du château, un restaurant accueille les gourmets qui souhaitent déguster une cuisine typique de la région, à base de canard. Les foies gras et magrets servis dans cette partie des remparts datant du XIIIème siècle sont produits à la ferme de Souleilles, à 3 km de Frespech."
        ],
        "nl": [
          "Tussen Agen en Penne-d'Agenais, op 18 km van Pujols, ligt Frespech, een versterkt dorp gebouwd op een rotsachtige uitloper. Ga het charmante stadje binnen door de stenen poort in de vestingmuren en bewonder de prachtige 12e-eeuwse Romaanse kerk met zijn krachtige vierkante klokkentoren, ronde chevet en leien dak.\nDaarnaast, omgeven door de resten van het kasteel, verwelkomt een restaurant fijnproevers die de typische eendenkeuken van de streek willen proeven. De foie gras en eendenborst die in dit deel van de 13e eeuwse stadswallen worden geserveerd, worden geproduceerd in de boerderij van Souleilles, op 3 km van Frespech."
        ],
        "es": [
          "Entre Agen y Penne-d'Agenais y a 18 km de Pujols, Frespech es un pueblo fortificado construido sobre un espolón rocoso. Entre en la pequeña y encantadora ciudad a través de la puerta de piedra de las murallas y admire la hermosa iglesia románica del siglo XII con su poderoso campanario cuadrado, su caballete redondo y su tejado de pizarra.\nJunto a él, rodeado de los restos del castillo, un restaurante acoge a los gastrónomos que desean degustar la cocina típica de la región a base de pato. El foie gras y la pechuga de pato que se sirven en esta parte de las murallas del siglo XIII se producen en la granja Souleilles, a 3 km de Frespech."
        ]
      },
      "@type": [
        "Description"
      ],
      "hasTranslatedProperty": [
        {
          "@id": "https://data.datatourisme.fr/1380821a-64f7-3ddf-ad7a-b07a471da8b0",
          "dc:contributor": [
            "https://api.deepl.com/v2/translate"
          ],
          "rdf:language": [
            "es"
          ],
          "rdf:predicate": [
            {
              "@id": "dc:description"
            }
          ]
        },
        {
          "@id": "https://data.datatourisme.fr/3bc69402-5bbd-365b-9fef-79756695f4b2",
          "dc:contributor": [
            "https://api.deepl.com/v2/translate"
          ],
          "rdf:language": [
            "nl"
          ],
          "rdf:predicate": [
            "shortDescription"
          ]
        },
        {
          "@id": "https://data.datatourisme.fr/5b2c3c19-de43-3e27-8878-e3ce422572c2",
          "dc:contributor": [
            "https://api.deepl.com/v2/translate"
          ],
          "rdf:language": [
            "it"
          ],
          "rdf:predicate": [
            {
              "@id": "dc:description"
            }
          ]
        },
        {
          "@id": "https://data.datatourisme.fr/68567fd3-602d-3263-929d-26bbb88b10c4",
          "dc:contributor": [
            "https://api.deepl.com/v2/translate"
          ],
          "rdf:language": [
            "de"
          ],
          "rdf:predicate": [
            {
              "@id": "dc:description"
            }
          ]
        },
        {
          "@id": "https://data.datatourisme.fr/6eddf9b8-b0bf-3e94-b8b0-a3a5c888b2d2",
          "dc:contributor": [
            "https://api.deepl.com/v2/translate"
          ],
          "rdf:language": [
            "nl"
          ],
          "rdf:predicate": [
            {
              "@id": "dc:description"
            }
          ]
        },
        {
          "@id": "https://data.datatourisme.fr/7e4c95f9-cfcc-3bed-96e3-5deceb5f57a2",
          "dc:contributor": [
            "https://api.deepl.com/v2/translate"
          ],
          "rdf:language": [
            "it"
          ],
          "rdf:predicate": [
            "shortDescription"
          ]
        },
        {
          "@id": "https://data.datatourisme.fr/894b74f2-6c1d-3633-9f82-f4883023ee00",
          "dc:contributor": [
            "https://api.deepl.com/v2/translate"
          ],
          "rdf:language": [
            "es"
          ],
          "rdf:predicate": [
            "shortDescription"
          ]
        },
        {
          "@id": "https://data.datatourisme.fr/8d388756-43b2-326b-987e-8fa35969cceb",
          "dc:contributor": [
            "https://api.deepl.com/v2/translate"
          ],
          "rdf:language": [
            "de"
          ],
          "rdf:predicate": [
            "shortDescription"
          ]
        }
      ],
      "shortDescription": {
        "de": [
          "Zwischen Agen und Penne-d'Agenais und 18 km von Pujols entfernt liegt Frespech, ein befestigtes Dorf, das auf einem Felsvorsprung erbaut wurde. Betreten Sie das charmante Städtchen durch das Steintor in der Stadtmauer. Bewundern Sie die schöne romanische Kirche aus dem 12."
        ],
        "en": [
          "Between Agen and Penne-d'Agenais, 18 km away from Pujols, you can find Frespech, a fortified village built on a rock. Enter the small town full of charm through the stone door in the city wall. Admire the beautiful 12th-century Romanesque church with its mighty square bell-tower."
        ],
        "it": [
          "Tra Agen e Penne-d'Agenais e a 18 km da Pujols, Frespech è un villaggio fortificato costruito su uno sperone roccioso. Entrate nella graziosa cittadina attraverso la porta in pietra dei bastioni e ammirate la bella chiesa romanica del XII secolo con il suo possente campanile."
        ],
        "fr": [
          "Entre Agen et Penne-d'Agenais et à 18 km de Pujols, Frespech est un village fortifié bâti sur un éperon rocheux. Entrez dans la petite cité pleine de charme par la porte de pierre percée dans les remparts ; admirez, face à vous, la belle église romane du XIIème siècle avec son puissant clocher-tour."
        ],
        "nl": [
          "Tussen Agen en Penne-d'Agenais, op 18 km van Pujols, ligt Frespech, een versterkt dorp gebouwd op een rotsachtige uitloper. Ga het charmante stadje binnen door de stenen poort in de vestingmuren en bewonder de prachtige 12e-eeuwse Romaanse kerk met zijn machtige klokkentoren."
        ],
        "es": [
          "Entre Agen y Penne-d'Agenais y a 18 km de Pujols, Frespech es un pueblo fortificado construido sobre un espolón rocoso. Entre en la pequeña y encantadora ciudad a través de la puerta de piedra de las murallas y admire la hermosa iglesia románica del siglo XII con su poderoso campanario."
        ]
      }
    }
  ],
  "hasFeature": [
    {
      "@id": "https://data.datatourisme.fr/a7caff4b-14c3-3da5-98ca-cdd61b3543b2",
      "@type": [
        "schema:PropertyValue",
        "FeatureSpecification"
      ],
      "petsAllowed": false
    }
  ],
  "hasMainRepresentation": [
    {
      "@id": "https://data.datatourisme.fr/38adf7fa-98ad-3963-8466-30c08d692f3a",
      "ebucore:hasAnnotation": [
        {
          "@id": "https://data.datatourisme.fr/f0f9e30c-5392-3af6-ac9c-749ec688478f",
          "ebucore:isCoveredBy": "By-NC-ND 4.0",
          "ebucore:title": {
            "en": [
              "Frespech 2"
            ],
            "fr": [
              "Frespech 2"
            ]
          },
          "@type": [
            "ebucore:Annotation"
          ],
          "credits": [
            "otfvl"
          ]
        }
      ],
      "ebucore:hasRelatedResource": [
        {
          "@id": "https://data.datatourisme.fr/a1f5a0a5-6337-36d4-a506-ef610328a394",
          "ebucore:hasMimeType": [
            {
              "@id": "kb:JPEG",
              "@type": [
                "ebucore:MimeType"
              ],
              "rdfs:comment": {
                "de": [
                  "JPEG-Bild"
                ],
                "pt": [
                  "Imagem JPEG"
                ],
                "en": [
                  "JPEG image file"
                ],
                "it": [
                  "Immagine JPEG"
                ],
                "fr": [
                  "Image JPEG"
                ],
                "nl": [
                  "JPEG-afbeelding"
                ],
                "es": [
                  "Imagen JPEG"
                ]
              },
              "rdfs:label": {
                "de": [
                  "image/jpeg"
                ],
                "pt": [
                  "image/jpeg"
                ],
                "en": [
                  "image/jpeg"
                ],
                "it": [
                  "image/jpeg"
                ],
                "fr": [
                  "image/jpeg"
                ],
                "nl": [
                  "image/jpeg"
                ],
                "es": [
                  "image/jpeg"
                ]
              }
            }
          ],
          "ebucore:locator": [
            "http://aquitaine.media.tourinsoft.eu/Upload/Frespech-2.jpg"
          ],
          "@type": [
            "ebucore:Resource"
          ]
        }
      ],
      "@type": [
        "ebucore:EditorialObject"
      ]
    }
  ],
  "hasNeighborhood": [
    {
      "@id": "kb:InTheCountryside",
      "@type": [
        "SpatialEnvironmentTheme"
      ],
      "rdfs:label": {
        "de": [
          "Auf dem Land"
        ],
        "pt": [
          "No campo"
        ],
        "en": [
          "In the countryside"
        ],
        "it": [
          "In campagna"
        ],
        "fr": [
          "A la campagne"
        ],
        "nl": [
          "Op het platteland"
        ],
        "es": [
          "En el campo"
        ]
      }
    }
  ],
  "hasRepresentation": [
    {
      "@id": "https://data.datatourisme.fr/38adf7fa-98ad-3963-8466-30c08d692f3a",
      "ebucore:hasAnnotation": [
        {
          "@id": "https://data.datatourisme.fr/f0f9e30c-5392-3af6-ac9c-749ec688478f",
          "ebucore:isCoveredBy": "By-NC-ND 4.0",
          "ebucore:title": {
            "en": [
              "Frespech 2"
            ],
            "fr": [
              "Frespech 2"
            ]
          },
          "@type": [
            "ebucore:Annotation"
          ],
          "credits": [
            "otfvl"
          ]
        }
      ],
      "ebucore:hasRelatedResource": [
        {
          "@id": "https://data.datatourisme.fr/a1f5a0a5-6337-36d4-a506-ef610328a394",
          "ebucore:hasMimeType": [
            {
              "@id": "kb:JPEG",
              "@type": [
                "ebucore:MimeType"
              ],
              "rdfs:comment": {
                "de": [
                  "JPEG-Bild"
                ],
                "pt": [
                  "Imagem JPEG"
                ],
                "en": [
                  "JPEG image file"
                ],
                "it": [
                  "Immagine JPEG"
                ],
                "fr": [
                  "Image JPEG"
                ],
                "nl": [
                  "JPEG-afbeelding"
                ],
                "es": [
                  "Imagen JPEG"
                ]
              },
              "rdfs:label": {
                "de": [
                  "image/jpeg"
                ],
                "pt": [
                  "image/jpeg"
                ],
                "en": [
                  "image/jpeg"
                ],
                "it": [
                  "image/jpeg"
                ],
                "fr": [
                  "image/jpeg"
                ],
                "nl": [
                  "image/jpeg"
                ],
                "es": [
                  "image/jpeg"
                ]
              }
            }
          ],
          "ebucore:locator": [
            "http://aquitaine.media.tourinsoft.eu/Upload/Frespech-2.jpg"
          ],
          "@type": [
            "ebucore:Resource"
          ]
        }
      ],
      "@type": [
        "ebucore:EditorialObject"
      ]
    }
  ],
  "hasReview": [
    {
      "@id": "https://data.datatourisme.fr/2aaa6188-4760-3387-9fc5-1186ba9d9cfe",
      "@type": [
        "Review"
      ],
      "hasReviewValue": {
        "@id": "kb:LabelRating_MonumentHistorique",
        "@type": [
          "LabelRating"
        ],
        "rdfs:label": {
          "de": [
            "Monument Historique"
          ],
          "pt": [
            "Monument Historique"
          ],
          "en": [
            "Monument Historique"
          ],
          "it": [
            "Monument Historique"
          ],
          "fr": [
            "Monument Historique"
          ],
          "nl": [
            "Monument Historique"
          ],
          "es": [
            "Monument Historique"
          ]
        },
        "isCompliantWith": [
          "CulturalSite"
        ]
      }
    }
  ],
  "hasTheme": [
    {
      "@id": "kb:InTheCountryside",
      "@type": [
        "SpatialEnvironmentTheme"
      ],
      "rdfs:label": {
        "de": [
          "Auf dem Land"
        ],
        "pt": [
          "No campo"
        ],
        "en": [
          "In the countryside"
        ],
        "it": [
          "In campagna"
        ],
        "fr": [
          "A la campagne"
        ],
        "nl": [
          "Op het platteland"
        ],
        "es": [
          "En el campo"
        ]
      }
    }
  ],
  "hasTranslatedProperty": [
    {
      "@id": "https://data.datatourisme.fr/16dcff06-6623-3add-bb09-c3d57696eeaa",
      "dc:contributor": [
        "https://api.deepl.com/v2/translate"
      ],
      "rdf:language": [
        "es"
      ],
      "rdf:predicate": [
        {
          "@id": "rdfs:comment"
        }
      ]
    },
    {
      "@id": "https://data.datatourisme.fr/16fb7c04-9a74-32cd-9c32-7d628668a323",
      "dc:contributor": [
        "https://api.deepl.com/v2/translate"
      ],
      "rdf:language": [
        "nl"
      ],
      "rdf:predicate": [
        {
          "@id": "rdfs:comment"
        }
      ]
    },
    {
      "@id": "https://data.datatourisme.fr/705842a3-251d-31cb-b0e0-b090f3006f3b",
      "dc:contributor": [
        "https://api.deepl.com/v2/translate"
      ],
      "rdf:language": [
        "de"
      ],
      "rdf:predicate": [
        {
          "@id": "rdfs:comment"
        }
      ]
    },
    {
      "@id": "https://data.datatourisme.fr/ede13c03-6f5f-3161-acda-30bf0979fde4",
      "dc:contributor": [
        "https://api.deepl.com/v2/translate"
      ],
      "rdf:language": [
        "it"
      ],
      "rdf:predicate": [
        {
          "@id": "rdfs:comment"
        }
      ]
    }
  ],
  "isLocatedAt": [
    {
      "@id": "https://data.datatourisme.fr/3e6c32ae-19a9-350d-90b1-dd8840aca209",
      "schema:address": [
        {
          "@id": "https://data.datatourisme.fr/a7cc7359-0b3e-35f9-b4eb-96b4cbb00b97",
          "schema:addressLocality": "Frespech",
          "schema:postalCode": "47140",
          "@type": [
            "schema:PostalAddress",
            "PostalAddress"
          ],
          "hasAddressCity": {
            "@id": "kb:47105",
            "@type": [
              "City"
            ],
            "rdfs:label": {
              "de": [
                "Frespech"
              ],
              "pt": [
                "Frespech"
              ],
              "en": [
                "Frespech"
              ],
              "it": [
                "Frespech"
              ],
              "fr": [
                "Frespech"
              ],
              "nl": [
                "Frespech"
              ],
              "es": [
                "Frespech"
              ]
            },
            "insee": "47105",
            "isPartOfDepartment": {
              "@id": "kb:France7547",
              "@type": [
                "Department"
              ],
              "rdfs:label": {
                "de": [
                  "Lot-et-Garonne"
                ],
                "pt": [
                  "Lot-et-Garonne"
                ],
                "en": [
                  "Lot-et-Garonne"
                ],
                "it": [
                  "Lot-et-Garonne"
                ],
                "fr": [
                  "Lot-et-Garonne"
                ],
                "nl": [
                  "Lot-et-Garonne"
                ],
                "es": [
                  "Lot-et-Garonne"
                ]
              },
              "insee": "47",
              "isPartOfRegion": {
                "@id": "kb:France75",
                "@type": [
                  "Region"
                ],
                "rdfs:label": {
                  "de": [
                    "Nouvelle-Aquitaine"
                  ],
                  "pt": [
                    "Nouvelle-Aquitaine"
                  ],
                  "en": [
                    "Nouvelle-Aquitaine"
                  ],
                  "it": [
                    "Nouvelle-Aquitaine"
                  ],
                  "fr": [
                    "Nouvelle-Aquitaine"
                  ],
                  "nl": [
                    "Nouvelle-Aquitaine"
                  ],
                  "es": [
                    "Nouvelle-Aquitaine"
                  ]
                },
                "insee": "75",
                "isPartOfCountry": {
                  "@id": "kb:France",
                  "@type": [
                    "schema:Country"
                  ],
                  "rdfs:label": {
                    "de": [
                      "France",
                      "Frankreich"
                    ],
                    "pt": [
                      "França",
                      "France"
                    ],
                    "en": [
                      "France"
                    ],
                    "it": [
                      "France",
                      "Francia"
                    ],
                    "fr": [
                      "France"
                    ],
                    "nl": [
                      "France",
                      "Frankrijk"
                    ],
                    "es": [
                      "France",
                      "Francia"
                    ]
                  }
                }
              }
            }
          }
        }
      ],
      "schema:geo": {
        "@id": "https://data.datatourisme.fr/80817597-d23a-306e-865d-ad5e93c5f6e0",
        "schema:latitude": "44.3105568",
        "schema:longitude": "0.8254493",
        "@type": [
          "schema:GeoCoordinates"
        ]
      },
      "schema:openingHoursSpecification": [
        {
          "@id": "https://data.datatourisme.fr/0319dc70-2a02-3c93-ade2-4af923ad3317",
          "schema:dayOfWeek": [
            {
              "@id": "schema:Monday",
              "@type": [
                "schema:DayOfWeek"
              ],
              "rdfs:label": {
                "de": [
                  "Montag"
                ],
                "pt": [
                  "Segunda-feira"
                ],
                "en": [
                  "Monday"
                ],
                "it": [
                  "Lunedì"
                ],
                "fr": [
                  "Lundi"
                ],
                "nl": [
                  "Maandag"
                ],
                "es": [
                  "Lunes"
                ]
              }
            }
          ],
          "schema:validFrom": "2023-01-01T00:00:00",
          "schema:validThrough": "2023-12-31T23:59:59",
          "@type": [
            "schema:OpeningHoursSpecification"
          ]
        },
        {
          "@id": "https://data.datatourisme.fr/24c09855-7b0a-3af6-a601-a522b05e5872",
          "schema:dayOfWeek": [
            {
              "@id": "schema:Saturday",
              "@type": [
                "schema:DayOfWeek"
              ],
              "rdfs:label": {
                "de": [
                  "Samstag"
                ],
                "pt": [
                  "Sábado"
                ],
                "en": [
                  "Saturday"
                ],
                "it": [
                  "Sabato"
                ],
                "fr": [
                  "Samedi"
                ],
                "nl": [
                  "Zaterdag"
                ],
                "es": [
                  "Sábado"
                ]
              }
            }
          ],
          "schema:validFrom": "2023-01-01T00:00:00",
          "schema:validThrough": "2023-12-31T23:59:59",
          "@type": [
            "schema:OpeningHoursSpecification"
          ]
        },
        {
          "@id": "https://data.datatourisme.fr/411d862c-c3cc-3448-9d01-b306fa2c0ac0",
          "schema:dayOfWeek": [
            {
              "@id": "schema:Thursday",
              "@type": [
                "schema:DayOfWeek"
              ],
              "rdfs:label": {
                "de": [
                  "Donnerstag"
                ],
                "pt": [
                  "Quinta-feira"
                ],
                "en": [
                  "Thursday"
                ],
                "it": [
                  "Giovedì"
                ],
                "fr": [
                  "Jeudi"
                ],
                "es": [
                  "Jueves"
                ],
                "nl": [
                  "Donderdag"
                ]
              }
            }
          ],
          "schema:validFrom": "2023-01-01T00:00:00",
          "schema:validThrough": "2023-12-31T23:59:59",
          "@type": [
            "schema:OpeningHoursSpecification"
          ]
        },
        {
          "@id": "https://data.datatourisme.fr/80d80986-1747-3261-8f10-257254ce6d0f",
          "schema:dayOfWeek": [
            {
              "@id": "schema:Sunday",
              "@type": [
                "schema:DayOfWeek"
              ],
              "rdfs:label": {
                "de": [
                  "Sonntag"
                ],
                "pt": [
                  "Domingo"
                ],
                "en": [
                  "Sunday"
                ],
                "it": [
                  "Domenica"
                ],
                "fr": [
                  "Dimanche"
                ],
                "nl": [
                  "Zondag"
                ],
                "es": [
                  "Domingo"
                ]
              }
            }
          ],
          "schema:validFrom": "2023-01-01T00:00:00",
          "schema:validThrough": "2023-12-31T23:59:59",
          "@type": [
            "schema:OpeningHoursSpecification"
          ]
        },
        {
          "@id": "https://data.datatourisme.fr/86b077df-5fab-3aab-ba14-b3f12daa6a0b",
          "schema:dayOfWeek": [
            {
              "@id": "schema:Tuesday",
              "@type": [
                "schema:DayOfWeek"
              ],
              "rdfs:label": {
                "de": [
                  "Dienstag"
                ],
                "pt": [
                  "Terça-feira"
                ],
                "en": [
                  "Tuesday"
                ],
                "it": [
                  "Martedì"
                ],
                "fr": [
                  "Mardi"
                ],
                "es": [
                  "Martes"
                ],
                "nl": [
                  "Dinsdag"
                ]
              }
            }
          ],
          "schema:validFrom": "2023-01-01T00:00:00",
          "schema:validThrough": "2023-12-31T23:59:59",
          "@type": [
            "schema:OpeningHoursSpecification"
          ]
        },
        {
          "@id": "https://data.datatourisme.fr/d0621d5c-bc9a-3ac4-9871-5c14392061d2",
          "schema:dayOfWeek": [
            {
              "@id": "schema:Friday",
              "@type": [
                "schema:DayOfWeek"
              ],
              "rdfs:label": {
                "de": [
                  "Freitag"
                ],
                "pt": [
                  "Sexta-feira"
                ],
                "en": [
                  "Friday"
                ],
                "it": [
                  "Venerdì"
                ],
                "fr": [
                  "Vendredi"
                ],
                "nl": [
                  "Vrijdag"
                ],
                "es": [
                  "Viernes"
                ]
              }
            }
          ],
          "schema:validFrom": "2023-01-01T00:00:00",
          "schema:validThrough": "2023-12-31T23:59:59",
          "@type": [
            "schema:OpeningHoursSpecification"
          ]
        },
        {
          "@id": "https://data.datatourisme.fr/dba7ec79-51c8-32ee-9953-cb8c4307dd97",
          "schema:dayOfWeek": [
            {
              "@id": "schema:Wednesday",
              "@type": [
                "schema:DayOfWeek"
              ],
              "rdfs:label": {
                "de": [
                  "Mittwoch"
                ],
                "pt": [
                  "Quarta-feira"
                ],
                "en": [
                  "Wednesday"
                ],
                "it": [
                  "Mercoledì"
                ],
                "fr": [
                  "Mercredi"
                ],
                "nl": [
                  "Woensdag"
                ],
                "es": [
                  "Miércoles"
                ]
              }
            }
          ],
          "schema:validFrom": "2023-01-01T00:00:00",
          "schema:validThrough": "2023-12-31T23:59:59",
          "@type": [
            "schema:OpeningHoursSpecification"
          ]
        }
      ],
      "@type": [
        "schema:Place",
        "Place"
      ],
      "petsAllowed": false
    }
  ],
  "isOwnedBy": [
    {
      "@id": "https://data.datatourisme.fr/269f6e17-aa68-37a4-920c-1d7ba38863d5",
      "schema:email": [
        "mairie.frespech@collectivite47.fr"
      ],
      "schema:legalName": "Mairie",
      "schema:telephone": [
        "+33 5 53 95 73 33"
      ],
      "@type": [
        "schema:Organization",
        "foaf:Agent",
        "Agent"
      ]
    }
  ],
  "lastUpdate": "2022-12-31",
  "lastUpdateDatatourisme": "2023-06-20T09:49:53.033Z",
  "reducedMobilityAccess": true
}