{
  "@id": "https://data.datatourisme.fr/23/00d2f55a-36a2-3c1e-9a85-0d06ccd15f0d",
  "dc:identifier": "FMAAQU040V50T138",
  "schema:endDate": [
    "2023-11-25"
  ],
  "schema:startDate": [
    "2023-11-25"
  ],
  "@type": [
    "schema:Event",
    "schema:SaleEvent",
    "EntertainmentAndEvent",
    "Market",
    "PointOfInterest",
    "SaleEvent"
  ],
  "rdfs:comment": {
    "de": [
      "Treffen Sie sich jeden Samstagmorgen in Hinx en Chalosse, im Süden der Landes. Die Aussteller bieten Ihnen ihre Produkte und Gerichte zum Mitnehmen an. Wenn Ihr Korb voll und gut in Ihrem Auto verstaut ist, warum ziehen Sie nicht Ihre Wanderschuhe an? Vom Rathaus aus nehmen Sie die Route du Port. Halten Sie nach einigen Kilometern auf der linken Seite am alten Hafen von Hinx an. Früher war dieser Ort belebt und der Handel lief auf Hochtouren. Die Galupen wurden unter anderem mit Wein und Getreide beladen. Hier können Sie sich dem Sentier de l'Adour anschließen. Dieser Weg kann auch mit dem Mountainbike genossen werden. In Hinx können Sie auch auf dem Voie Verte de Chalosse (Grüner Weg von Chalosse) wandern, der für motorisierte Fahrzeuge gesperrt ist. Entweder fahren Sie in Richtung Dax oder weiter in die Terres de Chalosse. Wenden Sie sich an das Fremdenverkehrsamt, um mehr zu erfahren: Kulturerbe, Geschmäcker, Spaziergänge..."
    ],
    "en": [
      "Meet us every Saturday morning in Hinx en Chalosse, in the south of the Landes. The exhibitors make you discover their products and their take-away meals. When your basket is full and well protected in your car, why not put on your walking shoes? From the town hall, take the route du Port. After a few kilometres, on the left, stop at the old port of Hinx. In the past, this was a lively place and trade was going well. The galleys were loaded with wine and grain, among other things. Here you can join the Sentier de l'Adour. This path can also be enjoyed by mountain bike. In Hinx, you can also walk on the Voie Verte de Chalosse, which is forbidden to motorized vehicles. Either you go towards Dax, or you continue towards the Terres de Chalosse. Contact the Tourist Office to find out more: heritage, flavours, walks..."
    ],
    "it": [
      "Ci incontriamo ogni sabato mattina a Hinx en Chalosse, nel sud delle Landes. Gli espositori vi mostreranno i loro prodotti e i loro pasti da asporto. Quando il cestino è pieno e ben protetto in auto, perché non indossare le scarpe da passeggio? Dal municipio, prendere la route du Port. Dopo qualche chilometro, svoltate a sinistra e fermatevi al vecchio porto di Hinx. In passato, questo era un luogo vivace e il commercio era vivace. Le galee erano cariche di vino e grano, tra le altre cose. Qui è possibile unirsi al Sentier de l'Adour. Questo sentiero può essere percorso anche in mountain bike. A Hinx è possibile percorrere la Voie Verte de Chalosse, vietata ai veicoli a motore. Si può andare verso Dax o proseguire verso le Terres de Chalosse. Contattate l'Ufficio del Turismo per saperne di più: patrimonio, sapori, passeggiate..."
    ],
    "fr": [
      "Rendez-vous tous les samedis matin à Hinx en Chalosse, dans le sud des Landes. Les exposants vous font découvrir leurs produits et leurs plats à emporter. Lorsque votre panier est plein et bien à l'abri dans votre voiture, pourquoi ne pas enfiler vos chaussures de marche ? Depuis la mairie, empruntez la route du Port. Après quelques kilomètres, sur la gauche, faites une halte à l'ancien port de Hinx. Jadis, cet endroit était animé et le commerce allait bon train. Les galupes étaient entre autres chargées de vins et de grains. Ici, vous pouvez rejoindre le Sentier de l'Adour. Ce sentier peut également s'apprécier en VTT. A Hinx, vous pouvez également vous balader sur la Voie Verte de Chalosse, interdite aux véhicules motorisés. Soit vous allez vers Dax, soit vous continuez vers les Terres de Chalosse. Contactez l'Office de tourisme pour en savoir plus : patrimoine, saveurs, balades..."
    ],
    "es": [
      "Reúnase con nosotros todos los sábados por la mañana en Hinx en Chalosse, en el sur de las Landas. Los expositores le mostrarán sus productos y sus comidas para llevar. Cuando la cesta esté llena y bien protegida en el coche, ¿por qué no ponerse los zapatos de paseo? Desde el ayuntamiento, tome la ruta del puerto. Tras unos kilómetros, gire a la izquierda y deténgase en el antiguo puerto de Hinx. En el pasado, este era un lugar muy animado y el comercio era rápido. Las galeras iban cargadas de vino y grano, entre otras cosas. Aquí puede unirse al Sentier de l'Adour. Este camino también se puede disfrutar en bicicleta de montaña. En Hinx, también se puede recorrer la Voie Verte de Chalosse, prohibida a los vehículos motorizados. Puede ir hacia Dax o continuar hacia las Terres de Chalosse. Póngase en contacto con la Oficina de Turismo para obtener más información: patrimonio, sabores, paseos..."
    ],
    "nl": [
      "Ontmoet ons elke zaterdagochtend in Hinx en Chalosse, in het zuiden van de Landes. De exposanten tonen u hun producten en hun afhaalmaaltijden. Als je mandje vol is en goed beschermd in je auto ligt, waarom trek je dan niet je wandelschoenen aan? Neem vanaf het stadhuis de route du Port. Na enkele kilometers slaat u linksaf en stopt u bij de oude haven van Hinx. In het verleden was dit een levendige plaats en de handel was levendig. De galeien waren geladen met onder andere wijn en graan. Hier kunt u zich aansluiten bij het Sentier de l'Adour. Dit pad kan ook per mountainbike worden gebruikt. In Hinx kunt u ook wandelen op de Voie Verte de Chalosse, die verboden is voor gemotoriseerde voertuigen. U kunt richting Dax gaan of verder naar de Terres de Chalosse. Neem contact op met de VVV voor meer informatie: erfgoed, smaken, wandelingen..."
    ]
  },
  "rdfs:label": {
    "de": [
      "Marché traditionnel"
    ],
    "en": [
      "Marché traditionnel"
    ],
    "fr": [
      "Marché traditionnel"
    ],
    "nl": [
      "Marché traditionnel"
    ],
    "es": [
      "Marché traditionnel"
    ]
  },
  "availableLanguage": [
    "fr"
  ],
  "creationDate": "2022-04-20",
  "hasAudience": [
    {
      "@id": "kb:Local",
      "@type": [
        "GeographicReach"
      ],
      "rdfs:label": {
        "de": [
          "Lokal"
        ],
        "pt": [
          "Local"
        ],
        "en": [
          "Local"
        ],
        "it": [
          "Locale"
        ],
        "fr": [
          "Locale"
        ],
        "nl": [
          "Lokaal"
        ],
        "es": [
          "Local"
        ]
      }
    }
  ],
  "hasBeenCreatedBy": {
    "@id": "https://data.datatourisme.fr/23/48f88a9e-9aa5-30a9-b143-256822c8ebd7",
    "dc:identifier": "66efed65-ec13-438c-a9cb-9ff363ef995a",
    "schema:legalName": "OT Terres de Chalosse",
    "@type": [
      "schema:Organization",
      "foaf:Agent",
      "Agent"
    ]
  },
  "hasBeenPublishedBy": [
    {
      "@id": "https://data.datatourisme.fr/05dc9cb8-2fa5-383d-b87b-497de06649a2",
      "schema:email": [
        "sirtaqui@na-tourisme.com"
      ],
      "schema:legalName": "SIRTAQUI Nouvelle-Aquitaine",
      "schema:logo": "http://aquitaine.media.tourinsoft.eu/upload/Logo-Sirtaqui-1280x405.jpg",
      "@type": [
        "schema:Organization",
        "foaf:Agent",
        "Agent"
      ],
      "rdfs:comment": {
        "de": [
          "Collecter, mettre en commun et diffuser le plus largement possible une information complète et de qualité au service de nos habitants et de nos visiteurs : voici les objectifs du SIRTAQUI, Système d’Information Régional Touristique de Nouvelle-AQUItaine. Le dispositif est mis en œuvre conjointement par le Comité Régional de Tourisme de Nouvelle-Aquitaine, les services touristiques de la Corrèze, de la Creuse, de la Dordogne, de la Gironde, des Landes, du Lot-et-Garonne, des Pyrénées-Atlantiques, des Deux-Sèvres, de la Vienne et de la Haute-Vienne, en collaboration avec les Offices de Tourisme, et avec le soutien financier de l’Europe et du Conseil Régional."
        ],
        "en": [
          "Collecter, mettre en commun et diffuser le plus largement possible une information complète et de qualité au service de nos habitants et de nos visiteurs : voici les objectifs du SIRTAQUI, Système d’Information Régional Touristique de Nouvelle-AQUItaine. Le dispositif est mis en œuvre conjointement par le Comité Régional de Tourisme de Nouvelle-Aquitaine, les services touristiques de la Corrèze, de la Creuse, de la Dordogne, de la Gironde, des Landes, du Lot-et-Garonne, des Pyrénées-Atlantiques, des Deux-Sèvres, de la Vienne et de la Haute-Vienne, en collaboration avec les Offices de Tourisme, et avec le soutien financier de l’Europe et du Conseil Régional."
        ],
        "it": [
          "L'obiettivo di SIRTAQUI, il Sistema Regionale di Informazione Turistica della Nuova Aquitania, è quello di raccogliere, mettere in comune e diffondere il più possibile informazioni complete e di qualità a beneficio dei nostri residenti e visitatori. Il sistema è realizzato congiuntamente dal Comité Régional de Tourisme de Nouvelle-Aquitaine, dai servizi turistici di Corrèze, Creuse, Dordogne, Gironde, Landes, Lot-et-Garonne, Pyrénées-Atlantiques, Deux-Sèvres, Vienne e Haute-Vienne, in collaborazione con gli Uffici del Turismo e con il sostegno finanziario dell'Europa e del Conseil Régional."
        ],
        "fr": [
          "Collecter, mettre en commun et diffuser le plus largement possible une information complète et de qualité au service de nos habitants et de nos visiteurs : voici les objectifs du SIRTAQUI, Système d’Information Régional Touristique de Nouvelle-AQUItaine. Le dispositif est mis en œuvre conjointement par le Comité Régional de Tourisme de Nouvelle-Aquitaine, les services touristiques de la Corrèze, de la Creuse, de la Dordogne, de la Gironde, des Landes, du Lot-et-Garonne, des Pyrénées-Atlantiques, des Deux-Sèvres, de la Vienne et de la Haute-Vienne, en collaboration avec les Offices de Tourisme, et avec le soutien financier de l’Europe et du Conseil Régional."
        ],
        "nl": [
          "Collecter, mettre en commun et diffuser le plus largement possible une information complète et de qualité au service de nos habitants et de nos visiteurs : voici les objectifs du SIRTAQUI, Système d’Information Régional Touristique de Nouvelle-AQUItaine. Le dispositif est mis en œuvre conjointement par le Comité Régional de Tourisme de Nouvelle-Aquitaine, les services touristiques de la Corrèze, de la Creuse, de la Dordogne, de la Gironde, des Landes, du Lot-et-Garonne, des Pyrénées-Atlantiques, des Deux-Sèvres, de la Vienne et de la Haute-Vienne, en collaboration avec les Offices de Tourisme, et avec le soutien financier de l’Europe et du Conseil Régional."
        ],
        "es": [
          "Collecter, mettre en commun et diffuser le plus largement possible une information complète et de qualité au service de nos habitants et de nos visiteurs : voici les objectifs du SIRTAQUI, Système d’Information Régional Touristique de Nouvelle-AQUItaine. Le dispositif est mis en œuvre conjointement par le Comité Régional de Tourisme de Nouvelle-Aquitaine, les services touristiques de la Corrèze, de la Creuse, de la Dordogne, de la Gironde, des Landes, du Lot-et-Garonne, des Pyrénées-Atlantiques, des Deux-Sèvres, de la Vienne et de la Haute-Vienne, en collaboration avec les Offices de Tourisme, et avec le soutien financier de l’Europe et du Conseil Régional."
        ]
      },
      "foaf:homepage": [
        "http://www.sirtaqui-aquitaine.com/"
      ],
      "hasTranslatedProperty": [
        {
          "@id": "https://data.datatourisme.fr/eef27e75-4a23-313e-a6ee-797e7b64a1cd",
          "dc:contributor": [
            "https://api.deepl.com/v2/translate"
          ],
          "rdf:language": [
            "it"
          ],
          "rdf:predicate": [
            {
              "@id": "rdfs:comment"
            }
          ]
        }
      ]
    }
  ],
  "hasBookingContact": [
    {
      "@id": "https://data.datatourisme.fr/433b9de4-c245-3fb9-baa1-40717983b339",
      "schema:legalName": "Mairie",
      "schema:telephone": [
        "+33 5 58 89 50 24"
      ],
      "@type": [
        "schema:Organization",
        "foaf:Agent",
        "Agent"
      ],
      "foaf:homepage": [
        "http://www.hinx.fr/"
      ]
    }
  ],
  "hasContact": [
    {
      "@id": "https://data.datatourisme.fr/433b9de4-c245-3fb9-baa1-40717983b339",
      "schema:legalName": "Mairie",
      "schema:telephone": [
        "+33 5 58 89 50 24"
      ],
      "@type": [
        "schema:Organization",
        "foaf:Agent",
        "Agent"
      ],
      "foaf:homepage": [
        "http://www.hinx.fr/"
      ]
    }
  ],
  "hasDescription": [
    {
      "@id": "https://data.datatourisme.fr/8a9a78f1-8984-3ea2-a5c6-da7afbe7d6e5",
      "dc:description": {
        "de": [
          "Treffen Sie sich jeden Samstagmorgen in Hinx en Chalosse, im Süden der Landes. Die Aussteller bieten Ihnen ihre Produkte und Gerichte zum Mitnehmen an. Wenn Ihr Korb voll und gut in Ihrem Auto verstaut ist, warum ziehen Sie nicht Ihre Wanderschuhe an? Vom Rathaus aus nehmen Sie die Route du Port. Halten Sie nach einigen Kilometern auf der linken Seite am alten Hafen von Hinx an. Früher war dieser Ort belebt und der Handel lief auf Hochtouren. Die Galupen wurden unter anderem mit Wein und Getreide beladen. Hier können Sie sich dem Sentier de l'Adour anschließen. Dieser Weg kann auch mit dem Mountainbike genossen werden. In Hinx können Sie auch auf dem Voie Verte de Chalosse (Grüner Weg von Chalosse) wandern, der für motorisierte Fahrzeuge gesperrt ist. Entweder fahren Sie in Richtung Dax oder weiter in die Terres de Chalosse. Wenden Sie sich an das Fremdenverkehrsamt, um mehr zu erfahren: Kulturerbe, Geschmäcker, Spaziergänge..."
        ],
        "en": [
          "Meet us every Saturday morning in Hinx en Chalosse, in the south of the Landes. The exhibitors make you discover their products and their take-away meals. When your basket is full and well protected in your car, why not put on your walking shoes? From the town hall, take the route du Port. After a few kilometres, on the left, stop at the old port of Hinx. In the past, this was a lively place and trade was going well. The galleys were loaded with wine and grain, among other things. Here you can join the Sentier de l'Adour. This path can also be enjoyed by mountain bike. In Hinx, you can also walk on the Voie Verte de Chalosse, which is forbidden to motorized vehicles. Either you go towards Dax, or you continue towards the Terres de Chalosse. Contact the Tourist Office to find out more: heritage, flavours, walks..."
        ],
        "it": [
          "Ci incontriamo ogni sabato mattina a Hinx en Chalosse, nel sud delle Landes. Gli espositori vi mostreranno i loro prodotti e i loro pasti da asporto. Quando il cestino è pieno e ben protetto in auto, perché non indossare le scarpe da passeggio? Dal municipio, prendere la route du Port. Dopo qualche chilometro, svoltate a sinistra e fermatevi al vecchio porto di Hinx. In passato, questo era un luogo vivace e il commercio era vivace. Le galee erano cariche di vino e grano, tra le altre cose. Qui è possibile unirsi al Sentier de l'Adour. Questo sentiero può essere percorso anche in mountain bike. A Hinx è possibile percorrere la Voie Verte de Chalosse, vietata ai veicoli a motore. Si può andare verso Dax o proseguire verso le Terres de Chalosse. Contattate l'Ufficio del Turismo per saperne di più: patrimonio, sapori, passeggiate..."
        ],
        "fr": [
          "Rendez-vous tous les samedis matin à Hinx en Chalosse, dans le sud des Landes. Les exposants vous font découvrir leurs produits et leurs plats à emporter. Lorsque votre panier est plein et bien à l'abri dans votre voiture, pourquoi ne pas enfiler vos chaussures de marche ? Depuis la mairie, empruntez la route du Port. Après quelques kilomètres, sur la gauche, faites une halte à l'ancien port de Hinx. Jadis, cet endroit était animé et le commerce allait bon train. Les galupes étaient entre autres chargées de vins et de grains. Ici, vous pouvez rejoindre le Sentier de l'Adour. Ce sentier peut également s'apprécier en VTT. A Hinx, vous pouvez également vous balader sur la Voie Verte de Chalosse, interdite aux véhicules motorisés. Soit vous allez vers Dax, soit vous continuez vers les Terres de Chalosse. Contactez l'Office de tourisme pour en savoir plus : patrimoine, saveurs, balades..."
        ],
        "es": [
          "Reúnase con nosotros todos los sábados por la mañana en Hinx en Chalosse, en el sur de las Landas. Los expositores le mostrarán sus productos y sus comidas para llevar. Cuando la cesta esté llena y bien protegida en el coche, ¿por qué no ponerse los zapatos de paseo? Desde el ayuntamiento, tome la ruta del puerto. Tras unos kilómetros, gire a la izquierda y deténgase en el antiguo puerto de Hinx. En el pasado, este era un lugar muy animado y el comercio era rápido. Las galeras iban cargadas de vino y grano, entre otras cosas. Aquí puede unirse al Sentier de l'Adour. Este camino también se puede disfrutar en bicicleta de montaña. En Hinx, también se puede recorrer la Voie Verte de Chalosse, prohibida a los vehículos motorizados. Puede ir hacia Dax o continuar hacia las Terres de Chalosse. Póngase en contacto con la Oficina de Turismo para obtener más información: patrimonio, sabores, paseos..."
        ],
        "nl": [
          "Ontmoet ons elke zaterdagochtend in Hinx en Chalosse, in het zuiden van de Landes. De exposanten tonen u hun producten en hun afhaalmaaltijden. Als je mandje vol is en goed beschermd in je auto ligt, waarom trek je dan niet je wandelschoenen aan? Neem vanaf het stadhuis de route du Port. Na enkele kilometers slaat u linksaf en stopt u bij de oude haven van Hinx. In het verleden was dit een levendige plaats en de handel was levendig. De galeien waren geladen met onder andere wijn en graan. Hier kunt u zich aansluiten bij het Sentier de l'Adour. Dit pad kan ook per mountainbike worden gebruikt. In Hinx kunt u ook wandelen op de Voie Verte de Chalosse, die verboden is voor gemotoriseerde voertuigen. U kunt richting Dax gaan of verder naar de Terres de Chalosse. Neem contact op met de VVV voor meer informatie: erfgoed, smaken, wandelingen..."
        ]
      },
      "@type": [
        "Description"
      ],
      "hasTranslatedProperty": [
        {
          "@id": "https://data.datatourisme.fr/2add5ec5-dd06-34e5-b314-bb177d13fc27",
          "dc:contributor": [
            "https://api.deepl.com/v2/translate"
          ],
          "rdf:language": [
            "nl"
          ],
          "rdf:predicate": [
            "shortDescription"
          ]
        },
        {
          "@id": "https://data.datatourisme.fr/4ecf8750-7082-3190-a1b6-a82221b365c3",
          "dc:contributor": [
            "https://api.deepl.com/v2/translate"
          ],
          "rdf:language": [
            "it"
          ],
          "rdf:predicate": [
            "shortDescription"
          ]
        },
        {
          "@id": "https://data.datatourisme.fr/56e64ec3-8047-3526-9f8a-9069de97d4e2",
          "dc:contributor": [
            "https://api.deepl.com/v2/translate"
          ],
          "rdf:language": [
            "de"
          ],
          "rdf:predicate": [
            "shortDescription"
          ]
        },
        {
          "@id": "https://data.datatourisme.fr/59250e30-44f3-30f0-bae9-e9be46d09207",
          "dc:contributor": [
            "https://api.deepl.com/v2/translate"
          ],
          "rdf:language": [
            "en"
          ],
          "rdf:predicate": [
            "shortDescription"
          ]
        },
        {
          "@id": "https://data.datatourisme.fr/8ebb5785-05d6-3370-b3d8-45367c11ff0c",
          "dc:contributor": [
            "https://api.deepl.com/v2/translate"
          ],
          "rdf:language": [
            "es"
          ],
          "rdf:predicate": [
            {
              "@id": "dc:description"
            }
          ]
        },
        {
          "@id": "https://data.datatourisme.fr/b9d67f64-5d2e-3909-958f-5f25a319f43e",
          "dc:contributor": [
            "https://api.deepl.com/v2/translate"
          ],
          "rdf:language": [
            "it"
          ],
          "rdf:predicate": [
            {
              "@id": "dc:description"
            }
          ]
        },
        {
          "@id": "https://data.datatourisme.fr/d4ac29b7-fcc0-3e02-bd08-5209d35b434b",
          "dc:contributor": [
            "https://api.deepl.com/v2/translate"
          ],
          "rdf:language": [
            "es"
          ],
          "rdf:predicate": [
            "shortDescription"
          ]
        },
        {
          "@id": "https://data.datatourisme.fr/e1f192ee-d3e9-32b7-8fb0-71d01e3e6d18",
          "dc:contributor": [
            "https://api.deepl.com/v2/translate"
          ],
          "rdf:language": [
            "nl"
          ],
          "rdf:predicate": [
            {
              "@id": "dc:description"
            }
          ]
        },
        {
          "@id": "https://data.datatourisme.fr/f8e69885-0626-3cf4-a3b5-d4f706dd8ac8",
          "dc:contributor": [
            "https://api.deepl.com/v2/translate"
          ],
          "rdf:language": [
            "de"
          ],
          "rdf:predicate": [
            {
              "@id": "dc:description"
            }
          ]
        },
        {
          "@id": "https://data.datatourisme.fr/fe603be7-1343-3659-971a-dc6c821b2b0e",
          "dc:contributor": [
            "https://api.deepl.com/v2/translate"
          ],
          "rdf:language": [
            "en"
          ],
          "rdf:predicate": [
            {
              "@id": "dc:description"
            }
          ]
        }
      ],
      "shortDescription": {
        "de": [
          "Treffen Sie sich jeden Samstagmorgen in Hinx en Chalosse, im Süden der Landes. Die Aussteller bieten Ihnen ihre Produkte und Gerichte zum Mitnehmen an. Wenn Ihr Korb voll und gut in Ihrem Auto verstaut ist, warum ziehen Sie nicht Ihre Wanderschuhe an? Vom Rathaus aus nehmen Sie die Route du Port. Halten Sie nach einigen Kilometern auf der linken Seite am alten Hafen von Hinx an. Früher war dieser Ort belebt und der Handel lief auf Hochtouren. Die Galupen wurden unter anderem mit Wein und Getreide beladen. Hier können Sie sich dem Sentier de l'Adour anschließen. Dieser Weg kann auch mit dem Mountainbike genossen werden. In Hinx können Sie auch auf dem Voie Verte de Chalosse (Grüner Weg von Chalosse) wandern, der für motorisierte Fahrzeuge gesperrt ist. Entweder fahren Sie in Richtung Dax oder weiter in die Terres de Chalosse. Wenden Sie sich an das Fremdenverkehrsamt, um mehr zu erfahren: Kulturerbe, Geschmäcker, Spaziergänge..."
        ],
        "en": [
          "Meet us every Saturday morning in Hinx en Chalosse, in the south of the Landes. The exhibitors make you discover their products and their take-away meals. When your basket is full and well protected in your car, why not put on your walking shoes? From the town hall, take the route du Port. After a few kilometres, on the left, stop at the old port of Hinx. In the past, this was a lively place and trade was going well. The galleys were loaded with wine and grain, among other things. Here you can join the Sentier de l'Adour. This path can also be enjoyed by mountain bike. In Hinx, you can also walk on the Voie Verte de Chalosse, which is forbidden to motorized vehicles. Either you go towards Dax, or you continue towards the Terres de Chalosse. Contact the Tourist Office to find out more: heritage, flavours, walks..."
        ],
        "it": [
          "Ci incontriamo ogni sabato mattina a Hinx en Chalosse, nel sud delle Landes. Gli espositori vi mostreranno i loro prodotti e i loro pasti da asporto. Quando il cestino è pieno e ben protetto in auto, perché non indossare le scarpe da passeggio? Dal municipio, prendere la route du Port. Dopo qualche chilometro, svoltate a sinistra e fermatevi al vecchio porto di Hinx. In passato, questo era un luogo vivace e il commercio era vivace. Le galee erano cariche di vino e grano, tra le altre cose. Qui è possibile unirsi al Sentier de l'Adour. Questo sentiero può essere percorso anche in mountain bike. A Hinx è possibile percorrere la Voie Verte de Chalosse, vietata ai veicoli a motore. Si può andare verso Dax o proseguire verso le Terres de Chalosse. Contattate l'Ufficio del Turismo per saperne di più: patrimonio, sapori, passeggiate..."
        ],
        "fr": [
          "Rendez-vous tous les samedis matin à Hinx en Chalosse, dans le sud des Landes. Les exposants vous font découvrir leurs produits et leurs plats à emporter. Lorsque votre panier est plein et bien à l'abri dans votre voiture, pourquoi ne pas enfiler vos chaussures de marche ? Depuis la mairie, empruntez la route du Port. Après quelques kilomètres, sur la gauche, faites une halte à l'ancien port de Hinx. Jadis, cet endroit était animé et le commerce allait bon train. Les galupes étaient entre autres chargées de vins et de grains. Ici, vous pouvez rejoindre le Sentier de l'Adour. Ce sentier peut également s'apprécier en VTT. A Hinx, vous pouvez également vous balader sur la Voie Verte de Chalosse, interdite aux véhicules motorisés. Soit vous allez vers Dax, soit vous continuez vers les Terres de Chalosse. Contactez l'Office de tourisme pour en savoir plus : patrimoine, saveurs, balades..."
        ],
        "es": [
          "Reúnase con nosotros todos los sábados por la mañana en Hinx en Chalosse, en el sur de las Landas. Los expositores le mostrarán sus productos y sus comidas para llevar. Cuando la cesta esté llena y bien protegida en el coche, ¿por qué no ponerse los zapatos de paseo? Desde el ayuntamiento, tome la ruta del puerto. Tras unos kilómetros, gire a la izquierda y deténgase en el antiguo puerto de Hinx. En el pasado, este era un lugar muy animado y el comercio era rápido. Las galeras iban cargadas de vino y grano, entre otras cosas. Aquí puede unirse al Sentier de l'Adour. Este camino también se puede disfrutar en bicicleta de montaña. En Hinx, también se puede recorrer la Voie Verte de Chalosse, prohibida a los vehículos motorizados. Puede ir hacia Dax o continuar hacia las Terres de Chalosse. Póngase en contacto con la Oficina de Turismo para obtener más información: patrimonio, sabores, paseos..."
        ],
        "nl": [
          "Ontmoet ons elke zaterdagochtend in Hinx en Chalosse, in het zuiden van de Landes. De exposanten tonen u hun producten en hun afhaalmaaltijden. Als je mandje vol is en goed beschermd in je auto ligt, waarom trek je dan niet je wandelschoenen aan? Neem vanaf het stadhuis de route du Port. Na enkele kilometers slaat u linksaf en stopt u bij de oude haven van Hinx. In het verleden was dit een levendige plaats en de handel was levendig. De galeien waren geladen met onder andere wijn en graan. Hier kunt u zich aansluiten bij het Sentier de l'Adour. Dit pad kan ook per mountainbike worden gebruikt. In Hinx kunt u ook wandelen op de Voie Verte de Chalosse, die verboden is voor gemotoriseerde voertuigen. U kunt richting Dax gaan of verder naar de Terres de Chalosse. Neem contact op met de VVV voor meer informatie: erfgoed, smaken, wandelingen..."
        ]
      }
    }
  ],
  "hasFeature": [
    {
      "@id": "https://data.datatourisme.fr/4531512b-fbfe-39a1-98fa-3735244e055e",
      "@type": [
        "schema:PropertyValue",
        "FeatureSpecification"
      ],
      "petsAllowed": true
    }
  ],
  "hasGeographicReach": [
    {
      "@id": "kb:Local",
      "@type": [
        "GeographicReach"
      ],
      "rdfs:label": {
        "de": [
          "Lokal"
        ],
        "pt": [
          "Local"
        ],
        "en": [
          "Local"
        ],
        "it": [
          "Locale"
        ],
        "fr": [
          "Locale"
        ],
        "nl": [
          "Lokaal"
        ],
        "es": [
          "Local"
        ]
      }
    }
  ],
  "hasMainRepresentation": [
    {
      "@id": "https://data.datatourisme.fr/e607d689-f2fc-3a9f-ab82-c21f864a02d1",
      "ebucore:hasAnnotation": [
        {
          "@id": "https://data.datatourisme.fr/34a758c2-23a5-339c-8507-7ee6c8ffbbdd",
          "ebucore:isCoveredBy": "By-NC-ND 4.0",
          "ebucore:title": {
            "fr": [
              "Légumes marchés"
            ]
          },
          "@type": [
            "ebucore:Annotation"
          ],
          "credits": [
            "Ulrike Leone - Pixabay"
          ]
        }
      ],
      "ebucore:hasRelatedResource": [
        {
          "@id": "https://data.datatourisme.fr/a89f0ce0-3495-3826-960b-a6aa16c48202",
          "ebucore:hasMimeType": [
            {
              "@id": "kb:JPEG",
              "@type": [
                "ebucore:MimeType"
              ],
              "rdfs:comment": {
                "de": [
                  "JPEG-Bild"
                ],
                "pt": [
                  "Imagem JPEG"
                ],
                "en": [
                  "JPEG image file"
                ],
                "it": [
                  "Immagine JPEG"
                ],
                "fr": [
                  "Image JPEG"
                ],
                "nl": [
                  "JPEG-afbeelding"
                ],
                "es": [
                  "Imagen JPEG"
                ]
              },
              "rdfs:label": {
                "de": [
                  "image/jpeg"
                ],
                "pt": [
                  "image/jpeg"
                ],
                "en": [
                  "image/jpeg"
                ],
                "it": [
                  "image/jpeg"
                ],
                "fr": [
                  "image/jpeg"
                ],
                "nl": [
                  "image/jpeg"
                ],
                "es": [
                  "image/jpeg"
                ]
              }
            }
          ],
          "ebucore:locator": [
            "http://aquitaine.media.tourinsoft.eu/Upload/Legumes-marches---Ulrike-Leone.jpg"
          ],
          "@type": [
            "ebucore:Resource"
          ]
        }
      ],
      "@type": [
        "ebucore:EditorialObject"
      ]
    }
  ],
  "hasNeighborhood": [
    {
      "@id": "kb:InTheVillage",
      "@type": [
        "SpatialEnvironmentTheme"
      ],
      "rdfs:label": {
        "de": [
          "Im Dorf"
        ],
        "pt": [
          "Na aldeia"
        ],
        "en": [
          "In the village"
        ],
        "it": [
          "Nel villaggio"
        ],
        "fr": [
          "Dans le village"
        ],
        "nl": [
          "In het dorp"
        ],
        "es": [
          "En el pueblo"
        ]
      }
    }
  ],
  "hasRepresentation": [
    {
      "@id": "https://data.datatourisme.fr/0e7e99f7-9e6e-3296-a249-e380649ad3eb",
      "ebucore:hasAnnotation": [
        {
          "@id": "https://data.datatourisme.fr/cf975d2c-6013-3191-9527-3f46b034ff03",
          "ebucore:isCoveredBy": "By-NC-ND 4.0",
          "ebucore:title": {
            "fr": [
              "Pêches marchés"
            ]
          },
          "@type": [
            "ebucore:Annotation"
          ],
          "credits": [
            "Congerdesign - Pixabay"
          ]
        }
      ],
      "ebucore:hasRelatedResource": [
        {
          "@id": "https://data.datatourisme.fr/006abd91-b847-3881-a160-0b4b4996331a",
          "ebucore:hasMimeType": [
            {
              "@id": "kb:JPEG",
              "@type": [
                "ebucore:MimeType"
              ],
              "rdfs:comment": {
                "de": [
                  "JPEG-Bild"
                ],
                "pt": [
                  "Imagem JPEG"
                ],
                "en": [
                  "JPEG image file"
                ],
                "it": [
                  "Immagine JPEG"
                ],
                "fr": [
                  "Image JPEG"
                ],
                "nl": [
                  "JPEG-afbeelding"
                ],
                "es": [
                  "Imagen JPEG"
                ]
              },
              "rdfs:label": {
                "de": [
                  "image/jpeg"
                ],
                "pt": [
                  "image/jpeg"
                ],
                "en": [
                  "image/jpeg"
                ],
                "it": [
                  "image/jpeg"
                ],
                "fr": [
                  "image/jpeg"
                ],
                "nl": [
                  "image/jpeg"
                ],
                "es": [
                  "image/jpeg"
                ]
              }
            }
          ],
          "ebucore:locator": [
            "http://aquitaine.media.tourinsoft.eu/Upload/Peches---Congerdesign.jpg"
          ],
          "@type": [
            "ebucore:Resource"
          ]
        }
      ],
      "@type": [
        "ebucore:EditorialObject"
      ]
    },
    {
      "@id": "https://data.datatourisme.fr/18a4df76-ea51-339f-b877-d0d8d992b321",
      "ebucore:hasAnnotation": [
        {
          "@id": "https://data.datatourisme.fr/77989661-d13d-3b89-b392-4e9325b95f78",
          "ebucore:isCoveredBy": "By-NC-ND 4.0",
          "ebucore:title": {
            "fr": [
              "Oeufs"
            ]
          },
          "@type": [
            "ebucore:Annotation"
          ],
          "credits": [
            "Jackmac34 - Pixabay"
          ]
        }
      ],
      "ebucore:hasRelatedResource": [
        {
          "@id": "https://data.datatourisme.fr/1892a4cc-6ab3-3a7e-91c3-80bbc1ec9ca2",
          "ebucore:hasMimeType": [
            {
              "@id": "kb:JPEG",
              "@type": [
                "ebucore:MimeType"
              ],
              "rdfs:comment": {
                "de": [
                  "JPEG-Bild"
                ],
                "pt": [
                  "Imagem JPEG"
                ],
                "en": [
                  "JPEG image file"
                ],
                "it": [
                  "Immagine JPEG"
                ],
                "fr": [
                  "Image JPEG"
                ],
                "nl": [
                  "JPEG-afbeelding"
                ],
                "es": [
                  "Imagen JPEG"
                ]
              },
              "rdfs:label": {
                "de": [
                  "image/jpeg"
                ],
                "pt": [
                  "image/jpeg"
                ],
                "en": [
                  "image/jpeg"
                ],
                "it": [
                  "image/jpeg"
                ],
                "fr": [
                  "image/jpeg"
                ],
                "nl": [
                  "image/jpeg"
                ],
                "es": [
                  "image/jpeg"
                ]
              }
            }
          ],
          "ebucore:locator": [
            "http://aquitaine.media.tourinsoft.eu/Upload/eggs-664810-1280.jpg"
          ],
          "@type": [
            "ebucore:Resource"
          ]
        }
      ],
      "@type": [
        "ebucore:EditorialObject"
      ]
    },
    {
      "@id": "https://data.datatourisme.fr/e607d689-f2fc-3a9f-ab82-c21f864a02d1",
      "ebucore:hasAnnotation": [
        {
          "@id": "https://data.datatourisme.fr/34a758c2-23a5-339c-8507-7ee6c8ffbbdd",
          "ebucore:isCoveredBy": "By-NC-ND 4.0",
          "ebucore:title": {
            "fr": [
              "Légumes marchés"
            ]
          },
          "@type": [
            "ebucore:Annotation"
          ],
          "credits": [
            "Ulrike Leone - Pixabay"
          ]
        }
      ],
      "ebucore:hasRelatedResource": [
        {
          "@id": "https://data.datatourisme.fr/a89f0ce0-3495-3826-960b-a6aa16c48202",
          "ebucore:hasMimeType": [
            {
              "@id": "kb:JPEG",
              "@type": [
                "ebucore:MimeType"
              ],
              "rdfs:comment": {
                "de": [
                  "JPEG-Bild"
                ],
                "pt": [
                  "Imagem JPEG"
                ],
                "en": [
                  "JPEG image file"
                ],
                "it": [
                  "Immagine JPEG"
                ],
                "fr": [
                  "Image JPEG"
                ],
                "nl": [
                  "JPEG-afbeelding"
                ],
                "es": [
                  "Imagen JPEG"
                ]
              },
              "rdfs:label": {
                "de": [
                  "image/jpeg"
                ],
                "pt": [
                  "image/jpeg"
                ],
                "en": [
                  "image/jpeg"
                ],
                "it": [
                  "image/jpeg"
                ],
                "fr": [
                  "image/jpeg"
                ],
                "nl": [
                  "image/jpeg"
                ],
                "es": [
                  "image/jpeg"
                ]
              }
            }
          ],
          "ebucore:locator": [
            "http://aquitaine.media.tourinsoft.eu/Upload/Legumes-marches---Ulrike-Leone.jpg"
          ],
          "@type": [
            "ebucore:Resource"
          ]
        }
      ],
      "@type": [
        "ebucore:EditorialObject"
      ]
    }
  ],
  "hasTheme": [
    {
      "@id": "kb:Gastronomy",
      "@type": [
        "CulturalTheme"
      ],
      "rdfs:label": {
        "de": [
          "Gastronomie"
        ],
        "pt": [
          "Gastronomia"
        ],
        "en": [
          "Gastronomy"
        ],
        "it": [
          "Gastronomia"
        ],
        "fr": [
          "Gastronomie"
        ],
        "nl": [
          "Gastronomie"
        ],
        "es": [
          "Gastronomía"
        ]
      }
    },
    {
      "@id": "kb:InTheVillage",
      "@type": [
        "SpatialEnvironmentTheme"
      ],
      "rdfs:label": {
        "de": [
          "Im Dorf"
        ],
        "pt": [
          "Na aldeia"
        ],
        "en": [
          "In the village"
        ],
        "it": [
          "Nel villaggio"
        ],
        "fr": [
          "Dans le village"
        ],
        "nl": [
          "In het dorp"
        ],
        "es": [
          "En el pueblo"
        ]
      }
    }
  ],
  "hasTranslatedProperty": [
    {
      "@id": "https://data.datatourisme.fr/6d789dec-069d-341d-a2c2-4b1196a69028",
      "dc:contributor": [
        "https://api.deepl.com/v2/translate"
      ],
      "rdf:language": [
        "en"
      ],
      "rdf:predicate": [
        {
          "@id": "rdfs:comment"
        }
      ]
    },
    {
      "@id": "https://data.datatourisme.fr/a9383eb5-6e65-3012-8223-143ebccda62b",
      "dc:contributor": [
        "https://api.deepl.com/v2/translate"
      ],
      "rdf:language": [
        "nl"
      ],
      "rdf:predicate": [
        {
          "@id": "rdfs:comment"
        }
      ]
    },
    {
      "@id": "https://data.datatourisme.fr/b207bfda-ae44-3718-a36e-e81761133e8a",
      "dc:contributor": [
        "https://api.deepl.com/v2/translate"
      ],
      "rdf:language": [
        "es"
      ],
      "rdf:predicate": [
        {
          "@id": "rdfs:comment"
        }
      ]
    },
    {
      "@id": "https://data.datatourisme.fr/e366d312-3c69-3630-88b8-e00ce7baf41e",
      "dc:contributor": [
        "https://api.deepl.com/v2/translate"
      ],
      "rdf:language": [
        "it"
      ],
      "rdf:predicate": [
        {
          "@id": "rdfs:comment"
        }
      ]
    },
    {
      "@id": "https://data.datatourisme.fr/fa82a385-1986-31b4-8274-b800190b025a",
      "dc:contributor": [
        "https://api.deepl.com/v2/translate"
      ],
      "rdf:language": [
        "de"
      ],
      "rdf:predicate": [
        {
          "@id": "rdfs:comment"
        }
      ]
    }
  ],
  "isLocatedAt": [
    {
      "@id": "https://data.datatourisme.fr/803736b0-ff1c-3dd0-88c0-19b66514da3f",
      "schema:address": [
        {
          "@id": "https://data.datatourisme.fr/868a72be-a529-35b8-90d3-cc6dff8d0503",
          "schema:addressLocality": "Montfort-en-Chalosse",
          "schema:postalCode": "40180",
          "schema:streetAddress": [
            "Place des arènes"
          ],
          "@type": [
            "schema:PostalAddress",
            "PostalAddress"
          ],
          "hasAddressCity": {
            "@id": "kb:40194",
            "@type": [
              "City"
            ],
            "rdfs:label": {
              "de": [
                "Montfort-en-Chalosse"
              ],
              "pt": [
                "Montfort-en-Chalosse"
              ],
              "en": [
                "Montfort-en-Chalosse"
              ],
              "it": [
                "Montfort-en-Chalosse"
              ],
              "fr": [
                "Montfort-en-Chalosse"
              ],
              "nl": [
                "Montfort-en-Chalosse"
              ],
              "es": [
                "Montfort-en-Chalosse"
              ]
            },
            "insee": "40194",
            "isPartOfDepartment": {
              "@id": "kb:France7540",
              "@type": [
                "Department"
              ],
              "rdfs:label": {
                "de": [
                  "Landes"
                ],
                "pt": [
                  "Landes"
                ],
                "en": [
                  "Landes"
                ],
                "it": [
                  "Landes"
                ],
                "fr": [
                  "Landes"
                ],
                "nl": [
                  "Landes"
                ],
                "es": [
                  "Landes"
                ]
              },
              "insee": "40",
              "isPartOfRegion": {
                "@id": "kb:France75",
                "@type": [
                  "Region"
                ],
                "rdfs:label": {
                  "de": [
                    "Nouvelle-Aquitaine"
                  ],
                  "pt": [
                    "Nouvelle-Aquitaine"
                  ],
                  "en": [
                    "Nouvelle-Aquitaine"
                  ],
                  "it": [
                    "Nouvelle-Aquitaine"
                  ],
                  "fr": [
                    "Nouvelle-Aquitaine"
                  ],
                  "nl": [
                    "Nouvelle-Aquitaine"
                  ],
                  "es": [
                    "Nouvelle-Aquitaine"
                  ]
                },
                "insee": "75",
                "isPartOfCountry": {
                  "@id": "kb:France",
                  "@type": [
                    "schema:Country"
                  ],
                  "rdfs:label": {
                    "de": [
                      "France",
                      "Frankreich"
                    ],
                    "pt": [
                      "França",
                      "France"
                    ],
                    "en": [
                      "France"
                    ],
                    "it": [
                      "France",
                      "Francia"
                    ],
                    "fr": [
                      "France"
                    ],
                    "nl": [
                      "France",
                      "Frankrijk"
                    ],
                    "es": [
                      "France",
                      "Francia"
                    ]
                  }
                }
              }
            }
          }
        }
      ],
      "schema:geo": {
        "@id": "https://data.datatourisme.fr/845a8e92-6ed2-3547-86c1-9078eaa1d37b",
        "schema:latitude": "43.7024444",
        "schema:longitude": "-0.9279595",
        "@type": [
          "schema:GeoCoordinates"
        ]
      },
      "@type": [
        "schema:Place",
        "Place"
      ],
      "altInsee": [
        "40194"
      ],
      "petsAllowed": true
    }
  ],
  "isOwnedBy": [
    {
      "@id": "https://data.datatourisme.fr/433b9de4-c245-3fb9-baa1-40717983b339",
      "schema:legalName": "Mairie",
      "schema:telephone": [
        "+33 5 58 89 50 24"
      ],
      "@type": [
        "schema:Organization",
        "foaf:Agent",
        "Agent"
      ],
      "foaf:homepage": [
        "http://www.hinx.fr/"
      ]
    }
  ],
  "lastUpdate": "2023-02-08",
  "lastUpdateDatatourisme": "2023-09-27T22:17:28.101Z",
  "reducedMobilityAccess": true,
  "takesPlaceAt": [
    {
      "@id": "https://data.datatourisme.fr/c51131ca-5ad7-35f7-9a16-f852da2efb20",
      "@type": [
        "Period"
      ],
      "endDate": "2023-11-25",
      "endTime": "12:00:00",
      "startDate": "2023-11-25",
      "startTime": "08:00:00"
    }
  ]
}