{
  "@id": "https://data.datatourisme.fr/23/001c4e89-3760-3c49-83a8-f5a1f1db33c6",
  "dc:identifier": "FMAAQU040V50T13I",
  "schema:endDate": [
    "2024-04-20"
  ],
  "schema:startDate": [
    "2024-04-20"
  ],
  "@type": [
    "schema:Event",
    "schema:SaleEvent",
    "EntertainmentAndEvent",
    "Market",
    "PointOfInterest",
    "SaleEvent"
  ],
  "rdfs:comment": {
    "de": [
      "Jeden Samstagmorgen auf dem Place Bastiat finden Sie auf dem kleinen Markt Obst und Gemüse, Brot... Einige Leckereien für das Wochenende und die kommende Woche. Nutzen Sie die Gelegenheit, um Mugron und seine Umgebung zu entdecken: Kunstgalerie Rouge Garance mit ihrem majestätischen Dachstuhl, Kulturerbe-Rundgang, Abtei in Maylis, Tierpark \"Moulin de Poyaller\" in Saint-Aubin... Wenn Sie auf der anderen Seite starten, entdecken Sie Montfort-en-Chalosse, seine Bastide aus dem 13. Jahrhundert und das Musée de la Chalosse, ein landwirtschaftliches Anwesen, das das Alltagsleben im 19. Jahrhundert nachstellt."
    ],
    "en": [
      "Every Saturday morning on the Bastiat square, find on the small market, fruits and vegetables, bread... Some sweets for the weekend and the week to come. Take the opportunity to discover Mugron and its surroundings: art gallery Rouge Garance and its majestic frame, heritage trail, abbey in Maylis, animal park the \"Moulin de Poyaller in Saint-Aubin ... On the other side, you will discover Montfort-en-Chalosse, its 13th century Bastide and the Museum of Chalosse, an agricultural domain reconstituting daily life in the 19th century."
    ],
    "it": [
      "Ogni sabato mattina, in Place Bastiat, è possibile trovare frutta e verdura, pane... Alcuni dolci per il fine settimana e per la settimana a venire. Cogliete l'occasione per scoprire Mugron e i suoi dintorni: la galleria d'arte Rouge Garance e la sua maestosa cornice, il sentiero del patrimonio, l'abbazia di Maylis, il parco degli animali \"Moulin de Poyaller\" a Saint-Aubin... Dall'altra parte, scoprirete Montfort-en-Chalosse, la sua Bastide del XIII secolo e il Musée de la Chalosse, una tenuta agricola che ricostruisce la vita quotidiana del XIX secolo."
    ],
    "fr": [
      "Tous les samedis matin sur la place Bastiat, retrouvez sur le petit marché, des fruits et légumes, du pain... Quelques douceurs pour le week-end et la semaine à venir. Profitez-en pour découvrir Mugron et ses alentours : galerie d'art Rouge Garance et sa charpente majestueuse, parcours du patrimoine, abbaye à Maylis, parc animalier le \"Moulin de Poyaller à Saint-Aubin... En partant de l'autre côté, vous découvrirez Montfort-en-Chalosse, sa Bastide du 13ème siècle et le Musée de la Chalosse, domaine agricole reconstituant la vie quotidienne au 19ème siècle."
    ],
    "es": [
      "Todos los sábados por la mañana, en la plaza Bastiat, se pueden encontrar frutas y verduras, pan... Algunos dulces para el fin de semana y la semana que viene. Aproveche la oportunidad de descubrir Mugron y sus alrededores: la galería de arte Rouge Garance y su majestuoso marco, la ruta del patrimonio, la abadía de Maylis, el parque de animales \"Moulin de Poyaller\" en Saint-Aubin... Al otro lado, descubrirá Montfort-en-Chalosse, su Bastida del siglo XIII y el Museo de la Chalosse, una finca agrícola que reconstituye la vida cotidiana del siglo XIX."
    ],
    "nl": [
      "Elke zaterdagochtend op het Bastiat plein, vindt u op de kleine markt, groenten en fruit, brood... Wat lekkers voor het weekend en de komende week. Maak van de gelegenheid gebruik om Mugron en omgeving te ontdekken: kunstgalerie Rouge Garance en haar majestueuze omlijsting, erfgoedpad, abdij van Maylis, dierenpark \"Moulin de Poyaller\" in Saint-Aubin... Aan de andere kant ontdekt u Montfort-en-Chalosse, zijn Bastide uit de 13e eeuw en het Musée de la Chalosse, een landbouwbedrijf dat het dagelijks leven in de 19e eeuw reconstrueert."
    ]
  },
  "rdfs:label": {
    "de": [
      "Petit marché"
    ],
    "en": [
      "Petit marché"
    ],
    "fr": [
      "Petit marché"
    ],
    "nl": [
      "Petit marché"
    ],
    "es": [
      "Petit marché"
    ]
  },
  "availableLanguage": [
    "fr"
  ],
  "creationDate": "2022-04-20",
  "hasAudience": [
    {
      "@id": "kb:Local",
      "@type": [
        "GeographicReach"
      ],
      "rdfs:label": {
        "de": [
          "Lokal"
        ],
        "pt": [
          "Local"
        ],
        "en": [
          "Local"
        ],
        "it": [
          "Locale"
        ],
        "fr": [
          "Locale"
        ],
        "nl": [
          "Lokaal"
        ],
        "es": [
          "Local"
        ]
      }
    }
  ],
  "hasBeenCreatedBy": {
    "@id": "https://data.datatourisme.fr/23/48f88a9e-9aa5-30a9-b143-256822c8ebd7",
    "dc:identifier": "66efed65-ec13-438c-a9cb-9ff363ef995a",
    "schema:legalName": "OT Terres de Chalosse",
    "@type": [
      "schema:Organization",
      "foaf:Agent",
      "Agent"
    ]
  },
  "hasBeenPublishedBy": [
    {
      "@id": "https://data.datatourisme.fr/05dc9cb8-2fa5-383d-b87b-497de06649a2",
      "schema:email": [
        "sirtaqui@na-tourisme.com"
      ],
      "schema:legalName": "SIRTAQUI Nouvelle-Aquitaine",
      "schema:logo": "http://aquitaine.media.tourinsoft.eu/upload/Logo-Sirtaqui-1280x405.jpg",
      "@type": [
        "schema:Organization",
        "foaf:Agent",
        "Agent"
      ],
      "rdfs:comment": {
        "de": [
          "Collecter, mettre en commun et diffuser le plus largement possible une information complète et de qualité au service de nos habitants et de nos visiteurs : voici les objectifs du SIRTAQUI, Système d’Information Régional Touristique de Nouvelle-AQUItaine. Le dispositif est mis en œuvre conjointement par le Comité Régional de Tourisme de Nouvelle-Aquitaine, les services touristiques de la Corrèze, de la Creuse, de la Dordogne, de la Gironde, des Landes, du Lot-et-Garonne, des Pyrénées-Atlantiques, des Deux-Sèvres, de la Vienne et de la Haute-Vienne, en collaboration avec les Offices de Tourisme, et avec le soutien financier de l’Europe et du Conseil Régional."
        ],
        "en": [
          "Collecter, mettre en commun et diffuser le plus largement possible une information complète et de qualité au service de nos habitants et de nos visiteurs : voici les objectifs du SIRTAQUI, Système d’Information Régional Touristique de Nouvelle-AQUItaine. Le dispositif est mis en œuvre conjointement par le Comité Régional de Tourisme de Nouvelle-Aquitaine, les services touristiques de la Corrèze, de la Creuse, de la Dordogne, de la Gironde, des Landes, du Lot-et-Garonne, des Pyrénées-Atlantiques, des Deux-Sèvres, de la Vienne et de la Haute-Vienne, en collaboration avec les Offices de Tourisme, et avec le soutien financier de l’Europe et du Conseil Régional."
        ],
        "it": [
          "L'obiettivo di SIRTAQUI, il Sistema Regionale di Informazione Turistica della Nuova Aquitania, è quello di raccogliere, mettere in comune e diffondere il più possibile informazioni complete e di qualità a beneficio dei nostri residenti e visitatori. Il sistema è realizzato congiuntamente dal Comité Régional de Tourisme de Nouvelle-Aquitaine, dai servizi turistici di Corrèze, Creuse, Dordogne, Gironde, Landes, Lot-et-Garonne, Pyrénées-Atlantiques, Deux-Sèvres, Vienne e Haute-Vienne, in collaborazione con gli Uffici del Turismo e con il sostegno finanziario dell'Europa e del Conseil Régional."
        ],
        "fr": [
          "Collecter, mettre en commun et diffuser le plus largement possible une information complète et de qualité au service de nos habitants et de nos visiteurs : voici les objectifs du SIRTAQUI, Système d’Information Régional Touristique de Nouvelle-AQUItaine. Le dispositif est mis en œuvre conjointement par le Comité Régional de Tourisme de Nouvelle-Aquitaine, les services touristiques de la Corrèze, de la Creuse, de la Dordogne, de la Gironde, des Landes, du Lot-et-Garonne, des Pyrénées-Atlantiques, des Deux-Sèvres, de la Vienne et de la Haute-Vienne, en collaboration avec les Offices de Tourisme, et avec le soutien financier de l’Europe et du Conseil Régional."
        ],
        "nl": [
          "Collecter, mettre en commun et diffuser le plus largement possible une information complète et de qualité au service de nos habitants et de nos visiteurs : voici les objectifs du SIRTAQUI, Système d’Information Régional Touristique de Nouvelle-AQUItaine. Le dispositif est mis en œuvre conjointement par le Comité Régional de Tourisme de Nouvelle-Aquitaine, les services touristiques de la Corrèze, de la Creuse, de la Dordogne, de la Gironde, des Landes, du Lot-et-Garonne, des Pyrénées-Atlantiques, des Deux-Sèvres, de la Vienne et de la Haute-Vienne, en collaboration avec les Offices de Tourisme, et avec le soutien financier de l’Europe et du Conseil Régional."
        ],
        "es": [
          "Collecter, mettre en commun et diffuser le plus largement possible une information complète et de qualité au service de nos habitants et de nos visiteurs : voici les objectifs du SIRTAQUI, Système d’Information Régional Touristique de Nouvelle-AQUItaine. Le dispositif est mis en œuvre conjointement par le Comité Régional de Tourisme de Nouvelle-Aquitaine, les services touristiques de la Corrèze, de la Creuse, de la Dordogne, de la Gironde, des Landes, du Lot-et-Garonne, des Pyrénées-Atlantiques, des Deux-Sèvres, de la Vienne et de la Haute-Vienne, en collaboration avec les Offices de Tourisme, et avec le soutien financier de l’Europe et du Conseil Régional."
        ]
      },
      "foaf:homepage": [
        "http://www.sirtaqui-aquitaine.com/"
      ],
      "hasTranslatedProperty": [
        {
          "@id": "https://data.datatourisme.fr/eef27e75-4a23-313e-a6ee-797e7b64a1cd",
          "dc:contributor": [
            "https://api.deepl.com/v2/translate"
          ],
          "rdf:language": [
            "it"
          ],
          "rdf:predicate": [
            {
              "@id": "rdfs:comment"
            }
          ]
        }
      ]
    }
  ],
  "hasBookingContact": [
    {
      "@id": "https://data.datatourisme.fr/3de8cf93-97da-3034-92d2-8bac333a0a7f",
      "schema:legalName": "Mairie",
      "schema:telephone": [
        "+33 5 58 97 71 26"
      ],
      "@type": [
        "schema:Organization",
        "foaf:Agent",
        "Agent"
      ]
    }
  ],
  "hasContact": [
    {
      "@id": "https://data.datatourisme.fr/3de8cf93-97da-3034-92d2-8bac333a0a7f",
      "schema:legalName": "Mairie",
      "schema:telephone": [
        "+33 5 58 97 71 26"
      ],
      "@type": [
        "schema:Organization",
        "foaf:Agent",
        "Agent"
      ]
    }
  ],
  "hasDescription": [
    {
      "@id": "https://data.datatourisme.fr/23b4e429-c842-32b8-9fc8-9e51c7221228",
      "dc:description": {
        "de": [
          "Jeden Samstagmorgen auf dem Place Bastiat finden Sie auf dem kleinen Markt Obst und Gemüse, Brot... Einige Leckereien für das Wochenende und die kommende Woche. Nutzen Sie die Gelegenheit, um Mugron und seine Umgebung zu entdecken: Kunstgalerie Rouge Garance mit ihrem majestätischen Dachstuhl, Kulturerbe-Rundgang, Abtei in Maylis, Tierpark \"Moulin de Poyaller\" in Saint-Aubin... Wenn Sie auf der anderen Seite starten, entdecken Sie Montfort-en-Chalosse, seine Bastide aus dem 13. Jahrhundert und das Musée de la Chalosse, ein landwirtschaftliches Anwesen, das das Alltagsleben im 19. Jahrhundert nachstellt."
        ],
        "en": [
          "Every Saturday morning on the Bastiat square, find on the small market, fruits and vegetables, bread... Some sweets for the weekend and the week to come. Take the opportunity to discover Mugron and its surroundings: art gallery Rouge Garance and its majestic frame, heritage trail, abbey in Maylis, animal park the \"Moulin de Poyaller in Saint-Aubin ... On the other side, you will discover Montfort-en-Chalosse, its 13th century Bastide and the Museum of Chalosse, an agricultural domain reconstituting daily life in the 19th century."
        ],
        "it": [
          "Ogni sabato mattina, in Place Bastiat, è possibile trovare frutta e verdura, pane... Alcuni dolci per il fine settimana e per la settimana a venire. Cogliete l'occasione per scoprire Mugron e i suoi dintorni: la galleria d'arte Rouge Garance e la sua maestosa cornice, il sentiero del patrimonio, l'abbazia di Maylis, il parco degli animali \"Moulin de Poyaller\" a Saint-Aubin... Dall'altra parte, scoprirete Montfort-en-Chalosse, la sua Bastide del XIII secolo e il Musée de la Chalosse, una tenuta agricola che ricostruisce la vita quotidiana del XIX secolo."
        ],
        "fr": [
          "Tous les samedis matin sur la place Bastiat, retrouvez sur le petit marché, des fruits et légumes, du pain... Quelques douceurs pour le week-end et la semaine à venir. Profitez-en pour découvrir Mugron et ses alentours : galerie d'art Rouge Garance et sa charpente majestueuse, parcours du patrimoine, abbaye à Maylis, parc animalier le \"Moulin de Poyaller à Saint-Aubin... En partant de l'autre côté, vous découvrirez Montfort-en-Chalosse, sa Bastide du 13ème siècle et le Musée de la Chalosse, domaine agricole reconstituant la vie quotidienne au 19ème siècle."
        ],
        "es": [
          "Todos los sábados por la mañana, en la plaza Bastiat, se pueden encontrar frutas y verduras, pan... Algunos dulces para el fin de semana y la semana que viene. Aproveche la oportunidad de descubrir Mugron y sus alrededores: la galería de arte Rouge Garance y su majestuoso marco, la ruta del patrimonio, la abadía de Maylis, el parque de animales \"Moulin de Poyaller\" en Saint-Aubin... Al otro lado, descubrirá Montfort-en-Chalosse, su Bastida del siglo XIII y el Museo de la Chalosse, una finca agrícola que reconstituye la vida cotidiana del siglo XIX."
        ],
        "nl": [
          "Elke zaterdagochtend op het Bastiat plein, vindt u op de kleine markt, groenten en fruit, brood... Wat lekkers voor het weekend en de komende week. Maak van de gelegenheid gebruik om Mugron en omgeving te ontdekken: kunstgalerie Rouge Garance en haar majestueuze omlijsting, erfgoedpad, abdij van Maylis, dierenpark \"Moulin de Poyaller\" in Saint-Aubin... Aan de andere kant ontdekt u Montfort-en-Chalosse, zijn Bastide uit de 13e eeuw en het Musée de la Chalosse, een landbouwbedrijf dat het dagelijks leven in de 19e eeuw reconstrueert."
        ]
      },
      "@type": [
        "Description"
      ],
      "hasTranslatedProperty": [
        {
          "@id": "https://data.datatourisme.fr/2762da95-6e24-35e1-bc2d-e0b689007ed8",
          "dc:contributor": [
            "https://api.deepl.com/v2/translate"
          ],
          "rdf:language": [
            "es"
          ],
          "rdf:predicate": [
            {
              "@id": "dc:description"
            }
          ]
        },
        {
          "@id": "https://data.datatourisme.fr/3a5d281f-1fa0-3c9b-8512-9e49cc4b3012",
          "dc:contributor": [
            "https://api.deepl.com/v2/translate"
          ],
          "rdf:language": [
            "de"
          ],
          "rdf:predicate": [
            {
              "@id": "dc:description"
            }
          ]
        },
        {
          "@id": "https://data.datatourisme.fr/48fb644f-c94c-379d-a4e5-55783556a2bc",
          "dc:contributor": [
            "https://api.deepl.com/v2/translate"
          ],
          "rdf:language": [
            "it"
          ],
          "rdf:predicate": [
            {
              "@id": "dc:description"
            }
          ]
        },
        {
          "@id": "https://data.datatourisme.fr/585d07a1-3af8-3ef9-870c-bcf974a3a7fe",
          "dc:contributor": [
            "https://api.deepl.com/v2/translate"
          ],
          "rdf:language": [
            "en"
          ],
          "rdf:predicate": [
            "shortDescription"
          ]
        },
        {
          "@id": "https://data.datatourisme.fr/5aa22caf-d97b-3a0c-b359-8a0be8b5572c",
          "dc:contributor": [
            "https://api.deepl.com/v2/translate"
          ],
          "rdf:language": [
            "es"
          ],
          "rdf:predicate": [
            "shortDescription"
          ]
        },
        {
          "@id": "https://data.datatourisme.fr/d1484cfd-b692-31e3-bf36-9688875b76b7",
          "dc:contributor": [
            "https://api.deepl.com/v2/translate"
          ],
          "rdf:language": [
            "nl"
          ],
          "rdf:predicate": [
            {
              "@id": "dc:description"
            }
          ]
        },
        {
          "@id": "https://data.datatourisme.fr/decb0a55-a57d-38bf-89c3-e29a49e9ad0c",
          "dc:contributor": [
            "https://api.deepl.com/v2/translate"
          ],
          "rdf:language": [
            "en"
          ],
          "rdf:predicate": [
            {
              "@id": "dc:description"
            }
          ]
        },
        {
          "@id": "https://data.datatourisme.fr/ee1c5291-d635-3b64-a78f-a2967ebc623e",
          "dc:contributor": [
            "https://api.deepl.com/v2/translate"
          ],
          "rdf:language": [
            "de"
          ],
          "rdf:predicate": [
            "shortDescription"
          ]
        },
        {
          "@id": "https://data.datatourisme.fr/ef4eb894-95d0-3ce3-b969-241480dc92a0",
          "dc:contributor": [
            "https://api.deepl.com/v2/translate"
          ],
          "rdf:language": [
            "nl"
          ],
          "rdf:predicate": [
            "shortDescription"
          ]
        },
        {
          "@id": "https://data.datatourisme.fr/fd2f62e0-ec32-3e44-a0f4-2b10976c24ee",
          "dc:contributor": [
            "https://api.deepl.com/v2/translate"
          ],
          "rdf:language": [
            "it"
          ],
          "rdf:predicate": [
            "shortDescription"
          ]
        }
      ],
      "shortDescription": {
        "de": [
          "Jeden Samstagmorgen auf dem Place Bastiat finden Sie auf dem kleinen Markt Obst und Gemüse, Brot... Einige Leckereien für das Wochenende und die kommende Woche. Nutzen Sie die Gelegenheit, um Mugron und seine Umgebung zu entdecken: Kunstgalerie Rouge Garance mit ihrem majestätischen Dachstuhl, Kulturerbe-Rundgang, Abtei in Maylis, Tierpark \"Moulin de Poyaller\" in Saint-Aubin... Wenn Sie auf der anderen Seite starten, entdecken Sie Montfort-en-Chalosse, seine Bastide aus dem 13. Jahrhundert und das Musée de la Chalosse, ein landwirtschaftliches Anwesen, das das Alltagsleben im 19. Jahrhundert nachstellt."
        ],
        "en": [
          "Every Saturday morning on the Bastiat square, find on the small market, fruits and vegetables, bread... Some sweets for the weekend and the week to come. Take the opportunity to discover Mugron and its surroundings: art gallery Rouge Garance and its majestic frame, heritage trail, abbey in Maylis, animal park the \"Moulin de Poyaller in Saint-Aubin ... On the other side, you will discover Montfort-en-Chalosse, its 13th century Bastide and the Museum of Chalosse, an agricultural domain reconstituting daily life in the 19th century."
        ],
        "it": [
          "Ogni sabato mattina, in Place Bastiat, è possibile trovare frutta e verdura, pane... Alcuni dolci per il fine settimana e per la settimana a venire. Cogliete l'occasione per scoprire Mugron e i suoi dintorni: la galleria d'arte Rouge Garance e la sua maestosa cornice, il sentiero del patrimonio, l'abbazia di Maylis, il parco degli animali \"Moulin de Poyaller\" a Saint-Aubin... Dall'altra parte, scoprirete Montfort-en-Chalosse, la sua Bastide del XIII secolo e il Musée de la Chalosse, una tenuta agricola che ricostruisce la vita quotidiana del XIX secolo."
        ],
        "fr": [
          "Tous les samedis matin sur la place Bastiat, retrouvez sur le petit marché, des fruits et légumes, du pain... Quelques douceurs pour le week-end et la semaine à venir. Profitez-en pour découvrir Mugron et ses alentours : galerie d'art Rouge Garance et sa charpente majestueuse, parcours du patrimoine, abbaye à Maylis, parc animalier le \"Moulin de Poyaller à Saint-Aubin... En partant de l'autre côté, vous découvrirez Montfort-en-Chalosse, sa Bastide du 13ème siècle et le Musée de la Chalosse, domaine agricole reconstituant la vie quotidienne au 19ème siècle."
        ],
        "es": [
          "Todos los sábados por la mañana, en la plaza Bastiat, se pueden encontrar frutas y verduras, pan... Algunos dulces para el fin de semana y la semana que viene. Aproveche la oportunidad de descubrir Mugron y sus alrededores: la galería de arte Rouge Garance y su majestuoso marco, la ruta del patrimonio, la abadía de Maylis, el parque de animales \"Moulin de Poyaller\" en Saint-Aubin... Al otro lado, descubrirá Montfort-en-Chalosse, su Bastida del siglo XIII y el Museo de la Chalosse, una finca agrícola que reconstituye la vida cotidiana del siglo XIX."
        ],
        "nl": [
          "Elke zaterdagochtend op het Bastiat plein, vindt u op de kleine markt, groenten en fruit, brood... Wat lekkers voor het weekend en de komende week. Maak van de gelegenheid gebruik om Mugron en omgeving te ontdekken: kunstgalerie Rouge Garance en haar majestueuze omlijsting, erfgoedpad, abdij van Maylis, dierenpark \"Moulin de Poyaller\" in Saint-Aubin... Aan de andere kant ontdekt u Montfort-en-Chalosse, zijn Bastide uit de 13e eeuw en het Musée de la Chalosse, een landbouwbedrijf dat het dagelijks leven in de 19e eeuw reconstrueert."
        ]
      }
    }
  ],
  "hasFeature": [
    {
      "@id": "https://data.datatourisme.fr/4531512b-fbfe-39a1-98fa-3735244e055e",
      "@type": [
        "schema:PropertyValue",
        "FeatureSpecification"
      ],
      "petsAllowed": true
    }
  ],
  "hasGeographicReach": [
    {
      "@id": "kb:Local",
      "@type": [
        "GeographicReach"
      ],
      "rdfs:label": {
        "de": [
          "Lokal"
        ],
        "pt": [
          "Local"
        ],
        "en": [
          "Local"
        ],
        "it": [
          "Locale"
        ],
        "fr": [
          "Locale"
        ],
        "nl": [
          "Lokaal"
        ],
        "es": [
          "Local"
        ]
      }
    }
  ],
  "hasMainRepresentation": [
    {
      "@id": "https://data.datatourisme.fr/31f4fa8a-cb5f-3584-b05d-3468d0b56649",
      "ebucore:hasAnnotation": [
        {
          "@id": "https://data.datatourisme.fr/2c1d8085-56f3-323b-87b8-033fa7b9e378",
          "ebucore:isCoveredBy": "By-NC-ND 4.0",
          "ebucore:title": {
            "fr": [
              "Marché Mugron - fruits"
            ]
          },
          "@type": [
            "ebucore:Annotation"
          ],
          "credits": [
            "OT Terres de Chalosse"
          ]
        }
      ],
      "ebucore:hasRelatedResource": [
        {
          "@id": "https://data.datatourisme.fr/27693e9a-d22e-39be-b5c5-bbaca02cdc40",
          "ebucore:hasMimeType": [
            {
              "@id": "kb:JPEG",
              "@type": [
                "ebucore:MimeType"
              ],
              "rdfs:comment": {
                "de": [
                  "JPEG-Bild"
                ],
                "pt": [
                  "Imagem JPEG"
                ],
                "en": [
                  "JPEG image file"
                ],
                "it": [
                  "Immagine JPEG"
                ],
                "fr": [
                  "Image JPEG"
                ],
                "nl": [
                  "JPEG-afbeelding"
                ],
                "es": [
                  "Imagen JPEG"
                ]
              },
              "rdfs:label": {
                "de": [
                  "image/jpeg"
                ],
                "pt": [
                  "image/jpeg"
                ],
                "en": [
                  "image/jpeg"
                ],
                "it": [
                  "image/jpeg"
                ],
                "fr": [
                  "image/jpeg"
                ],
                "nl": [
                  "image/jpeg"
                ],
                "es": [
                  "image/jpeg"
                ]
              }
            }
          ],
          "ebucore:locator": [
            "http://aquitaine.media.tourinsoft.eu/Upload/Marche-Mugron---fruits.jpg"
          ],
          "@type": [
            "ebucore:Resource"
          ]
        }
      ],
      "@type": [
        "ebucore:EditorialObject"
      ]
    }
  ],
  "hasRepresentation": [
    {
      "@id": "https://data.datatourisme.fr/31f4fa8a-cb5f-3584-b05d-3468d0b56649",
      "ebucore:hasAnnotation": [
        {
          "@id": "https://data.datatourisme.fr/2c1d8085-56f3-323b-87b8-033fa7b9e378",
          "ebucore:isCoveredBy": "By-NC-ND 4.0",
          "ebucore:title": {
            "fr": [
              "Marché Mugron - fruits"
            ]
          },
          "@type": [
            "ebucore:Annotation"
          ],
          "credits": [
            "OT Terres de Chalosse"
          ]
        }
      ],
      "ebucore:hasRelatedResource": [
        {
          "@id": "https://data.datatourisme.fr/27693e9a-d22e-39be-b5c5-bbaca02cdc40",
          "ebucore:hasMimeType": [
            {
              "@id": "kb:JPEG",
              "@type": [
                "ebucore:MimeType"
              ],
              "rdfs:comment": {
                "de": [
                  "JPEG-Bild"
                ],
                "pt": [
                  "Imagem JPEG"
                ],
                "en": [
                  "JPEG image file"
                ],
                "it": [
                  "Immagine JPEG"
                ],
                "fr": [
                  "Image JPEG"
                ],
                "nl": [
                  "JPEG-afbeelding"
                ],
                "es": [
                  "Imagen JPEG"
                ]
              },
              "rdfs:label": {
                "de": [
                  "image/jpeg"
                ],
                "pt": [
                  "image/jpeg"
                ],
                "en": [
                  "image/jpeg"
                ],
                "it": [
                  "image/jpeg"
                ],
                "fr": [
                  "image/jpeg"
                ],
                "nl": [
                  "image/jpeg"
                ],
                "es": [
                  "image/jpeg"
                ]
              }
            }
          ],
          "ebucore:locator": [
            "http://aquitaine.media.tourinsoft.eu/Upload/Marche-Mugron---fruits.jpg"
          ],
          "@type": [
            "ebucore:Resource"
          ]
        }
      ],
      "@type": [
        "ebucore:EditorialObject"
      ]
    }
  ],
  "hasTranslatedProperty": [
    {
      "@id": "https://data.datatourisme.fr/17cb6b44-e41d-3a11-ad00-62e9ec2dc21e",
      "dc:contributor": [
        "https://api.deepl.com/v2/translate"
      ],
      "rdf:language": [
        "it"
      ],
      "rdf:predicate": [
        {
          "@id": "rdfs:comment"
        }
      ]
    },
    {
      "@id": "https://data.datatourisme.fr/70db3b23-62e4-385b-ac88-4c86b317af33",
      "dc:contributor": [
        "https://api.deepl.com/v2/translate"
      ],
      "rdf:language": [
        "en"
      ],
      "rdf:predicate": [
        {
          "@id": "rdfs:comment"
        }
      ]
    },
    {
      "@id": "https://data.datatourisme.fr/98feb42d-1d8e-3ed4-a563-f5d5ea6fd80e",
      "dc:contributor": [
        "https://api.deepl.com/v2/translate"
      ],
      "rdf:language": [
        "es"
      ],
      "rdf:predicate": [
        {
          "@id": "rdfs:comment"
        }
      ]
    },
    {
      "@id": "https://data.datatourisme.fr/e7c9f2a8-c801-3b6c-bf61-621be81b5489",
      "dc:contributor": [
        "https://api.deepl.com/v2/translate"
      ],
      "rdf:language": [
        "de"
      ],
      "rdf:predicate": [
        {
          "@id": "rdfs:comment"
        }
      ]
    },
    {
      "@id": "https://data.datatourisme.fr/ea919801-5d33-3a85-98de-9b124366a46f",
      "dc:contributor": [
        "https://api.deepl.com/v2/translate"
      ],
      "rdf:language": [
        "nl"
      ],
      "rdf:predicate": [
        {
          "@id": "rdfs:comment"
        }
      ]
    }
  ],
  "isLocatedAt": [
    {
      "@id": "https://data.datatourisme.fr/30ddb8e9-cb18-3ae2-9091-a0b41211c537",
      "schema:address": [
        {
          "@id": "https://data.datatourisme.fr/ff6510b3-7156-3af2-ba1b-f8e237ca7d6a",
          "schema:addressLocality": "Mugron",
          "schema:postalCode": "40250",
          "schema:streetAddress": [
            "Place Frédéric Bastiat"
          ],
          "@type": [
            "schema:PostalAddress",
            "PostalAddress"
          ],
          "hasAddressCity": {
            "@id": "kb:40201",
            "@type": [
              "City"
            ],
            "rdfs:label": {
              "de": [
                "Mugron"
              ],
              "pt": [
                "Mugron"
              ],
              "en": [
                "Mugron"
              ],
              "it": [
                "Mugron"
              ],
              "fr": [
                "Mugron"
              ],
              "nl": [
                "Mugron"
              ],
              "es": [
                "Mugron"
              ]
            },
            "insee": "40201",
            "isPartOfDepartment": {
              "@id": "kb:France7540",
              "@type": [
                "Department"
              ],
              "rdfs:label": {
                "de": [
                  "Landes"
                ],
                "pt": [
                  "Landes"
                ],
                "en": [
                  "Landes"
                ],
                "it": [
                  "Landes"
                ],
                "fr": [
                  "Landes"
                ],
                "nl": [
                  "Landes"
                ],
                "es": [
                  "Landes"
                ]
              },
              "insee": "40",
              "isPartOfRegion": {
                "@id": "kb:France75",
                "@type": [
                  "Region"
                ],
                "rdfs:label": {
                  "de": [
                    "Nouvelle-Aquitaine"
                  ],
                  "pt": [
                    "Nouvelle-Aquitaine"
                  ],
                  "en": [
                    "Nouvelle-Aquitaine"
                  ],
                  "it": [
                    "Nouvelle-Aquitaine"
                  ],
                  "fr": [
                    "Nouvelle-Aquitaine"
                  ],
                  "nl": [
                    "Nouvelle-Aquitaine"
                  ],
                  "es": [
                    "Nouvelle-Aquitaine"
                  ]
                },
                "insee": "75",
                "isPartOfCountry": {
                  "@id": "kb:France",
                  "@type": [
                    "schema:Country"
                  ],
                  "rdfs:label": {
                    "de": [
                      "France",
                      "Frankreich"
                    ],
                    "pt": [
                      "França",
                      "France"
                    ],
                    "en": [
                      "France"
                    ],
                    "it": [
                      "France",
                      "Francia"
                    ],
                    "fr": [
                      "France"
                    ],
                    "nl": [
                      "France",
                      "Frankrijk"
                    ],
                    "es": [
                      "France",
                      "Francia"
                    ]
                  }
                }
              }
            }
          }
        }
      ],
      "schema:geo": {
        "@id": "https://data.datatourisme.fr/3978cc79-d40d-38c6-b522-e4890733a355",
        "schema:latitude": "43.7505404",
        "schema:longitude": "-0.7496203",
        "@type": [
          "schema:GeoCoordinates"
        ]
      },
      "@type": [
        "schema:Place",
        "Place"
      ],
      "altInsee": [
        "40201"
      ],
      "petsAllowed": true
    }
  ],
  "isOwnedBy": [
    {
      "@id": "https://data.datatourisme.fr/3de8cf93-97da-3034-92d2-8bac333a0a7f",
      "schema:legalName": "Mairie",
      "schema:telephone": [
        "+33 5 58 97 71 26"
      ],
      "@type": [
        "schema:Organization",
        "foaf:Agent",
        "Agent"
      ]
    }
  ],
  "lastUpdate": "2023-05-17",
  "lastUpdateDatatourisme": "2023-09-27T22:17:28.107Z",
  "takesPlaceAt": [
    {
      "@id": "https://data.datatourisme.fr/c5e2a293-bdae-3e9f-be68-924480c85d10",
      "@type": [
        "Period"
      ],
      "endDate": "2024-04-20",
      "endTime": "12:00:00",
      "startDate": "2024-04-20",
      "startTime": "08:00:00"
    }
  ]
}