{
  "@id": "https://data.datatourisme.fr/23/00a2593c-3e0e-351a-acfa-b9a91736abf1",
  "dc:identifier": "PCUAQU086V5000UL",
  "@type": [
    "schema:LocalBusiness",
    "schema:Museum",
    "schema:Product",
    "CulturalSite",
    "Museum",
    "PlaceOfInterest",
    "PointOfInterest",
    "Product",
    "TechnicalHeritage",
    "Visit"
  ],
  "rdfs:comment": {
    "de": [
      "Geschlossen.\nZwischen Eklektizismus & Enzyklopädismus, auf Entdeckungsreise durch die lokale Geschichte!\nDas Museum Charbonneau-Lassay beherbergt eine reiche und vielfältige Sammlung, die größtenteils von dem Gelehrten Louis Charbonneau-Lassay (1871-1946) hinterlassen wurde: archäologische Objekte aus der Region und anderen Ländern, alte Bücher, Schwerter und Feuerwaffen. Heute besteht seine Sammlung neben Gemälden aus dem 19. Jahrhundert, emblematischen Stücken der Volkskunst aus Loudun und nicht zu vergessen die erstaunliche Sammlung afrikanischer Kunst, die vor allem imposante rituelle Masken umfasst.\nDas Museum befindet sich in einem ehemaligen Herrenhaus aus dem 18. Jahrhundert im ältesten Viertel der Stadt und liegt neben denkmalgeschützten historischen Gebäuden wie der Porte du Martray oder der Kirche St-Hilaire - einem bemerkenswerten gotischen Bauwerk."
    ],
    "en": [
      "Closed.\nDiscover local history through eclecticism and encyclopedism!\nThe Musée Charbonneau-Lassay houses rich and varied collections, largely bequeathed by the scholar Louis Charbonneau-Lassay (1871-1946): archaeological objects from the region and beyond, old books, swords and firearms. Today, his collection coexists with 19th-century paintings, emblematic pieces of folk art from the Loudun region, and an astonishing collection of African art, including imposing ritual masks.\nHoused in a former 18th-century mansion in the town's oldest quarter, the museum stands alongside listed historic monuments such as the Porte du Martray and the remarkable Gothic church of St-Hilaire."
    ],
    "it": [
      "Chiuso.\nScoprite la storia locale attraverso l'eclettismo e l'enciclopedismo!\nIl Musée Charbonneau-Lassay ospita collezioni ricche e variegate, molte delle quali lasciate in eredità dallo studioso Louis Charbonneau-Lassay (1871-1946): oggetti archeologici della regione e non, libri antichi, spade e armi da fuoco. Oggi la sua collezione convive con dipinti del XIX secolo e pezzi emblematici dell'arte popolare di Loudun, senza dimenticare una sorprendente collezione di arte africana, tra cui imponenti maschere rituali.\nOspitato in un'ex casa comunale del XVIII secolo, nel quartiere più antico della città, il museo si trova accanto a monumenti storici tutelati come la Porte du Martray e la chiesa di St-Hilaire, un notevole edificio gotico."
    ],
    "fr": [
      "Fermé.\nEntre éclectisme & encyclopédisme, à la découverte de l'histoire locale !\nLe Musée Charbonneau-Lassay abrite des collections riches et variées en grande partie léguées par l'érudit Louis Charbonneau-Lassay (1871-1946) : objets archéologiques du territoire et d'ailleurs, livres anciens, épées et armes à feu. Aujourd'hui, sa collection cohabite avec des toiles du 19ème siècle, des pièces emblématiques des arts populaires loudunais, sans oublier l'étonnante collection d'art africain, comprenant notamment d'imposants masques rituels.\nInstallé dans un ancien hôtel particulier du 18ème siècle, niché dans le plus ancien quartier de la ville, le musée s'inscrit aux côtés de monuments historiques classés, comme la Porte du Martray ou bien l'église St-Hilaire - un édifice gothique remarquable."
    ],
    "nl": [
      "Gesloten.\nOntdek de plaatselijke geschiedenis door eclecticisme en encyclopedie!\nHet Musée Charbonneau-Lassay herbergt rijke en gevarieerde collecties, waarvan een groot deel is nagelaten door de geleerde Louis Charbonneau-Lassay (1871-1946): archeologische voorwerpen uit de streek en elders, oude boeken, zwaarden en vuurwapens. Vandaag de dag bestaat zijn collectie naast schilderijen uit de 19e eeuw en emblematische stukken volkskunst uit Loudun, en niet te vergeten een verbazingwekkende collectie Afrikaanse kunst, waaronder indrukwekkende rituele maskers.\nHet museum is gehuisvest in een voormalig 18e-eeuws herenhuis, genesteld in de oudste wijk van de stad, en staat naast geklasseerde historische monumenten zoals de Porte du Martray en de kerk van St-Hilaire - een opmerkelijk gotisch bouwwerk."
    ],
    "es": [
      "Cerrado.\nDescubra la historia local a través del eclecticismo y el enciclopedismo\nEl museo Charbonneau-Lassay alberga ricas y variadas colecciones, muchas de las cuales fueron legadas por el erudito Louis Charbonneau-Lassay (1871-1946): objetos arqueológicos de la región y de otros lugares, libros antiguos, espadas y armas de fuego. Hoy, su colección convive con pinturas del siglo XIX y piezas emblemáticas del arte popular de Loudun, sin olvidar la asombrosa colección de arte africano, que incluye imponentes máscaras rituales.\nUbicado en una antigua casa municipal del siglo XVIII, en el barrio más antiguo de la ciudad, el museo se encuentra junto a monumentos históricos catalogados, como la Puerta de Martray y la iglesia de St-Hilaire, un notable edificio gótico."
    ]
  },
  "rdfs:label": {
    "de": [
      "Musée Charbonneau-Lassay"
    ],
    "en": [
      "Musée Charbonneau-Lassay"
    ],
    "fr": [
      "Musée Charbonneau-Lassay"
    ],
    "nl": [
      "Musée Charbonneau-Lassay"
    ],
    "es": [
      "Musée Charbonneau-Lassay"
    ]
  },
  "owl:sameAs": [
    "http://www.wikidata.org/entity/Q23831212"
  ],
  "availableLanguage": [
    "en",
    "fr"
  ],
  "creationDate": "2020-04-17",
  "hasBeenCreatedBy": {
    "@id": "https://data.datatourisme.fr/23/2fe2d810-b1a4-34cc-889b-947d151090d6",
    "dc:identifier": "001f43bc-16dc-438d-9aef-e93ab20d50b6",
    "schema:legalName": "Office de Tourisme du Pays Loudunais",
    "@type": [
      "schema:Organization",
      "foaf:Agent",
      "Agent"
    ]
  },
  "hasBeenPublishedBy": [
    {
      "@id": "https://data.datatourisme.fr/05dc9cb8-2fa5-383d-b87b-497de06649a2",
      "schema:email": [
        "sirtaqui@na-tourisme.com"
      ],
      "schema:legalName": "SIRTAQUI Nouvelle-Aquitaine",
      "schema:logo": "http://aquitaine.media.tourinsoft.eu/upload/Logo-Sirtaqui-1280x405.jpg",
      "@type": [
        "schema:Organization",
        "foaf:Agent",
        "Agent"
      ],
      "rdfs:comment": {
        "de": [
          "Collecter, mettre en commun et diffuser le plus largement possible une information complète et de qualité au service de nos habitants et de nos visiteurs : voici les objectifs du SIRTAQUI, Système d’Information Régional Touristique de Nouvelle-AQUItaine. Le dispositif est mis en œuvre conjointement par le Comité Régional de Tourisme de Nouvelle-Aquitaine, les services touristiques de la Corrèze, de la Creuse, de la Dordogne, de la Gironde, des Landes, du Lot-et-Garonne, des Pyrénées-Atlantiques, des Deux-Sèvres, de la Vienne et de la Haute-Vienne, en collaboration avec les Offices de Tourisme, et avec le soutien financier de l’Europe et du Conseil Régional."
        ],
        "en": [
          "Collecter, mettre en commun et diffuser le plus largement possible une information complète et de qualité au service de nos habitants et de nos visiteurs : voici les objectifs du SIRTAQUI, Système d’Information Régional Touristique de Nouvelle-AQUItaine. Le dispositif est mis en œuvre conjointement par le Comité Régional de Tourisme de Nouvelle-Aquitaine, les services touristiques de la Corrèze, de la Creuse, de la Dordogne, de la Gironde, des Landes, du Lot-et-Garonne, des Pyrénées-Atlantiques, des Deux-Sèvres, de la Vienne et de la Haute-Vienne, en collaboration avec les Offices de Tourisme, et avec le soutien financier de l’Europe et du Conseil Régional."
        ],
        "it": [
          "L'obiettivo di SIRTAQUI, il Sistema Regionale di Informazione Turistica della Nuova Aquitania, è quello di raccogliere, mettere in comune e diffondere il più possibile informazioni complete e di qualità a beneficio dei nostri residenti e visitatori. Il sistema è realizzato congiuntamente dal Comité Régional de Tourisme de Nouvelle-Aquitaine, dai servizi turistici di Corrèze, Creuse, Dordogne, Gironde, Landes, Lot-et-Garonne, Pyrénées-Atlantiques, Deux-Sèvres, Vienne e Haute-Vienne, in collaborazione con gli Uffici del Turismo e con il sostegno finanziario dell'Europa e del Conseil Régional."
        ],
        "fr": [
          "Collecter, mettre en commun et diffuser le plus largement possible une information complète et de qualité au service de nos habitants et de nos visiteurs : voici les objectifs du SIRTAQUI, Système d’Information Régional Touristique de Nouvelle-AQUItaine. Le dispositif est mis en œuvre conjointement par le Comité Régional de Tourisme de Nouvelle-Aquitaine, les services touristiques de la Corrèze, de la Creuse, de la Dordogne, de la Gironde, des Landes, du Lot-et-Garonne, des Pyrénées-Atlantiques, des Deux-Sèvres, de la Vienne et de la Haute-Vienne, en collaboration avec les Offices de Tourisme, et avec le soutien financier de l’Europe et du Conseil Régional."
        ],
        "nl": [
          "Collecter, mettre en commun et diffuser le plus largement possible une information complète et de qualité au service de nos habitants et de nos visiteurs : voici les objectifs du SIRTAQUI, Système d’Information Régional Touristique de Nouvelle-AQUItaine. Le dispositif est mis en œuvre conjointement par le Comité Régional de Tourisme de Nouvelle-Aquitaine, les services touristiques de la Corrèze, de la Creuse, de la Dordogne, de la Gironde, des Landes, du Lot-et-Garonne, des Pyrénées-Atlantiques, des Deux-Sèvres, de la Vienne et de la Haute-Vienne, en collaboration avec les Offices de Tourisme, et avec le soutien financier de l’Europe et du Conseil Régional."
        ],
        "es": [
          "Collecter, mettre en commun et diffuser le plus largement possible une information complète et de qualité au service de nos habitants et de nos visiteurs : voici les objectifs du SIRTAQUI, Système d’Information Régional Touristique de Nouvelle-AQUItaine. Le dispositif est mis en œuvre conjointement par le Comité Régional de Tourisme de Nouvelle-Aquitaine, les services touristiques de la Corrèze, de la Creuse, de la Dordogne, de la Gironde, des Landes, du Lot-et-Garonne, des Pyrénées-Atlantiques, des Deux-Sèvres, de la Vienne et de la Haute-Vienne, en collaboration avec les Offices de Tourisme, et avec le soutien financier de l’Europe et du Conseil Régional."
        ]
      },
      "foaf:homepage": [
        "http://www.sirtaqui-aquitaine.com/"
      ],
      "hasTranslatedProperty": [
        {
          "@id": "https://data.datatourisme.fr/eef27e75-4a23-313e-a6ee-797e7b64a1cd",
          "dc:contributor": [
            "https://api.deepl.com/v2/translate"
          ],
          "rdf:language": [
            "it"
          ],
          "rdf:predicate": [
            {
              "@id": "rdfs:comment"
            }
          ]
        }
      ]
    }
  ],
  "hasBookingContact": [
    {
      "@id": "https://data.datatourisme.fr/2c7a62d6-b780-353a-ba59-223cea521d85",
      "schema:email": [
        "culture@ville-loudun.fr",
        "musee.charbonneau-lassay@ville-loudun.fr"
      ],
      "schema:legalName": "Service Culture",
      "schema:telephone": [
        "+33 5 49 98 08 48",
        "+33 5 49 98 81 59"
      ],
      "@type": [
        "schema:Organization",
        "foaf:Agent",
        "Agent"
      ],
      "foaf:homepage": [
        "https://www.weezevent.com/visite-musee-charbonneau-lassay"
      ]
    }
  ],
  "hasContact": [
    {
      "@id": "https://data.datatourisme.fr/2c7a62d6-b780-353a-ba59-223cea521d85",
      "schema:email": [
        "culture@ville-loudun.fr",
        "musee.charbonneau-lassay@ville-loudun.fr"
      ],
      "schema:legalName": "Service Culture",
      "schema:telephone": [
        "+33 5 49 98 08 48",
        "+33 5 49 98 81 59"
      ],
      "@type": [
        "schema:Organization",
        "foaf:Agent",
        "Agent"
      ],
      "foaf:homepage": [
        "https://www.weezevent.com/visite-musee-charbonneau-lassay"
      ]
    },
    {
      "@id": "https://data.datatourisme.fr/c697daef-1023-375e-aa0a-d41a89f3309e",
      "schema:email": [
        "culture@ville-loudun.fr",
        "musee.charbonneau-lassay@ville-loudun.fr"
      ],
      "schema:legalName": "Musée Charbonneau-Lassay",
      "schema:telephone": [
        "+33 5 49 98 08 48",
        "+33 5 49 98 81 59"
      ],
      "@type": [
        "schema:Organization",
        "foaf:Agent",
        "Agent"
      ],
      "foaf:homepage": [
        "https://alienor.org/musees/"
      ]
    }
  ],
  "hasDescription": [
    {
      "@id": "https://data.datatourisme.fr/8d5ea62c-78dd-384a-a577-32fe351187a8",
      "dc:description": {
        "de": [
          "Geschlossen.\nZwischen Eklektizismus & Enzyklopädismus, auf Entdeckungsreise durch die lokale Geschichte!\nDas Museum Charbonneau-Lassay beherbergt eine reiche und vielfältige Sammlung, die größtenteils von dem Gelehrten Louis Charbonneau-Lassay (1871-1946) hinterlassen wurde: archäologische Objekte aus der Region und anderen Ländern, alte Bücher, Schwerter und Feuerwaffen. Heute besteht seine Sammlung neben Gemälden aus dem 19. Jahrhundert, emblematischen Stücken der Volkskunst aus Loudun und nicht zu vergessen die erstaunliche Sammlung afrikanischer Kunst, die vor allem imposante rituelle Masken umfasst.\nDas Museum befindet sich in einem ehemaligen Herrenhaus aus dem 18. Jahrhundert im ältesten Viertel der Stadt und liegt neben denkmalgeschützten historischen Gebäuden wie der Porte du Martray oder der Kirche St-Hilaire - einem bemerkenswerten gotischen Bauwerk."
        ],
        "en": [
          "Closed.\nDiscover local history through eclecticism and encyclopedism!\nThe Musée Charbonneau-Lassay houses rich and varied collections, largely bequeathed by the scholar Louis Charbonneau-Lassay (1871-1946): archaeological objects from the region and beyond, old books, swords and firearms. Today, his collection coexists with 19th-century paintings, emblematic pieces of folk art from the Loudun region, and an astonishing collection of African art, including imposing ritual masks.\nHoused in a former 18th-century mansion in the town's oldest quarter, the museum stands alongside listed historic monuments such as the Porte du Martray and the remarkable Gothic church of St-Hilaire."
        ],
        "it": [
          "Chiuso.\nScoprite la storia locale attraverso l'eclettismo e l'enciclopedismo!\nIl Musée Charbonneau-Lassay ospita collezioni ricche e variegate, molte delle quali lasciate in eredità dallo studioso Louis Charbonneau-Lassay (1871-1946): oggetti archeologici della regione e non, libri antichi, spade e armi da fuoco. Oggi la sua collezione convive con dipinti del XIX secolo e pezzi emblematici dell'arte popolare di Loudun, senza dimenticare una sorprendente collezione di arte africana, tra cui imponenti maschere rituali.\nOspitato in un'ex casa comunale del XVIII secolo, nel quartiere più antico della città, il museo si trova accanto a monumenti storici tutelati come la Porte du Martray e la chiesa di St-Hilaire, un notevole edificio gotico."
        ],
        "fr": [
          "Fermé.\nEntre éclectisme & encyclopédisme, à la découverte de l'histoire locale !\nLe Musée Charbonneau-Lassay abrite des collections riches et variées en grande partie léguées par l'érudit Louis Charbonneau-Lassay (1871-1946) : objets archéologiques du territoire et d'ailleurs, livres anciens, épées et armes à feu. Aujourd'hui, sa collection cohabite avec des toiles du 19ème siècle, des pièces emblématiques des arts populaires loudunais, sans oublier l'étonnante collection d'art africain, comprenant notamment d'imposants masques rituels.\nInstallé dans un ancien hôtel particulier du 18ème siècle, niché dans le plus ancien quartier de la ville, le musée s'inscrit aux côtés de monuments historiques classés, comme la Porte du Martray ou bien l'église St-Hilaire - un édifice gothique remarquable."
        ],
        "nl": [
          "Gesloten.\nOntdek de plaatselijke geschiedenis door eclecticisme en encyclopedie!\nHet Musée Charbonneau-Lassay herbergt rijke en gevarieerde collecties, waarvan een groot deel is nagelaten door de geleerde Louis Charbonneau-Lassay (1871-1946): archeologische voorwerpen uit de streek en elders, oude boeken, zwaarden en vuurwapens. Vandaag de dag bestaat zijn collectie naast schilderijen uit de 19e eeuw en emblematische stukken volkskunst uit Loudun, en niet te vergeten een verbazingwekkende collectie Afrikaanse kunst, waaronder indrukwekkende rituele maskers.\nHet museum is gehuisvest in een voormalig 18e-eeuws herenhuis, genesteld in de oudste wijk van de stad, en staat naast geklasseerde historische monumenten zoals de Porte du Martray en de kerk van St-Hilaire - een opmerkelijk gotisch bouwwerk."
        ],
        "es": [
          "Cerrado.\nDescubra la historia local a través del eclecticismo y el enciclopedismo\nEl museo Charbonneau-Lassay alberga ricas y variadas colecciones, muchas de las cuales fueron legadas por el erudito Louis Charbonneau-Lassay (1871-1946): objetos arqueológicos de la región y de otros lugares, libros antiguos, espadas y armas de fuego. Hoy, su colección convive con pinturas del siglo XIX y piezas emblemáticas del arte popular de Loudun, sin olvidar la asombrosa colección de arte africano, que incluye imponentes máscaras rituales.\nUbicado en una antigua casa municipal del siglo XVIII, en el barrio más antiguo de la ciudad, el museo se encuentra junto a monumentos históricos catalogados, como la Puerta de Martray y la iglesia de St-Hilaire, un notable edificio gótico."
        ]
      },
      "@type": [
        "Description"
      ],
      "hasTranslatedProperty": [
        {
          "@id": "https://data.datatourisme.fr/008cedd6-5c7e-3747-9fc8-ada7fdfca7c3",
          "dc:contributor": [
            "https://api.deepl.com/v2/translate"
          ],
          "rdf:language": [
            "es"
          ],
          "rdf:predicate": [
            {
              "@id": "dc:description"
            }
          ]
        },
        {
          "@id": "https://data.datatourisme.fr/3496454d-3a08-39b1-8312-a401ee4f8737",
          "dc:contributor": [
            "https://api.deepl.com/v2/translate"
          ],
          "rdf:language": [
            "nl"
          ],
          "rdf:predicate": [
            "shortDescription"
          ]
        },
        {
          "@id": "https://data.datatourisme.fr/685c5694-767b-35a3-8cb8-5be7d53009ea",
          "dc:contributor": [
            "https://api.deepl.com/v2/translate"
          ],
          "rdf:language": [
            "de"
          ],
          "rdf:predicate": [
            {
              "@id": "dc:description"
            }
          ]
        },
        {
          "@id": "https://data.datatourisme.fr/6d7fa992-9b0c-3093-a6de-3a6977884fe1",
          "dc:contributor": [
            "https://api.deepl.com/v2/translate"
          ],
          "rdf:language": [
            "en"
          ],
          "rdf:predicate": [
            {
              "@id": "dc:description"
            }
          ]
        },
        {
          "@id": "https://data.datatourisme.fr/7f269c95-1aeb-3acf-acca-ff7d413f0c97",
          "dc:contributor": [
            "https://api.deepl.com/v2/translate"
          ],
          "rdf:language": [
            "it"
          ],
          "rdf:predicate": [
            "shortDescription"
          ]
        },
        {
          "@id": "https://data.datatourisme.fr/a7fd304b-66bf-3ca6-bcaa-f7d3e26fd807",
          "dc:contributor": [
            "https://api.deepl.com/v2/translate"
          ],
          "rdf:language": [
            "nl"
          ],
          "rdf:predicate": [
            {
              "@id": "dc:description"
            }
          ]
        },
        {
          "@id": "https://data.datatourisme.fr/b7fd6ba4-dfff-375d-ab18-83e23614b37e",
          "dc:contributor": [
            "https://api.deepl.com/v2/translate"
          ],
          "rdf:language": [
            "es"
          ],
          "rdf:predicate": [
            "shortDescription"
          ]
        },
        {
          "@id": "https://data.datatourisme.fr/c757299d-3703-3a81-ac2b-56fa5d891dbc",
          "dc:contributor": [
            "https://api.deepl.com/v2/translate"
          ],
          "rdf:language": [
            "it"
          ],
          "rdf:predicate": [
            {
              "@id": "dc:description"
            }
          ]
        },
        {
          "@id": "https://data.datatourisme.fr/d189a255-71cf-32f2-849b-73fa72c39f6e",
          "dc:contributor": [
            "https://api.deepl.com/v2/translate"
          ],
          "rdf:language": [
            "de"
          ],
          "rdf:predicate": [
            "shortDescription"
          ]
        },
        {
          "@id": "https://data.datatourisme.fr/ffb63124-824c-3a0a-83ed-ce16916b1a45",
          "dc:contributor": [
            "https://api.deepl.com/v2/translate"
          ],
          "rdf:language": [
            "en"
          ],
          "rdf:predicate": [
            "shortDescription"
          ]
        }
      ],
      "shortDescription": {
        "de": [
          "Geschlossen.\nZwischen Eklektizismus & Enzyklopädismus, auf Entdeckungsreise durch die lokale Geschichte!\nDas Museum Charbonneau-Lassay beherbergt eine reiche und vielfältige Sammlung, die größtenteils von dem Gelehrten Louis Charbonneau-Lassay (1871-1946) hinterlassen wurde: archäologische Objekte aus der Region und anderen Ländern, alte Bücher, Schwerter und Feuerwaffen. Heute besteht seine Sammlung neben Gemälden aus dem 19. Jahrhundert, emblematischen Stücken der Volkskunst aus Loudun und nicht zu vergessen die erstaunliche Sammlung afrikanischer Kunst, die vor allem imposante rituelle Masken umfasst.\nDas Museum befindet sich in einem ehemaligen Herrenhaus aus dem 18. Jahrhundert im ältesten Viertel der Stadt und liegt neben denkmalgeschützten historischen Gebäuden wie der Porte du Martray oder der Kirche St-Hilaire - einem bemerkenswerten gotischen Bauwerk."
        ],
        "en": [
          "Closed.\nDiscover local history through eclecticism and encyclopedism!\nThe Musée Charbonneau-Lassay houses rich and varied collections, largely bequeathed by the scholar Louis Charbonneau-Lassay (1871-1946): archaeological objects from the region and beyond, old books, swords and firearms. Today, his collection coexists with 19th-century paintings, emblematic pieces of folk art from the Loudun region, and an astonishing collection of African art, including imposing ritual masks.\nHoused in a former 18th-century mansion in the town's oldest quarter, the museum stands alongside listed historic monuments such as the Porte du Martray and the remarkable Gothic church of St-Hilaire."
        ],
        "it": [
          "Chiuso.\nScoprite la storia locale attraverso l'eclettismo e l'enciclopedismo!\nIl Musée Charbonneau-Lassay ospita collezioni ricche e variegate, molte delle quali lasciate in eredità dallo studioso Louis Charbonneau-Lassay (1871-1946): oggetti archeologici della regione e non, libri antichi, spade e armi da fuoco. Oggi la sua collezione convive con dipinti del XIX secolo e pezzi emblematici dell'arte popolare di Loudun, senza dimenticare una sorprendente collezione di arte africana, tra cui imponenti maschere rituali.\nOspitato in un'ex casa comunale del XVIII secolo, nel quartiere più antico della città, il museo si trova accanto a monumenti storici tutelati come la Porte du Martray e la chiesa di St-Hilaire, un notevole edificio gotico."
        ],
        "fr": [
          "Fermé.\nEntre éclectisme & encyclopédisme, à la découverte de l'histoire locale !\nLe Musée Charbonneau-Lassay abrite des collections riches et variées en grande partie léguées par l'érudit Louis Charbonneau-Lassay (1871-1946) : objets archéologiques du territoire et d'ailleurs, livres anciens, épées et armes à feu. Aujourd'hui, sa collection cohabite avec des toiles du 19ème siècle, des pièces emblématiques des arts populaires loudunais, sans oublier l'étonnante collection d'art africain, comprenant notamment d'imposants masques rituels.\nInstallé dans un ancien hôtel particulier du 18ème siècle, niché dans le plus ancien quartier de la ville, le musée s'inscrit aux côtés de monuments historiques classés, comme la Porte du Martray ou bien l'église St-Hilaire - un édifice gothique remarquable."
        ],
        "nl": [
          "Gesloten.\nOntdek de plaatselijke geschiedenis door eclecticisme en encyclopedie!\nHet Musée Charbonneau-Lassay herbergt rijke en gevarieerde collecties, waarvan een groot deel is nagelaten door de geleerde Louis Charbonneau-Lassay (1871-1946): archeologische voorwerpen uit de streek en elders, oude boeken, zwaarden en vuurwapens. Vandaag de dag bestaat zijn collectie naast schilderijen uit de 19e eeuw en emblematische stukken volkskunst uit Loudun, en niet te vergeten een verbazingwekkende collectie Afrikaanse kunst, waaronder indrukwekkende rituele maskers.\nHet museum is gehuisvest in een voormalig 18e-eeuws herenhuis, genesteld in de oudste wijk van de stad, en staat naast geklasseerde historische monumenten zoals de Porte du Martray en de kerk van St-Hilaire - een opmerkelijk gotisch bouwwerk."
        ],
        "es": [
          "Cerrado.\nDescubra la historia local a través del eclecticismo y el enciclopedismo\nEl museo Charbonneau-Lassay alberga ricas y variadas colecciones, muchas de las cuales fueron legadas por el erudito Louis Charbonneau-Lassay (1871-1946): objetos arqueológicos de la región y de otros lugares, libros antiguos, espadas y armas de fuego. Hoy, su colección convive con pinturas del siglo XIX y piezas emblemáticas del arte popular de Loudun, sin olvidar la asombrosa colección de arte africano, que incluye imponentes máscaras rituales.\nUbicado en una antigua casa municipal del siglo XVIII, en el barrio más antiguo de la ciudad, el museo se encuentra junto a monumentos históricos catalogados, como la Puerta de Martray y la iglesia de St-Hilaire, un notable edificio gótico."
        ]
      }
    }
  ],
  "hasFeature": [
    {
      "@id": "https://data.datatourisme.fr/f087f5a9-4a3a-3598-8e8c-184ed98043c2",
      "@type": [
        "schema:PropertyValue",
        "FeatureSpecification"
      ],
      "features": [
        {
          "@id": "kb:Entertainment",
          "@type": [
            "CommonAmenity"
          ],
          "rdfs:label": {
            "de": [
              "Unterhaltung"
            ],
            "pt": [
              "Animações"
            ],
            "en": [
              "Entertainment"
            ],
            "it": [
              "Animazioni"
            ],
            "fr": [
              "Animations"
            ],
            "nl": [
              "Animatie"
            ],
            "es": [
              "Animaciones"
            ]
          }
        }
      ],
      "petsAllowed": false
    }
  ],
  "hasMainRepresentation": [
    {
      "@id": "https://data.datatourisme.fr/4c83bb96-7ccc-3aaf-9713-ec20c9900247",
      "ebucore:hasAnnotation": [
        {
          "@id": "https://data.datatourisme.fr/0bb9e3d5-3d83-3e88-b436-c9cc10cee9a5",
          "ebucore:isCoveredBy": "By-NC-ND 4.0",
          "ebucore:title": {
            "fr": [
              "Loudun-charbonneau-lassay-4"
            ]
          },
          "@type": [
            "ebucore:Annotation"
          ],
          "credits": [
            "ACAP"
          ]
        }
      ],
      "ebucore:hasRelatedResource": [
        {
          "@id": "https://data.datatourisme.fr/a3bf8d40-2656-3318-9fca-1ddde7030e4d",
          "ebucore:hasMimeType": [
            {
              "@id": "kb:JPEG",
              "@type": [
                "ebucore:MimeType"
              ],
              "rdfs:comment": {
                "de": [
                  "JPEG-Bild"
                ],
                "pt": [
                  "Imagem JPEG"
                ],
                "en": [
                  "JPEG image file"
                ],
                "it": [
                  "Immagine JPEG"
                ],
                "fr": [
                  "Image JPEG"
                ],
                "nl": [
                  "JPEG-afbeelding"
                ],
                "es": [
                  "Imagen JPEG"
                ]
              },
              "rdfs:label": {
                "de": [
                  "image/jpeg"
                ],
                "pt": [
                  "image/jpeg"
                ],
                "en": [
                  "image/jpeg"
                ],
                "it": [
                  "image/jpeg"
                ],
                "fr": [
                  "image/jpeg"
                ],
                "nl": [
                  "image/jpeg"
                ],
                "es": [
                  "image/jpeg"
                ]
              }
            }
          ],
          "ebucore:locator": [
            "http://aquitaine.media.tourinsoft.eu/Upload/Loudun-charbonneau-lassay-4-2.jpg"
          ],
          "@type": [
            "ebucore:Resource"
          ]
        }
      ],
      "@type": [
        "ebucore:EditorialObject"
      ]
    }
  ],
  "hasNeighborhood": [
    {
      "@id": "kb:InTown",
      "@type": [
        "SpatialEnvironmentTheme"
      ],
      "rdfs:label": {
        "de": [
          "in der Stadt"
        ],
        "pt": [
          "Na cidade"
        ],
        "en": [
          "In town"
        ],
        "it": [
          "In città"
        ],
        "fr": [
          "En ville"
        ],
        "nl": [
          "In de stad"
        ],
        "es": [
          "En la ciudad"
        ]
      }
    }
  ],
  "hasRepresentation": [
    {
      "@id": "https://data.datatourisme.fr/047975dc-50c4-3f92-a5d6-fc964a2e0c2c",
      "ebucore:hasAnnotation": [
        {
          "@id": "https://data.datatourisme.fr/f39f0272-c646-360a-b6d1-801dc3eb314f",
          "ebucore:isCoveredBy": "By-NC-ND 4.0",
          "ebucore:title": {
            "fr": [
              "Musée Charbonneau-Lassay"
            ]
          },
          "@type": [
            "ebucore:Annotation"
          ],
          "credits": [
            "Service culture Loudun 2020"
          ]
        }
      ],
      "ebucore:hasRelatedResource": [
        {
          "@id": "https://data.datatourisme.fr/7b1a0e09-6622-3688-8d95-5a68719d9573",
          "ebucore:hasMimeType": [
            {
              "@id": "kb:JPEG",
              "@type": [
                "ebucore:MimeType"
              ],
              "rdfs:comment": {
                "de": [
                  "JPEG-Bild"
                ],
                "pt": [
                  "Imagem JPEG"
                ],
                "en": [
                  "JPEG image file"
                ],
                "it": [
                  "Immagine JPEG"
                ],
                "fr": [
                  "Image JPEG"
                ],
                "nl": [
                  "JPEG-afbeelding"
                ],
                "es": [
                  "Imagen JPEG"
                ]
              },
              "rdfs:label": {
                "de": [
                  "image/jpeg"
                ],
                "pt": [
                  "image/jpeg"
                ],
                "en": [
                  "image/jpeg"
                ],
                "it": [
                  "image/jpeg"
                ],
                "fr": [
                  "image/jpeg"
                ],
                "nl": [
                  "image/jpeg"
                ],
                "es": [
                  "image/jpeg"
                ]
              }
            }
          ],
          "ebucore:locator": [
            "http://aquitaine.media.tourinsoft.eu/Upload/Musee-Charbonneau-Lassay-LOUDUN--1-.jpg"
          ],
          "@type": [
            "ebucore:Resource"
          ]
        }
      ],
      "@type": [
        "ebucore:EditorialObject"
      ]
    },
    {
      "@id": "https://data.datatourisme.fr/4c83bb96-7ccc-3aaf-9713-ec20c9900247",
      "ebucore:hasAnnotation": [
        {
          "@id": "https://data.datatourisme.fr/0bb9e3d5-3d83-3e88-b436-c9cc10cee9a5",
          "ebucore:isCoveredBy": "By-NC-ND 4.0",
          "ebucore:title": {
            "fr": [
              "Loudun-charbonneau-lassay-4"
            ]
          },
          "@type": [
            "ebucore:Annotation"
          ],
          "credits": [
            "ACAP"
          ]
        }
      ],
      "ebucore:hasRelatedResource": [
        {
          "@id": "https://data.datatourisme.fr/a3bf8d40-2656-3318-9fca-1ddde7030e4d",
          "ebucore:hasMimeType": [
            {
              "@id": "kb:JPEG",
              "@type": [
                "ebucore:MimeType"
              ],
              "rdfs:comment": {
                "de": [
                  "JPEG-Bild"
                ],
                "pt": [
                  "Imagem JPEG"
                ],
                "en": [
                  "JPEG image file"
                ],
                "it": [
                  "Immagine JPEG"
                ],
                "fr": [
                  "Image JPEG"
                ],
                "nl": [
                  "JPEG-afbeelding"
                ],
                "es": [
                  "Imagen JPEG"
                ]
              },
              "rdfs:label": {
                "de": [
                  "image/jpeg"
                ],
                "pt": [
                  "image/jpeg"
                ],
                "en": [
                  "image/jpeg"
                ],
                "it": [
                  "image/jpeg"
                ],
                "fr": [
                  "image/jpeg"
                ],
                "nl": [
                  "image/jpeg"
                ],
                "es": [
                  "image/jpeg"
                ]
              }
            }
          ],
          "ebucore:locator": [
            "http://aquitaine.media.tourinsoft.eu/Upload/Loudun-charbonneau-lassay-4-2.jpg"
          ],
          "@type": [
            "ebucore:Resource"
          ]
        }
      ],
      "@type": [
        "ebucore:EditorialObject"
      ]
    },
    {
      "@id": "https://data.datatourisme.fr/6f4c7a2f-7ebb-3030-82d0-9623c691f585",
      "ebucore:hasAnnotation": [
        {
          "@id": "https://data.datatourisme.fr/f39f0272-c646-360a-b6d1-801dc3eb314f",
          "ebucore:isCoveredBy": "By-NC-ND 4.0",
          "ebucore:title": {
            "fr": [
              "Musée Charbonneau-Lassay"
            ]
          },
          "@type": [
            "ebucore:Annotation"
          ],
          "credits": [
            "Service culture Loudun 2020"
          ]
        }
      ],
      "ebucore:hasRelatedResource": [
        {
          "@id": "https://data.datatourisme.fr/571d6d3b-82bf-3ab3-951b-4a025d43cdb3",
          "ebucore:hasMimeType": [
            {
              "@id": "kb:JPEG",
              "@type": [
                "ebucore:MimeType"
              ],
              "rdfs:comment": {
                "de": [
                  "JPEG-Bild"
                ],
                "pt": [
                  "Imagem JPEG"
                ],
                "en": [
                  "JPEG image file"
                ],
                "it": [
                  "Immagine JPEG"
                ],
                "fr": [
                  "Image JPEG"
                ],
                "nl": [
                  "JPEG-afbeelding"
                ],
                "es": [
                  "Imagen JPEG"
                ]
              },
              "rdfs:label": {
                "de": [
                  "image/jpeg"
                ],
                "pt": [
                  "image/jpeg"
                ],
                "en": [
                  "image/jpeg"
                ],
                "it": [
                  "image/jpeg"
                ],
                "fr": [
                  "image/jpeg"
                ],
                "nl": [
                  "image/jpeg"
                ],
                "es": [
                  "image/jpeg"
                ]
              }
            }
          ],
          "ebucore:locator": [
            "http://aquitaine.media.tourinsoft.eu/Upload/Musee-Charbonneau-Lassay-LOUDUN--3-.jpg"
          ],
          "@type": [
            "ebucore:Resource"
          ]
        }
      ],
      "@type": [
        "ebucore:EditorialObject"
      ]
    }
  ],
  "hasReview": [
    {
      "@id": "https://data.datatourisme.fr/29dc8b03-dc75-3ce5-912a-18b0744c5dc7",
      "@type": [
        "Review"
      ],
      "hasReviewValue": {
        "@id": "kb:LabelRating_MuseeDeFrance",
        "@type": [
          "LabelRating"
        ],
        "rdfs:label": {
          "de": [
            "Musée de France"
          ],
          "pt": [
            "Musée de France"
          ],
          "en": [
            "Musée de France"
          ],
          "it": [
            "Musée de France"
          ],
          "fr": [
            "Musée de France"
          ],
          "nl": [
            "Musée de France"
          ],
          "es": [
            "Musée de France"
          ]
        },
        "isCompliantWith": [
          "CulturalSite"
        ]
      }
    },
    {
      "@id": "https://data.datatourisme.fr/2aaa6188-4760-3387-9fc5-1186ba9d9cfe",
      "@type": [
        "Review"
      ],
      "hasReviewValue": {
        "@id": "kb:LabelRating_MonumentHistorique",
        "@type": [
          "LabelRating"
        ],
        "rdfs:label": {
          "de": [
            "Monument Historique"
          ],
          "pt": [
            "Monument Historique"
          ],
          "en": [
            "Monument Historique"
          ],
          "it": [
            "Monument Historique"
          ],
          "fr": [
            "Monument Historique"
          ],
          "nl": [
            "Monument Historique"
          ],
          "es": [
            "Monument Historique"
          ]
        },
        "isCompliantWith": [
          "CulturalSite"
        ]
      }
    }
  ],
  "hasTheme": [
    {
      "@id": "kb:Archeology",
      "@type": [
        "CulturalTheme"
      ],
      "rdfs:label": {
        "de": [
          "Archäologie"
        ],
        "pt": [
          "Arqueologia"
        ],
        "en": [
          "Archeology"
        ],
        "it": [
          "Archeologia"
        ],
        "fr": [
          "Archéologie"
        ],
        "es": [
          "Arqueología"
        ],
        "nl": [
          "Archeologie"
        ]
      }
    },
    {
      "@id": "kb:Craft",
      "@type": [
        "CulturalTheme"
      ],
      "rdfs:label": {
        "de": [
          "Handwerk"
        ],
        "pt": [
          "Artesanato"
        ],
        "en": [
          "Craft"
        ],
        "it": [
          "Artigianato"
        ],
        "fr": [
          "Artisanat"
        ],
        "nl": [
          "Handwerk"
        ],
        "es": [
          "Artesanía"
        ]
      }
    },
    {
      "@id": "kb:FarmingOrAgrifood",
      "@type": [
        "CulturalTheme"
      ],
      "rdfs:label": {
        "de": [
          "Landwirtschaft, Agrar- und Ernährungswirtschaft"
        ],
        "pt": [
          "Agricultura, Agroalimentar"
        ],
        "en": [
          "Farming, agrifood"
        ],
        "it": [
          "Agricoltura, Agroalimentare"
        ],
        "fr": [
          "Agriculture, Agroalimentaire"
        ],
        "nl": [
          "Landbouw, levensmiddelen"
        ],
        "es": [
          "Agricultura, producto agroalimentario"
        ]
      }
    },
    {
      "@id": "kb:FineArts",
      "@type": [
        "CulturalTheme"
      ],
      "rdfs:label": {
        "de": [
          "Schöne Künste"
        ],
        "pt": [
          "Belas artes"
        ],
        "en": [
          "Fine arts"
        ],
        "it": [
          "Belle arti"
        ],
        "fr": [
          "Beaux arts"
        ],
        "nl": [
          "Schone kunsten"
        ],
        "es": [
          "Bellas artes"
        ]
      }
    },
    {
      "@id": "kb:History",
      "@type": [
        "CulturalTheme"
      ],
      "rdfs:label": {
        "de": [
          "Geschichte"
        ],
        "pt": [
          "História"
        ],
        "en": [
          "History"
        ],
        "it": [
          "Storia"
        ],
        "fr": [
          "Histoire"
        ],
        "es": [
          "Historia"
        ],
        "nl": [
          "Geschiedenis"
        ]
      }
    },
    {
      "@id": "kb:InTown",
      "@type": [
        "SpatialEnvironmentTheme"
      ],
      "rdfs:label": {
        "de": [
          "in der Stadt"
        ],
        "pt": [
          "Na cidade"
        ],
        "en": [
          "In town"
        ],
        "it": [
          "In città"
        ],
        "fr": [
          "En ville"
        ],
        "nl": [
          "In de stad"
        ],
        "es": [
          "En la ciudad"
        ]
      }
    },
    {
      "@id": "kb:PopularArtsAndTraditions",
      "@type": [
        "CulturalTheme"
      ],
      "rdfs:label": {
        "de": [
          "Volkskunst und -traditionen"
        ],
        "pt": [
          "Artes e tradições populares"
        ],
        "en": [
          "Popular arts and traditions"
        ],
        "it": [
          "Arti e tradizioni popolari"
        ],
        "fr": [
          "Arts et traditions populaires"
        ],
        "nl": [
          "Volkskunst en tradities"
        ],
        "es": [
          "Artes y tradiciones populares"
        ]
      }
    },
    {
      "@id": "kb:SacredArt",
      "@type": [
        "CulturalTheme"
      ],
      "rdfs:label": {
        "de": [
          "Sakrale Kunst"
        ],
        "pt": [
          "Arte sagrada"
        ],
        "en": [
          "Sacred art"
        ],
        "it": [
          "Arte sacra"
        ],
        "fr": [
          "Art sacré"
        ],
        "nl": [
          "Sacrale kunst"
        ],
        "es": [
          "Arte sacro"
        ]
      }
    }
  ],
  "hasTranslatedProperty": [
    {
      "@id": "https://data.datatourisme.fr/231aed5b-3772-3c41-9bd3-866f8ea8531c",
      "dc:contributor": [
        "https://api.deepl.com/v2/translate"
      ],
      "rdf:language": [
        "nl"
      ],
      "rdf:predicate": [
        {
          "@id": "rdfs:comment"
        }
      ]
    },
    {
      "@id": "https://data.datatourisme.fr/4c29fb18-6022-3bd7-aa45-81ec34562e51",
      "dc:contributor": [
        "https://api.deepl.com/v2/translate"
      ],
      "rdf:language": [
        "es"
      ],
      "rdf:predicate": [
        {
          "@id": "rdfs:comment"
        }
      ]
    },
    {
      "@id": "https://data.datatourisme.fr/586b2e5d-84e3-3b27-8104-c438336ec290",
      "dc:contributor": [
        "https://api.deepl.com/v2/translate"
      ],
      "rdf:language": [
        "de"
      ],
      "rdf:predicate": [
        {
          "@id": "rdfs:comment"
        }
      ]
    },
    {
      "@id": "https://data.datatourisme.fr/aeae2b6a-2977-33bd-b80f-6af1f706159d",
      "dc:contributor": [
        "https://api.deepl.com/v2/translate"
      ],
      "rdf:language": [
        "en"
      ],
      "rdf:predicate": [
        {
          "@id": "rdfs:comment"
        }
      ]
    },
    {
      "@id": "https://data.datatourisme.fr/ef883fb6-fecf-3f24-a6a8-4c35d9ec0a57",
      "dc:contributor": [
        "https://api.deepl.com/v2/translate"
      ],
      "rdf:language": [
        "it"
      ],
      "rdf:predicate": [
        {
          "@id": "rdfs:comment"
        }
      ]
    }
  ],
  "isLocatedAt": [
    {
      "@id": "https://data.datatourisme.fr/f4928206-d2ba-3777-b802-1ff82fcab978",
      "schema:address": [
        {
          "@id": "https://data.datatourisme.fr/068aa90b-edd5-3a44-8224-77c8ec82094d",
          "schema:addressLocality": "Loudun",
          "schema:postalCode": "86200",
          "schema:streetAddress": [
            "24 rue du Martray"
          ],
          "@type": [
            "schema:PostalAddress",
            "PostalAddress"
          ],
          "hasAddressCity": {
            "@id": "kb:86137",
            "@type": [
              "City"
            ],
            "rdfs:label": {
              "de": [
                "Loudun"
              ],
              "pt": [
                "Loudun"
              ],
              "en": [
                "Loudun"
              ],
              "it": [
                "Loudun"
              ],
              "fr": [
                "Loudun"
              ],
              "nl": [
                "Loudun"
              ],
              "es": [
                "Loudun"
              ]
            },
            "insee": "86137",
            "isPartOfDepartment": {
              "@id": "kb:France7586",
              "@type": [
                "Department"
              ],
              "rdfs:label": {
                "de": [
                  "Vienne"
                ],
                "pt": [
                  "Vienne"
                ],
                "en": [
                  "Vienne"
                ],
                "it": [
                  "Vienne"
                ],
                "fr": [
                  "Vienne"
                ],
                "nl": [
                  "Vienne"
                ],
                "es": [
                  "Vienne"
                ]
              },
              "insee": "86",
              "isPartOfRegion": {
                "@id": "kb:France75",
                "@type": [
                  "Region"
                ],
                "rdfs:label": {
                  "de": [
                    "Nouvelle-Aquitaine"
                  ],
                  "pt": [
                    "Nouvelle-Aquitaine"
                  ],
                  "en": [
                    "Nouvelle-Aquitaine"
                  ],
                  "it": [
                    "Nouvelle-Aquitaine"
                  ],
                  "fr": [
                    "Nouvelle-Aquitaine"
                  ],
                  "nl": [
                    "Nouvelle-Aquitaine"
                  ],
                  "es": [
                    "Nouvelle-Aquitaine"
                  ]
                },
                "insee": "75",
                "isPartOfCountry": {
                  "@id": "kb:France",
                  "@type": [
                    "schema:Country"
                  ],
                  "rdfs:label": {
                    "de": [
                      "France",
                      "Frankreich"
                    ],
                    "pt": [
                      "França",
                      "France"
                    ],
                    "en": [
                      "France"
                    ],
                    "it": [
                      "France",
                      "Francia"
                    ],
                    "fr": [
                      "France"
                    ],
                    "nl": [
                      "France",
                      "Frankrijk"
                    ],
                    "es": [
                      "France",
                      "Francia"
                    ]
                  }
                }
              }
            }
          }
        }
      ],
      "schema:geo": {
        "@id": "https://data.datatourisme.fr/2436dbe9-5de3-300c-b300-77d6f43baee3",
        "schema:latitude": "47.010061",
        "schema:longitude": "0.0757634",
        "@type": [
          "schema:GeoCoordinates"
        ]
      },
      "@type": [
        "schema:Place",
        "Place"
      ],
      "petsAllowed": false
    }
  ],
  "isOwnedBy": [
    {
      "@id": "https://data.datatourisme.fr/066c3a76-f9d8-3eb3-b059-35ae19e62860",
      "schema:email": [
        "culture@ville-loudun.fr",
        "musee.charbonneau-lassay@ville-loudun.fr"
      ],
      "schema:legalName": "Service Culture",
      "schema:telephone": [
        "+33 5 49 98 08 48",
        "+33 5 49 98 81 59"
      ],
      "@type": [
        "schema:Organization",
        "foaf:Agent",
        "Agent"
      ],
      "foaf:homepage": [
        "https://alienor.org/musees/"
      ]
    }
  ],
  "lastUpdate": "2023-07-19",
  "lastUpdateDatatourisme": "2023-07-19T23:31:28.747Z",
  "offers": [
    {
      "@id": "https://data.datatourisme.fr/02d02986-dff9-3c5e-88fb-683a623dbba5",
      "schema:acceptedPaymentMethod": [
        {
          "@id": "kb:Cash",
          "@type": [
            "schema:PaymentMethod"
          ],
          "rdfs:label": {
            "de": [
              "Art"
            ],
            "pt": [
              "Espécie"
            ],
            "en": [
              "Cash"
            ],
            "it": [
              "Contanti"
            ],
            "fr": [
              "Espèce"
            ],
            "es": [
              "Especie"
            ],
            "nl": [
              "Contant"
            ]
          }
        },
        {
          "@id": "kb:Check",
          "@type": [
            "schema:PaymentMethod"
          ],
          "rdfs:label": {
            "de": [
              "Scheck"
            ],
            "pt": [
              "Cheque"
            ],
            "en": [
              "Check"
            ],
            "it": [
              "Assegno"
            ],
            "fr": [
              "Chèque"
            ],
            "nl": [
              "Cheque"
            ],
            "es": [
              "Cheque"
            ]
          }
        }
      ],
      "@type": [
        "schema:Offer",
        "Offer"
      ]
    }
  ],
  "reducedMobilityAccess": true
}