{
  "@id": "https://data.datatourisme.fr/23/003cd850-3fd2-3160-a4a9-f0e04aeb0580",
  "dc:identifier": "ITIAQU087V5004CS",
  "@type": [
    "olo:OrderedList",
    "PointOfInterest",
    "Tour",
    "WalkingTour"
  ],
  "rdfs:comment": {
    "de": [
      "Der Pfad Geschichte und Natur lädt Sie zur Entdeckung einer Naturlandschaft ein, die Ihnen den Étang de la Pouge und die Bäche Gorre und Gorret näher bringt. Der Marktflecken Saint-Auvent öffnet Ihnen seine Türen mit seinem Schloss aus dem 13. und 17. Jahrhundert, das einen Umweg wert ist."
    ],
    "en": [
      "The History and Nature trail invites you to discover a natural site which makes you discover the pond of Pouge and the streams of Gorre and Gorret. The village of Saint-Auvent opens its doors to you with its 13th and 17th century castle which is well worth a visit."
    ],
    "it": [
      "Il percorso Storia e Natura invita a scoprire un sito naturale che conduce allo stagno Pouge e ai torrenti Gorre e Gorret. Il villaggio di Saint-Auvent vi apre le porte con il suo castello del XIII e XVII secolo, che merita una visita."
    ],
    "fr": [
      "Le sentier Histoire et Nature vous invite à la découverte d'un site naturel  qui vous fait découvrir l'étang de la Pouge et les ruisseaux de la Gorre et du Gorret . Le bourg de Saint-Auvent vous ouvre ses portes avec son château des XIIIème et XVIIème siècles qui mérite le détour."
    ],
    "nl": [
      "Het Geschiedenis- en Natuurpad nodigt u uit om een natuurgebied te ontdekken langs de vijver van Pouge en de beken Gorre en Gorret. Het dorp Saint-Auvent opent zijn deuren voor u met zijn kasteel uit de 13e en 17e eeuw dat een bezoek meer dan waard is."
    ],
    "es": [
      "El sendero de Historia y Naturaleza le invita a descubrir un paraje natural que le lleva al estanque de Pouge y a los arroyos de Gorre y Gorret. El pueblo de Saint-Auvent le abre sus puertas con su castillo de los siglos XIII y XVII que bien merece una visita."
    ]
  },
  "rdfs:label": {
    "en": [
      "Histoire et Nature"
    ],
    "fr": [
      "Histoire et Nature"
    ],
    "nl": [
      "Histoire et Nature"
    ],
    "es": [
      "Histoire et Nature"
    ]
  },
  "creationDate": "2022-09-06",
  "hasBeenCreatedBy": {
    "@id": "https://data.datatourisme.fr/23/e26f8af6-d84a-324a-8c87-dccc5a816651",
    "dc:identifier": "a77f01d8-5446-4d57-8849-7ce6739b62a7",
    "schema:legalName": "SPL Terres de Limousin",
    "@type": [
      "schema:Organization",
      "foaf:Agent",
      "Agent"
    ]
  },
  "hasBeenPublishedBy": [
    {
      "@id": "https://data.datatourisme.fr/639f3a41-5d7b-320e-a33d-66f527bb3a79",
      "schema:email": [
        "sirtaqui@na-tourisme.com"
      ],
      "schema:legalName": "SIRTAQUI Nouvelle-Aquitaine",
      "schema:logo": "http://aquitaine.media.tourinsoft.eu/upload/Logo-Sirtaqui-1280x405.jpg",
      "@type": [
        "schema:Organization",
        "foaf:Agent",
        "Agent"
      ],
      "rdfs:comment": {
        "de": [
          "Die Ziele von SIRTAQUI (Système d'Information Régional Touristique de Nouvelle-AQUItaine) sind die Sammlung, Zusammenführung und weitestgehende Verbreitung von umfassenden und qualitativ hochwertigen Informationen für unsere Einwohner und Besucher. Das System wird gemeinsam vom Comité Régional de Tourisme de Nouvelle-Aquitaine, den Fremdenverkehrsämtern der Departements Corrèze, Creuse, Dordogne, Gironde, Landes, Lot-et-Garonne, Pyrénées-Atlantiques, Deux-Sèvres, Vienne und Haute-Vienne in Zusammenarbeit mit den Fremdenverkehrsämtern und mit finanzieller Unterstützung von Europa und dem Conseil Régional umgesetzt."
        ],
        "en": [
          "Collecter, mettre en commun et diffuser le plus largement possible une information complète et de qualité au service de nos habitants et de nos visiteurs : voici les objectifs du SIRTAQUI, Système d’Information Régional Touristique de Nouvelle-AQUItaine. Le dispositif est mis en œuvre conjointement par le Comité Régional de Tourisme de Nouvelle-Aquitaine, les services touristiques de la Corrèze, de la Creuse, de la Dordogne, de la Gironde, des Landes, du Lot-et-Garonne, des Pyrénées-Atlantiques, des Deux-Sèvres, de la Vienne et de la Haute-Vienne, en collaboration avec les Offices de Tourisme, et avec le soutien financier de l’Europe et du Conseil Régional."
        ],
        "it": [
          "L'obiettivo di SIRTAQUI, il Sistema Regionale di Informazione Turistica della Nuova Aquitania, è quello di raccogliere, mettere in comune e diffondere il più possibile informazioni complete e di qualità a beneficio dei nostri residenti e visitatori. Il sistema è realizzato congiuntamente dal Comité Régional de Tourisme de Nouvelle-Aquitaine, dai servizi turistici di Corrèze, Creuse, Dordogne, Gironde, Landes, Lot-et-Garonne, Pyrénées-Atlantiques, Deux-Sèvres, Vienne e Haute-Vienne, in collaborazione con gli Uffici del Turismo e con il sostegno finanziario dell'Europa e del Conseil Régional."
        ],
        "fr": [
          "Collecter, mettre en commun et diffuser le plus largement possible une information complète et de qualité au service de nos habitants et de nos visiteurs : voici les objectifs du SIRTAQUI, Système d’Information Régional Touristique de Nouvelle-AQUItaine. Le dispositif est mis en œuvre conjointement par le Comité Régional de Tourisme de Nouvelle-Aquitaine, les services touristiques de la Corrèze, de la Creuse, de la Dordogne, de la Gironde, des Landes, du Lot-et-Garonne, des Pyrénées-Atlantiques, des Deux-Sèvres, de la Vienne et de la Haute-Vienne, en collaboration avec les Offices de Tourisme, et avec le soutien financier de l’Europe et du Conseil Régional."
        ],
        "nl": [
          "Collecter, mettre en commun et diffuser le plus largement possible une information complète et de qualité au service de nos habitants et de nos visiteurs : voici les objectifs du SIRTAQUI, Système d’Information Régional Touristique de Nouvelle-AQUItaine. Le dispositif est mis en œuvre conjointement par le Comité Régional de Tourisme de Nouvelle-Aquitaine, les services touristiques de la Corrèze, de la Creuse, de la Dordogne, de la Gironde, des Landes, du Lot-et-Garonne, des Pyrénées-Atlantiques, des Deux-Sèvres, de la Vienne et de la Haute-Vienne, en collaboration avec les Offices de Tourisme, et avec le soutien financier de l’Europe et du Conseil Régional."
        ],
        "es": [
          "Collecter, mettre en commun et diffuser le plus largement possible une information complète et de qualité au service de nos habitants et de nos visiteurs : voici les objectifs du SIRTAQUI, Système d’Information Régional Touristique de Nouvelle-AQUItaine. Le dispositif est mis en œuvre conjointement par le Comité Régional de Tourisme de Nouvelle-Aquitaine, les services touristiques de la Corrèze, de la Creuse, de la Dordogne, de la Gironde, des Landes, du Lot-et-Garonne, des Pyrénées-Atlantiques, des Deux-Sèvres, de la Vienne et de la Haute-Vienne, en collaboration avec les Offices de Tourisme, et avec le soutien financier de l’Europe et du Conseil Régional."
        ]
      },
      "foaf:homepage": [
        "http://www.sirtaqui-aquitaine.com/"
      ],
      "hasTranslatedProperty": [
        {
          "@id": "https://data.datatourisme.fr/7360b1d5-40e9-3d2e-965f-97e680439508",
          "dc:contributor": [
            "https://api.deepl.com/v2/translate"
          ],
          "rdf:language": [
            "it"
          ],
          "rdf:predicate": [
            {
              "@id": "rdfs:comment"
            }
          ]
        },
        {
          "@id": "https://data.datatourisme.fr/a65326cc-eb45-33f4-8f79-59ced3652d98",
          "dc:contributor": [
            "https://api.deepl.com/v2/translate"
          ],
          "rdf:language": [
            "de"
          ],
          "rdf:predicate": [
            {
              "@id": "rdfs:comment"
            }
          ]
        }
      ]
    }
  ],
  "hasBookingContact": [
    {
      "@id": "https://data.datatourisme.fr/91751607-1d21-3a6d-a955-2b3557eaad29",
      "@type": [
        "foaf:Agent",
        "Agent"
      ],
      "foaf:homepage": [
        "https://www.visitlimousin.com/"
      ]
    }
  ],
  "hasContact": [
    {
      "@id": "https://data.datatourisme.fr/91751607-1d21-3a6d-a955-2b3557eaad29",
      "@type": [
        "foaf:Agent",
        "Agent"
      ],
      "foaf:homepage": [
        "https://www.visitlimousin.com/"
      ]
    }
  ],
  "hasDescription": [
    {
      "@id": "https://data.datatourisme.fr/a98c282d-a9d2-35e0-b2de-87898d78c6a9",
      "dc:description": {
        "de": [
          "Der Pfad Geschichte und Natur lädt Sie zur Entdeckung einer Naturlandschaft ein, die Ihnen den Étang de la Pouge und die Bäche Gorre und Gorret näher bringt. Der Marktflecken Saint-Auvent öffnet Ihnen seine Türen mit seinem Schloss aus dem 13. und 17. Jahrhundert, das einen Umweg wert ist."
        ],
        "en": [
          "The History and Nature trail invites you to discover a natural site which makes you discover the pond of Pouge and the streams of Gorre and Gorret. The village of Saint-Auvent opens its doors to you with its 13th and 17th century castle which is well worth a visit."
        ],
        "it": [
          "Il percorso Storia e Natura invita a scoprire un sito naturale che conduce allo stagno Pouge e ai torrenti Gorre e Gorret. Il villaggio di Saint-Auvent vi apre le porte con il suo castello del XIII e XVII secolo, che merita una visita."
        ],
        "fr": [
          "Le sentier Histoire et Nature vous invite à la découverte d'un site naturel  qui vous fait découvrir l'étang de la Pouge et les ruisseaux de la Gorre et du Gorret . Le bourg de Saint-Auvent vous ouvre ses portes avec son château des XIIIème et XVIIème siècles qui mérite le détour."
        ],
        "nl": [
          "Het Geschiedenis- en Natuurpad nodigt u uit om een natuurgebied te ontdekken langs de vijver van Pouge en de beken Gorre en Gorret. Het dorp Saint-Auvent opent zijn deuren voor u met zijn kasteel uit de 13e en 17e eeuw dat een bezoek meer dan waard is."
        ],
        "es": [
          "El sendero de Historia y Naturaleza le invita a descubrir un paraje natural que le lleva al estanque de Pouge y a los arroyos de Gorre y Gorret. El pueblo de Saint-Auvent le abre sus puertas con su castillo de los siglos XIII y XVII que bien merece una visita."
        ]
      },
      "@type": [
        "Description"
      ],
      "hasTranslatedProperty": [
        {
          "@id": "https://data.datatourisme.fr/2a6c93ce-6838-35d8-9b96-9ac6e8029b93",
          "dc:contributor": [
            "https://api.deepl.com/v2/translate"
          ],
          "rdf:language": [
            "en"
          ],
          "rdf:predicate": [
            {
              "@id": "dc:description"
            }
          ]
        },
        {
          "@id": "https://data.datatourisme.fr/3517834c-5a6e-3df0-84bc-38e915721229",
          "dc:contributor": [
            "https://api.deepl.com/v2/translate"
          ],
          "rdf:language": [
            "de"
          ],
          "rdf:predicate": [
            {
              "@id": "dc:description"
            }
          ]
        },
        {
          "@id": "https://data.datatourisme.fr/356e7ad5-3b9b-30d2-af3b-4f84d43262f3",
          "dc:contributor": [
            "https://api.deepl.com/v2/translate"
          ],
          "rdf:language": [
            "nl"
          ],
          "rdf:predicate": [
            {
              "@id": "dc:description"
            }
          ]
        },
        {
          "@id": "https://data.datatourisme.fr/5a174835-f5de-32a1-b5b1-8b9e8a705069",
          "dc:contributor": [
            "https://api.deepl.com/v2/translate"
          ],
          "rdf:language": [
            "de"
          ],
          "rdf:predicate": [
            "shortDescription"
          ]
        },
        {
          "@id": "https://data.datatourisme.fr/90f03254-98ee-3360-968e-d678e2ef9e70",
          "dc:contributor": [
            "https://api.deepl.com/v2/translate"
          ],
          "rdf:language": [
            "it"
          ],
          "rdf:predicate": [
            {
              "@id": "dc:description"
            }
          ]
        },
        {
          "@id": "https://data.datatourisme.fr/9bb8d62e-e33b-3d5c-bd69-bcac1212588b",
          "dc:contributor": [
            "https://api.deepl.com/v2/translate"
          ],
          "rdf:language": [
            "es"
          ],
          "rdf:predicate": [
            {
              "@id": "dc:description"
            }
          ]
        },
        {
          "@id": "https://data.datatourisme.fr/b4d33ea7-fb24-37cc-86fa-4a508a421905",
          "dc:contributor": [
            "https://api.deepl.com/v2/translate"
          ],
          "rdf:language": [
            "it"
          ],
          "rdf:predicate": [
            "shortDescription"
          ]
        },
        {
          "@id": "https://data.datatourisme.fr/bdde2686-920c-3b5a-a444-9de5c0633965",
          "dc:contributor": [
            "https://api.deepl.com/v2/translate"
          ],
          "rdf:language": [
            "en"
          ],
          "rdf:predicate": [
            "shortDescription"
          ]
        },
        {
          "@id": "https://data.datatourisme.fr/c16a542d-49ff-34d5-b5f4-6a95e3808b67",
          "dc:contributor": [
            "https://api.deepl.com/v2/translate"
          ],
          "rdf:language": [
            "nl"
          ],
          "rdf:predicate": [
            "shortDescription"
          ]
        },
        {
          "@id": "https://data.datatourisme.fr/edbedd5b-3374-3798-aaea-cc29b6dfa704",
          "dc:contributor": [
            "https://api.deepl.com/v2/translate"
          ],
          "rdf:language": [
            "es"
          ],
          "rdf:predicate": [
            "shortDescription"
          ]
        }
      ],
      "shortDescription": {
        "de": [
          "Der Pfad Geschichte und Natur lädt Sie zur Entdeckung einer Naturlandschaft ein, die Ihnen den Étang de la Pouge und die Bäche Gorre und Gorret näher bringt. Der Marktflecken Saint-Auvent öffnet Ihnen seine Türen mit seinem Schloss aus dem 13. und 17. Jahrhundert, das einen Umweg wert ist."
        ],
        "en": [
          "The History and Nature trail invites you to discover a natural site which makes you discover the pond of Pouge and the streams of Gorre and Gorret. The village of Saint-Auvent opens its doors to you with its 13th and 17th century castle which is well worth a visit."
        ],
        "it": [
          "Il percorso Storia e Natura invita a scoprire un sito naturale che conduce allo stagno Pouge e ai torrenti Gorre e Gorret. Il villaggio di Saint-Auvent vi apre le porte con il suo castello del XIII e XVII secolo, che merita una visita."
        ],
        "fr": [
          "Le sentier Histoire et Nature vous invite à la découverte d'un site naturel  qui vous fait découvrir l'étang de la Pouge et les ruisseaux de la Gorre et du Gorret . Le bourg de Saint-Auvent vous ouvre ses portes avec son château des XIIIème et XVIIème siècles qui mérite le détour."
        ],
        "nl": [
          "Het Geschiedenis- en Natuurpad nodigt u uit om een natuurgebied te ontdekken langs de vijver van Pouge en de beken Gorre en Gorret. Het dorp Saint-Auvent opent zijn deuren voor u met zijn kasteel uit de 13e en 17e eeuw dat een bezoek meer dan waard is."
        ],
        "es": [
          "El sendero de Historia y Naturaleza le invita a descubrir un paraje natural que le lleva al estanque de Pouge y a los arroyos de Gorre y Gorret. El pueblo de Saint-Auvent le abre sus puertas con su castillo de los siglos XIII y XVII que bien merece una visita."
        ]
      }
    }
  ],
  "hasMainRepresentation": [
    {
      "@id": "https://data.datatourisme.fr/80aee3d8-b307-333f-ab4a-ed9d1bee5efb",
      "ebucore:hasAnnotation": [
        {
          "@id": "https://data.datatourisme.fr/aea1473c-9546-3489-b084-6790da26a3e3",
          "ebucore:title": {
            "fr": [
              "Histoire et Nature_1"
            ]
          },
          "@type": [
            "ebucore:Annotation"
          ],
          "credits": [
            "SPL Terres de Limousin"
          ]
        }
      ],
      "ebucore:hasRelatedResource": [
        {
          "@id": "https://data.datatourisme.fr/eed846c6-7af2-36ae-b09d-15eabf082909",
          "ebucore:hasMimeType": [
            {
              "@id": "kb:JPEG",
              "@type": [
                "ebucore:MimeType"
              ],
              "rdfs:comment": {
                "de": [
                  "JPEG-Bild"
                ],
                "pt": [
                  "Imagem JPEG"
                ],
                "en": [
                  "JPEG image file"
                ],
                "it": [
                  "Immagine JPEG"
                ],
                "fr": [
                  "Image JPEG"
                ],
                "nl": [
                  "JPEG-afbeelding"
                ],
                "es": [
                  "Imagen JPEG"
                ]
              },
              "rdfs:label": {
                "de": [
                  "image/jpeg"
                ],
                "pt": [
                  "image/jpeg"
                ],
                "en": [
                  "image/jpeg"
                ],
                "it": [
                  "image/jpeg"
                ],
                "fr": [
                  "image/jpeg"
                ],
                "nl": [
                  "image/jpeg"
                ],
                "es": [
                  "image/jpeg"
                ]
              }
            }
          ],
          "ebucore:locator": [
            "http://aquitaine.media.tourinsoft.eu/Upload/178009110-4.jpg"
          ],
          "@type": [
            "ebucore:Resource"
          ]
        }
      ],
      "@type": [
        "ebucore:EditorialObject"
      ]
    }
  ],
  "hasPracticeCondition": [
    {
      "@id": "https://data.datatourisme.fr/8b812a58-782a-3df8-9f86-1a3c5df9f20d",
      "@type": [
        "PracticeCondition"
      ],
      "hasDifficultyLevel": [
        {
          "@id": "kb:EasyTour",
          "@type": [
            "DifficultyLevel"
          ],
          "rdfs:label": {
            "de": [
              "Einfach"
            ],
            "pt": [
              "Fácil"
            ],
            "en": [
              "Easy"
            ],
            "it": [
              "Facile"
            ],
            "fr": [
              "Facile"
            ],
            "nl": [
              "Gemakkelijk"
            ],
            "es": [
              "Fácil"
            ]
          }
        }
      ],
      "hasLocomotionMode": [
        {
          "@id": "kb:WalkingMode",
          "@type": [
            "PedestrianLocomotionMode"
          ],
          "rdfs:label": {
            "de": [
              "Zu Fuß"
            ],
            "pt": [
              "Um pé"
            ],
            "en": [
              "Walking"
            ],
            "it": [
              "Un piede"
            ],
            "fr": [
              "A pieds"
            ],
            "es": [
              "Un pie"
            ],
            "nl": [
              "Een voet"
            ]
          }
        }
      ],
      "practicalTips": {
        "en": [
          "Durée: 1h"
        ],
        "fr": [
          "Durée: 1h"
        ],
        "nl": [
          "Durée: 1h"
        ],
        "es": [
          "Durée: 1h"
        ]
      }
    }
  ],
  "hasRepresentation": [
    {
      "@id": "https://data.datatourisme.fr/152c540d-0e33-3806-8ffd-b6c4b2efedf0",
      "ebucore:hasRelatedResource": [
        {
          "@id": "https://data.datatourisme.fr/97468615-b02a-3e02-851f-c58207eb6356",
          "ebucore:hasMimeType": [
            {
              "@id": "kb:GPX",
              "@type": [
                "ebucore:MimeType"
              ],
              "rdfs:comment": {
                "de": [
                  "GPX-Datei"
                ],
                "pt": [
                  "Ficheiro GPX"
                ],
                "en": [
                  "GPX file"
                ],
                "it": [
                  "File GPX"
                ],
                "fr": [
                  "Fichier GPX"
                ],
                "nl": [
                  "GPX-bestand"
                ],
                "es": [
                  "Archivo GPX"
                ]
              },
              "rdfs:label": {
                "de": [
                  "application/gpx+xml"
                ],
                "pt": [
                  "application/gpx+xml"
                ],
                "en": [
                  "application/gpx+xml"
                ],
                "it": [
                  "application/gpx+xml"
                ],
                "fr": [
                  "application/gpx+xml"
                ],
                "nl": [
                  "application/gpx+xml"
                ],
                "es": [
                  "application/gpx+xml"
                ]
              }
            }
          ],
          "ebucore:locator": [
            "http://aquitaine.media.tourinsoft.eu/Upload/178009110-d1.gpx"
          ],
          "@type": [
            "ebucore:Resource"
          ]
        }
      ],
      "@type": [
        "ebucore:EditorialObject"
      ]
    },
    {
      "@id": "https://data.datatourisme.fr/20c2254b-39c4-33f3-8a68-39e42c1f84a6",
      "ebucore:hasAnnotation": [
        {
          "@id": "https://data.datatourisme.fr/50fb9597-0b30-336d-a2c9-dc405d6155f3",
          "ebucore:title": {
            "fr": [
              "Histoire et Nature_4"
            ]
          },
          "@type": [
            "ebucore:Annotation"
          ],
          "credits": [
            "SPL Terres de Limousin"
          ]
        }
      ],
      "ebucore:hasRelatedResource": [
        {
          "@id": "https://data.datatourisme.fr/89af61c4-b067-3b72-ae59-ef966dc021b9",
          "ebucore:hasMimeType": [
            {
              "@id": "kb:JPEG",
              "@type": [
                "ebucore:MimeType"
              ],
              "rdfs:comment": {
                "de": [
                  "JPEG-Bild"
                ],
                "pt": [
                  "Imagem JPEG"
                ],
                "en": [
                  "JPEG image file"
                ],
                "it": [
                  "Immagine JPEG"
                ],
                "fr": [
                  "Image JPEG"
                ],
                "nl": [
                  "JPEG-afbeelding"
                ],
                "es": [
                  "Imagen JPEG"
                ]
              },
              "rdfs:label": {
                "de": [
                  "image/jpeg"
                ],
                "pt": [
                  "image/jpeg"
                ],
                "en": [
                  "image/jpeg"
                ],
                "it": [
                  "image/jpeg"
                ],
                "fr": [
                  "image/jpeg"
                ],
                "nl": [
                  "image/jpeg"
                ],
                "es": [
                  "image/jpeg"
                ]
              }
            }
          ],
          "ebucore:locator": [
            "http://aquitaine.media.tourinsoft.eu/Upload/178009110-7.jpg"
          ],
          "@type": [
            "ebucore:Resource"
          ]
        }
      ],
      "@type": [
        "ebucore:EditorialObject"
      ]
    },
    {
      "@id": "https://data.datatourisme.fr/80aee3d8-b307-333f-ab4a-ed9d1bee5efb",
      "ebucore:hasAnnotation": [
        {
          "@id": "https://data.datatourisme.fr/aea1473c-9546-3489-b084-6790da26a3e3",
          "ebucore:title": {
            "fr": [
              "Histoire et Nature_1"
            ]
          },
          "@type": [
            "ebucore:Annotation"
          ],
          "credits": [
            "SPL Terres de Limousin"
          ]
        }
      ],
      "ebucore:hasRelatedResource": [
        {
          "@id": "https://data.datatourisme.fr/eed846c6-7af2-36ae-b09d-15eabf082909",
          "ebucore:hasMimeType": [
            {
              "@id": "kb:JPEG",
              "@type": [
                "ebucore:MimeType"
              ],
              "rdfs:comment": {
                "de": [
                  "JPEG-Bild"
                ],
                "pt": [
                  "Imagem JPEG"
                ],
                "en": [
                  "JPEG image file"
                ],
                "it": [
                  "Immagine JPEG"
                ],
                "fr": [
                  "Image JPEG"
                ],
                "nl": [
                  "JPEG-afbeelding"
                ],
                "es": [
                  "Imagen JPEG"
                ]
              },
              "rdfs:label": {
                "de": [
                  "image/jpeg"
                ],
                "pt": [
                  "image/jpeg"
                ],
                "en": [
                  "image/jpeg"
                ],
                "it": [
                  "image/jpeg"
                ],
                "fr": [
                  "image/jpeg"
                ],
                "nl": [
                  "image/jpeg"
                ],
                "es": [
                  "image/jpeg"
                ]
              }
            }
          ],
          "ebucore:locator": [
            "http://aquitaine.media.tourinsoft.eu/Upload/178009110-4.jpg"
          ],
          "@type": [
            "ebucore:Resource"
          ]
        }
      ],
      "@type": [
        "ebucore:EditorialObject"
      ]
    },
    {
      "@id": "https://data.datatourisme.fr/81a96b69-bda2-3428-89b6-2b0ad9fd93c9",
      "ebucore:hasAnnotation": [
        {
          "@id": "https://data.datatourisme.fr/33dcd817-a52e-35c1-ba41-819883c11be7",
          "ebucore:title": {
            "fr": [
              "Histoire et Nature_3"
            ]
          },
          "@type": [
            "ebucore:Annotation"
          ],
          "credits": [
            "SPL Terres de Limousin"
          ]
        }
      ],
      "ebucore:hasRelatedResource": [
        {
          "@id": "https://data.datatourisme.fr/8630f56e-2da1-3148-904e-a97119a8cba3",
          "ebucore:hasMimeType": [
            {
              "@id": "kb:JPEG",
              "@type": [
                "ebucore:MimeType"
              ],
              "rdfs:comment": {
                "de": [
                  "JPEG-Bild"
                ],
                "pt": [
                  "Imagem JPEG"
                ],
                "en": [
                  "JPEG image file"
                ],
                "it": [
                  "Immagine JPEG"
                ],
                "fr": [
                  "Image JPEG"
                ],
                "nl": [
                  "JPEG-afbeelding"
                ],
                "es": [
                  "Imagen JPEG"
                ]
              },
              "rdfs:label": {
                "de": [
                  "image/jpeg"
                ],
                "pt": [
                  "image/jpeg"
                ],
                "en": [
                  "image/jpeg"
                ],
                "it": [
                  "image/jpeg"
                ],
                "fr": [
                  "image/jpeg"
                ],
                "nl": [
                  "image/jpeg"
                ],
                "es": [
                  "image/jpeg"
                ]
              }
            }
          ],
          "ebucore:locator": [
            "http://aquitaine.media.tourinsoft.eu/Upload/178009110-6.jpg"
          ],
          "@type": [
            "ebucore:Resource"
          ]
        }
      ],
      "@type": [
        "ebucore:EditorialObject"
      ]
    },
    {
      "@id": "https://data.datatourisme.fr/a07d8bcc-4056-3f03-affb-fb4ff9922003",
      "ebucore:hasRelatedResource": [
        {
          "@id": "https://data.datatourisme.fr/c4ae8c8d-0ea4-3d48-ba42-13242943ef64",
          "ebucore:hasMimeType": [
            {
              "@id": "kb:PDF",
              "@type": [
                "ebucore:MimeType"
              ],
              "rdfs:comment": {
                "de": [
                  "PDF-Datei"
                ],
                "pt": [
                  "Ficheiro PDF"
                ],
                "en": [
                  "PDF file"
                ],
                "it": [
                  "File PDF"
                ],
                "fr": [
                  "Adobe Portable Document Format"
                ],
                "nl": [
                  "Pdf-bestand"
                ],
                "es": [
                  "Archivo PDF"
                ]
              },
              "rdfs:label": {
                "de": [
                  "application/pdf"
                ],
                "pt": [
                  "application/pdf"
                ],
                "en": [
                  "application/pdf"
                ],
                "it": [
                  "application/pdf"
                ],
                "fr": [
                  "application/pdf"
                ],
                "nl": [
                  "application/pdf"
                ],
                "es": [
                  "application/pdf"
                ]
              }
            }
          ],
          "ebucore:locator": [
            "http://aquitaine.media.tourinsoft.eu/upload/178009110-d2.pdf"
          ],
          "@type": [
            "ebucore:Resource"
          ]
        }
      ],
      "@type": [
        "ebucore:EditorialObject"
      ]
    },
    {
      "@id": "https://data.datatourisme.fr/aa4cf0c2-8d01-38d2-97ca-a131b41e483f",
      "ebucore:hasAnnotation": [
        {
          "@id": "https://data.datatourisme.fr/d5e279a3-1cee-3bad-9590-4fdd591e3729",
          "ebucore:title": {
            "fr": [
              "Histoire et Nature_5"
            ]
          },
          "@type": [
            "ebucore:Annotation"
          ],
          "credits": [
            "SPL Terres de Limousin"
          ]
        }
      ],
      "ebucore:hasRelatedResource": [
        {
          "@id": "https://data.datatourisme.fr/8ae0741c-2e9b-3c5a-90e6-9c9463bb59cd",
          "ebucore:hasMimeType": [
            {
              "@id": "kb:JPEG",
              "@type": [
                "ebucore:MimeType"
              ],
              "rdfs:comment": {
                "de": [
                  "JPEG-Bild"
                ],
                "pt": [
                  "Imagem JPEG"
                ],
                "en": [
                  "JPEG image file"
                ],
                "it": [
                  "Immagine JPEG"
                ],
                "fr": [
                  "Image JPEG"
                ],
                "nl": [
                  "JPEG-afbeelding"
                ],
                "es": [
                  "Imagen JPEG"
                ]
              },
              "rdfs:label": {
                "de": [
                  "image/jpeg"
                ],
                "pt": [
                  "image/jpeg"
                ],
                "en": [
                  "image/jpeg"
                ],
                "it": [
                  "image/jpeg"
                ],
                "fr": [
                  "image/jpeg"
                ],
                "nl": [
                  "image/jpeg"
                ],
                "es": [
                  "image/jpeg"
                ]
              }
            }
          ],
          "ebucore:locator": [
            "http://aquitaine.media.tourinsoft.eu/Upload/178009110-8.jpg"
          ],
          "@type": [
            "ebucore:Resource"
          ]
        }
      ],
      "@type": [
        "ebucore:EditorialObject"
      ]
    },
    {
      "@id": "https://data.datatourisme.fr/bb6a6327-c2fb-328e-bb73-10d8c76de916",
      "ebucore:hasAnnotation": [
        {
          "@id": "https://data.datatourisme.fr/0bacf71e-88db-34f3-a11c-66b34d0e13b0",
          "ebucore:title": {
            "fr": [
              "Histoire et Nature_2"
            ]
          },
          "@type": [
            "ebucore:Annotation"
          ],
          "credits": [
            "SPL Terres de Limousin"
          ]
        }
      ],
      "ebucore:hasRelatedResource": [
        {
          "@id": "https://data.datatourisme.fr/00c1b242-bb53-3a1f-a38c-aca6cccb3b1f",
          "ebucore:hasMimeType": [
            {
              "@id": "kb:JPEG",
              "@type": [
                "ebucore:MimeType"
              ],
              "rdfs:comment": {
                "de": [
                  "JPEG-Bild"
                ],
                "pt": [
                  "Imagem JPEG"
                ],
                "en": [
                  "JPEG image file"
                ],
                "it": [
                  "Immagine JPEG"
                ],
                "fr": [
                  "Image JPEG"
                ],
                "nl": [
                  "JPEG-afbeelding"
                ],
                "es": [
                  "Imagen JPEG"
                ]
              },
              "rdfs:label": {
                "de": [
                  "image/jpeg"
                ],
                "pt": [
                  "image/jpeg"
                ],
                "en": [
                  "image/jpeg"
                ],
                "it": [
                  "image/jpeg"
                ],
                "fr": [
                  "image/jpeg"
                ],
                "nl": [
                  "image/jpeg"
                ],
                "es": [
                  "image/jpeg"
                ]
              }
            }
          ],
          "ebucore:locator": [
            "http://aquitaine.media.tourinsoft.eu/Upload/178009110-5.jpg"
          ],
          "@type": [
            "ebucore:Resource"
          ]
        }
      ],
      "@type": [
        "ebucore:EditorialObject"
      ]
    }
  ],
  "hasTheme": [
    {
      "@id": "kb:FaunaFlora",
      "@type": [
        "CulturalTheme"
      ],
      "rdfs:label": {
        "de": [
          "Fauna – Flora"
        ],
        "pt": [
          "Fauna — flora"
        ],
        "en": [
          "Fauna - flora"
        ],
        "it": [
          "Fauna - Flora"
        ],
        "fr": [
          "Faune - flore"
        ],
        "nl": [
          "Fauna - flora"
        ],
        "es": [
          "Fauna - flora"
        ]
      }
    },
    {
      "@id": "kb:NatureAndEnvironment",
      "@type": [
        "CulturalTheme"
      ],
      "rdfs:label": {
        "de": [
          "Umwelt und Natur"
        ],
        "pt": [
          "Ambiente e natureza"
        ],
        "en": [
          "Nature and environment"
        ],
        "it": [
          "Ambiente e natura"
        ],
        "fr": [
          "Environnement et nature"
        ],
        "nl": [
          "Milieu en natuur"
        ],
        "es": [
          "Medioambiente y naturaleza"
        ]
      }
    },
    {
      "@id": "kb:PlantsAndFlower",
      "@type": [
        "CulturalTheme"
      ],
      "rdfs:label": {
        "de": [
          "Pflanze und Blume"
        ],
        "pt": [
          "Plantas e flores"
        ],
        "en": [
          "Plants and flower"
        ],
        "it": [
          "Pianta e fiore"
        ],
        "fr": [
          "Plante et fleur"
        ],
        "es": [
          "Plantas y flores"
        ],
        "nl": [
          "Bloemen en planten"
        ]
      }
    }
  ],
  "hasTourType": [
    {
      "@id": "kb:Loop",
      "@type": [
        "TourType"
      ],
      "rdfs:label": {
        "de": [
          "Schleifenroute"
        ],
        "pt": [
          "Circular"
        ],
        "en": [
          "Loop itinerary"
        ],
        "it": [
          "Ad anello"
        ],
        "fr": [
          "En boucle"
        ],
        "nl": [
          "In een lus"
        ],
        "es": [
          "Circuito"
        ]
      }
    }
  ],
  "hasTranslatedProperty": [
    {
      "@id": "https://data.datatourisme.fr/25dce6dd-c54e-3e4e-8909-3e321b400f1e",
      "dc:contributor": [
        "https://api.deepl.com/v2/translate"
      ],
      "rdf:language": [
        "es"
      ],
      "rdf:predicate": [
        {
          "@id": "rdfs:comment"
        }
      ]
    },
    {
      "@id": "https://data.datatourisme.fr/3ad2f3fb-91b4-3a02-8d7d-6f41b1754caf",
      "dc:contributor": [
        "https://api.deepl.com/v2/translate"
      ],
      "rdf:language": [
        "de"
      ],
      "rdf:predicate": [
        {
          "@id": "rdfs:comment"
        }
      ]
    },
    {
      "@id": "https://data.datatourisme.fr/5ebe3f91-a2ee-3d9d-bd21-f6eda0eff7a2",
      "dc:contributor": [
        "https://api.deepl.com/v2/translate"
      ],
      "rdf:language": [
        "it"
      ],
      "rdf:predicate": [
        {
          "@id": "rdfs:comment"
        }
      ]
    },
    {
      "@id": "https://data.datatourisme.fr/7c06ce3f-0686-338f-a2ea-17d0d5ea71fa",
      "dc:contributor": [
        "https://api.deepl.com/v2/translate"
      ],
      "rdf:language": [
        "en"
      ],
      "rdf:predicate": [
        {
          "@id": "rdfs:comment"
        }
      ]
    },
    {
      "@id": "https://data.datatourisme.fr/e4e4db4c-5964-3cec-8595-f6a74a1a964c",
      "dc:contributor": [
        "https://api.deepl.com/v2/translate"
      ],
      "rdf:language": [
        "nl"
      ],
      "rdf:predicate": [
        {
          "@id": "rdfs:comment"
        }
      ]
    }
  ],
  "isLocatedAt": [
    {
      "@id": "https://data.datatourisme.fr/bd259839-89cb-3ca0-a484-c401d650419e",
      "schema:address": [
        {
          "@id": "https://data.datatourisme.fr/acdcafda-7993-36fb-a87f-0cfc45a2590d",
          "schema:addressLocality": "Saint-Auvent",
          "schema:postalCode": "87310",
          "@type": [
            "schema:PostalAddress",
            "PostalAddress"
          ],
          "hasAddressCity": {
            "@id": "kb:87135",
            "@type": [
              "City"
            ],
            "rdfs:label": {
              "de": [
                "Saint-Auvent"
              ],
              "pt": [
                "Saint-Auvent"
              ],
              "en": [
                "Saint-Auvent"
              ],
              "it": [
                "Saint-Auvent"
              ],
              "fr": [
                "Saint-Auvent"
              ],
              "nl": [
                "Saint-Auvent"
              ],
              "es": [
                "Saint-Auvent"
              ]
            },
            "insee": "87135",
            "isPartOfDepartment": {
              "@id": "kb:France7587",
              "@type": [
                "Department"
              ],
              "rdfs:label": {
                "de": [
                  "Haute-Vienne"
                ],
                "pt": [
                  "Haute-Vienne"
                ],
                "en": [
                  "Haute-Vienne"
                ],
                "it": [
                  "Haute-Vienne"
                ],
                "fr": [
                  "Haute-Vienne"
                ],
                "nl": [
                  "Haute-Vienne"
                ],
                "es": [
                  "Haute-Vienne"
                ]
              },
              "insee": "87",
              "isPartOfRegion": {
                "@id": "kb:France75",
                "@type": [
                  "Region"
                ],
                "rdfs:label": {
                  "de": [
                    "Nouvelle-Aquitaine"
                  ],
                  "pt": [
                    "Nouvelle-Aquitaine"
                  ],
                  "en": [
                    "Nouvelle-Aquitaine"
                  ],
                  "it": [
                    "Nouvelle-Aquitaine"
                  ],
                  "fr": [
                    "Nouvelle-Aquitaine"
                  ],
                  "nl": [
                    "Nouvelle-Aquitaine"
                  ],
                  "es": [
                    "Nouvelle-Aquitaine"
                  ]
                },
                "insee": "75",
                "isPartOfCountry": {
                  "@id": "kb:France",
                  "@type": [
                    "schema:Country"
                  ],
                  "rdfs:label": {
                    "de": [
                      "France",
                      "Frankreich"
                    ],
                    "pt": [
                      "França",
                      "France"
                    ],
                    "en": [
                      "France"
                    ],
                    "it": [
                      "France",
                      "Francia"
                    ],
                    "fr": [
                      "France"
                    ],
                    "nl": [
                      "France",
                      "Frankrijk"
                    ],
                    "es": [
                      "France",
                      "Francia"
                    ]
                  }
                }
              }
            }
          }
        }
      ],
      "schema:geo": {
        "@id": "https://data.datatourisme.fr/1ca5620f-6d34-301f-bbe7-c0e35beb680e",
        "schema:latitude": "45.7707129",
        "schema:longitude": "0.957331882",
        "@type": [
          "schema:GeoCoordinates"
        ]
      },
      "@type": [
        "schema:Place",
        "Place"
      ]
    }
  ],
  "isOwnedBy": [
    {
      "@id": "https://data.datatourisme.fr/91751607-1d21-3a6d-a955-2b3557eaad29",
      "@type": [
        "foaf:Agent",
        "Agent"
      ],
      "foaf:homepage": [
        "https://www.visitlimousin.com/"
      ]
    }
  ],
  "lastUpdate": "2023-09-12",
  "lastUpdateDatatourisme": "2023-09-12T23:32:41.029Z",
  "markup": {
    "en": [
      "Yellow"
    ],
    "fr": [
      "Jaune"
    ],
    "nl": [
      "Geel"
    ],
    "es": [
      "Amarillo"
    ]
  },
  "positiveCumulDifference": "30.0",
  "tourDistance": "4000.0"
}