{
  "@id": "https://data.datatourisme.fr/23/005c25a2-531f-39ed-a01c-f8f69b8e36e9",
  "dc:identifier": "PCUAQU033FS000EU",
  "@type": [
    "CulturalSite",
    "PlaceOfInterest",
    "PointOfInterest"
  ],
  "rdfs:comment": {
    "de": [
      "Die Siedlung Roquefort befindet sich auf einem Vorgebirge (gallisches Oppidum mit dreieckiger Form), das von mehreren Bächen begrenzt wird: im Nordwesten von der Engranne und im Südosten von der kleinen Engranne oder dem Bach von Roquefort. Die sehr steilen Hänge auf beiden Seiten dieses Oppidums machten den Zugang für Angreifer schwierig.\nEine überdachte Allee, d. h. eine Begräbnisstätte, stammt aus dieser Zeit. Sie ist 14 m lang und 1,40 m breit und besteht aus 22 Blöcken und 3 Tischen, die noch an Ort und Stelle stehen. Das Anwesen Roquefort mit seinem Schloss aus dem 18. Jahrhundert wurde von der Familie Bellanger gekauft, die dort über hundert Hektar Weinberge anpflanzte."
    ],
    "en": [
      "The Roquefort site occupies a promontory (a triangular-shaped Gallic oppidum) bounded by several streams: to the north-west by the Engranne and to the south-east by the Petite Engranne or Roquefort stream. The very steep slopes on either side of this oppidum made access difficult for the assailants.\nA covered alley, i.e. a burial site, dates from this period. It is 14 m long and 1.40 m wide, and consists of 22 blocks and 3 tables still in place. The Roquefort property, with its 18th century castle, was bought by the Bellanger family who planted more than one hundred hectares of vines there."
    ],
    "it": [
      "Il sito di Roquefort occupa un promontorio (oppidum triangolare gallico) delimitato da diversi corsi d'acqua: a nord-ovest dall'Engranne e a sud-est dalla Petite Engranne o torrente Roquefort. I pendii molto ripidi su entrambi i lati di questo oppidum rendevano difficile l'accesso agli attaccanti.\nA questo periodo risale un vicolo coperto, cioè un luogo di sepoltura. Lunga 14 m e larga 1,40 m, è composta da 22 blocchi e 3 tavole ancora al loro posto. La proprietà di Roquefort, con il suo castello del XVIII secolo, è stata acquistata dalla famiglia Bellanger che ha piantato più di cento ettari di vigneti."
    ],
    "fr": [
      "Le site de Roquefort occupe un promontoire (oppidum Gaulois de forme triangulaire) délimité par plusieurs ruisseaux : au nord ouest par l'Engranne et au sud est par la petite Engranne ou ruisseau de Roquefort. Les pentes très abruptes de chaque coté de cet oppidum rendaient les accès difficiles pour les assaillants.\nUne allée couverte, c'est à dire un site funéraire date de cette époque. De 14 m de long sur 1,40 m de large, elle est composée de 22 blocs et 3 tables encore en place. La propriété de Roquefort, avec son château du XVIIIème siècle, a été achetée par la famille Bellanger qui y a planté plus de cent hectares de vignes."
    ],
    "es": [
      "El emplazamiento de Roquefort ocupa un promontorio (oppidum triangular galo) delimitado por varios arroyos: al noroeste por el Engranne y al sureste por el Petite Engranne o arroyo de Roquefort. Las empinadas laderas a ambos lados de este oppidum dificultaron el acceso de los atacantes.\nDe esta época data un callejón cubierto, es decir, un lugar de enterramiento. De 14 m de largo y 1,40 m de ancho, se compone de 22 bloques y 3 mesas aún en pie. La propiedad de Roquefort, con su castillo del siglo XVIII, fue comprada por la familia Bellanger, que plantó más de cien hectáreas de viñas."
    ],
    "nl": [
      "De site van Roquefort ligt op een voorgebergte (driehoekig Gallisch oppidum) begrensd door verschillende stromen: in het noordwesten door de Engranne en in het zuidoosten door de Petite Engranne of Roquefort. De zeer steile hellingen aan weerszijden van dit oppidum maakten de toegang voor de aanvallers moeilijk.\nEen overdekte steeg, d.w.z. een begraafplaats, dateert uit deze periode. Het is 14 m lang en 1,40 m breed en bestaat uit 22 blokken en 3 nog aanwezige tafels. Het domein van Roquefort, met zijn 18e eeuwse kasteel, werd gekocht door de familie Bellanger die er meer dan honderd hectare wijnstokken aanplantte."
    ]
  },
  "rdfs:label": {
    "de": [
      "Allées couvertes de Roquefort"
    ],
    "en": [
      "Allées couvertes de Roquefort"
    ],
    "fr": [
      "Allées couvertes de Roquefort"
    ],
    "nl": [
      "Allées couvertes de Roquefort"
    ],
    "es": [
      "Allées couvertes de Roquefort"
    ]
  },
  "owl:sameAs": [
    "http://www.wikidata.org/entity/Q23011406"
  ],
  "creationDate": "2007-10-12",
  "hasBeenCreatedBy": {
    "@id": "https://data.datatourisme.fr/23/23b65d50-3061-326c-bac0-62db8b23ec24",
    "dc:identifier": "ba402054-7d23-412c-afa9-f8685570b673",
    "schema:legalName": "OT de l'Entre-deux-Mers",
    "@type": [
      "schema:Organization",
      "foaf:Agent",
      "Agent"
    ]
  },
  "hasBeenPublishedBy": [
    {
      "@id": "https://data.datatourisme.fr/05dc9cb8-2fa5-383d-b87b-497de06649a2",
      "schema:email": [
        "sirtaqui@na-tourisme.com"
      ],
      "schema:legalName": "SIRTAQUI Nouvelle-Aquitaine",
      "schema:logo": "http://aquitaine.media.tourinsoft.eu/upload/Logo-Sirtaqui-1280x405.jpg",
      "@type": [
        "schema:Organization",
        "foaf:Agent",
        "Agent"
      ],
      "rdfs:comment": {
        "de": [
          "Collecter, mettre en commun et diffuser le plus largement possible une information complète et de qualité au service de nos habitants et de nos visiteurs : voici les objectifs du SIRTAQUI, Système d’Information Régional Touristique de Nouvelle-AQUItaine. Le dispositif est mis en œuvre conjointement par le Comité Régional de Tourisme de Nouvelle-Aquitaine, les services touristiques de la Corrèze, de la Creuse, de la Dordogne, de la Gironde, des Landes, du Lot-et-Garonne, des Pyrénées-Atlantiques, des Deux-Sèvres, de la Vienne et de la Haute-Vienne, en collaboration avec les Offices de Tourisme, et avec le soutien financier de l’Europe et du Conseil Régional."
        ],
        "en": [
          "Collecter, mettre en commun et diffuser le plus largement possible une information complète et de qualité au service de nos habitants et de nos visiteurs : voici les objectifs du SIRTAQUI, Système d’Information Régional Touristique de Nouvelle-AQUItaine. Le dispositif est mis en œuvre conjointement par le Comité Régional de Tourisme de Nouvelle-Aquitaine, les services touristiques de la Corrèze, de la Creuse, de la Dordogne, de la Gironde, des Landes, du Lot-et-Garonne, des Pyrénées-Atlantiques, des Deux-Sèvres, de la Vienne et de la Haute-Vienne, en collaboration avec les Offices de Tourisme, et avec le soutien financier de l’Europe et du Conseil Régional."
        ],
        "it": [
          "L'obiettivo di SIRTAQUI, il Sistema Regionale di Informazione Turistica della Nuova Aquitania, è quello di raccogliere, mettere in comune e diffondere il più possibile informazioni complete e di qualità a beneficio dei nostri residenti e visitatori. Il sistema è realizzato congiuntamente dal Comité Régional de Tourisme de Nouvelle-Aquitaine, dai servizi turistici di Corrèze, Creuse, Dordogne, Gironde, Landes, Lot-et-Garonne, Pyrénées-Atlantiques, Deux-Sèvres, Vienne e Haute-Vienne, in collaborazione con gli Uffici del Turismo e con il sostegno finanziario dell'Europa e del Conseil Régional."
        ],
        "fr": [
          "Collecter, mettre en commun et diffuser le plus largement possible une information complète et de qualité au service de nos habitants et de nos visiteurs : voici les objectifs du SIRTAQUI, Système d’Information Régional Touristique de Nouvelle-AQUItaine. Le dispositif est mis en œuvre conjointement par le Comité Régional de Tourisme de Nouvelle-Aquitaine, les services touristiques de la Corrèze, de la Creuse, de la Dordogne, de la Gironde, des Landes, du Lot-et-Garonne, des Pyrénées-Atlantiques, des Deux-Sèvres, de la Vienne et de la Haute-Vienne, en collaboration avec les Offices de Tourisme, et avec le soutien financier de l’Europe et du Conseil Régional."
        ],
        "nl": [
          "Collecter, mettre en commun et diffuser le plus largement possible une information complète et de qualité au service de nos habitants et de nos visiteurs : voici les objectifs du SIRTAQUI, Système d’Information Régional Touristique de Nouvelle-AQUItaine. Le dispositif est mis en œuvre conjointement par le Comité Régional de Tourisme de Nouvelle-Aquitaine, les services touristiques de la Corrèze, de la Creuse, de la Dordogne, de la Gironde, des Landes, du Lot-et-Garonne, des Pyrénées-Atlantiques, des Deux-Sèvres, de la Vienne et de la Haute-Vienne, en collaboration avec les Offices de Tourisme, et avec le soutien financier de l’Europe et du Conseil Régional."
        ],
        "es": [
          "Collecter, mettre en commun et diffuser le plus largement possible une information complète et de qualité au service de nos habitants et de nos visiteurs : voici les objectifs du SIRTAQUI, Système d’Information Régional Touristique de Nouvelle-AQUItaine. Le dispositif est mis en œuvre conjointement par le Comité Régional de Tourisme de Nouvelle-Aquitaine, les services touristiques de la Corrèze, de la Creuse, de la Dordogne, de la Gironde, des Landes, du Lot-et-Garonne, des Pyrénées-Atlantiques, des Deux-Sèvres, de la Vienne et de la Haute-Vienne, en collaboration avec les Offices de Tourisme, et avec le soutien financier de l’Europe et du Conseil Régional."
        ]
      },
      "foaf:homepage": [
        "http://www.sirtaqui-aquitaine.com/"
      ],
      "hasTranslatedProperty": [
        {
          "@id": "https://data.datatourisme.fr/eef27e75-4a23-313e-a6ee-797e7b64a1cd",
          "dc:contributor": [
            "https://api.deepl.com/v2/translate"
          ],
          "rdf:language": [
            "it"
          ],
          "rdf:predicate": [
            {
              "@id": "rdfs:comment"
            }
          ]
        }
      ]
    }
  ],
  "hasBookingContact": [
    {
      "@id": "https://data.datatourisme.fr/ab0dca3f-1033-301c-b683-e792e63ad331",
      "schema:legalName": "Monsieur Bellanger",
      "schema:telephone": [
        "+33 5 56 23 97 48"
      ],
      "@type": [
        "schema:Organization",
        "foaf:Agent",
        "Agent"
      ],
      "foaf:homepage": [
        "http://chateau-roquefort.com/"
      ]
    }
  ],
  "hasContact": [
    {
      "@id": "https://data.datatourisme.fr/ab0dca3f-1033-301c-b683-e792e63ad331",
      "schema:legalName": "Monsieur Bellanger",
      "schema:telephone": [
        "+33 5 56 23 97 48"
      ],
      "@type": [
        "schema:Organization",
        "foaf:Agent",
        "Agent"
      ],
      "foaf:homepage": [
        "http://chateau-roquefort.com/"
      ]
    },
    {
      "@id": "https://data.datatourisme.fr/ec4ff449-0667-34b7-af39-b5b2d9940500",
      "schema:legalName": "Allées couvertes de Roquefort",
      "schema:telephone": [
        "+33 5 56 23 97 48"
      ],
      "@type": [
        "schema:Organization",
        "foaf:Agent",
        "Agent"
      ],
      "foaf:homepage": [
        "http://chateau-roquefort.com/"
      ]
    }
  ],
  "hasDescription": [
    {
      "@id": "https://data.datatourisme.fr/2d14763c-39da-36d8-aa8a-8b913028ce91",
      "dc:description": {
        "de": [
          "Die Siedlung Roquefort befindet sich auf einem Vorgebirge (gallisches Oppidum mit dreieckiger Form), das von mehreren Bächen begrenzt wird: im Nordwesten von der Engranne und im Südosten von der kleinen Engranne oder dem Bach von Roquefort. Die sehr steilen Hänge auf beiden Seiten dieses Oppidums machten den Zugang für Angreifer schwierig.\nEine überdachte Allee, d. h. eine Begräbnisstätte, stammt aus dieser Zeit. Sie ist 14 m lang und 1,40 m breit und besteht aus 22 Blöcken und 3 Tischen, die noch an Ort und Stelle stehen. Das Anwesen Roquefort mit seinem Schloss aus dem 18. Jahrhundert wurde von der Familie Bellanger gekauft, die dort über hundert Hektar Weinberge anpflanzte."
        ],
        "en": [
          "The Roquefort site occupies a promontory (a triangular-shaped Gallic oppidum) bounded by several streams: to the north-west by the Engranne and to the south-east by the Petite Engranne or Roquefort stream. The very steep slopes on either side of this oppidum made access difficult for the assailants.\nA covered alley, i.e. a burial site, dates from this period. It is 14 m long and 1.40 m wide, and consists of 22 blocks and 3 tables still in place. The Roquefort property, with its 18th century castle, was bought by the Bellanger family who planted more than one hundred hectares of vines there."
        ],
        "it": [
          "Il sito di Roquefort occupa un promontorio (oppidum triangolare gallico) delimitato da diversi corsi d'acqua: a nord-ovest dall'Engranne e a sud-est dalla Petite Engranne o torrente Roquefort. I pendii molto ripidi su entrambi i lati di questo oppidum rendevano difficile l'accesso agli attaccanti.\nA questo periodo risale un vicolo coperto, cioè un luogo di sepoltura. Lunga 14 m e larga 1,40 m, è composta da 22 blocchi e 3 tavole ancora al loro posto. La proprietà di Roquefort, con il suo castello del XVIII secolo, è stata acquistata dalla famiglia Bellanger che ha piantato più di cento ettari di vigneti."
        ],
        "fr": [
          "Le site de Roquefort occupe un promontoire (oppidum Gaulois de forme triangulaire) délimité par plusieurs ruisseaux : au nord ouest par l'Engranne et au sud est par la petite Engranne ou ruisseau de Roquefort. Les pentes très abruptes de chaque coté de cet oppidum rendaient les accès difficiles pour les assaillants.\nUne allée couverte, c'est à dire un site funéraire date de cette époque. De 14 m de long sur 1,40 m de large, elle est composée de 22 blocs et 3 tables encore en place. La propriété de Roquefort, avec son château du XVIIIème siècle, a été achetée par la famille Bellanger qui y a planté plus de cent hectares de vignes."
        ],
        "es": [
          "El emplazamiento de Roquefort ocupa un promontorio (oppidum triangular galo) delimitado por varios arroyos: al noroeste por el Engranne y al sureste por el Petite Engranne o arroyo de Roquefort. Las empinadas laderas a ambos lados de este oppidum dificultaron el acceso de los atacantes.\nDe esta época data un callejón cubierto, es decir, un lugar de enterramiento. De 14 m de largo y 1,40 m de ancho, se compone de 22 bloques y 3 mesas aún en pie. La propiedad de Roquefort, con su castillo del siglo XVIII, fue comprada por la familia Bellanger, que plantó más de cien hectáreas de viñas."
        ],
        "nl": [
          "De site van Roquefort ligt op een voorgebergte (driehoekig Gallisch oppidum) begrensd door verschillende stromen: in het noordwesten door de Engranne en in het zuidoosten door de Petite Engranne of Roquefort. De zeer steile hellingen aan weerszijden van dit oppidum maakten de toegang voor de aanvallers moeilijk.\nEen overdekte steeg, d.w.z. een begraafplaats, dateert uit deze periode. Het is 14 m lang en 1,40 m breed en bestaat uit 22 blokken en 3 nog aanwezige tafels. Het domein van Roquefort, met zijn 18e eeuwse kasteel, werd gekocht door de familie Bellanger die er meer dan honderd hectare wijnstokken aanplantte."
        ]
      },
      "@type": [
        "Description"
      ],
      "hasTranslatedProperty": [
        {
          "@id": "https://data.datatourisme.fr/0645768b-cd92-3e80-9e88-294f161c0ded",
          "dc:contributor": [
            "https://api.deepl.com/v2/translate"
          ],
          "rdf:language": [
            "nl"
          ],
          "rdf:predicate": [
            {
              "@id": "dc:description"
            }
          ]
        },
        {
          "@id": "https://data.datatourisme.fr/1476e197-1fa9-3671-a902-88e2e4816d55",
          "dc:contributor": [
            "https://api.deepl.com/v2/translate"
          ],
          "rdf:language": [
            "nl"
          ],
          "rdf:predicate": [
            "shortDescription"
          ]
        },
        {
          "@id": "https://data.datatourisme.fr/47d7938b-a116-3057-802a-b35a45ccb644",
          "dc:contributor": [
            "https://api.deepl.com/v2/translate"
          ],
          "rdf:language": [
            "de"
          ],
          "rdf:predicate": [
            {
              "@id": "dc:description"
            }
          ]
        },
        {
          "@id": "https://data.datatourisme.fr/64ba4a4e-0389-3c54-9671-6967b71ac682",
          "dc:contributor": [
            "https://api.deepl.com/v2/translate"
          ],
          "rdf:language": [
            "en"
          ],
          "rdf:predicate": [
            {
              "@id": "dc:description"
            }
          ]
        },
        {
          "@id": "https://data.datatourisme.fr/73fbabdc-8828-357e-b094-c8a045995abc",
          "dc:contributor": [
            "https://api.deepl.com/v2/translate"
          ],
          "rdf:language": [
            "de"
          ],
          "rdf:predicate": [
            "shortDescription"
          ]
        },
        {
          "@id": "https://data.datatourisme.fr/a44eadb8-50b8-3f28-9cc4-907f8e1f41cb",
          "dc:contributor": [
            "https://api.deepl.com/v2/translate"
          ],
          "rdf:language": [
            "es"
          ],
          "rdf:predicate": [
            {
              "@id": "dc:description"
            }
          ]
        },
        {
          "@id": "https://data.datatourisme.fr/ac5efc96-a456-3271-93f1-d19e10129f19",
          "dc:contributor": [
            "https://api.deepl.com/v2/translate"
          ],
          "rdf:language": [
            "it"
          ],
          "rdf:predicate": [
            {
              "@id": "dc:description"
            }
          ]
        },
        {
          "@id": "https://data.datatourisme.fr/bd6d64ca-aa30-34bf-8ac6-5b7789145581",
          "dc:contributor": [
            "https://api.deepl.com/v2/translate"
          ],
          "rdf:language": [
            "es"
          ],
          "rdf:predicate": [
            "shortDescription"
          ]
        },
        {
          "@id": "https://data.datatourisme.fr/d5dbbc54-b3f7-3256-95b0-eec24fecb496",
          "dc:contributor": [
            "https://api.deepl.com/v2/translate"
          ],
          "rdf:language": [
            "it"
          ],
          "rdf:predicate": [
            "shortDescription"
          ]
        },
        {
          "@id": "https://data.datatourisme.fr/e2ed89be-ec76-3622-b0aa-48c0c1a96ce3",
          "dc:contributor": [
            "https://api.deepl.com/v2/translate"
          ],
          "rdf:language": [
            "en"
          ],
          "rdf:predicate": [
            "shortDescription"
          ]
        }
      ],
      "shortDescription": {
        "de": [
          "Die Siedlung Roquefort befindet sich auf einem Vorgebirge (gallisches Oppidum mit dreieckiger Form), das von mehreren Bächen begrenzt wird: im Nordwesten von der Engranne und im Südosten von der kleinen Engranne oder dem Bach von Roquefort. Die sehr steilen Hänge auf beiden Seiten dieses Oppidums machten den Zugang für Angreifer schwierig.\nEine überdachte Allee, d. h. eine Begräbnisstätte, stammt aus dieser Zeit. Sie ist 14 m lang und 1,40 m breit und besteht aus 22 Blöcken und 3 Tischen, die noch an Ort und Stelle stehen. Das Anwesen Roquefort mit seinem Schloss aus dem 18. Jahrhundert wurde von der Familie Bellanger gekauft, die dort über hundert Hektar Weinberge anpflanzte."
        ],
        "en": [
          "The Roquefort site occupies a promontory (a triangular-shaped Gallic oppidum) bounded by several streams: to the north-west by the Engranne and to the south-east by the Petite Engranne or Roquefort stream. The very steep slopes on either side of this oppidum made access difficult for the assailants.\nA covered alley, i.e. a burial site, dates from this period. It is 14 m long and 1.40 m wide, and consists of 22 blocks and 3 tables still in place. The Roquefort property, with its 18th century castle, was bought by the Bellanger family who planted more than one hundred hectares of vines there."
        ],
        "it": [
          "Il sito di Roquefort occupa un promontorio (oppidum triangolare gallico) delimitato da diversi corsi d'acqua: a nord-ovest dall'Engranne e a sud-est dalla Petite Engranne o torrente Roquefort. I pendii molto ripidi su entrambi i lati di questo oppidum rendevano difficile l'accesso agli attaccanti.\nA questo periodo risale un vicolo coperto, cioè un luogo di sepoltura. Lunga 14 m e larga 1,40 m, è composta da 22 blocchi e 3 tavole ancora al loro posto. La proprietà di Roquefort, con il suo castello del XVIII secolo, è stata acquistata dalla famiglia Bellanger che ha piantato più di cento ettari di vigneti."
        ],
        "fr": [
          "Le site de Roquefort occupe un promontoire (oppidum Gaulois de forme triangulaire) délimité par plusieurs ruisseaux : au nord ouest par l'Engranne et au sud est par la petite Engranne ou ruisseau de Roquefort. Les pentes très abruptes de chaque coté de cet oppidum rendaient les accès difficiles pour les assaillants.\nUne allée couverte, c'est à dire un site funéraire date de cette époque. De 14 m de long sur 1,40 m de large, elle est composée de 22 blocs et 3 tables encore en place. La propriété de Roquefort, avec son château du XVIIIème siècle, a été achetée par la famille Bellanger qui y a planté plus de cent hectares de vignes."
        ],
        "es": [
          "El emplazamiento de Roquefort ocupa un promontorio (oppidum triangular galo) delimitado por varios arroyos: al noroeste por el Engranne y al sureste por el Petite Engranne o arroyo de Roquefort. Las empinadas laderas a ambos lados de este oppidum dificultaron el acceso de los atacantes.\nDe esta época data un callejón cubierto, es decir, un lugar de enterramiento. De 14 m de largo y 1,40 m de ancho, se compone de 22 bloques y 3 mesas aún en pie. La propiedad de Roquefort, con su castillo del siglo XVIII, fue comprada por la familia Bellanger, que plantó más de cien hectáreas de viñas."
        ],
        "nl": [
          "De site van Roquefort ligt op een voorgebergte (driehoekig Gallisch oppidum) begrensd door verschillende stromen: in het noordwesten door de Engranne en in het zuidoosten door de Petite Engranne of Roquefort. De zeer steile hellingen aan weerszijden van dit oppidum maakten de toegang voor de aanvallers moeilijk.\nEen overdekte steeg, d.w.z. een begraafplaats, dateert uit deze periode. Het is 14 m lang en 1,40 m breed en bestaat uit 22 blokken en 3 nog aanwezige tafels. Het domein van Roquefort, met zijn 18e eeuwse kasteel, werd gekocht door de familie Bellanger die er meer dan honderd hectare wijnstokken aanplantte."
        ]
      }
    }
  ],
  "hasMainRepresentation": [
    {
      "@id": "https://data.datatourisme.fr/fe342c3b-43ba-31e7-8a67-7d01960df39c",
      "ebucore:hasAnnotation": [
        {
          "@id": "https://data.datatourisme.fr/c3c404c1-77fc-326b-b2e3-910a0dcd1d8d",
          "ebucore:isCoveredBy": "By-NC-ND 4.0",
          "ebucore:title": {
            "fr": [
              "Roquefort-l'allée-couverte-3"
            ]
          },
          "@type": [
            "ebucore:Annotation"
          ],
          "credits": [
            "EDMT"
          ]
        }
      ],
      "ebucore:hasRelatedResource": [
        {
          "@id": "https://data.datatourisme.fr/daa92196-239d-3ad7-b699-2ee95a83855c",
          "ebucore:hasMimeType": [
            {
              "@id": "kb:JPEG",
              "@type": [
                "ebucore:MimeType"
              ],
              "rdfs:comment": {
                "de": [
                  "JPEG-Bild"
                ],
                "pt": [
                  "Imagem JPEG"
                ],
                "en": [
                  "JPEG image file"
                ],
                "it": [
                  "Immagine JPEG"
                ],
                "fr": [
                  "Image JPEG"
                ],
                "nl": [
                  "JPEG-afbeelding"
                ],
                "es": [
                  "Imagen JPEG"
                ]
              },
              "rdfs:label": {
                "de": [
                  "image/jpeg"
                ],
                "pt": [
                  "image/jpeg"
                ],
                "en": [
                  "image/jpeg"
                ],
                "it": [
                  "image/jpeg"
                ],
                "fr": [
                  "image/jpeg"
                ],
                "nl": [
                  "image/jpeg"
                ],
                "es": [
                  "image/jpeg"
                ]
              }
            }
          ],
          "ebucore:locator": [
            "http://aquitaine.media.tourinsoft.eu/Upload/Roquefort-l-allee-couverte-3-2.jpg"
          ],
          "@type": [
            "ebucore:Resource"
          ]
        }
      ],
      "@type": [
        "ebucore:EditorialObject"
      ]
    }
  ],
  "hasNeighborhood": [
    {
      "@id": "kb:InTheCountryside",
      "@type": [
        "SpatialEnvironmentTheme"
      ],
      "rdfs:label": {
        "de": [
          "Auf dem Land"
        ],
        "pt": [
          "No campo"
        ],
        "en": [
          "In the countryside"
        ],
        "it": [
          "In campagna"
        ],
        "fr": [
          "A la campagne"
        ],
        "nl": [
          "Op het platteland"
        ],
        "es": [
          "En el campo"
        ]
      }
    }
  ],
  "hasRepresentation": [
    {
      "@id": "https://data.datatourisme.fr/fe342c3b-43ba-31e7-8a67-7d01960df39c",
      "ebucore:hasAnnotation": [
        {
          "@id": "https://data.datatourisme.fr/c3c404c1-77fc-326b-b2e3-910a0dcd1d8d",
          "ebucore:isCoveredBy": "By-NC-ND 4.0",
          "ebucore:title": {
            "fr": [
              "Roquefort-l'allée-couverte-3"
            ]
          },
          "@type": [
            "ebucore:Annotation"
          ],
          "credits": [
            "EDMT"
          ]
        }
      ],
      "ebucore:hasRelatedResource": [
        {
          "@id": "https://data.datatourisme.fr/daa92196-239d-3ad7-b699-2ee95a83855c",
          "ebucore:hasMimeType": [
            {
              "@id": "kb:JPEG",
              "@type": [
                "ebucore:MimeType"
              ],
              "rdfs:comment": {
                "de": [
                  "JPEG-Bild"
                ],
                "pt": [
                  "Imagem JPEG"
                ],
                "en": [
                  "JPEG image file"
                ],
                "it": [
                  "Immagine JPEG"
                ],
                "fr": [
                  "Image JPEG"
                ],
                "nl": [
                  "JPEG-afbeelding"
                ],
                "es": [
                  "Imagen JPEG"
                ]
              },
              "rdfs:label": {
                "de": [
                  "image/jpeg"
                ],
                "pt": [
                  "image/jpeg"
                ],
                "en": [
                  "image/jpeg"
                ],
                "it": [
                  "image/jpeg"
                ],
                "fr": [
                  "image/jpeg"
                ],
                "nl": [
                  "image/jpeg"
                ],
                "es": [
                  "image/jpeg"
                ]
              }
            }
          ],
          "ebucore:locator": [
            "http://aquitaine.media.tourinsoft.eu/Upload/Roquefort-l-allee-couverte-3-2.jpg"
          ],
          "@type": [
            "ebucore:Resource"
          ]
        }
      ],
      "@type": [
        "ebucore:EditorialObject"
      ]
    }
  ],
  "hasTheme": [
    {
      "@id": "kb:InTheCountryside",
      "@type": [
        "SpatialEnvironmentTheme"
      ],
      "rdfs:label": {
        "de": [
          "Auf dem Land"
        ],
        "pt": [
          "No campo"
        ],
        "en": [
          "In the countryside"
        ],
        "it": [
          "In campagna"
        ],
        "fr": [
          "A la campagne"
        ],
        "nl": [
          "Op het platteland"
        ],
        "es": [
          "En el campo"
        ]
      }
    }
  ],
  "hasTranslatedProperty": [
    {
      "@id": "https://data.datatourisme.fr/662b6804-e465-31de-97ea-f251c69d9be9",
      "dc:contributor": [
        "https://api.deepl.com/v2/translate"
      ],
      "rdf:language": [
        "en"
      ],
      "rdf:predicate": [
        {
          "@id": "rdfs:comment"
        }
      ]
    },
    {
      "@id": "https://data.datatourisme.fr/7475d73c-4a2b-3a0f-af0f-8c22fecb7331",
      "dc:contributor": [
        "https://api.deepl.com/v2/translate"
      ],
      "rdf:language": [
        "es"
      ],
      "rdf:predicate": [
        {
          "@id": "rdfs:comment"
        }
      ]
    },
    {
      "@id": "https://data.datatourisme.fr/85630628-7264-3173-9a6e-73d1af38fea5",
      "dc:contributor": [
        "https://api.deepl.com/v2/translate"
      ],
      "rdf:language": [
        "it"
      ],
      "rdf:predicate": [
        {
          "@id": "rdfs:comment"
        }
      ]
    },
    {
      "@id": "https://data.datatourisme.fr/86c0bd28-1f7f-3d5c-a64b-51ed02bc350c",
      "dc:contributor": [
        "https://api.deepl.com/v2/translate"
      ],
      "rdf:language": [
        "de"
      ],
      "rdf:predicate": [
        {
          "@id": "rdfs:comment"
        }
      ]
    },
    {
      "@id": "https://data.datatourisme.fr/af71be84-4a9b-39d2-b913-b2cfe4be23a2",
      "dc:contributor": [
        "https://api.deepl.com/v2/translate"
      ],
      "rdf:language": [
        "nl"
      ],
      "rdf:predicate": [
        {
          "@id": "rdfs:comment"
        }
      ]
    }
  ],
  "isLocatedAt": [
    {
      "@id": "https://data.datatourisme.fr/35300692-364f-3eaf-90dc-8289eb7b4aad",
      "schema:address": [
        {
          "@id": "https://data.datatourisme.fr/45fa63a4-1917-3851-b832-a2d252b53952",
          "schema:addressLocality": "Lugasson",
          "schema:postalCode": "33760",
          "schema:streetAddress": [
            "Roquefort"
          ],
          "@type": [
            "schema:PostalAddress",
            "PostalAddress"
          ],
          "hasAddressCity": {
            "@id": "kb:33258",
            "@type": [
              "City"
            ],
            "rdfs:label": {
              "de": [
                "Lugasson"
              ],
              "pt": [
                "Lugasson"
              ],
              "en": [
                "Lugasson"
              ],
              "it": [
                "Lugasson"
              ],
              "fr": [
                "Lugasson"
              ],
              "nl": [
                "Lugasson"
              ],
              "es": [
                "Lugasson"
              ]
            },
            "insee": "33258",
            "isPartOfDepartment": {
              "@id": "kb:France7533",
              "@type": [
                "Department"
              ],
              "rdfs:label": {
                "de": [
                  "Gironde"
                ],
                "pt": [
                  "Gironde"
                ],
                "en": [
                  "Gironde"
                ],
                "it": [
                  "Gironde"
                ],
                "fr": [
                  "Gironde"
                ],
                "nl": [
                  "Gironde"
                ],
                "es": [
                  "Gironde"
                ]
              },
              "insee": "33",
              "isPartOfRegion": {
                "@id": "kb:France75",
                "@type": [
                  "Region"
                ],
                "rdfs:label": {
                  "de": [
                    "Nouvelle-Aquitaine"
                  ],
                  "pt": [
                    "Nouvelle-Aquitaine"
                  ],
                  "en": [
                    "Nouvelle-Aquitaine"
                  ],
                  "it": [
                    "Nouvelle-Aquitaine"
                  ],
                  "fr": [
                    "Nouvelle-Aquitaine"
                  ],
                  "nl": [
                    "Nouvelle-Aquitaine"
                  ],
                  "es": [
                    "Nouvelle-Aquitaine"
                  ]
                },
                "insee": "75",
                "isPartOfCountry": {
                  "@id": "kb:France",
                  "@type": [
                    "schema:Country"
                  ],
                  "rdfs:label": {
                    "de": [
                      "France",
                      "Frankreich"
                    ],
                    "pt": [
                      "França",
                      "France"
                    ],
                    "en": [
                      "France"
                    ],
                    "it": [
                      "France",
                      "Francia"
                    ],
                    "fr": [
                      "France"
                    ],
                    "nl": [
                      "France",
                      "Frankrijk"
                    ],
                    "es": [
                      "France",
                      "Francia"
                    ]
                  }
                }
              }
            }
          }
        }
      ],
      "schema:geo": {
        "@id": "https://data.datatourisme.fr/b3b42bb0-dd60-3c2b-851e-827d6fdf2d0b",
        "schema:latitude": "44.7514942",
        "schema:longitude": "-0.1701423",
        "@type": [
          "schema:GeoCoordinates"
        ]
      },
      "@type": [
        "schema:Place",
        "Place"
      ]
    }
  ],
  "isOwnedBy": [
    {
      "@id": "https://data.datatourisme.fr/ab0dca3f-1033-301c-b683-e792e63ad331",
      "schema:legalName": "Monsieur Bellanger",
      "schema:telephone": [
        "+33 5 56 23 97 48"
      ],
      "@type": [
        "schema:Organization",
        "foaf:Agent",
        "Agent"
      ],
      "foaf:homepage": [
        "http://chateau-roquefort.com/"
      ]
    }
  ],
  "lastUpdate": "2023-07-07",
  "lastUpdateDatatourisme": "2023-09-27T23:24:29.689Z",
  "offers": [
    {
      "@id": "https://data.datatourisme.fr/5942c32b-a13a-337e-b6cf-a3d5cad23910",
      "schema:priceSpecification": [
        {
          "@id": "https://data.datatourisme.fr/4363172a-9953-3c9e-a82e-838d968165ff",
          "schema:maxPrice": [
            "6"
          ],
          "schema:minPrice": [
            "6"
          ],
          "schema:priceCurrency": "EUR",
          "@type": [
            "schema:PriceSpecification",
            "PriceSpecification"
          ],
          "hasEligiblePolicy": [
            {
              "@id": "kb:BaseRateFullRate",
              "@type": [
                "PricingPolicy"
              ],
              "rdfs:label": {
                "de": [
                  "Basistarif – voller Tarif"
                ],
                "pt": [
                  "Preço de base — preço total"
                ],
                "en": [
                  "Base rate - full rate"
                ],
                "it": [
                  "Tariffa di base — tariffa intera"
                ],
                "fr": [
                  "Tarif de base - plein tarif"
                ],
                "es": [
                  "Tarifa básica - tarifa completa"
                ],
                "nl": [
                  "Basistarief - vol tarief"
                ]
              }
            }
          ],
          "hasPricingMode": [
            {
              "@id": "kb:PerPerson",
              "@type": [
                "PricingMode"
              ],
              "rdfs:label": {
                "de": [
                  "Pro Person"
                ],
                "pt": [
                  "Por pessoa"
                ],
                "en": [
                  "Per person"
                ],
                "it": [
                  "Per persona"
                ],
                "fr": [
                  "Par personne"
                ],
                "es": [
                  "Por persona"
                ],
                "nl": [
                  "Per persoon"
                ]
              }
            },
            {
              "@id": "kb:PerUnit",
              "@type": [
                "PricingMode"
              ],
              "rdfs:label": {
                "de": [
                  "Pro Einheit"
                ],
                "pt": [
                  "Por unidade"
                ],
                "en": [
                  "Per unit"
                ],
                "it": [
                  "Per unità"
                ],
                "fr": [
                  "A l'unité"
                ],
                "es": [
                  "Por unidad"
                ],
                "nl": [
                  "Per eenheid"
                ]
              }
            }
          ],
          "hasPricingOffer": [
            {
              "@id": "kb:Ticket",
              "@type": [
                "ActivityPricingOffer"
              ],
              "rdfs:label": {
                "de": [
                  "Eintrittskarte, Eintrittsgeld, Pauschale"
                ],
                "pt": [
                  "Bilhete, Direito de entrada, Preço fixo"
                ],
                "en": [
                  "Ticket, Entry fee, Pass"
                ],
                "it": [
                  "Biglietto, diritto d'ingresso, forfait"
                ],
                "fr": [
                  "Ticket, Droit d'entrée, Forfait"
                ],
                "nl": [
                  "Ticket, toegangsbewijs, pas"
                ],
                "es": [
                  "Billete, entrada, forfait"
                ]
              }
            }
          ]
        },
        {
          "@id": "https://data.datatourisme.fr/72cc7cae-fba6-3ddd-a968-aa4d90a02414",
          "schema:maxPrice": [
            "6"
          ],
          "schema:minPrice": [
            "6"
          ],
          "schema:priceCurrency": "EUR",
          "@type": [
            "schema:PriceSpecification",
            "PriceSpecification"
          ],
          "hasEligiblePolicy": [
            {
              "@id": "kb:Group",
              "@type": [
                "PricingPolicy"
              ],
              "rdfs:label": {
                "de": [
                  "Gruppentarif"
                ],
                "pt": [
                  "Preço para Grupos"
                ],
                "en": [
                  "Group rate"
                ],
                "it": [
                  "Tariffa per gruppi"
                ],
                "fr": [
                  "Tarif Groupe"
                ],
                "es": [
                  "Tarifa de grupo"
                ],
                "nl": [
                  "Groepstarief"
                ]
              }
            }
          ]
        }
      ],
      "@type": [
        "schema:Offer",
        "Offer"
      ]
    }
  ]
}