{
  "@id": "https://data.datatourisme.fr/23/006b5c4c-c89d-3890-89cb-d823fc9d7926",
  "dc:identifier": "ITIAQU033V514NM7",
  "@type": [
    "olo:OrderedList",
    "PointOfInterest",
    "Tour",
    "WalkingTour"
  ],
  "rdfs:comment": {
    "de": [
      "Diese zweite Schleife von Ruch im Norden des Dorfes schlängelt sich über das Weinplateau und führt in Richtung des Flusses Escouach, vorbei am Château de Vaure, einem besonders bemerkenswerten Gebäude der Gemeinde."
    ],
    "en": [
      "This second loop, from Ruch to the north of the village, winds its way across the wine-growing plateau towards the Escouach river, passing close to the Château de Vaure, a particularly remarkable building in the commune."
    ],
    "it": [
      "Questo secondo anello, che parte da Ruch a nord del villaggio, si snoda attraverso l'altopiano viticolo verso il fiume Escouach, passando vicino allo Château de Vaure, un edificio particolarmente notevole del comune."
    ],
    "fr": [
      "Cette seconde boucle, de Ruch au Nord du village, serpente sur le plateau viticole et se dirige vers la rivière l'Escouach en passant près du château de Vaure, édifice particulièrement remarquable de la commune."
    ],
    "es": [
      "Este segundo bucle, desde Ruch al norte del pueblo, serpentea por la meseta vitícola hacia el río Escouach, pasando cerca del Château de Vaure, edificio especialmente notable del municipio."
    ],
    "nl": [
      "Deze tweede lus, van Ruch ten noorden van het dorp, slingert zich over het wijnplateau naar de rivier de Escouach, langs het Château de Vaure, een bijzonder opmerkelijk gebouw in de gemeente."
    ]
  },
  "rdfs:label": {
    "de": [
      "Boucle de Ruch à Vaure"
    ],
    "en": [
      "Boucle de Ruch à Vaure"
    ],
    "fr": [
      "Boucle de Ruch à Vaure"
    ],
    "nl": [
      "Boucle de Ruch à Vaure"
    ],
    "es": [
      "Boucle de Ruch à Vaure"
    ]
  },
  "creationDate": "2023-06-15",
  "hasBeenCreatedBy": {
    "@id": "https://data.datatourisme.fr/23/a8d54c54-e196-37fe-80a2-542eb1312ef9",
    "dc:identifier": "e4abdcce-2b00-4c80-aec5-cc0e5eda8e12",
    "schema:legalName": "OT Castillon-Pujols",
    "@type": [
      "schema:Organization",
      "foaf:Agent",
      "Agent"
    ]
  },
  "hasBeenPublishedBy": [
    {
      "@id": "https://data.datatourisme.fr/05dc9cb8-2fa5-383d-b87b-497de06649a2",
      "schema:email": [
        "sirtaqui@na-tourisme.com"
      ],
      "schema:legalName": "SIRTAQUI Nouvelle-Aquitaine",
      "schema:logo": "http://aquitaine.media.tourinsoft.eu/upload/Logo-Sirtaqui-1280x405.jpg",
      "@type": [
        "schema:Organization",
        "foaf:Agent",
        "Agent"
      ],
      "rdfs:comment": {
        "de": [
          "Collecter, mettre en commun et diffuser le plus largement possible une information complète et de qualité au service de nos habitants et de nos visiteurs : voici les objectifs du SIRTAQUI, Système d’Information Régional Touristique de Nouvelle-AQUItaine. Le dispositif est mis en œuvre conjointement par le Comité Régional de Tourisme de Nouvelle-Aquitaine, les services touristiques de la Corrèze, de la Creuse, de la Dordogne, de la Gironde, des Landes, du Lot-et-Garonne, des Pyrénées-Atlantiques, des Deux-Sèvres, de la Vienne et de la Haute-Vienne, en collaboration avec les Offices de Tourisme, et avec le soutien financier de l’Europe et du Conseil Régional."
        ],
        "en": [
          "Collecter, mettre en commun et diffuser le plus largement possible une information complète et de qualité au service de nos habitants et de nos visiteurs : voici les objectifs du SIRTAQUI, Système d’Information Régional Touristique de Nouvelle-AQUItaine. Le dispositif est mis en œuvre conjointement par le Comité Régional de Tourisme de Nouvelle-Aquitaine, les services touristiques de la Corrèze, de la Creuse, de la Dordogne, de la Gironde, des Landes, du Lot-et-Garonne, des Pyrénées-Atlantiques, des Deux-Sèvres, de la Vienne et de la Haute-Vienne, en collaboration avec les Offices de Tourisme, et avec le soutien financier de l’Europe et du Conseil Régional."
        ],
        "it": [
          "L'obiettivo di SIRTAQUI, il Sistema Regionale di Informazione Turistica della Nuova Aquitania, è quello di raccogliere, mettere in comune e diffondere il più possibile informazioni complete e di qualità a beneficio dei nostri residenti e visitatori. Il sistema è realizzato congiuntamente dal Comité Régional de Tourisme de Nouvelle-Aquitaine, dai servizi turistici di Corrèze, Creuse, Dordogne, Gironde, Landes, Lot-et-Garonne, Pyrénées-Atlantiques, Deux-Sèvres, Vienne e Haute-Vienne, in collaborazione con gli Uffici del Turismo e con il sostegno finanziario dell'Europa e del Conseil Régional."
        ],
        "fr": [
          "Collecter, mettre en commun et diffuser le plus largement possible une information complète et de qualité au service de nos habitants et de nos visiteurs : voici les objectifs du SIRTAQUI, Système d’Information Régional Touristique de Nouvelle-AQUItaine. Le dispositif est mis en œuvre conjointement par le Comité Régional de Tourisme de Nouvelle-Aquitaine, les services touristiques de la Corrèze, de la Creuse, de la Dordogne, de la Gironde, des Landes, du Lot-et-Garonne, des Pyrénées-Atlantiques, des Deux-Sèvres, de la Vienne et de la Haute-Vienne, en collaboration avec les Offices de Tourisme, et avec le soutien financier de l’Europe et du Conseil Régional."
        ],
        "nl": [
          "Collecter, mettre en commun et diffuser le plus largement possible une information complète et de qualité au service de nos habitants et de nos visiteurs : voici les objectifs du SIRTAQUI, Système d’Information Régional Touristique de Nouvelle-AQUItaine. Le dispositif est mis en œuvre conjointement par le Comité Régional de Tourisme de Nouvelle-Aquitaine, les services touristiques de la Corrèze, de la Creuse, de la Dordogne, de la Gironde, des Landes, du Lot-et-Garonne, des Pyrénées-Atlantiques, des Deux-Sèvres, de la Vienne et de la Haute-Vienne, en collaboration avec les Offices de Tourisme, et avec le soutien financier de l’Europe et du Conseil Régional."
        ],
        "es": [
          "Collecter, mettre en commun et diffuser le plus largement possible une information complète et de qualité au service de nos habitants et de nos visiteurs : voici les objectifs du SIRTAQUI, Système d’Information Régional Touristique de Nouvelle-AQUItaine. Le dispositif est mis en œuvre conjointement par le Comité Régional de Tourisme de Nouvelle-Aquitaine, les services touristiques de la Corrèze, de la Creuse, de la Dordogne, de la Gironde, des Landes, du Lot-et-Garonne, des Pyrénées-Atlantiques, des Deux-Sèvres, de la Vienne et de la Haute-Vienne, en collaboration avec les Offices de Tourisme, et avec le soutien financier de l’Europe et du Conseil Régional."
        ]
      },
      "foaf:homepage": [
        "http://www.sirtaqui-aquitaine.com/"
      ],
      "hasTranslatedProperty": [
        {
          "@id": "https://data.datatourisme.fr/eef27e75-4a23-313e-a6ee-797e7b64a1cd",
          "dc:contributor": [
            "https://api.deepl.com/v2/translate"
          ],
          "rdf:language": [
            "it"
          ],
          "rdf:predicate": [
            {
              "@id": "rdfs:comment"
            }
          ]
        }
      ]
    }
  ],
  "hasBookingContact": [
    {
      "@id": "https://data.datatourisme.fr/7e4687c5-36d8-395a-93bb-89bbb6e1b777",
      "schema:email": [
        "mairie.de.ruch@wanadoo.fr"
      ],
      "schema:legalName": "Mairie de Ruch",
      "schema:telephone": [
        "+33 5 57 40 54 36"
      ],
      "@type": [
        "schema:Organization",
        "foaf:Agent",
        "Agent"
      ]
    }
  ],
  "hasContact": [
    {
      "@id": "https://data.datatourisme.fr/7e4687c5-36d8-395a-93bb-89bbb6e1b777",
      "schema:email": [
        "mairie.de.ruch@wanadoo.fr"
      ],
      "schema:legalName": "Mairie de Ruch",
      "schema:telephone": [
        "+33 5 57 40 54 36"
      ],
      "@type": [
        "schema:Organization",
        "foaf:Agent",
        "Agent"
      ]
    }
  ],
  "hasDescription": [
    {
      "@id": "https://data.datatourisme.fr/fbf5635e-4f5e-358d-8eac-220a9dfceaad",
      "dc:description": {
        "de": [
          "Diese zweite Schleife von Ruch im Norden des Dorfes schlängelt sich über das Weinplateau und führt in Richtung des Flusses Escouach, vorbei am Château de Vaure, einem besonders bemerkenswerten Gebäude der Gemeinde."
        ],
        "en": [
          "This second loop, from Ruch to the north of the village, winds its way across the wine-growing plateau towards the Escouach river, passing close to the Château de Vaure, a particularly remarkable building in the commune."
        ],
        "it": [
          "Questo secondo anello, che parte da Ruch a nord del villaggio, si snoda attraverso l'altopiano viticolo verso il fiume Escouach, passando vicino allo Château de Vaure, un edificio particolarmente notevole del comune."
        ],
        "fr": [
          "Cette seconde boucle, de Ruch au Nord du village, serpente sur le plateau viticole et se dirige vers la rivière l'Escouach en passant près du château de Vaure, édifice particulièrement remarquable de la commune."
        ],
        "es": [
          "Este segundo bucle, desde Ruch al norte del pueblo, serpentea por la meseta vitícola hacia el río Escouach, pasando cerca del Château de Vaure, edificio especialmente notable del municipio."
        ],
        "nl": [
          "Deze tweede lus, van Ruch ten noorden van het dorp, slingert zich over het wijnplateau naar de rivier de Escouach, langs het Château de Vaure, een bijzonder opmerkelijk gebouw in de gemeente."
        ]
      },
      "@type": [
        "Description"
      ],
      "hasTranslatedProperty": [
        {
          "@id": "https://data.datatourisme.fr/141316fb-8820-36d4-94f9-77bd4582d354",
          "dc:contributor": [
            "https://api.deepl.com/v2/translate"
          ],
          "rdf:language": [
            "de"
          ],
          "rdf:predicate": [
            {
              "@id": "dc:description"
            }
          ]
        },
        {
          "@id": "https://data.datatourisme.fr/2cd66539-98aa-36a5-b0b8-d7533d759af2",
          "dc:contributor": [
            "https://api.deepl.com/v2/translate"
          ],
          "rdf:language": [
            "nl"
          ],
          "rdf:predicate": [
            "shortDescription"
          ]
        },
        {
          "@id": "https://data.datatourisme.fr/647c07f2-75bd-3404-ae9c-45f69b96600b",
          "dc:contributor": [
            "https://api.deepl.com/v2/translate"
          ],
          "rdf:language": [
            "it"
          ],
          "rdf:predicate": [
            "shortDescription"
          ]
        },
        {
          "@id": "https://data.datatourisme.fr/8ea8c69a-a749-3279-99ba-79c9b3e6d1ff",
          "dc:contributor": [
            "https://api.deepl.com/v2/translate"
          ],
          "rdf:language": [
            "es"
          ],
          "rdf:predicate": [
            "shortDescription"
          ]
        },
        {
          "@id": "https://data.datatourisme.fr/b17cb466-06f1-3180-9708-25b794207fe8",
          "dc:contributor": [
            "https://api.deepl.com/v2/translate"
          ],
          "rdf:language": [
            "de"
          ],
          "rdf:predicate": [
            "shortDescription"
          ]
        },
        {
          "@id": "https://data.datatourisme.fr/b1ba9f33-67b6-306d-b618-d53f049e9fb1",
          "dc:contributor": [
            "https://api.deepl.com/v2/translate"
          ],
          "rdf:language": [
            "es"
          ],
          "rdf:predicate": [
            {
              "@id": "dc:description"
            }
          ]
        },
        {
          "@id": "https://data.datatourisme.fr/bf0d7ad7-856f-3792-b3e5-7c946e166903",
          "dc:contributor": [
            "https://api.deepl.com/v2/translate"
          ],
          "rdf:language": [
            "it"
          ],
          "rdf:predicate": [
            {
              "@id": "dc:description"
            }
          ]
        },
        {
          "@id": "https://data.datatourisme.fr/ebd46634-bcce-3802-9a3a-cbc988eb7add",
          "dc:contributor": [
            "https://api.deepl.com/v2/translate"
          ],
          "rdf:language": [
            "en"
          ],
          "rdf:predicate": [
            "shortDescription"
          ]
        },
        {
          "@id": "https://data.datatourisme.fr/f60df017-6f31-31ed-a355-1bd141a88b36",
          "dc:contributor": [
            "https://api.deepl.com/v2/translate"
          ],
          "rdf:language": [
            "nl"
          ],
          "rdf:predicate": [
            {
              "@id": "dc:description"
            }
          ]
        },
        {
          "@id": "https://data.datatourisme.fr/fb8a47c5-bc49-3492-9b97-91c786ab0407",
          "dc:contributor": [
            "https://api.deepl.com/v2/translate"
          ],
          "rdf:language": [
            "en"
          ],
          "rdf:predicate": [
            {
              "@id": "dc:description"
            }
          ]
        }
      ],
      "isDedicatedTo": [
        {
          "@id": "kb:Families",
          "@type": [
            "PeopleAudience"
          ],
          "rdfs:label": {
            "de": [
              "Familien"
            ],
            "pt": [
              "Famílias"
            ],
            "en": [
              "Families"
            ],
            "it": [
              "Famiglie"
            ],
            "fr": [
              "Familles"
            ],
            "nl": [
              "Families"
            ],
            "es": [
              "Familias"
            ]
          }
        },
        {
          "@id": "kb:ForAll",
          "@type": [
            "PeopleAudience"
          ],
          "rdfs:label": {
            "de": [
              "Für alle"
            ],
            "pt": [
              "Para todos"
            ],
            "en": [
              "For all"
            ],
            "it": [
              "Per tutti"
            ],
            "fr": [
              "Tout public"
            ],
            "nl": [
              "Voor iedereen"
            ],
            "es": [
              "Todos los públicos"
            ]
          }
        },
        {
          "@id": "kb:Sportsmen",
          "@type": [
            "PeopleAudience"
          ],
          "rdfs:label": {
            "de": [
              "Sportler(innen)"
            ],
            "pt": [
              "Desportistas"
            ],
            "en": [
              "Sportsmen"
            ],
            "it": [
              "Sportivi"
            ],
            "fr": [
              "Sportifs"
            ],
            "nl": [
              "Sporters"
            ],
            "es": [
              "Deportistas"
            ]
          }
        }
      ],
      "shortDescription": {
        "de": [
          "Diese zweite Schleife von Ruch im Norden des Dorfes schlängelt sich über das Weinplateau und führt in Richtung des Flusses Escouach, vorbei am Château de Vaure, einem besonders bemerkenswerten Gebäude der Gemeinde."
        ],
        "en": [
          "This second loop, from Ruch to the north of the village, winds its way across the wine-growing plateau towards the Escouach river, passing close to the Château de Vaure, a particularly remarkable building in the commune."
        ],
        "it": [
          "Questo secondo anello, che parte da Ruch a nord del villaggio, si snoda attraverso l'altopiano viticolo verso il fiume Escouach, passando vicino allo Château de Vaure, un edificio particolarmente notevole del comune."
        ],
        "fr": [
          "Cette seconde boucle, de Ruch au Nord du village, serpente sur le plateau viticole et se dirige vers la rivière l'Escouach en passant près du château de Vaure, édifice particulièrement remarquable de la commune."
        ],
        "es": [
          "Este segundo bucle, desde Ruch al norte del pueblo, serpentea por la meseta vitícola hacia el río Escouach, pasando cerca del Château de Vaure, edificio especialmente notable del municipio."
        ],
        "nl": [
          "Deze tweede lus, van Ruch ten noorden van het dorp, slingert zich over het wijnplateau naar de rivier de Escouach, langs het Château de Vaure, een bijzonder opmerkelijk gebouw in de gemeente."
        ]
      }
    }
  ],
  "hasFeature": [
    {
      "@id": "https://data.datatourisme.fr/9fb3c235-2ff0-33a7-91ae-4f215fbf91a5",
      "@type": [
        "schema:PropertyValue",
        "FeatureSpecification"
      ],
      "features": [
        {
          "@id": "kb:PicnicArea",
          "@type": [
            "CommonAmenity"
          ],
          "rdfs:label": {
            "de": [
              "Picknickplatz"
            ],
            "pt": [
              "Área de piquenique"
            ],
            "en": [
              "Picnic area"
            ],
            "it": [
              "Area pic-nic"
            ],
            "fr": [
              "Aire de pique-nique"
            ],
            "es": [
              "Zona de pícnic"
            ],
            "nl": [
              "Picknickplaats"
            ]
          }
        }
      ],
      "petsAllowed": true
    }
  ],
  "hasMainRepresentation": [
    {
      "@id": "https://data.datatourisme.fr/c3ef37b4-a79d-3695-8cb2-6993fc732384",
      "ebucore:hasAnnotation": [
        {
          "@id": "https://data.datatourisme.fr/bc061412-ade8-3e38-aea9-10a8bd689c31",
          "ebucore:title": {
            "fr": [
              "Ruch_©Office de Tourisme Castillon-Pujols MS 2023 (15)"
            ]
          },
          "@type": [
            "ebucore:Annotation"
          ],
          "credits": [
            "Office de Tourisme Castillon-Pujols"
          ]
        }
      ],
      "ebucore:hasRelatedResource": [
        {
          "@id": "https://data.datatourisme.fr/fee540ff-5355-346e-884d-9061366622d6",
          "ebucore:hasMimeType": [
            {
              "@id": "kb:JPEG",
              "@type": [
                "ebucore:MimeType"
              ],
              "rdfs:comment": {
                "de": [
                  "JPEG-Bild"
                ],
                "pt": [
                  "Imagem JPEG"
                ],
                "en": [
                  "JPEG image file"
                ],
                "it": [
                  "Immagine JPEG"
                ],
                "fr": [
                  "Image JPEG"
                ],
                "nl": [
                  "JPEG-afbeelding"
                ],
                "es": [
                  "Imagen JPEG"
                ]
              },
              "rdfs:label": {
                "de": [
                  "image/jpeg"
                ],
                "pt": [
                  "image/jpeg"
                ],
                "en": [
                  "image/jpeg"
                ],
                "it": [
                  "image/jpeg"
                ],
                "fr": [
                  "image/jpeg"
                ],
                "nl": [
                  "image/jpeg"
                ],
                "es": [
                  "image/jpeg"
                ]
              }
            }
          ],
          "ebucore:locator": [
            "http://aquitaine.media.tourinsoft.eu/Upload/Ruch--Office-de-Tourisme-Castillon-Pujols-MS-2023--15-.jpg"
          ],
          "@type": [
            "ebucore:Resource"
          ]
        }
      ],
      "@type": [
        "ebucore:EditorialObject"
      ]
    }
  ],
  "hasNeighborhood": [
    {
      "@id": "kb:AtTheVineyard",
      "@type": [
        "SpatialEnvironmentTheme"
      ],
      "rdfs:label": {
        "de": [
          "In den Weinbergen"
        ],
        "pt": [
          "Na vinha"
        ],
        "en": [
          "At the vineyard"
        ],
        "it": [
          "Nel vigneto"
        ],
        "fr": [
          "Dans le vignoble"
        ],
        "nl": [
          "In de wijngaard"
        ],
        "es": [
          "En viñedos"
        ]
      }
    },
    {
      "@id": "kb:InTheCountryside",
      "@type": [
        "SpatialEnvironmentTheme"
      ],
      "rdfs:label": {
        "de": [
          "Auf dem Land"
        ],
        "pt": [
          "No campo"
        ],
        "en": [
          "In the countryside"
        ],
        "it": [
          "In campagna"
        ],
        "fr": [
          "A la campagne"
        ],
        "nl": [
          "Op het platteland"
        ],
        "es": [
          "En el campo"
        ]
      }
    },
    {
      "@id": "kb:InTheVillage",
      "@type": [
        "SpatialEnvironmentTheme"
      ],
      "rdfs:label": {
        "de": [
          "Im Dorf"
        ],
        "pt": [
          "Na aldeia"
        ],
        "en": [
          "In the village"
        ],
        "it": [
          "Nel villaggio"
        ],
        "fr": [
          "Dans le village"
        ],
        "nl": [
          "In het dorp"
        ],
        "es": [
          "En el pueblo"
        ]
      }
    }
  ],
  "hasPracticeCondition": [
    {
      "@id": "https://data.datatourisme.fr/8c5dc88a-c4ea-33a3-b03a-78072d7fad47",
      "@type": [
        "PracticeCondition"
      ],
      "hasDifficultyLevel": [
        {
          "@id": "kb:MediumDifficultyTour",
          "@type": [
            "DifficultyLevel"
          ],
          "rdfs:label": {
            "de": [
              "Mittlere Schwierigkeit"
            ],
            "pt": [
              "Dificuldade média"
            ],
            "en": [
              "Medium difficulty"
            ],
            "it": [
              "Difficoltà media"
            ],
            "fr": [
              "Difficulté moyenne"
            ],
            "nl": [
              "Gemiddelde moeilijkheidsgraad"
            ],
            "es": [
              "Dificultad media"
            ]
          }
        }
      ],
      "hasLocomotionMode": [
        {
          "@id": "kb:WalkingMode",
          "@type": [
            "PedestrianLocomotionMode"
          ],
          "rdfs:label": {
            "de": [
              "Zu Fuß"
            ],
            "pt": [
              "Um pé"
            ],
            "en": [
              "Walking"
            ],
            "it": [
              "Un piede"
            ],
            "fr": [
              "A pieds"
            ],
            "es": [
              "Un pie"
            ],
            "nl": [
              "Een voet"
            ]
          }
        }
      ],
      "practicalTips": {
        "de": [
          "Durée: 3h10"
        ],
        "en": [
          "Durée: 3h10"
        ],
        "fr": [
          "Durée: 3h10"
        ],
        "nl": [
          "Durée: 3h10"
        ],
        "es": [
          "Durée: 3h10"
        ]
      }
    }
  ],
  "hasRepresentation": [
    {
      "@id": "https://data.datatourisme.fr/5b57148d-2ebe-3e04-955d-c8a8fcb33cb2",
      "ebucore:hasAnnotation": [
        {
          "@id": "https://data.datatourisme.fr/2dc9b7e2-e551-3a87-abd1-f5aba56fb7d9",
          "ebucore:title": {
            "fr": [
              "Eglise_Saint-Etienne_-_Ruch_-_Emmanuel_Gaye_OTCP_2021 (2)"
            ]
          },
          "@type": [
            "ebucore:Annotation"
          ],
          "credits": [
            "Office de Tourisme Castillon-Pujols"
          ]
        }
      ],
      "ebucore:hasRelatedResource": [
        {
          "@id": "https://data.datatourisme.fr/29d0860a-ee45-3553-816b-ada6753b3459",
          "ebucore:hasMimeType": [
            {
              "@id": "kb:JPEG",
              "@type": [
                "ebucore:MimeType"
              ],
              "rdfs:comment": {
                "de": [
                  "JPEG-Bild"
                ],
                "pt": [
                  "Imagem JPEG"
                ],
                "en": [
                  "JPEG image file"
                ],
                "it": [
                  "Immagine JPEG"
                ],
                "fr": [
                  "Image JPEG"
                ],
                "nl": [
                  "JPEG-afbeelding"
                ],
                "es": [
                  "Imagen JPEG"
                ]
              },
              "rdfs:label": {
                "de": [
                  "image/jpeg"
                ],
                "pt": [
                  "image/jpeg"
                ],
                "en": [
                  "image/jpeg"
                ],
                "it": [
                  "image/jpeg"
                ],
                "fr": [
                  "image/jpeg"
                ],
                "nl": [
                  "image/jpeg"
                ],
                "es": [
                  "image/jpeg"
                ]
              }
            }
          ],
          "ebucore:locator": [
            "http://aquitaine.media.tourinsoft.eu/Upload/Eglise-Saint-Etienne---Ruch---Emmanuel-Gaye-OTCP-2021--2--3.jpg"
          ],
          "@type": [
            "ebucore:Resource"
          ]
        }
      ],
      "@type": [
        "ebucore:EditorialObject"
      ]
    },
    {
      "@id": "https://data.datatourisme.fr/70470e37-9ebc-32ba-983e-7b46c3652b32",
      "ebucore:hasRelatedResource": [
        {
          "@id": "https://data.datatourisme.fr/4f22a41e-3397-38b7-afb0-79a0a933deb9",
          "ebucore:hasMimeType": [
            {
              "@id": "kb:PDF",
              "@type": [
                "ebucore:MimeType"
              ],
              "rdfs:comment": {
                "de": [
                  "PDF-Datei"
                ],
                "pt": [
                  "Ficheiro PDF"
                ],
                "en": [
                  "PDF file"
                ],
                "it": [
                  "File PDF"
                ],
                "fr": [
                  "Adobe Portable Document Format"
                ],
                "nl": [
                  "Pdf-bestand"
                ],
                "es": [
                  "Archivo PDF"
                ]
              },
              "rdfs:label": {
                "de": [
                  "application/pdf"
                ],
                "pt": [
                  "application/pdf"
                ],
                "en": [
                  "application/pdf"
                ],
                "it": [
                  "application/pdf"
                ],
                "fr": [
                  "application/pdf"
                ],
                "nl": [
                  "application/pdf"
                ],
                "es": [
                  "application/pdf"
                ]
              }
            }
          ],
          "ebucore:locator": [
            "http://aquitaine.media.tourinsoft.eu/upload/randonnee-la-boucle-de-ruch-a-vaure.pdf"
          ],
          "@type": [
            "ebucore:Resource"
          ]
        }
      ],
      "@type": [
        "ebucore:EditorialObject"
      ]
    },
    {
      "@id": "https://data.datatourisme.fr/bcc805ca-4364-3033-9ef2-08fcc08432d0",
      "ebucore:hasAnnotation": [
        {
          "@id": "https://data.datatourisme.fr/bcdbda3a-f3d6-3bfa-bc32-2332e62f7879",
          "ebucore:title": {
            "fr": [
              "Ruch_©Office de Tourisme Castillon-Pujols MS 2023 (28)"
            ]
          },
          "@type": [
            "ebucore:Annotation"
          ],
          "credits": [
            "Office de Tourisme Castillon-Pujols"
          ]
        }
      ],
      "ebucore:hasRelatedResource": [
        {
          "@id": "https://data.datatourisme.fr/389b8b95-bb75-3452-940f-9313b1fabb9f",
          "ebucore:hasMimeType": [
            {
              "@id": "kb:JPEG",
              "@type": [
                "ebucore:MimeType"
              ],
              "rdfs:comment": {
                "de": [
                  "JPEG-Bild"
                ],
                "pt": [
                  "Imagem JPEG"
                ],
                "en": [
                  "JPEG image file"
                ],
                "it": [
                  "Immagine JPEG"
                ],
                "fr": [
                  "Image JPEG"
                ],
                "nl": [
                  "JPEG-afbeelding"
                ],
                "es": [
                  "Imagen JPEG"
                ]
              },
              "rdfs:label": {
                "de": [
                  "image/jpeg"
                ],
                "pt": [
                  "image/jpeg"
                ],
                "en": [
                  "image/jpeg"
                ],
                "it": [
                  "image/jpeg"
                ],
                "fr": [
                  "image/jpeg"
                ],
                "nl": [
                  "image/jpeg"
                ],
                "es": [
                  "image/jpeg"
                ]
              }
            }
          ],
          "ebucore:locator": [
            "http://aquitaine.media.tourinsoft.eu/Upload/Ruch--Office-de-Tourisme-Castillon-Pujols-MS-2023--28-.png"
          ],
          "@type": [
            "ebucore:Resource"
          ]
        }
      ],
      "@type": [
        "ebucore:EditorialObject"
      ]
    },
    {
      "@id": "https://data.datatourisme.fr/c3ef37b4-a79d-3695-8cb2-6993fc732384",
      "ebucore:hasAnnotation": [
        {
          "@id": "https://data.datatourisme.fr/bc061412-ade8-3e38-aea9-10a8bd689c31",
          "ebucore:title": {
            "fr": [
              "Ruch_©Office de Tourisme Castillon-Pujols MS 2023 (15)"
            ]
          },
          "@type": [
            "ebucore:Annotation"
          ],
          "credits": [
            "Office de Tourisme Castillon-Pujols"
          ]
        }
      ],
      "ebucore:hasRelatedResource": [
        {
          "@id": "https://data.datatourisme.fr/fee540ff-5355-346e-884d-9061366622d6",
          "ebucore:hasMimeType": [
            {
              "@id": "kb:JPEG",
              "@type": [
                "ebucore:MimeType"
              ],
              "rdfs:comment": {
                "de": [
                  "JPEG-Bild"
                ],
                "pt": [
                  "Imagem JPEG"
                ],
                "en": [
                  "JPEG image file"
                ],
                "it": [
                  "Immagine JPEG"
                ],
                "fr": [
                  "Image JPEG"
                ],
                "nl": [
                  "JPEG-afbeelding"
                ],
                "es": [
                  "Imagen JPEG"
                ]
              },
              "rdfs:label": {
                "de": [
                  "image/jpeg"
                ],
                "pt": [
                  "image/jpeg"
                ],
                "en": [
                  "image/jpeg"
                ],
                "it": [
                  "image/jpeg"
                ],
                "fr": [
                  "image/jpeg"
                ],
                "nl": [
                  "image/jpeg"
                ],
                "es": [
                  "image/jpeg"
                ]
              }
            }
          ],
          "ebucore:locator": [
            "http://aquitaine.media.tourinsoft.eu/Upload/Ruch--Office-de-Tourisme-Castillon-Pujols-MS-2023--15-.jpg"
          ],
          "@type": [
            "ebucore:Resource"
          ]
        }
      ],
      "@type": [
        "ebucore:EditorialObject"
      ]
    },
    {
      "@id": "https://data.datatourisme.fr/fc2e61d8-2de0-33d2-ab8a-beeb1d9c5552",
      "ebucore:hasRelatedResource": [
        {
          "@id": "https://data.datatourisme.fr/feeb577e-5196-32ac-ad2a-5d28b8320182",
          "ebucore:hasMimeType": [
            {
              "@id": "kb:GPX",
              "@type": [
                "ebucore:MimeType"
              ],
              "rdfs:comment": {
                "de": [
                  "GPX-Datei"
                ],
                "pt": [
                  "Ficheiro GPX"
                ],
                "en": [
                  "GPX file"
                ],
                "it": [
                  "File GPX"
                ],
                "fr": [
                  "Fichier GPX"
                ],
                "nl": [
                  "GPX-bestand"
                ],
                "es": [
                  "Archivo GPX"
                ]
              },
              "rdfs:label": {
                "de": [
                  "application/gpx+xml"
                ],
                "pt": [
                  "application/gpx+xml"
                ],
                "en": [
                  "application/gpx+xml"
                ],
                "it": [
                  "application/gpx+xml"
                ],
                "fr": [
                  "application/gpx+xml"
                ],
                "nl": [
                  "application/gpx+xml"
                ],
                "es": [
                  "application/gpx+xml"
                ]
              }
            }
          ],
          "ebucore:locator": [
            "http://aquitaine.media.tourinsoft.eu/Upload/Vaure-Ruch.gpx"
          ],
          "@type": [
            "ebucore:Resource"
          ]
        }
      ],
      "@type": [
        "ebucore:EditorialObject"
      ]
    }
  ],
  "hasTheme": [
    {
      "@id": "kb:AtTheVineyard",
      "@type": [
        "SpatialEnvironmentTheme"
      ],
      "rdfs:label": {
        "de": [
          "In den Weinbergen"
        ],
        "pt": [
          "Na vinha"
        ],
        "en": [
          "At the vineyard"
        ],
        "it": [
          "Nel vigneto"
        ],
        "fr": [
          "Dans le vignoble"
        ],
        "nl": [
          "In de wijngaard"
        ],
        "es": [
          "En viñedos"
        ]
      }
    },
    {
      "@id": "kb:FaunaFlora",
      "@type": [
        "CulturalTheme"
      ],
      "rdfs:label": {
        "de": [
          "Fauna – Flora"
        ],
        "pt": [
          "Fauna — flora"
        ],
        "en": [
          "Fauna - flora"
        ],
        "it": [
          "Fauna - Flora"
        ],
        "fr": [
          "Faune - flore"
        ],
        "nl": [
          "Fauna - flora"
        ],
        "es": [
          "Fauna - flora"
        ]
      }
    },
    {
      "@id": "kb:InTheCountryside",
      "@type": [
        "SpatialEnvironmentTheme"
      ],
      "rdfs:label": {
        "de": [
          "Auf dem Land"
        ],
        "pt": [
          "No campo"
        ],
        "en": [
          "In the countryside"
        ],
        "it": [
          "In campagna"
        ],
        "fr": [
          "A la campagne"
        ],
        "nl": [
          "Op het platteland"
        ],
        "es": [
          "En el campo"
        ]
      }
    },
    {
      "@id": "kb:InTheVillage",
      "@type": [
        "SpatialEnvironmentTheme"
      ],
      "rdfs:label": {
        "de": [
          "Im Dorf"
        ],
        "pt": [
          "Na aldeia"
        ],
        "en": [
          "In the village"
        ],
        "it": [
          "Nel villaggio"
        ],
        "fr": [
          "Dans le village"
        ],
        "nl": [
          "In het dorp"
        ],
        "es": [
          "En el pueblo"
        ]
      }
    },
    {
      "@id": "kb:NatureAndEnvironment",
      "@type": [
        "CulturalTheme"
      ],
      "rdfs:label": {
        "de": [
          "Umwelt und Natur"
        ],
        "pt": [
          "Ambiente e natureza"
        ],
        "en": [
          "Nature and environment"
        ],
        "it": [
          "Ambiente e natura"
        ],
        "fr": [
          "Environnement et nature"
        ],
        "nl": [
          "Milieu en natuur"
        ],
        "es": [
          "Medioambiente y naturaleza"
        ]
      }
    },
    {
      "@id": "kb:PlantsAndFlower",
      "@type": [
        "CulturalTheme"
      ],
      "rdfs:label": {
        "de": [
          "Pflanze und Blume"
        ],
        "pt": [
          "Plantas e flores"
        ],
        "en": [
          "Plants and flower"
        ],
        "it": [
          "Pianta e fiore"
        ],
        "fr": [
          "Plante et fleur"
        ],
        "es": [
          "Plantas y flores"
        ],
        "nl": [
          "Bloemen en planten"
        ]
      }
    }
  ],
  "hasTourType": [
    {
      "@id": "kb:Loop",
      "@type": [
        "TourType"
      ],
      "rdfs:label": {
        "de": [
          "Schleifenroute"
        ],
        "pt": [
          "Circular"
        ],
        "en": [
          "Loop itinerary"
        ],
        "it": [
          "Ad anello"
        ],
        "fr": [
          "En boucle"
        ],
        "nl": [
          "In een lus"
        ],
        "es": [
          "Circuito"
        ]
      }
    }
  ],
  "hasTranslatedProperty": [
    {
      "@id": "https://data.datatourisme.fr/29d0990f-8bdb-337e-84bd-1c5aa6e2d770",
      "dc:contributor": [
        "https://api.deepl.com/v2/translate"
      ],
      "rdf:language": [
        "nl"
      ],
      "rdf:predicate": [
        {
          "@id": "rdfs:comment"
        }
      ]
    },
    {
      "@id": "https://data.datatourisme.fr/5dfd8d86-fb83-3ae4-9faf-77a695cd0492",
      "dc:contributor": [
        "https://api.deepl.com/v2/translate"
      ],
      "rdf:language": [
        "es"
      ],
      "rdf:predicate": [
        {
          "@id": "rdfs:comment"
        }
      ]
    },
    {
      "@id": "https://data.datatourisme.fr/683e7c1d-f119-3917-9134-2dd82c73db97",
      "dc:contributor": [
        "https://api.deepl.com/v2/translate"
      ],
      "rdf:language": [
        "it"
      ],
      "rdf:predicate": [
        {
          "@id": "rdfs:comment"
        }
      ]
    },
    {
      "@id": "https://data.datatourisme.fr/a6de9e56-d6b6-393c-8cc3-fbe6c73e8638",
      "dc:contributor": [
        "https://api.deepl.com/v2/translate"
      ],
      "rdf:language": [
        "de"
      ],
      "rdf:predicate": [
        {
          "@id": "rdfs:comment"
        }
      ]
    },
    {
      "@id": "https://data.datatourisme.fr/d0f036d0-8b44-3234-afe5-71acfd3865c6",
      "dc:contributor": [
        "https://api.deepl.com/v2/translate"
      ],
      "rdf:language": [
        "en"
      ],
      "rdf:predicate": [
        {
          "@id": "rdfs:comment"
        }
      ]
    }
  ],
  "isLocatedAt": [
    {
      "@id": "https://data.datatourisme.fr/a628ba44-cbda-30f0-ad88-d72028e0c7b0",
      "schema:address": [
        {
          "@id": "https://data.datatourisme.fr/79becec5-9760-38c0-bd3f-f435dc63eb66",
          "schema:addressLocality": "Ruch",
          "schema:postalCode": "33350",
          "@type": [
            "schema:PostalAddress",
            "PostalAddress"
          ],
          "hasAddressCity": {
            "@id": "kb:33361",
            "@type": [
              "City"
            ],
            "rdfs:label": {
              "de": [
                "Ruch"
              ],
              "pt": [
                "Ruch"
              ],
              "en": [
                "Ruch"
              ],
              "it": [
                "Ruch"
              ],
              "fr": [
                "Ruch"
              ],
              "nl": [
                "Ruch"
              ],
              "es": [
                "Ruch"
              ]
            },
            "insee": "33361",
            "isPartOfDepartment": {
              "@id": "kb:France7533",
              "@type": [
                "Department"
              ],
              "rdfs:label": {
                "de": [
                  "Gironde"
                ],
                "pt": [
                  "Gironde"
                ],
                "en": [
                  "Gironde"
                ],
                "it": [
                  "Gironde"
                ],
                "fr": [
                  "Gironde"
                ],
                "nl": [
                  "Gironde"
                ],
                "es": [
                  "Gironde"
                ]
              },
              "insee": "33",
              "isPartOfRegion": {
                "@id": "kb:France75",
                "@type": [
                  "Region"
                ],
                "rdfs:label": {
                  "de": [
                    "Nouvelle-Aquitaine"
                  ],
                  "pt": [
                    "Nouvelle-Aquitaine"
                  ],
                  "en": [
                    "Nouvelle-Aquitaine"
                  ],
                  "it": [
                    "Nouvelle-Aquitaine"
                  ],
                  "fr": [
                    "Nouvelle-Aquitaine"
                  ],
                  "nl": [
                    "Nouvelle-Aquitaine"
                  ],
                  "es": [
                    "Nouvelle-Aquitaine"
                  ]
                },
                "insee": "75",
                "isPartOfCountry": {
                  "@id": "kb:France",
                  "@type": [
                    "schema:Country"
                  ],
                  "rdfs:label": {
                    "de": [
                      "France",
                      "Frankreich"
                    ],
                    "pt": [
                      "França",
                      "France"
                    ],
                    "en": [
                      "France"
                    ],
                    "it": [
                      "France",
                      "Francia"
                    ],
                    "fr": [
                      "France"
                    ],
                    "nl": [
                      "France",
                      "Frankrijk"
                    ],
                    "es": [
                      "France",
                      "Francia"
                    ]
                  }
                }
              }
            }
          }
        }
      ],
      "schema:geo": {
        "@id": "https://data.datatourisme.fr/9fb1119a-c5f1-3894-bcbd-7d15548cd0dc",
        "schema:latitude": "44.7754949",
        "schema:longitude": "-0.0387257",
        "@type": [
          "schema:GeoCoordinates"
        ]
      },
      "@type": [
        "schema:Place",
        "Place"
      ],
      "petsAllowed": true
    }
  ],
  "isOwnedBy": [
    {
      "@id": "https://data.datatourisme.fr/7e4687c5-36d8-395a-93bb-89bbb6e1b777",
      "schema:email": [
        "mairie.de.ruch@wanadoo.fr"
      ],
      "schema:legalName": "Mairie de Ruch",
      "schema:telephone": [
        "+33 5 57 40 54 36"
      ],
      "@type": [
        "schema:Organization",
        "foaf:Agent",
        "Agent"
      ]
    }
  ],
  "lastUpdate": "2023-08-07",
  "lastUpdateDatatourisme": "2023-08-07T23:35:51.911Z",
  "negativeCumulDifference": "97.0",
  "positiveCumulDifference": "93.0",
  "reducedMobilityAccess": false,
  "tourDistance": "10000.0"
}