{
  "@id": "https://data.datatourisme.fr/23/00f9ff32-346e-3872-a0fc-41ecb1ddf583",
  "dc:identifier": "LOIAQU033FS000H3",
  "@type": [
    "schema:Library",
    "CulturalSite",
    "Library",
    "PlaceOfInterest",
    "PointOfInterest"
  ],
  "rdfs:comment": {
    "de": [
      "Die Bibliothek bietet Aktivitäten für Kinder an. Im Rahmen des gemeindeübergreifenden Bibliotheksnetzwerks des Kantons Saint Savin bietet die Bibliothek eine Auswahl an Büchern zum Thema Handarbeiten an."
    ],
    "en": [
      "The library offers activities for children. As part of the intermunicipal network of libraries in the canton of Saint Savin, the library offers a range of books on the theme of manual arts."
    ],
    "it": [
      "La biblioteca offre attività per i bambini. Come parte della rete intercomunale di biblioteche del Cantone di Saint Savin, la biblioteca offre una serie di libri sul tema delle arti manuali."
    ],
    "fr": [
      "La bibliothèque propose des activités pour les enfants. Dans le cadre du réseau intercommunal des bibliothèque du canton de Saint Savin, la bibliothèque offre un panel de livres sur le thème des arts manuels."
    ],
    "es": [
      "La biblioteca ofrece actividades para los niños. Como parte de la red intercomunal de bibliotecas del cantón de San Savino, la biblioteca ofrece una serie de libros sobre el tema de las artes manuales."
    ],
    "nl": [
      "De bibliotheek biedt activiteiten voor kinderen. Als onderdeel van het intercommunale netwerk van bibliotheken in het kanton Saint Savin biedt de bibliotheek een reeks boeken over het thema handvaardigheid."
    ]
  },
  "rdfs:label": {
    "de": [
      "Bibliothèque de Saint Christoly de Blaye"
    ],
    "en": [
      "Bibliothèque de Saint Christoly de Blaye"
    ],
    "fr": [
      "Bibliothèque de Saint Christoly de Blaye"
    ],
    "nl": [
      "Bibliothèque de Saint Christoly de Blaye"
    ],
    "es": [
      "Bibliothèque de Saint Christoly de Blaye"
    ]
  },
  "creationDate": "2008-09-25",
  "hasBeenCreatedBy": {
    "@id": "https://data.datatourisme.fr/23/d5702f54-8264-3413-aa42-0bd23f7b2f62",
    "dc:identifier": "60461632-9295-462d-ac50-1898fe4fcb24",
    "schema:legalName": "OT Blaye",
    "@type": [
      "schema:Organization",
      "foaf:Agent",
      "Agent"
    ]
  },
  "hasBeenPublishedBy": [
    {
      "@id": "https://data.datatourisme.fr/05dc9cb8-2fa5-383d-b87b-497de06649a2",
      "schema:email": [
        "sirtaqui@na-tourisme.com"
      ],
      "schema:legalName": "SIRTAQUI Nouvelle-Aquitaine",
      "schema:logo": "http://aquitaine.media.tourinsoft.eu/upload/Logo-Sirtaqui-1280x405.jpg",
      "@type": [
        "schema:Organization",
        "foaf:Agent",
        "Agent"
      ],
      "rdfs:comment": {
        "de": [
          "Collecter, mettre en commun et diffuser le plus largement possible une information complète et de qualité au service de nos habitants et de nos visiteurs : voici les objectifs du SIRTAQUI, Système d’Information Régional Touristique de Nouvelle-AQUItaine. Le dispositif est mis en œuvre conjointement par le Comité Régional de Tourisme de Nouvelle-Aquitaine, les services touristiques de la Corrèze, de la Creuse, de la Dordogne, de la Gironde, des Landes, du Lot-et-Garonne, des Pyrénées-Atlantiques, des Deux-Sèvres, de la Vienne et de la Haute-Vienne, en collaboration avec les Offices de Tourisme, et avec le soutien financier de l’Europe et du Conseil Régional."
        ],
        "en": [
          "Collecter, mettre en commun et diffuser le plus largement possible une information complète et de qualité au service de nos habitants et de nos visiteurs : voici les objectifs du SIRTAQUI, Système d’Information Régional Touristique de Nouvelle-AQUItaine. Le dispositif est mis en œuvre conjointement par le Comité Régional de Tourisme de Nouvelle-Aquitaine, les services touristiques de la Corrèze, de la Creuse, de la Dordogne, de la Gironde, des Landes, du Lot-et-Garonne, des Pyrénées-Atlantiques, des Deux-Sèvres, de la Vienne et de la Haute-Vienne, en collaboration avec les Offices de Tourisme, et avec le soutien financier de l’Europe et du Conseil Régional."
        ],
        "it": [
          "L'obiettivo di SIRTAQUI, il Sistema Regionale di Informazione Turistica della Nuova Aquitania, è quello di raccogliere, mettere in comune e diffondere il più possibile informazioni complete e di qualità a beneficio dei nostri residenti e visitatori. Il sistema è realizzato congiuntamente dal Comité Régional de Tourisme de Nouvelle-Aquitaine, dai servizi turistici di Corrèze, Creuse, Dordogne, Gironde, Landes, Lot-et-Garonne, Pyrénées-Atlantiques, Deux-Sèvres, Vienne e Haute-Vienne, in collaborazione con gli Uffici del Turismo e con il sostegno finanziario dell'Europa e del Conseil Régional."
        ],
        "fr": [
          "Collecter, mettre en commun et diffuser le plus largement possible une information complète et de qualité au service de nos habitants et de nos visiteurs : voici les objectifs du SIRTAQUI, Système d’Information Régional Touristique de Nouvelle-AQUItaine. Le dispositif est mis en œuvre conjointement par le Comité Régional de Tourisme de Nouvelle-Aquitaine, les services touristiques de la Corrèze, de la Creuse, de la Dordogne, de la Gironde, des Landes, du Lot-et-Garonne, des Pyrénées-Atlantiques, des Deux-Sèvres, de la Vienne et de la Haute-Vienne, en collaboration avec les Offices de Tourisme, et avec le soutien financier de l’Europe et du Conseil Régional."
        ],
        "nl": [
          "Collecter, mettre en commun et diffuser le plus largement possible une information complète et de qualité au service de nos habitants et de nos visiteurs : voici les objectifs du SIRTAQUI, Système d’Information Régional Touristique de Nouvelle-AQUItaine. Le dispositif est mis en œuvre conjointement par le Comité Régional de Tourisme de Nouvelle-Aquitaine, les services touristiques de la Corrèze, de la Creuse, de la Dordogne, de la Gironde, des Landes, du Lot-et-Garonne, des Pyrénées-Atlantiques, des Deux-Sèvres, de la Vienne et de la Haute-Vienne, en collaboration avec les Offices de Tourisme, et avec le soutien financier de l’Europe et du Conseil Régional."
        ],
        "es": [
          "Collecter, mettre en commun et diffuser le plus largement possible une information complète et de qualité au service de nos habitants et de nos visiteurs : voici les objectifs du SIRTAQUI, Système d’Information Régional Touristique de Nouvelle-AQUItaine. Le dispositif est mis en œuvre conjointement par le Comité Régional de Tourisme de Nouvelle-Aquitaine, les services touristiques de la Corrèze, de la Creuse, de la Dordogne, de la Gironde, des Landes, du Lot-et-Garonne, des Pyrénées-Atlantiques, des Deux-Sèvres, de la Vienne et de la Haute-Vienne, en collaboration avec les Offices de Tourisme, et avec le soutien financier de l’Europe et du Conseil Régional."
        ]
      },
      "foaf:homepage": [
        "http://www.sirtaqui-aquitaine.com/"
      ],
      "hasTranslatedProperty": [
        {
          "@id": "https://data.datatourisme.fr/eef27e75-4a23-313e-a6ee-797e7b64a1cd",
          "dc:contributor": [
            "https://api.deepl.com/v2/translate"
          ],
          "rdf:language": [
            "it"
          ],
          "rdf:predicate": [
            {
              "@id": "rdfs:comment"
            }
          ]
        }
      ]
    }
  ],
  "hasBookingContact": [
    {
      "@id": "https://data.datatourisme.fr/b35daf91-6e19-3c61-a832-c35e52202b37",
      "schema:email": [
        "bibilotheque.stchristolydeblaye@orange.fr"
      ],
      "schema:telephone": [
        "+33 5 57 42 74 49"
      ],
      "@type": [
        "foaf:Agent",
        "Agent"
      ]
    }
  ],
  "hasContact": [
    {
      "@id": "https://data.datatourisme.fr/b35daf91-6e19-3c61-a832-c35e52202b37",
      "schema:email": [
        "bibilotheque.stchristolydeblaye@orange.fr"
      ],
      "schema:telephone": [
        "+33 5 57 42 74 49"
      ],
      "@type": [
        "foaf:Agent",
        "Agent"
      ]
    }
  ],
  "hasDescription": [
    {
      "@id": "https://data.datatourisme.fr/a5c54b25-b9aa-35cd-8337-3a820fc6f5e2",
      "dc:description": {
        "de": [
          "Die Bibliothek bietet Aktivitäten für Kinder an. Im Rahmen des gemeindeübergreifenden Bibliotheksnetzwerks des Kantons Saint Savin bietet die Bibliothek eine Auswahl an Büchern zum Thema Handarbeiten an."
        ],
        "en": [
          "The library offers activities for children. As part of the intermunicipal network of libraries in the canton of Saint Savin, the library offers a range of books on the theme of manual arts."
        ],
        "it": [
          "La biblioteca offre attività per i bambini. Come parte della rete intercomunale di biblioteche del Cantone di Saint Savin, la biblioteca offre una serie di libri sul tema delle arti manuali."
        ],
        "fr": [
          "La bibliothèque propose des activités pour les enfants. Dans le cadre du réseau intercommunal des bibliothèque du canton de Saint Savin, la bibliothèque offre un panel de livres sur le thème des arts manuels."
        ],
        "es": [
          "La biblioteca ofrece actividades para los niños. Como parte de la red intercomunal de bibliotecas del cantón de San Savino, la biblioteca ofrece una serie de libros sobre el tema de las artes manuales."
        ],
        "nl": [
          "De bibliotheek biedt activiteiten voor kinderen. Als onderdeel van het intercommunale netwerk van bibliotheken in het kanton Saint Savin biedt de bibliotheek een reeks boeken over het thema handvaardigheid."
        ]
      },
      "@type": [
        "Description"
      ],
      "hasTranslatedProperty": [
        {
          "@id": "https://data.datatourisme.fr/06955f93-7765-3800-8226-bc8f8e01290f",
          "dc:contributor": [
            "https://api.deepl.com/v2/translate"
          ],
          "rdf:language": [
            "nl"
          ],
          "rdf:predicate": [
            {
              "@id": "dc:description"
            }
          ]
        },
        {
          "@id": "https://data.datatourisme.fr/41145321-df60-3a77-ad5b-eb51ead38427",
          "dc:contributor": [
            "https://api.deepl.com/v2/translate"
          ],
          "rdf:language": [
            "nl"
          ],
          "rdf:predicate": [
            "shortDescription"
          ]
        },
        {
          "@id": "https://data.datatourisme.fr/61ea3b07-ecfc-34ca-bf99-44fbb1db1583",
          "dc:contributor": [
            "https://api.deepl.com/v2/translate"
          ],
          "rdf:language": [
            "es"
          ],
          "rdf:predicate": [
            "shortDescription"
          ]
        },
        {
          "@id": "https://data.datatourisme.fr/6dda5fed-00f0-3715-809f-d23b248b4704",
          "dc:contributor": [
            "https://api.deepl.com/v2/translate"
          ],
          "rdf:language": [
            "en"
          ],
          "rdf:predicate": [
            {
              "@id": "dc:description"
            }
          ]
        },
        {
          "@id": "https://data.datatourisme.fr/7a7c7729-5f81-3736-9a9a-a9f61a9890c6",
          "dc:contributor": [
            "https://api.deepl.com/v2/translate"
          ],
          "rdf:language": [
            "de"
          ],
          "rdf:predicate": [
            "shortDescription"
          ]
        },
        {
          "@id": "https://data.datatourisme.fr/b2c3f64a-408a-311c-9f3b-170da0c68393",
          "dc:contributor": [
            "https://api.deepl.com/v2/translate"
          ],
          "rdf:language": [
            "it"
          ],
          "rdf:predicate": [
            "shortDescription"
          ]
        },
        {
          "@id": "https://data.datatourisme.fr/b334a003-a14d-3170-ab20-684290185cbf",
          "dc:contributor": [
            "https://api.deepl.com/v2/translate"
          ],
          "rdf:language": [
            "en"
          ],
          "rdf:predicate": [
            "shortDescription"
          ]
        },
        {
          "@id": "https://data.datatourisme.fr/cb9eac6d-a08c-3420-9de5-e27a935a2b55",
          "dc:contributor": [
            "https://api.deepl.com/v2/translate"
          ],
          "rdf:language": [
            "it"
          ],
          "rdf:predicate": [
            {
              "@id": "dc:description"
            }
          ]
        },
        {
          "@id": "https://data.datatourisme.fr/d2a7199c-b63a-3eab-8aff-14d67383f6cc",
          "dc:contributor": [
            "https://api.deepl.com/v2/translate"
          ],
          "rdf:language": [
            "es"
          ],
          "rdf:predicate": [
            {
              "@id": "dc:description"
            }
          ]
        },
        {
          "@id": "https://data.datatourisme.fr/d84f9992-5657-373e-989b-c04f38fef08c",
          "dc:contributor": [
            "https://api.deepl.com/v2/translate"
          ],
          "rdf:language": [
            "de"
          ],
          "rdf:predicate": [
            {
              "@id": "dc:description"
            }
          ]
        }
      ],
      "shortDescription": {
        "de": [
          "Die Bibliothek bietet Aktivitäten für Kinder an. Im Rahmen des gemeindeübergreifenden Bibliotheksnetzwerks des Kantons Saint Savin bietet die Bibliothek eine Auswahl an Büchern zum Thema Handarbeiten an."
        ],
        "en": [
          "The library offers activities for children. As part of the intermunicipal network of libraries in the canton of Saint Savin, the library offers a range of books on the theme of manual arts."
        ],
        "it": [
          "La biblioteca offre attività per i bambini. Come parte della rete intercomunale di biblioteche del Cantone di Saint Savin, la biblioteca offre una serie di libri sul tema delle arti manuali."
        ],
        "fr": [
          "La bibliothèque propose des activités pour les enfants. Dans le cadre du réseau intercommunal des bibliothèque du canton de Saint Savin, la bibliothèque offre un panel de livres sur le thème des arts manuels."
        ],
        "es": [
          "La biblioteca ofrece actividades para los niños. Como parte de la red intercomunal de bibliotecas del cantón de San Savino, la biblioteca ofrece una serie de libros sobre el tema de las artes manuales."
        ],
        "nl": [
          "De bibliotheek biedt activiteiten voor kinderen. Als onderdeel van het intercommunale netwerk van bibliotheken in het kanton Saint Savin biedt de bibliotheek een reeks boeken over het thema handvaardigheid."
        ]
      }
    }
  ],
  "hasNeighborhood": [
    {
      "@id": "kb:InTheVillage",
      "@type": [
        "SpatialEnvironmentTheme"
      ],
      "rdfs:label": {
        "de": [
          "Im Dorf"
        ],
        "pt": [
          "Na aldeia"
        ],
        "en": [
          "In the village"
        ],
        "it": [
          "Nel villaggio"
        ],
        "fr": [
          "Dans le village"
        ],
        "nl": [
          "In het dorp"
        ],
        "es": [
          "En el pueblo"
        ]
      }
    }
  ],
  "hasTheme": [
    {
      "@id": "kb:InTheVillage",
      "@type": [
        "SpatialEnvironmentTheme"
      ],
      "rdfs:label": {
        "de": [
          "Im Dorf"
        ],
        "pt": [
          "Na aldeia"
        ],
        "en": [
          "In the village"
        ],
        "it": [
          "Nel villaggio"
        ],
        "fr": [
          "Dans le village"
        ],
        "nl": [
          "In het dorp"
        ],
        "es": [
          "En el pueblo"
        ]
      }
    }
  ],
  "hasTranslatedProperty": [
    {
      "@id": "https://data.datatourisme.fr/495f5b43-25ae-392d-9331-ef6fab1ec823",
      "dc:contributor": [
        "https://api.deepl.com/v2/translate"
      ],
      "rdf:language": [
        "de"
      ],
      "rdf:predicate": [
        {
          "@id": "rdfs:comment"
        }
      ]
    },
    {
      "@id": "https://data.datatourisme.fr/51e0e355-33ba-3fcf-8f53-6f3c27b7f57d",
      "dc:contributor": [
        "https://api.deepl.com/v2/translate"
      ],
      "rdf:language": [
        "it"
      ],
      "rdf:predicate": [
        {
          "@id": "rdfs:comment"
        }
      ]
    },
    {
      "@id": "https://data.datatourisme.fr/64ab2e32-dd15-3e57-aef2-e00b2b18c9cf",
      "dc:contributor": [
        "https://api.deepl.com/v2/translate"
      ],
      "rdf:language": [
        "es"
      ],
      "rdf:predicate": [
        {
          "@id": "rdfs:comment"
        }
      ]
    },
    {
      "@id": "https://data.datatourisme.fr/9e5f0d3b-31bf-321f-99f9-a068ddbc2253",
      "dc:contributor": [
        "https://api.deepl.com/v2/translate"
      ],
      "rdf:language": [
        "en"
      ],
      "rdf:predicate": [
        {
          "@id": "rdfs:comment"
        }
      ]
    },
    {
      "@id": "https://data.datatourisme.fr/ec03b50a-adcb-34a9-a410-81977804f947",
      "dc:contributor": [
        "https://api.deepl.com/v2/translate"
      ],
      "rdf:language": [
        "nl"
      ],
      "rdf:predicate": [
        {
          "@id": "rdfs:comment"
        }
      ]
    }
  ],
  "isLocatedAt": [
    {
      "@id": "https://data.datatourisme.fr/1eb121fd-8526-37c5-bc2b-097d4468a58e",
      "schema:address": [
        {
          "@id": "https://data.datatourisme.fr/bbb18552-aaa6-3bd4-ba05-84984543cf78",
          "schema:addressLocality": "Saint-Christoly-de-Blaye",
          "schema:postalCode": "33920",
          "schema:streetAddress": [
            "Le bourg"
          ],
          "@type": [
            "schema:PostalAddress",
            "PostalAddress"
          ],
          "hasAddressCity": {
            "@id": "kb:33382",
            "@type": [
              "City"
            ],
            "rdfs:label": {
              "de": [
                "Saint-Christoly-de-Blaye"
              ],
              "pt": [
                "Saint-Christoly-de-Blaye"
              ],
              "en": [
                "Saint-Christoly-de-Blaye"
              ],
              "it": [
                "Saint-Christoly-de-Blaye"
              ],
              "fr": [
                "Saint-Christoly-de-Blaye"
              ],
              "nl": [
                "Saint-Christoly-de-Blaye"
              ],
              "es": [
                "Saint-Christoly-de-Blaye"
              ]
            },
            "insee": "33382",
            "isPartOfDepartment": {
              "@id": "kb:France7533",
              "@type": [
                "Department"
              ],
              "rdfs:label": {
                "de": [
                  "Gironde"
                ],
                "pt": [
                  "Gironde"
                ],
                "en": [
                  "Gironde"
                ],
                "it": [
                  "Gironde"
                ],
                "fr": [
                  "Gironde"
                ],
                "nl": [
                  "Gironde"
                ],
                "es": [
                  "Gironde"
                ]
              },
              "insee": "33",
              "isPartOfRegion": {
                "@id": "kb:France75",
                "@type": [
                  "Region"
                ],
                "rdfs:label": {
                  "de": [
                    "Nouvelle-Aquitaine"
                  ],
                  "pt": [
                    "Nouvelle-Aquitaine"
                  ],
                  "en": [
                    "Nouvelle-Aquitaine"
                  ],
                  "it": [
                    "Nouvelle-Aquitaine"
                  ],
                  "fr": [
                    "Nouvelle-Aquitaine"
                  ],
                  "nl": [
                    "Nouvelle-Aquitaine"
                  ],
                  "es": [
                    "Nouvelle-Aquitaine"
                  ]
                },
                "insee": "75",
                "isPartOfCountry": {
                  "@id": "kb:France",
                  "@type": [
                    "schema:Country"
                  ],
                  "rdfs:label": {
                    "de": [
                      "France",
                      "Frankreich"
                    ],
                    "pt": [
                      "França",
                      "France"
                    ],
                    "en": [
                      "France"
                    ],
                    "it": [
                      "France",
                      "Francia"
                    ],
                    "fr": [
                      "France"
                    ],
                    "nl": [
                      "France",
                      "Frankrijk"
                    ],
                    "es": [
                      "France",
                      "Francia"
                    ]
                  }
                }
              }
            }
          }
        }
      ],
      "schema:geo": {
        "@id": "https://data.datatourisme.fr/c2f0b382-b748-3792-8801-83d3f1eefee5",
        "schema:latitude": "45.1299844",
        "schema:longitude": "-0.5080747",
        "@type": [
          "schema:GeoCoordinates"
        ]
      },
      "@type": [
        "schema:Place",
        "Place"
      ]
    }
  ],
  "isOwnedBy": [
    {
      "@id": "https://data.datatourisme.fr/b35daf91-6e19-3c61-a832-c35e52202b37",
      "schema:email": [
        "bibilotheque.stchristolydeblaye@orange.fr"
      ],
      "schema:telephone": [
        "+33 5 57 42 74 49"
      ],
      "@type": [
        "foaf:Agent",
        "Agent"
      ]
    }
  ],
  "lastUpdate": "2020-12-31",
  "lastUpdateDatatourisme": "2023-06-20T09:56:57.956Z"
}