{
  "@id": "https://data.datatourisme.fr/23/005260bb-9df9-3a9b-a75c-e6c098787fa2",
  "dc:identifier": "FMAAQU064V5BQIMM",
  "schema:endDate": [
    "2023-10-08"
  ],
  "schema:startDate": [
    "2023-10-08"
  ],
  "@type": [
    "schema:Event",
    "schema:SocialEvent",
    "EntertainmentAndEvent",
    "LocalAnimation",
    "PointOfInterest",
    "SocialEvent",
    "SportsEvent"
  ],
  "rdfs:comment": {
    "de": [
      "Klang- & Schwingungsreise\nEin einzigartiger Moment, um sich von den Schwankungen des Geistes zu befreien und die Klänge und Schwingungen wirken zu lassen. Lösen Sie körperliche, emotionale und energetische Spannungen, um einem Gefühl des inneren Friedens, der Freude und der Liebe Platz zu machen.\nDiese Vibrationsbehandlung regt den Energiefluss und den Blutkreislauf an und harmonisiert die Körperzellen. Eine wertvolle Zeit, um den Geist auf Reisen gehen zu lassen und den Körper zu erholen."
    ],
    "en": [
      "A journey of sound and vibration\nA unique moment to free yourself from the fluctuations of the mind and let sound and vibration take over. Release physical, emotional and energetic tensions to make way for a feeling of inner peace, joy and love.\nThis vibratory treatment stimulates the flow of energy and blood and harmonizes the body's cells. A precious time to let your mind travel, and your body recharge."
    ],
    "it": [
      "Un viaggio di suoni e vibrazioni\nUn momento unico per liberarsi dalle fluttuazioni della mente e lasciare che il suono e la vibrazione prendano il sopravvento. Sciogliere le tensioni fisiche, emotive ed energetiche per lasciare spazio a una sensazione di pace interiore, gioia e amore.\nQuesto trattamento vibratorio stimola il flusso di energia e sangue e armonizza le cellule del corpo. Un momento prezioso per far viaggiare la mente e ricaricare il corpo."
    ],
    "fr": [
      "Voyage sonore & vibratoire\nUn moment unique pour se libérer des fluctuations du mental et laisser agir les sons et vibrations. Dénouer les tensions physiques, émotionnelles, énergétiques pour laisser place à un sentiment de paix intérieure, de joie et d'amour.\nCe soin vibratoire stimule le flux énergétique, le flux sanguin et harmonise les cellules du corps. Un temps précieux pour laisser son esprit voyager, et son corps se ressourcer."
    ],
    "es": [
      "Un viaje de sonido y vibración\nUn momento único para liberarse de las fluctuaciones de la mente y dejarse llevar por el sonido y la vibración. Libere las tensiones físicas, emocionales y energéticas para dar paso a un sentimiento de paz interior, alegría y amor.\nEste tratamiento vibratorio estimula el flujo de energía y sangre y armoniza las células del cuerpo. Un tiempo precioso para dejar que su mente viaje y su cuerpo se recargue."
    ],
    "nl": [
      "Een reis van geluid en trilling\nEen uniek moment om je te bevrijden van de schommelingen van de geest en geluid en trilling de overhand te laten nemen. Laat fysieke, emotionele en energetische spanningen los om plaats te maken voor een gevoel van innerlijke rust, vreugde en liefde.\nDeze vibrerende behandeling stimuleert de energie- en bloedstroom en harmoniseert de lichaamscellen. Een kostbaar moment om je geest te laten reizen en je lichaam op te laden."
    ]
  },
  "rdfs:label": {
    "de": [
      "Voyage sonore et vibratoire"
    ],
    "en": [
      "Voyage sonore et vibratoire"
    ],
    "fr": [
      "Voyage sonore et vibratoire"
    ],
    "nl": [
      "Voyage sonore et vibratoire"
    ],
    "es": [
      "Voyage sonore et vibratoire"
    ]
  },
  "availableLanguage": [
    "fr"
  ],
  "creationDate": "2023-09-18",
  "hasAudience": [
    {
      "@id": "kb:Local",
      "@type": [
        "GeographicReach"
      ],
      "rdfs:label": {
        "de": [
          "Lokal"
        ],
        "pt": [
          "Local"
        ],
        "en": [
          "Local"
        ],
        "it": [
          "Locale"
        ],
        "fr": [
          "Locale"
        ],
        "nl": [
          "Lokaal"
        ],
        "es": [
          "Local"
        ]
      }
    }
  ],
  "hasBeenCreatedBy": {
    "@id": "https://data.datatourisme.fr/23/a5041eb0-4d47-38ab-afb3-546246a9f3f6",
    "dc:identifier": "2b195ffd-cbbb-4321-8ae7-05bbd6df1de8",
    "schema:legalName": "Office de Tourisme Pays Basque",
    "@type": [
      "schema:Organization",
      "foaf:Agent",
      "Agent"
    ]
  },
  "hasBeenPublishedBy": [
    {
      "@id": "https://data.datatourisme.fr/05dc9cb8-2fa5-383d-b87b-497de06649a2",
      "schema:email": [
        "sirtaqui@na-tourisme.com"
      ],
      "schema:legalName": "SIRTAQUI Nouvelle-Aquitaine",
      "schema:logo": "http://aquitaine.media.tourinsoft.eu/upload/Logo-Sirtaqui-1280x405.jpg",
      "@type": [
        "schema:Organization",
        "foaf:Agent",
        "Agent"
      ],
      "rdfs:comment": {
        "de": [
          "Collecter, mettre en commun et diffuser le plus largement possible une information complète et de qualité au service de nos habitants et de nos visiteurs : voici les objectifs du SIRTAQUI, Système d’Information Régional Touristique de Nouvelle-AQUItaine. Le dispositif est mis en œuvre conjointement par le Comité Régional de Tourisme de Nouvelle-Aquitaine, les services touristiques de la Corrèze, de la Creuse, de la Dordogne, de la Gironde, des Landes, du Lot-et-Garonne, des Pyrénées-Atlantiques, des Deux-Sèvres, de la Vienne et de la Haute-Vienne, en collaboration avec les Offices de Tourisme, et avec le soutien financier de l’Europe et du Conseil Régional."
        ],
        "en": [
          "Collecter, mettre en commun et diffuser le plus largement possible une information complète et de qualité au service de nos habitants et de nos visiteurs : voici les objectifs du SIRTAQUI, Système d’Information Régional Touristique de Nouvelle-AQUItaine. Le dispositif est mis en œuvre conjointement par le Comité Régional de Tourisme de Nouvelle-Aquitaine, les services touristiques de la Corrèze, de la Creuse, de la Dordogne, de la Gironde, des Landes, du Lot-et-Garonne, des Pyrénées-Atlantiques, des Deux-Sèvres, de la Vienne et de la Haute-Vienne, en collaboration avec les Offices de Tourisme, et avec le soutien financier de l’Europe et du Conseil Régional."
        ],
        "it": [
          "L'obiettivo di SIRTAQUI, il Sistema Regionale di Informazione Turistica della Nuova Aquitania, è quello di raccogliere, mettere in comune e diffondere il più possibile informazioni complete e di qualità a beneficio dei nostri residenti e visitatori. Il sistema è realizzato congiuntamente dal Comité Régional de Tourisme de Nouvelle-Aquitaine, dai servizi turistici di Corrèze, Creuse, Dordogne, Gironde, Landes, Lot-et-Garonne, Pyrénées-Atlantiques, Deux-Sèvres, Vienne e Haute-Vienne, in collaborazione con gli Uffici del Turismo e con il sostegno finanziario dell'Europa e del Conseil Régional."
        ],
        "fr": [
          "Collecter, mettre en commun et diffuser le plus largement possible une information complète et de qualité au service de nos habitants et de nos visiteurs : voici les objectifs du SIRTAQUI, Système d’Information Régional Touristique de Nouvelle-AQUItaine. Le dispositif est mis en œuvre conjointement par le Comité Régional de Tourisme de Nouvelle-Aquitaine, les services touristiques de la Corrèze, de la Creuse, de la Dordogne, de la Gironde, des Landes, du Lot-et-Garonne, des Pyrénées-Atlantiques, des Deux-Sèvres, de la Vienne et de la Haute-Vienne, en collaboration avec les Offices de Tourisme, et avec le soutien financier de l’Europe et du Conseil Régional."
        ],
        "nl": [
          "Collecter, mettre en commun et diffuser le plus largement possible une information complète et de qualité au service de nos habitants et de nos visiteurs : voici les objectifs du SIRTAQUI, Système d’Information Régional Touristique de Nouvelle-AQUItaine. Le dispositif est mis en œuvre conjointement par le Comité Régional de Tourisme de Nouvelle-Aquitaine, les services touristiques de la Corrèze, de la Creuse, de la Dordogne, de la Gironde, des Landes, du Lot-et-Garonne, des Pyrénées-Atlantiques, des Deux-Sèvres, de la Vienne et de la Haute-Vienne, en collaboration avec les Offices de Tourisme, et avec le soutien financier de l’Europe et du Conseil Régional."
        ],
        "es": [
          "Collecter, mettre en commun et diffuser le plus largement possible une information complète et de qualité au service de nos habitants et de nos visiteurs : voici les objectifs du SIRTAQUI, Système d’Information Régional Touristique de Nouvelle-AQUItaine. Le dispositif est mis en œuvre conjointement par le Comité Régional de Tourisme de Nouvelle-Aquitaine, les services touristiques de la Corrèze, de la Creuse, de la Dordogne, de la Gironde, des Landes, du Lot-et-Garonne, des Pyrénées-Atlantiques, des Deux-Sèvres, de la Vienne et de la Haute-Vienne, en collaboration avec les Offices de Tourisme, et avec le soutien financier de l’Europe et du Conseil Régional."
        ]
      },
      "foaf:homepage": [
        "http://www.sirtaqui-aquitaine.com/"
      ],
      "hasTranslatedProperty": [
        {
          "@id": "https://data.datatourisme.fr/eef27e75-4a23-313e-a6ee-797e7b64a1cd",
          "dc:contributor": [
            "https://api.deepl.com/v2/translate"
          ],
          "rdf:language": [
            "it"
          ],
          "rdf:predicate": [
            {
              "@id": "rdfs:comment"
            }
          ]
        }
      ]
    }
  ],
  "hasBookingContact": [
    {
      "@id": "https://data.datatourisme.fr/89dc0789-bfda-3858-902b-4f53929a580d",
      "schema:legalName": "S Kale 64 : Escales Yoga & Soins de Soi",
      "schema:telephone": [
        "+33 6 86 87 19 97"
      ],
      "@type": [
        "schema:Organization",
        "foaf:Agent",
        "Agent"
      ],
      "foaf:homepage": [
        "http://www.escale64.com/"
      ]
    }
  ],
  "hasContact": [
    {
      "@id": "https://data.datatourisme.fr/89dc0789-bfda-3858-902b-4f53929a580d",
      "schema:legalName": "S Kale 64 : Escales Yoga & Soins de Soi",
      "schema:telephone": [
        "+33 6 86 87 19 97"
      ],
      "@type": [
        "schema:Organization",
        "foaf:Agent",
        "Agent"
      ],
      "foaf:homepage": [
        "http://www.escale64.com/"
      ]
    }
  ],
  "hasDescription": [
    {
      "@id": "https://data.datatourisme.fr/a0a23241-b392-39d5-9bb8-1ea9ce5d885f",
      "dc:description": {
        "de": [
          "Klang- & Schwingungsreise\nEin einzigartiger Moment, um sich von den Schwankungen des Geistes zu befreien und die Klänge und Schwingungen wirken zu lassen. Lösen Sie körperliche, emotionale und energetische Spannungen, um einem Gefühl des inneren Friedens, der Freude und der Liebe Platz zu machen.\nDiese Vibrationsbehandlung regt den Energiefluss und den Blutkreislauf an und harmonisiert die Körperzellen. Eine wertvolle Zeit, um den Geist auf Reisen gehen zu lassen und den Körper zu erholen."
        ],
        "en": [
          "A journey of sound and vibration\nA unique moment to free yourself from the fluctuations of the mind and let sound and vibration take over. Release physical, emotional and energetic tensions to make way for a feeling of inner peace, joy and love.\nThis vibratory treatment stimulates the flow of energy and blood and harmonizes the body's cells. A precious time to let your mind travel, and your body recharge."
        ],
        "it": [
          "Un viaggio di suoni e vibrazioni\nUn momento unico per liberarsi dalle fluttuazioni della mente e lasciare che il suono e la vibrazione prendano il sopravvento. Sciogliere le tensioni fisiche, emotive ed energetiche per lasciare spazio a una sensazione di pace interiore, gioia e amore.\nQuesto trattamento vibratorio stimola il flusso di energia e sangue e armonizza le cellule del corpo. Un momento prezioso per far viaggiare la mente e ricaricare il corpo."
        ],
        "fr": [
          "Voyage sonore & vibratoire\nUn moment unique pour se libérer des fluctuations du mental et laisser agir les sons et vibrations. Dénouer les tensions physiques, émotionnelles, énergétiques pour laisser place à un sentiment de paix intérieure, de joie et d'amour.\nCe soin vibratoire stimule le flux énergétique, le flux sanguin et harmonise les cellules du corps. Un temps précieux pour laisser son esprit voyager, et son corps se ressourcer."
        ],
        "es": [
          "Un viaje de sonido y vibración\nUn momento único para liberarse de las fluctuaciones de la mente y dejarse llevar por el sonido y la vibración. Libere las tensiones físicas, emocionales y energéticas para dar paso a un sentimiento de paz interior, alegría y amor.\nEste tratamiento vibratorio estimula el flujo de energía y sangre y armoniza las células del cuerpo. Un tiempo precioso para dejar que su mente viaje y su cuerpo se recargue."
        ],
        "nl": [
          "Een reis van geluid en trilling\nEen uniek moment om je te bevrijden van de schommelingen van de geest en geluid en trilling de overhand te laten nemen. Laat fysieke, emotionele en energetische spanningen los om plaats te maken voor een gevoel van innerlijke rust, vreugde en liefde.\nDeze vibrerende behandeling stimuleert de energie- en bloedstroom en harmoniseert de lichaamscellen. Een kostbaar moment om je geest te laten reizen en je lichaam op te laden."
        ]
      },
      "@type": [
        "Description"
      ],
      "hasTranslatedProperty": [
        {
          "@id": "https://data.datatourisme.fr/40acf2f3-09ed-3e8b-892f-bbef2934a3be",
          "dc:contributor": [
            "https://api.deepl.com/v2/translate"
          ],
          "rdf:language": [
            "de"
          ],
          "rdf:predicate": [
            {
              "@id": "dc:description"
            }
          ]
        },
        {
          "@id": "https://data.datatourisme.fr/649e8a62-0e2c-3cc8-931f-f824d98f2eb3",
          "dc:contributor": [
            "https://api.deepl.com/v2/translate"
          ],
          "rdf:language": [
            "en"
          ],
          "rdf:predicate": [
            {
              "@id": "dc:description"
            }
          ]
        },
        {
          "@id": "https://data.datatourisme.fr/9b1ef2fa-bd8b-3967-b6fc-ce8c19f4f96b",
          "dc:contributor": [
            "https://api.deepl.com/v2/translate"
          ],
          "rdf:language": [
            "it"
          ],
          "rdf:predicate": [
            {
              "@id": "dc:description"
            }
          ]
        },
        {
          "@id": "https://data.datatourisme.fr/b8021586-8e9e-3340-9498-b88cecebe9b1",
          "dc:contributor": [
            "https://api.deepl.com/v2/translate"
          ],
          "rdf:language": [
            "en"
          ],
          "rdf:predicate": [
            "shortDescription"
          ]
        },
        {
          "@id": "https://data.datatourisme.fr/b8a40cc3-ead3-340b-94ae-ff3ce9fdb509",
          "dc:contributor": [
            "https://api.deepl.com/v2/translate"
          ],
          "rdf:language": [
            "es"
          ],
          "rdf:predicate": [
            {
              "@id": "dc:description"
            }
          ]
        },
        {
          "@id": "https://data.datatourisme.fr/cb4a1783-49fa-338d-a44c-6c624a76702f",
          "dc:contributor": [
            "https://api.deepl.com/v2/translate"
          ],
          "rdf:language": [
            "nl"
          ],
          "rdf:predicate": [
            {
              "@id": "dc:description"
            }
          ]
        },
        {
          "@id": "https://data.datatourisme.fr/e154631d-ff8d-3a99-a04e-65764d9dc84f",
          "dc:contributor": [
            "https://api.deepl.com/v2/translate"
          ],
          "rdf:language": [
            "de"
          ],
          "rdf:predicate": [
            "shortDescription"
          ]
        },
        {
          "@id": "https://data.datatourisme.fr/e1a90c7a-3258-3494-b643-80a136d59c46",
          "dc:contributor": [
            "https://api.deepl.com/v2/translate"
          ],
          "rdf:language": [
            "it"
          ],
          "rdf:predicate": [
            "shortDescription"
          ]
        },
        {
          "@id": "https://data.datatourisme.fr/f07b907e-6f59-3e12-89b7-4a9ec3a6b47f",
          "dc:contributor": [
            "https://api.deepl.com/v2/translate"
          ],
          "rdf:language": [
            "nl"
          ],
          "rdf:predicate": [
            "shortDescription"
          ]
        },
        {
          "@id": "https://data.datatourisme.fr/f73baf6d-0ba2-3277-9ad5-23bd289f074a",
          "dc:contributor": [
            "https://api.deepl.com/v2/translate"
          ],
          "rdf:language": [
            "es"
          ],
          "rdf:predicate": [
            "shortDescription"
          ]
        }
      ],
      "shortDescription": {
        "de": [
          "Klang- & Schwingungsreise\nEin einzigartiger Moment, um sich von den Schwankungen des Geistes zu befreien und die Klänge und Schwingungen wirken zu lassen. Lösen Sie körperliche, emotionale und energetische Spannungen, um einem Gefühl des inneren Friedens, der Freude und der Liebe Platz zu machen.\nDiese Vibrationsbehandlung regt den Energiefluss und den Blutkreislauf an und harmonisiert die Körperzellen. Eine wertvolle Zeit, um den Geist auf Reisen gehen zu lassen und den Körper zu erholen."
        ],
        "en": [
          "A journey of sound and vibration\nA unique moment to free yourself from the fluctuations of the mind and let sound and vibration take over. Release physical, emotional and energetic tensions to make way for a feeling of inner peace, joy and love.\nThis vibratory treatment stimulates the flow of energy and blood and harmonizes the body's cells. A precious time to let your mind travel, and your body recharge."
        ],
        "it": [
          "Un viaggio di suoni e vibrazioni\nUn momento unico per liberarsi dalle fluttuazioni della mente e lasciare che il suono e la vibrazione prendano il sopravvento. Sciogliere le tensioni fisiche, emotive ed energetiche per lasciare spazio a una sensazione di pace interiore, gioia e amore.\nQuesto trattamento vibratorio stimola il flusso di energia e sangue e armonizza le cellule del corpo. Un momento prezioso per far viaggiare la mente e ricaricare il corpo."
        ],
        "fr": [
          "Voyage sonore & vibratoire\nUn moment unique pour se libérer des fluctuations du mental et laisser agir les sons et vibrations. Dénouer les tensions physiques, émotionnelles, énergétiques pour laisser place à un sentiment de paix intérieure, de joie et d'amour.\nCe soin vibratoire stimule le flux énergétique, le flux sanguin et harmonise les cellules du corps. Un temps précieux pour laisser son esprit voyager, et son corps se ressourcer."
        ],
        "es": [
          "Un viaje de sonido y vibración\nUn momento único para liberarse de las fluctuaciones de la mente y dejarse llevar por el sonido y la vibración. Libere las tensiones físicas, emocionales y energéticas para dar paso a un sentimiento de paz interior, alegría y amor.\nEste tratamiento vibratorio estimula el flujo de energía y sangre y armoniza las células del cuerpo. Un tiempo precioso para dejar que su mente viaje y su cuerpo se recargue."
        ],
        "nl": [
          "Een reis van geluid en trilling\nEen uniek moment om je te bevrijden van de schommelingen van de geest en geluid en trilling de overhand te laten nemen. Laat fysieke, emotionele en energetische spanningen los om plaats te maken voor een gevoel van innerlijke rust, vreugde en liefde.\nDeze vibrerende behandeling stimuleert de energie- en bloedstroom en harmoniseert de lichaamscellen. Een kostbaar moment om je geest te laten reizen en je lichaam op te laden."
        ]
      }
    }
  ],
  "hasGeographicReach": [
    {
      "@id": "kb:Local",
      "@type": [
        "GeographicReach"
      ],
      "rdfs:label": {
        "de": [
          "Lokal"
        ],
        "pt": [
          "Local"
        ],
        "en": [
          "Local"
        ],
        "it": [
          "Locale"
        ],
        "fr": [
          "Locale"
        ],
        "nl": [
          "Lokaal"
        ],
        "es": [
          "Local"
        ]
      }
    }
  ],
  "hasMainRepresentation": [
    {
      "@id": "https://data.datatourisme.fr/d05dadc3-2921-3a8f-aef2-309b39757e83",
      "ebucore:hasAnnotation": [
        {
          "@id": "https://data.datatourisme.fr/e5e0a3d9-c851-3385-9214-b51d8a9db557",
          "ebucore:isCoveredBy": "By-NC-ND 4.0",
          "ebucore:title": {
            "fr": [
              "SoundHealing8Octobre_TS"
            ]
          },
          "@type": [
            "ebucore:Annotation"
          ],
          "credits": [
            "S Kale 64 - Saint-Jean-de-Luz"
          ]
        }
      ],
      "ebucore:hasRelatedResource": [
        {
          "@id": "https://data.datatourisme.fr/49a706dc-9acf-355e-9d19-4a901d1ebcf9",
          "ebucore:hasMimeType": [
            {
              "@id": "kb:JPEG",
              "@type": [
                "ebucore:MimeType"
              ],
              "rdfs:comment": {
                "de": [
                  "JPEG-Bild"
                ],
                "pt": [
                  "Imagem JPEG"
                ],
                "en": [
                  "JPEG image file"
                ],
                "it": [
                  "Immagine JPEG"
                ],
                "fr": [
                  "Image JPEG"
                ],
                "nl": [
                  "JPEG-afbeelding"
                ],
                "es": [
                  "Imagen JPEG"
                ]
              },
              "rdfs:label": {
                "de": [
                  "image/jpeg"
                ],
                "pt": [
                  "image/jpeg"
                ],
                "en": [
                  "image/jpeg"
                ],
                "it": [
                  "image/jpeg"
                ],
                "fr": [
                  "image/jpeg"
                ],
                "nl": [
                  "image/jpeg"
                ],
                "es": [
                  "image/jpeg"
                ]
              }
            }
          ],
          "ebucore:locator": [
            "http://aquitaine.media.tourinsoft.eu/Upload/SoundHealing8Octobre-TS.jpg"
          ],
          "@type": [
            "ebucore:Resource"
          ]
        }
      ],
      "@type": [
        "ebucore:EditorialObject"
      ]
    }
  ],
  "hasRepresentation": [
    {
      "@id": "https://data.datatourisme.fr/d05dadc3-2921-3a8f-aef2-309b39757e83",
      "ebucore:hasAnnotation": [
        {
          "@id": "https://data.datatourisme.fr/e5e0a3d9-c851-3385-9214-b51d8a9db557",
          "ebucore:isCoveredBy": "By-NC-ND 4.0",
          "ebucore:title": {
            "fr": [
              "SoundHealing8Octobre_TS"
            ]
          },
          "@type": [
            "ebucore:Annotation"
          ],
          "credits": [
            "S Kale 64 - Saint-Jean-de-Luz"
          ]
        }
      ],
      "ebucore:hasRelatedResource": [
        {
          "@id": "https://data.datatourisme.fr/49a706dc-9acf-355e-9d19-4a901d1ebcf9",
          "ebucore:hasMimeType": [
            {
              "@id": "kb:JPEG",
              "@type": [
                "ebucore:MimeType"
              ],
              "rdfs:comment": {
                "de": [
                  "JPEG-Bild"
                ],
                "pt": [
                  "Imagem JPEG"
                ],
                "en": [
                  "JPEG image file"
                ],
                "it": [
                  "Immagine JPEG"
                ],
                "fr": [
                  "Image JPEG"
                ],
                "nl": [
                  "JPEG-afbeelding"
                ],
                "es": [
                  "Imagen JPEG"
                ]
              },
              "rdfs:label": {
                "de": [
                  "image/jpeg"
                ],
                "pt": [
                  "image/jpeg"
                ],
                "en": [
                  "image/jpeg"
                ],
                "it": [
                  "image/jpeg"
                ],
                "fr": [
                  "image/jpeg"
                ],
                "nl": [
                  "image/jpeg"
                ],
                "es": [
                  "image/jpeg"
                ]
              }
            }
          ],
          "ebucore:locator": [
            "http://aquitaine.media.tourinsoft.eu/Upload/SoundHealing8Octobre-TS.jpg"
          ],
          "@type": [
            "ebucore:Resource"
          ]
        }
      ],
      "@type": [
        "ebucore:EditorialObject"
      ]
    }
  ],
  "hasTranslatedProperty": [
    {
      "@id": "https://data.datatourisme.fr/0532ec76-449b-3296-af5d-3dc9e84368b9",
      "dc:contributor": [
        "https://api.deepl.com/v2/translate"
      ],
      "rdf:language": [
        "en"
      ],
      "rdf:predicate": [
        {
          "@id": "rdfs:comment"
        }
      ]
    },
    {
      "@id": "https://data.datatourisme.fr/0f390d0e-e4c1-3c1f-9ace-b2515de097af",
      "dc:contributor": [
        "https://api.deepl.com/v2/translate"
      ],
      "rdf:language": [
        "nl"
      ],
      "rdf:predicate": [
        {
          "@id": "rdfs:comment"
        }
      ]
    },
    {
      "@id": "https://data.datatourisme.fr/7cf6abc9-8c45-3c63-a393-eca7ff636bcc",
      "dc:contributor": [
        "https://api.deepl.com/v2/translate"
      ],
      "rdf:language": [
        "es"
      ],
      "rdf:predicate": [
        {
          "@id": "rdfs:comment"
        }
      ]
    },
    {
      "@id": "https://data.datatourisme.fr/876c10de-3221-3314-960b-98e3652db6fd",
      "dc:contributor": [
        "https://api.deepl.com/v2/translate"
      ],
      "rdf:language": [
        "de"
      ],
      "rdf:predicate": [
        {
          "@id": "rdfs:comment"
        }
      ]
    },
    {
      "@id": "https://data.datatourisme.fr/d3858b9b-7f88-3e22-9853-bd0cd7483817",
      "dc:contributor": [
        "https://api.deepl.com/v2/translate"
      ],
      "rdf:language": [
        "it"
      ],
      "rdf:predicate": [
        {
          "@id": "rdfs:comment"
        }
      ]
    }
  ],
  "isLocatedAt": [
    {
      "@id": "https://data.datatourisme.fr/6bb1b781-5ffb-338e-9d50-3ad49f608b6f",
      "schema:address": [
        {
          "@id": "https://data.datatourisme.fr/086c584b-b73c-38a5-bd85-500b375e3885",
          "schema:addressLocality": "Saint-Jean-de-Luz",
          "schema:postalCode": "64500",
          "schema:streetAddress": [
            "465 Chemin d'Aguerria",
            "S Kale 64 : Escales Yoga & Soins de Soi"
          ],
          "@type": [
            "schema:PostalAddress",
            "PostalAddress"
          ],
          "hasAddressCity": {
            "@id": "kb:64483",
            "@type": [
              "City"
            ],
            "rdfs:label": {
              "de": [
                "Saint-Jean-de-Luz"
              ],
              "pt": [
                "Saint-Jean-de-Luz"
              ],
              "en": [
                "Saint-Jean-de-Luz"
              ],
              "it": [
                "Saint-Jean-de-Luz"
              ],
              "fr": [
                "Saint-Jean-de-Luz"
              ],
              "nl": [
                "Saint-Jean-de-Luz"
              ],
              "es": [
                "Saint-Jean-de-Luz"
              ]
            },
            "insee": "64483",
            "isPartOfDepartment": {
              "@id": "kb:France7564",
              "@type": [
                "Department"
              ],
              "rdfs:label": {
                "de": [
                  "Pyrénées-Atlantiques"
                ],
                "pt": [
                  "Pyrénées-Atlantiques"
                ],
                "en": [
                  "Pyrénées-Atlantiques"
                ],
                "it": [
                  "Pyrénées-Atlantiques"
                ],
                "fr": [
                  "Pyrénées-Atlantiques"
                ],
                "nl": [
                  "Pyrénées-Atlantiques"
                ],
                "es": [
                  "Pyrénées-Atlantiques"
                ]
              },
              "insee": "64",
              "isPartOfRegion": {
                "@id": "kb:France75",
                "@type": [
                  "Region"
                ],
                "rdfs:label": {
                  "de": [
                    "Nouvelle-Aquitaine"
                  ],
                  "pt": [
                    "Nouvelle-Aquitaine"
                  ],
                  "en": [
                    "Nouvelle-Aquitaine"
                  ],
                  "it": [
                    "Nouvelle-Aquitaine"
                  ],
                  "fr": [
                    "Nouvelle-Aquitaine"
                  ],
                  "nl": [
                    "Nouvelle-Aquitaine"
                  ],
                  "es": [
                    "Nouvelle-Aquitaine"
                  ]
                },
                "insee": "75",
                "isPartOfCountry": {
                  "@id": "kb:France",
                  "@type": [
                    "schema:Country"
                  ],
                  "rdfs:label": {
                    "de": [
                      "France",
                      "Frankreich"
                    ],
                    "pt": [
                      "França",
                      "France"
                    ],
                    "en": [
                      "France"
                    ],
                    "it": [
                      "France",
                      "Francia"
                    ],
                    "fr": [
                      "France"
                    ],
                    "nl": [
                      "France",
                      "Frankrijk"
                    ],
                    "es": [
                      "France",
                      "Francia"
                    ]
                  }
                }
              }
            }
          }
        }
      ],
      "schema:geo": {
        "@id": "https://data.datatourisme.fr/04fc9597-1de2-304b-870d-b571a3ed78a3",
        "schema:latitude": "43.41118",
        "schema:longitude": "-1.62314",
        "@type": [
          "schema:GeoCoordinates"
        ]
      },
      "@type": [
        "schema:Place",
        "Place"
      ],
      "altInsee": [
        "64483"
      ]
    }
  ],
  "isOwnedBy": [
    {
      "@id": "https://data.datatourisme.fr/89dc0789-bfda-3858-902b-4f53929a580d",
      "schema:legalName": "S Kale 64 : Escales Yoga & Soins de Soi",
      "schema:telephone": [
        "+33 6 86 87 19 97"
      ],
      "@type": [
        "schema:Organization",
        "foaf:Agent",
        "Agent"
      ],
      "foaf:homepage": [
        "http://www.escale64.com/"
      ]
    }
  ],
  "lastUpdate": "2023-09-18",
  "lastUpdateDatatourisme": "2023-09-27T23:11:03.731Z",
  "offers": [
    {
      "@id": "https://data.datatourisme.fr/1fcbe6b2-a469-363a-8d42-68ead48cd951",
      "schema:priceSpecification": [
        {
          "@id": "https://data.datatourisme.fr/b46732b2-56e1-37b6-a039-7042f76919c4",
          "schema:maxPrice": [
            "20"
          ],
          "schema:minPrice": [
            "20"
          ],
          "schema:priceCurrency": "EUR",
          "@type": [
            "schema:PriceSpecification",
            "PriceSpecification"
          ],
          "hasEligiblePolicy": [
            {
              "@id": "kb:BaseRateFullRate",
              "@type": [
                "PricingPolicy"
              ],
              "rdfs:label": {
                "de": [
                  "Basistarif – voller Tarif"
                ],
                "pt": [
                  "Preço de base — preço total"
                ],
                "en": [
                  "Base rate - full rate"
                ],
                "it": [
                  "Tariffa di base — tariffa intera"
                ],
                "fr": [
                  "Tarif de base - plein tarif"
                ],
                "es": [
                  "Tarifa básica - tarifa completa"
                ],
                "nl": [
                  "Basistarief - vol tarief"
                ]
              }
            }
          ],
          "hasPricingMode": [
            {
              "@id": "kb:PerPerson",
              "@type": [
                "PricingMode"
              ],
              "rdfs:label": {
                "de": [
                  "Pro Person"
                ],
                "pt": [
                  "Por pessoa"
                ],
                "en": [
                  "Per person"
                ],
                "it": [
                  "Per persona"
                ],
                "fr": [
                  "Par personne"
                ],
                "es": [
                  "Por persona"
                ],
                "nl": [
                  "Per persoon"
                ]
              }
            },
            {
              "@id": "kb:PerUnit",
              "@type": [
                "PricingMode"
              ],
              "rdfs:label": {
                "de": [
                  "Pro Einheit"
                ],
                "pt": [
                  "Por unidade"
                ],
                "en": [
                  "Per unit"
                ],
                "it": [
                  "Per unità"
                ],
                "fr": [
                  "A l'unité"
                ],
                "es": [
                  "Por unidad"
                ],
                "nl": [
                  "Per eenheid"
                ]
              }
            }
          ],
          "hasPricingOffer": [
            {
              "@id": "kb:Ticket",
              "@type": [
                "ActivityPricingOffer"
              ],
              "rdfs:label": {
                "de": [
                  "Eintrittskarte, Eintrittsgeld, Pauschale"
                ],
                "pt": [
                  "Bilhete, Direito de entrada, Preço fixo"
                ],
                "en": [
                  "Ticket, Entry fee, Pass"
                ],
                "it": [
                  "Biglietto, diritto d'ingresso, forfait"
                ],
                "fr": [
                  "Ticket, Droit d'entrée, Forfait"
                ],
                "nl": [
                  "Ticket, toegangsbewijs, pas"
                ],
                "es": [
                  "Billete, entrada, forfait"
                ]
              }
            }
          ]
        }
      ],
      "@type": [
        "schema:Offer",
        "Offer"
      ]
    }
  ],
  "takesPlaceAt": [
    {
      "@id": "https://data.datatourisme.fr/bda7eed9-e042-3d15-b8f6-1bfa2c748acc",
      "@type": [
        "Period"
      ],
      "endDate": "2023-10-08",
      "endTime": "19:00:00",
      "startDate": "2023-10-08",
      "startTime": "18:00:00"
    }
  ]
}