{
  "@id": "https://data.datatourisme.fr/23/0002e32c-af25-38c9-8f31-2d95c84f8a6c",
  "dc:identifier": "FMAAQU033V51674O",
  "schema:endDate": [
    "2023-11-17"
  ],
  "schema:startDate": [
    "2023-11-17"
  ],
  "@type": [
    "schema:Event",
    "schema:MusicEvent",
    "schema:SocialEvent",
    "Concert",
    "CulturalEvent",
    "EntertainmentAndEvent",
    "LocalAnimation",
    "PointOfInterest",
    "SocialEvent",
    "SportsEvent",
    "TraditionalCelebration"
  ],
  "rdfs:comment": {
    "de": [
      "Mary Bach ist Autorin, Komponistin und Interpretin zahlreicher poetischer und engagierter Lieder mit aktueller Musikalität. Ihre ziselierten Texte, die von einer tiefen, etwas lieblichen Stimme getragen werden, die die Emotionen aussetzt, scheinen das Spiegelbild einer Jugend auf der Suche nach Sinn zu sein. Anfang 2021 veröffentlicht sie ihre ersten Clips in voller Eindämmung, die aufgrund der in der Aktualität verankerten Themen, die sie aufgreift, einen großen Publikums- und Medienerfolg verzeichnen: Zehntausende Aufrufe, Streams und Medien: France 3, France Bleu, NRJ web, RFI, Autoroute FM... Dadurch wurde sie 2022 als Vorgruppe von Agnès Jaoui ausgewählt, aber auch von Tim Dup, Les Goguettes en trio und bald auch von Gauvain Sers.\nIhre erste EP wird unter rund 200 Projekten für das Finale des Prix Moustaki 2022 und die Médaille d'Or de la Chanson 2023 ausgewählt und sie erhält Komplimente von Francis Cabrel für ihren Erfolg"
    ],
    "en": [
      "Mary Bach is the author, composer and performer of many poetic, committed songs with a contemporary musical edge. Carried by a deep, slightly suave voice that suspends emotion, her chiseled lyrics seem to reflect a youth in search of meaning. In early 2021, she released her first clips in the midst of confinement, which, thanks to the topical subjects she tackles, met with great public and media success: tens of thousands of views, streams and media coverage: France 3, France Bleu, NRJ web, RFI, Autoroute FM... This led to her being chosen in 2022 to support Agnès Jaoui, Tim Dup, Les Goguettes en trio and soon Gauvain Sers.\nHer first EP was selected from among some 200 projects, for the Prix Moustaki final in 2022, the Médaille d?Or de la chanson 2023, and she received praise from Francis Cabrel for her c"
    ],
    "it": [
      "Mary Bach è autrice, compositrice e interprete di una serie di canzoni poetiche e impegnate con un taglio musicale contemporaneo. Portati da una voce profonda e leggermente soave che sospende le emozioni, i suoi testi cesellati sembrano riflettere una gioventù alla ricerca di un significato. All'inizio del 2021 ha pubblicato i suoi primi video musicali in piena reclusione e i temi affrontati, radicati nell'attualità, hanno riscosso un enorme successo di pubblico e di media: decine di migliaia di visualizzazioni, streaming e copertura mediatica: France 3, France Bleu, NRJ web, RFI, Autoroute FM... Di conseguenza, nel 2022 è stata scelta per affiancare Agnès Jaoui, Tim Dup, Les Goguettes en trio e presto Gauvain Sers.\nIl suo primo EP è stato selezionato tra circa 200 progetti per la finale del Prix Moustaki nel 2022, la Médaille d'Or de la chanson nel 2023, e ha ricevuto gli elogi di Francis Cabrel per il suo lavoro"
    ],
    "fr": [
      "Mary Bach est l’auteure, compositrice et interprète de nombreuses chansons poétiques, engagées, aux musicalités actuelles. Portés par une voix grave, un peu suave qui suspend l’émotion, ses textes ciselés semblent le reflet d’une jeunesse en quête de sens. Elle sort ses premiers clips en plein confinement début 2021, qui connaissent, de part les sujets ancrés dans l'actualité qu'elle aborde, un vif succès public et médiatique : des dizaines de milliers de vues, de streams et des médias : France 3, France Bleu, NRJ web, RFI, Autoroute FM... Cela lui permet d'être choisie en 2022 pour faire les premières parties d'Agnès Jaoui mais également de Tim Dup, des Goguettes en trio et bientôt de Gauvain Sers. \nSon premier EP est sélectionné parmi environ 200 projets, pour la finale Prix Moustaki en 2022, la Médaille d’Or de la chanson 2023 et elle reçoit les compliments de Francis Cabrel pour sa c"
    ],
    "nl": [
      "Mary Bach is de auteur, componist en vertolkster van een aantal poëtische, geëngageerde liedjes met een eigentijds muzikaal randje. Gedragen door een diepe, licht suave stem die emotie ophangt, lijken haar gebeitelde teksten een jeugd op zoek naar betekenis te weerspiegelen. Begin 2021 bracht ze haar eerste videoclips uit in volledige afzondering en de onderwerpen die ze aansnijdt, die geworteld zijn in de actualiteit, waren een enorm succes bij het publiek en de media: tienduizenden views, streams en media-aandacht: France 3, France Bleu, NRJ web, RFI, Autoroute FM... Als gevolg daarvan werd ze in 2022 uitgekozen om het voorprogramma te doen van Agnès Jaoui, Tim Dup, Les Goguettes en trio en binnenkort Gauvain Sers.\nHaar eerste EP werd geselecteerd uit ongeveer 200 projecten voor de Prix Moustaki finale in 2022, de Médaille d'Or de la chanson in 2023, en ze kreeg lof van Francis Cabrel voor haar c"
    ],
    "es": [
      "Mary Bach es autora, compositora e intérprete de una serie de canciones poéticas y comprometidas con un toque musical contemporáneo. Llevada por una voz profunda y ligeramente suave que suspende la emoción, sus letras cinceladas parecen reflejar una juventud en busca de sentido. A principios de 2021 estrenó sus primeros vídeos musicales en pleno encierro, y los temas que aborda, enraizados en la actualidad, tuvieron un enorme éxito entre el público y los medios de comunicación: decenas de miles de visualizaciones, streams y cobertura mediática: France 3, France Bleu, NRJ web, RFI, Autoroute FM... Como resultado, en 2022 fue elegida como telonera de Agnès Jaoui, Tim Dup, Les Goguettes en trío y pronto de Gauvain Sers.\nSu primer EP fue seleccionado entre unos 200 proyectos para la final del Prix Moustaki en 2022, la Médaille d'Or de la chanson en 2023, y recibió los elogios de Francis Cabrel por su c"
    ]
  },
  "rdfs:label": {
    "de": [
      "P'tites Scènes IDDAC 1 - MARY BACH"
    ],
    "en": [
      "P'tites Scènes IDDAC 1 - MARY BACH"
    ],
    "fr": [
      "P'tites Scènes IDDAC 1 - MARY BACH"
    ],
    "nl": [
      "P'tites Scènes IDDAC 1 - MARY BACH"
    ],
    "es": [
      "P'tites Scènes IDDAC 1 - MARY BACH"
    ]
  },
  "creationDate": "2023-09-12",
  "hasAudience": [
    {
      "@id": "kb:Local",
      "@type": [
        "GeographicReach"
      ],
      "rdfs:label": {
        "de": [
          "Lokal"
        ],
        "pt": [
          "Local"
        ],
        "en": [
          "Local"
        ],
        "it": [
          "Locale"
        ],
        "fr": [
          "Locale"
        ],
        "nl": [
          "Lokaal"
        ],
        "es": [
          "Local"
        ]
      }
    }
  ],
  "hasBeenCreatedBy": {
    "@id": "https://data.datatourisme.fr/23/27c9f60a-9002-338e-9c91-fb2b25b13d7d",
    "dc:identifier": "a1b602a5-80e8-428f-9bb8-324c8077f4cf",
    "schema:legalName": "OT Val de l'Eyre",
    "@type": [
      "schema:Organization",
      "foaf:Agent",
      "Agent"
    ]
  },
  "hasBeenPublishedBy": [
    {
      "@id": "https://data.datatourisme.fr/05dc9cb8-2fa5-383d-b87b-497de06649a2",
      "schema:email": [
        "sirtaqui@na-tourisme.com"
      ],
      "schema:legalName": "SIRTAQUI Nouvelle-Aquitaine",
      "schema:logo": "http://aquitaine.media.tourinsoft.eu/upload/Logo-Sirtaqui-1280x405.jpg",
      "@type": [
        "schema:Organization",
        "foaf:Agent",
        "Agent"
      ],
      "rdfs:comment": {
        "de": [
          "Collecter, mettre en commun et diffuser le plus largement possible une information complète et de qualité au service de nos habitants et de nos visiteurs : voici les objectifs du SIRTAQUI, Système d’Information Régional Touristique de Nouvelle-AQUItaine. Le dispositif est mis en œuvre conjointement par le Comité Régional de Tourisme de Nouvelle-Aquitaine, les services touristiques de la Corrèze, de la Creuse, de la Dordogne, de la Gironde, des Landes, du Lot-et-Garonne, des Pyrénées-Atlantiques, des Deux-Sèvres, de la Vienne et de la Haute-Vienne, en collaboration avec les Offices de Tourisme, et avec le soutien financier de l’Europe et du Conseil Régional."
        ],
        "en": [
          "Collecter, mettre en commun et diffuser le plus largement possible une information complète et de qualité au service de nos habitants et de nos visiteurs : voici les objectifs du SIRTAQUI, Système d’Information Régional Touristique de Nouvelle-AQUItaine. Le dispositif est mis en œuvre conjointement par le Comité Régional de Tourisme de Nouvelle-Aquitaine, les services touristiques de la Corrèze, de la Creuse, de la Dordogne, de la Gironde, des Landes, du Lot-et-Garonne, des Pyrénées-Atlantiques, des Deux-Sèvres, de la Vienne et de la Haute-Vienne, en collaboration avec les Offices de Tourisme, et avec le soutien financier de l’Europe et du Conseil Régional."
        ],
        "it": [
          "L'obiettivo di SIRTAQUI, il Sistema Regionale di Informazione Turistica della Nuova Aquitania, è quello di raccogliere, mettere in comune e diffondere il più possibile informazioni complete e di qualità a beneficio dei nostri residenti e visitatori. Il sistema è realizzato congiuntamente dal Comité Régional de Tourisme de Nouvelle-Aquitaine, dai servizi turistici di Corrèze, Creuse, Dordogne, Gironde, Landes, Lot-et-Garonne, Pyrénées-Atlantiques, Deux-Sèvres, Vienne e Haute-Vienne, in collaborazione con gli Uffici del Turismo e con il sostegno finanziario dell'Europa e del Conseil Régional."
        ],
        "fr": [
          "Collecter, mettre en commun et diffuser le plus largement possible une information complète et de qualité au service de nos habitants et de nos visiteurs : voici les objectifs du SIRTAQUI, Système d’Information Régional Touristique de Nouvelle-AQUItaine. Le dispositif est mis en œuvre conjointement par le Comité Régional de Tourisme de Nouvelle-Aquitaine, les services touristiques de la Corrèze, de la Creuse, de la Dordogne, de la Gironde, des Landes, du Lot-et-Garonne, des Pyrénées-Atlantiques, des Deux-Sèvres, de la Vienne et de la Haute-Vienne, en collaboration avec les Offices de Tourisme, et avec le soutien financier de l’Europe et du Conseil Régional."
        ],
        "nl": [
          "Collecter, mettre en commun et diffuser le plus largement possible une information complète et de qualité au service de nos habitants et de nos visiteurs : voici les objectifs du SIRTAQUI, Système d’Information Régional Touristique de Nouvelle-AQUItaine. Le dispositif est mis en œuvre conjointement par le Comité Régional de Tourisme de Nouvelle-Aquitaine, les services touristiques de la Corrèze, de la Creuse, de la Dordogne, de la Gironde, des Landes, du Lot-et-Garonne, des Pyrénées-Atlantiques, des Deux-Sèvres, de la Vienne et de la Haute-Vienne, en collaboration avec les Offices de Tourisme, et avec le soutien financier de l’Europe et du Conseil Régional."
        ],
        "es": [
          "Collecter, mettre en commun et diffuser le plus largement possible une information complète et de qualité au service de nos habitants et de nos visiteurs : voici les objectifs du SIRTAQUI, Système d’Information Régional Touristique de Nouvelle-AQUItaine. Le dispositif est mis en œuvre conjointement par le Comité Régional de Tourisme de Nouvelle-Aquitaine, les services touristiques de la Corrèze, de la Creuse, de la Dordogne, de la Gironde, des Landes, du Lot-et-Garonne, des Pyrénées-Atlantiques, des Deux-Sèvres, de la Vienne et de la Haute-Vienne, en collaboration avec les Offices de Tourisme, et avec le soutien financier de l’Europe et du Conseil Régional."
        ]
      },
      "foaf:homepage": [
        "http://www.sirtaqui-aquitaine.com/"
      ],
      "hasTranslatedProperty": [
        {
          "@id": "https://data.datatourisme.fr/eef27e75-4a23-313e-a6ee-797e7b64a1cd",
          "dc:contributor": [
            "https://api.deepl.com/v2/translate"
          ],
          "rdf:language": [
            "it"
          ],
          "rdf:predicate": [
            {
              "@id": "rdfs:comment"
            }
          ]
        }
      ]
    }
  ],
  "hasBookingContact": [
    {
      "@id": "https://data.datatourisme.fr/e4b3168d-26b4-3856-b38e-a11604e8d54f",
      "schema:telephone": [
        "+33 5 57 71 90 94"
      ],
      "@type": [
        "foaf:Agent",
        "Agent"
      ]
    }
  ],
  "hasContact": [
    {
      "@id": "https://data.datatourisme.fr/e4b3168d-26b4-3856-b38e-a11604e8d54f",
      "schema:telephone": [
        "+33 5 57 71 90 94"
      ],
      "@type": [
        "foaf:Agent",
        "Agent"
      ]
    }
  ],
  "hasDescription": [
    {
      "@id": "https://data.datatourisme.fr/aa32f594-c9b6-3433-93d2-6330b54c5348",
      "dc:description": {
        "de": [
          "Mary Bach ist Autorin, Komponistin und Interpretin zahlreicher poetischer und engagierter Lieder mit aktueller Musikalität. Ihre ziselierten Texte, die von einer tiefen, etwas lieblichen Stimme getragen werden, die die Emotionen aussetzt, scheinen das Spiegelbild einer Jugend auf der Suche nach Sinn zu sein. Anfang 2021 veröffentlicht sie ihre ersten Clips in voller Eindämmung, die aufgrund der in der Aktualität verankerten Themen, die sie aufgreift, einen großen Publikums- und Medienerfolg verzeichnen: Zehntausende Aufrufe, Streams und Medien: France 3, France Bleu, NRJ web, RFI, Autoroute FM... Dadurch wurde sie 2022 als Vorgruppe von Agnès Jaoui ausgewählt, aber auch von Tim Dup, Les Goguettes en trio und bald auch von Gauvain Sers.\nIhre erste EP wird unter rund 200 Projekten für das Finale des Prix Moustaki 2022 und die Médaille d'Or de la Chanson 2023 ausgewählt und sie erhält Komplimente von Francis Cabrel für ihren Erfolg"
        ],
        "en": [
          "Mary Bach is the author, composer and performer of many poetic, committed songs with a contemporary musical edge. Carried by a deep, slightly suave voice that suspends emotion, her chiseled lyrics seem to reflect a youth in search of meaning. In early 2021, she released her first clips in the midst of confinement, which, thanks to the topical subjects she tackles, met with great public and media success: tens of thousands of views, streams and media coverage: France 3, France Bleu, NRJ web, RFI, Autoroute FM... This led to her being chosen in 2022 to support Agnès Jaoui, Tim Dup, Les Goguettes en trio and soon Gauvain Sers.\nHer first EP was selected from among some 200 projects, for the Prix Moustaki final in 2022, the Médaille d?Or de la chanson 2023, and she received praise from Francis Cabrel for her c"
        ],
        "it": [
          "Mary Bach è autrice, compositrice e interprete di una serie di canzoni poetiche e impegnate con un taglio musicale contemporaneo. Portati da una voce profonda e leggermente soave che sospende le emozioni, i suoi testi cesellati sembrano riflettere una gioventù alla ricerca di un significato. All'inizio del 2021 ha pubblicato i suoi primi video musicali in piena reclusione e i temi affrontati, radicati nell'attualità, hanno riscosso un enorme successo di pubblico e di media: decine di migliaia di visualizzazioni, streaming e copertura mediatica: France 3, France Bleu, NRJ web, RFI, Autoroute FM... Di conseguenza, nel 2022 è stata scelta per affiancare Agnès Jaoui, Tim Dup, Les Goguettes en trio e presto Gauvain Sers.\nIl suo primo EP è stato selezionato tra circa 200 progetti per la finale del Prix Moustaki nel 2022, la Médaille d'Or de la chanson nel 2023, e ha ricevuto gli elogi di Francis Cabrel per il suo lavoro"
        ],
        "fr": [
          "Mary Bach est l’auteure, compositrice et interprète de nombreuses chansons poétiques, engagées, aux musicalités actuelles. Portés par une voix grave, un peu suave qui suspend l’émotion, ses textes ciselés semblent le reflet d’une jeunesse en quête de sens. Elle sort ses premiers clips en plein confinement début 2021, qui connaissent, de part les sujets ancrés dans l'actualité qu'elle aborde, un vif succès public et médiatique : des dizaines de milliers de vues, de streams et des médias : France 3, France Bleu, NRJ web, RFI, Autoroute FM... Cela lui permet d'être choisie en 2022 pour faire les premières parties d'Agnès Jaoui mais également de Tim Dup, des Goguettes en trio et bientôt de Gauvain Sers. \nSon premier EP est sélectionné parmi environ 200 projets, pour la finale Prix Moustaki en 2022, la Médaille d’Or de la chanson 2023 et elle reçoit les compliments de Francis Cabrel pour sa c"
        ],
        "nl": [
          "Mary Bach is de auteur, componist en vertolkster van een aantal poëtische, geëngageerde liedjes met een eigentijds muzikaal randje. Gedragen door een diepe, licht suave stem die emotie ophangt, lijken haar gebeitelde teksten een jeugd op zoek naar betekenis te weerspiegelen. Begin 2021 bracht ze haar eerste videoclips uit in volledige afzondering en de onderwerpen die ze aansnijdt, die geworteld zijn in de actualiteit, waren een enorm succes bij het publiek en de media: tienduizenden views, streams en media-aandacht: France 3, France Bleu, NRJ web, RFI, Autoroute FM... Als gevolg daarvan werd ze in 2022 uitgekozen om het voorprogramma te doen van Agnès Jaoui, Tim Dup, Les Goguettes en trio en binnenkort Gauvain Sers.\nHaar eerste EP werd geselecteerd uit ongeveer 200 projecten voor de Prix Moustaki finale in 2022, de Médaille d'Or de la chanson in 2023, en ze kreeg lof van Francis Cabrel voor haar c"
        ],
        "es": [
          "Mary Bach es autora, compositora e intérprete de una serie de canciones poéticas y comprometidas con un toque musical contemporáneo. Llevada por una voz profunda y ligeramente suave que suspende la emoción, sus letras cinceladas parecen reflejar una juventud en busca de sentido. A principios de 2021 estrenó sus primeros vídeos musicales en pleno encierro, y los temas que aborda, enraizados en la actualidad, tuvieron un enorme éxito entre el público y los medios de comunicación: decenas de miles de visualizaciones, streams y cobertura mediática: France 3, France Bleu, NRJ web, RFI, Autoroute FM... Como resultado, en 2022 fue elegida como telonera de Agnès Jaoui, Tim Dup, Les Goguettes en trío y pronto de Gauvain Sers.\nSu primer EP fue seleccionado entre unos 200 proyectos para la final del Prix Moustaki en 2022, la Médaille d'Or de la chanson en 2023, y recibió los elogios de Francis Cabrel por su c"
        ]
      },
      "@type": [
        "Description"
      ],
      "hasTranslatedProperty": [
        {
          "@id": "https://data.datatourisme.fr/0c57bf5f-e0a1-3424-962e-cd9ae97893fa",
          "dc:contributor": [
            "https://api.deepl.com/v2/translate"
          ],
          "rdf:language": [
            "es"
          ],
          "rdf:predicate": [
            "shortDescription"
          ]
        },
        {
          "@id": "https://data.datatourisme.fr/1729f640-ec42-3547-a041-b9e03a118b31",
          "dc:contributor": [
            "https://api.deepl.com/v2/translate"
          ],
          "rdf:language": [
            "nl"
          ],
          "rdf:predicate": [
            {
              "@id": "dc:description"
            }
          ]
        },
        {
          "@id": "https://data.datatourisme.fr/255c897f-6865-3153-a2b4-3fb41ec37987",
          "dc:contributor": [
            "https://api.deepl.com/v2/translate"
          ],
          "rdf:language": [
            "en"
          ],
          "rdf:predicate": [
            {
              "@id": "dc:description"
            }
          ]
        },
        {
          "@id": "https://data.datatourisme.fr/72c49bb4-2b01-3d9a-af7a-89791f00ebc8",
          "dc:contributor": [
            "https://api.deepl.com/v2/translate"
          ],
          "rdf:language": [
            "nl"
          ],
          "rdf:predicate": [
            "shortDescription"
          ]
        },
        {
          "@id": "https://data.datatourisme.fr/95e72950-7246-3e26-9181-8addf9d16401",
          "dc:contributor": [
            "https://api.deepl.com/v2/translate"
          ],
          "rdf:language": [
            "de"
          ],
          "rdf:predicate": [
            {
              "@id": "dc:description"
            }
          ]
        },
        {
          "@id": "https://data.datatourisme.fr/a28aef52-1b7b-36a3-9c20-1851d4c39f03",
          "dc:contributor": [
            "https://api.deepl.com/v2/translate"
          ],
          "rdf:language": [
            "es"
          ],
          "rdf:predicate": [
            {
              "@id": "dc:description"
            }
          ]
        },
        {
          "@id": "https://data.datatourisme.fr/aa6ac747-5977-3ae7-bc28-76437a4682bf",
          "dc:contributor": [
            "https://api.deepl.com/v2/translate"
          ],
          "rdf:language": [
            "it"
          ],
          "rdf:predicate": [
            "shortDescription"
          ]
        },
        {
          "@id": "https://data.datatourisme.fr/d2c2f7f7-a08b-352c-8db2-67a3a6800a2f",
          "dc:contributor": [
            "https://api.deepl.com/v2/translate"
          ],
          "rdf:language": [
            "de"
          ],
          "rdf:predicate": [
            "shortDescription"
          ]
        },
        {
          "@id": "https://data.datatourisme.fr/ef6236c7-6dc9-3320-ae99-6eb2b3474213",
          "dc:contributor": [
            "https://api.deepl.com/v2/translate"
          ],
          "rdf:language": [
            "en"
          ],
          "rdf:predicate": [
            "shortDescription"
          ]
        },
        {
          "@id": "https://data.datatourisme.fr/f17f88f5-a734-3ff6-91c7-57b4f9aaa409",
          "dc:contributor": [
            "https://api.deepl.com/v2/translate"
          ],
          "rdf:language": [
            "it"
          ],
          "rdf:predicate": [
            {
              "@id": "dc:description"
            }
          ]
        }
      ],
      "shortDescription": {
        "de": [
          "Mary Bach ist Autorin, Komponistin und Interpretin zahlreicher poetischer und engagierter Lieder mit aktueller Musikalität. Ihre ziselierten Texte, die von einer tiefen, etwas lieblichen Stimme getragen werden, die die Emotionen aussetzt, scheinen das Spiegelbild einer Jugend auf der Suche nach Sinn zu sein. Anfang 2021 veröffentlicht sie ihre ersten Clips in voller Eindämmung, die aufgrund der in der Aktualität verankerten Themen, die sie aufgreift, einen großen Publikums- und Medienerfolg verzeichnen: Zehntausende Aufrufe, Streams und Medien: France 3, France Bleu, NRJ web, RFI, Autoroute FM... Dadurch wurde sie 2022 als Vorgruppe von Agnès Jaoui ausgewählt, aber auch von Tim Dup, Les Goguettes en trio und bald auch von Gauvain Sers.\nIhre erste EP wird unter rund 200 Projekten für das Finale des Prix Moustaki 2022 und die Médaille d'Or de la Chanson 2023 ausgewählt und sie erhält Komplimente von Francis Cabrel für ihren Erfolg"
        ],
        "en": [
          "Mary Bach is the author, composer and performer of many poetic, committed songs with a contemporary musical edge. Carried by a deep, slightly suave voice that suspends emotion, her chiseled lyrics seem to reflect a youth in search of meaning. In early 2021, she released her first clips in the midst of confinement, which, thanks to the topical subjects she tackles, met with great public and media success: tens of thousands of views, streams and media coverage: France 3, France Bleu, NRJ web, RFI, Autoroute FM... This led to her being chosen in 2022 to support Agnès Jaoui, Tim Dup, Les Goguettes en trio and soon Gauvain Sers.\nHer first EP was selected from among some 200 projects, for the Prix Moustaki final in 2022, the Médaille d?Or de la chanson 2023, and she received praise from Francis Cabrel for her c"
        ],
        "it": [
          "Mary Bach è autrice, compositrice e interprete di una serie di canzoni poetiche e impegnate con un taglio musicale contemporaneo. Portati da una voce profonda e leggermente soave che sospende le emozioni, i suoi testi cesellati sembrano riflettere una gioventù alla ricerca di un significato. All'inizio del 2021 ha pubblicato i suoi primi video musicali in piena reclusione e i temi affrontati, radicati nell'attualità, hanno riscosso un enorme successo di pubblico e di media: decine di migliaia di visualizzazioni, streaming e copertura mediatica: France 3, France Bleu, NRJ web, RFI, Autoroute FM... Di conseguenza, nel 2022 è stata scelta per affiancare Agnès Jaoui, Tim Dup, Les Goguettes en trio e presto Gauvain Sers.\nIl suo primo EP è stato selezionato tra circa 200 progetti per la finale del Prix Moustaki nel 2022, la Médaille d'Or de la chanson nel 2023, e ha ricevuto gli elogi di Francis Cabrel per il suo lavoro"
        ],
        "fr": [
          "Mary Bach est l’auteure, compositrice et interprète de nombreuses chansons poétiques, engagées, aux musicalités actuelles. Portés par une voix grave, un peu suave qui suspend l’émotion, ses textes ciselés semblent le reflet d’une jeunesse en quête de sens. Elle sort ses premiers clips en plein confinement début 2021, qui connaissent, de part les sujets ancrés dans l'actualité qu'elle aborde, un vif succès public et médiatique : des dizaines de milliers de vues, de streams et des médias : France 3, France Bleu, NRJ web, RFI, Autoroute FM... Cela lui permet d'être choisie en 2022 pour faire les premières parties d'Agnès Jaoui mais également de Tim Dup, des Goguettes en trio et bientôt de Gauvain Sers. \nSon premier EP est sélectionné parmi environ 200 projets, pour la finale Prix Moustaki en 2022, la Médaille d’Or de la chanson 2023 et elle reçoit les compliments de Francis Cabrel pour sa c"
        ],
        "nl": [
          "Mary Bach is de auteur, componist en vertolkster van een aantal poëtische, geëngageerde liedjes met een eigentijds muzikaal randje. Gedragen door een diepe, licht suave stem die emotie ophangt, lijken haar gebeitelde teksten een jeugd op zoek naar betekenis te weerspiegelen. Begin 2021 bracht ze haar eerste videoclips uit in volledige afzondering en de onderwerpen die ze aansnijdt, die geworteld zijn in de actualiteit, waren een enorm succes bij het publiek en de media: tienduizenden views, streams en media-aandacht: France 3, France Bleu, NRJ web, RFI, Autoroute FM... Als gevolg daarvan werd ze in 2022 uitgekozen om het voorprogramma te doen van Agnès Jaoui, Tim Dup, Les Goguettes en trio en binnenkort Gauvain Sers.\nHaar eerste EP werd geselecteerd uit ongeveer 200 projecten voor de Prix Moustaki finale in 2022, de Médaille d'Or de la chanson in 2023, en ze kreeg lof van Francis Cabrel voor haar c"
        ],
        "es": [
          "Mary Bach es autora, compositora e intérprete de una serie de canciones poéticas y comprometidas con un toque musical contemporáneo. Llevada por una voz profunda y ligeramente suave que suspende la emoción, sus letras cinceladas parecen reflejar una juventud en busca de sentido. A principios de 2021 estrenó sus primeros vídeos musicales en pleno encierro, y los temas que aborda, enraizados en la actualidad, tuvieron un enorme éxito entre el público y los medios de comunicación: decenas de miles de visualizaciones, streams y cobertura mediática: France 3, France Bleu, NRJ web, RFI, Autoroute FM... Como resultado, en 2022 fue elegida como telonera de Agnès Jaoui, Tim Dup, Les Goguettes en trío y pronto de Gauvain Sers.\nSu primer EP fue seleccionado entre unos 200 proyectos para la final del Prix Moustaki en 2022, la Médaille d'Or de la chanson en 2023, y recibió los elogios de Francis Cabrel por su c"
        ]
      }
    }
  ],
  "hasGeographicReach": [
    {
      "@id": "kb:Local",
      "@type": [
        "GeographicReach"
      ],
      "rdfs:label": {
        "de": [
          "Lokal"
        ],
        "pt": [
          "Local"
        ],
        "en": [
          "Local"
        ],
        "it": [
          "Locale"
        ],
        "fr": [
          "Locale"
        ],
        "nl": [
          "Lokaal"
        ],
        "es": [
          "Local"
        ]
      }
    }
  ],
  "hasMainRepresentation": [
    {
      "@id": "https://data.datatourisme.fr/6e5c233c-2ffe-3d27-b71b-d4e6f9d9f93f",
      "ebucore:hasAnnotation": [
        {
          "@id": "https://data.datatourisme.fr/0c6848a3-0ea9-3bbb-bd53-113349ae33af",
          "ebucore:isCoveredBy": "By-NC-ND 4.0",
          "ebucore:title": {
            "fr": [
              "P'tites scènes IDDAC"
            ]
          },
          "@type": [
            "ebucore:Annotation"
          ],
          "credits": [
            "Bateau Lyre"
          ]
        }
      ],
      "ebucore:hasRelatedResource": [
        {
          "@id": "https://data.datatourisme.fr/8909ee92-7a2d-3ba1-bb7e-db127eb1803d",
          "ebucore:hasMimeType": [
            {
              "@id": "kb:JPEG",
              "@type": [
                "ebucore:MimeType"
              ],
              "rdfs:comment": {
                "de": [
                  "JPEG-Bild"
                ],
                "pt": [
                  "Imagem JPEG"
                ],
                "en": [
                  "JPEG image file"
                ],
                "it": [
                  "Immagine JPEG"
                ],
                "fr": [
                  "Image JPEG"
                ],
                "nl": [
                  "JPEG-afbeelding"
                ],
                "es": [
                  "Imagen JPEG"
                ]
              },
              "rdfs:label": {
                "de": [
                  "image/jpeg"
                ],
                "pt": [
                  "image/jpeg"
                ],
                "en": [
                  "image/jpeg"
                ],
                "it": [
                  "image/jpeg"
                ],
                "fr": [
                  "image/jpeg"
                ],
                "nl": [
                  "image/jpeg"
                ],
                "es": [
                  "image/jpeg"
                ]
              }
            }
          ],
          "ebucore:locator": [
            "http://aquitaine.media.tourinsoft.eu/Upload/P-tites-scenes-IDDAC.JPG"
          ],
          "@type": [
            "ebucore:Resource"
          ]
        }
      ],
      "@type": [
        "ebucore:EditorialObject"
      ]
    }
  ],
  "hasRepresentation": [
    {
      "@id": "https://data.datatourisme.fr/6e5c233c-2ffe-3d27-b71b-d4e6f9d9f93f",
      "ebucore:hasAnnotation": [
        {
          "@id": "https://data.datatourisme.fr/0c6848a3-0ea9-3bbb-bd53-113349ae33af",
          "ebucore:isCoveredBy": "By-NC-ND 4.0",
          "ebucore:title": {
            "fr": [
              "P'tites scènes IDDAC"
            ]
          },
          "@type": [
            "ebucore:Annotation"
          ],
          "credits": [
            "Bateau Lyre"
          ]
        }
      ],
      "ebucore:hasRelatedResource": [
        {
          "@id": "https://data.datatourisme.fr/8909ee92-7a2d-3ba1-bb7e-db127eb1803d",
          "ebucore:hasMimeType": [
            {
              "@id": "kb:JPEG",
              "@type": [
                "ebucore:MimeType"
              ],
              "rdfs:comment": {
                "de": [
                  "JPEG-Bild"
                ],
                "pt": [
                  "Imagem JPEG"
                ],
                "en": [
                  "JPEG image file"
                ],
                "it": [
                  "Immagine JPEG"
                ],
                "fr": [
                  "Image JPEG"
                ],
                "nl": [
                  "JPEG-afbeelding"
                ],
                "es": [
                  "Imagen JPEG"
                ]
              },
              "rdfs:label": {
                "de": [
                  "image/jpeg"
                ],
                "pt": [
                  "image/jpeg"
                ],
                "en": [
                  "image/jpeg"
                ],
                "it": [
                  "image/jpeg"
                ],
                "fr": [
                  "image/jpeg"
                ],
                "nl": [
                  "image/jpeg"
                ],
                "es": [
                  "image/jpeg"
                ]
              }
            }
          ],
          "ebucore:locator": [
            "http://aquitaine.media.tourinsoft.eu/Upload/P-tites-scenes-IDDAC.JPG"
          ],
          "@type": [
            "ebucore:Resource"
          ]
        }
      ],
      "@type": [
        "ebucore:EditorialObject"
      ]
    }
  ],
  "hasTranslatedProperty": [
    {
      "@id": "https://data.datatourisme.fr/3d4f6260-dd7c-3009-8b18-40b081c4206f",
      "dc:contributor": [
        "https://api.deepl.com/v2/translate"
      ],
      "rdf:language": [
        "en"
      ],
      "rdf:predicate": [
        {
          "@id": "rdfs:comment"
        }
      ]
    },
    {
      "@id": "https://data.datatourisme.fr/79e8b428-d117-3635-9b32-19c9c861df9b",
      "dc:contributor": [
        "https://api.deepl.com/v2/translate"
      ],
      "rdf:language": [
        "es"
      ],
      "rdf:predicate": [
        {
          "@id": "rdfs:comment"
        }
      ]
    },
    {
      "@id": "https://data.datatourisme.fr/ae9eabf3-4762-33f9-a865-d46a7ae1b605",
      "dc:contributor": [
        "https://api.deepl.com/v2/translate"
      ],
      "rdf:language": [
        "it"
      ],
      "rdf:predicate": [
        {
          "@id": "rdfs:comment"
        }
      ]
    },
    {
      "@id": "https://data.datatourisme.fr/bcc142d0-ce0b-35a7-819e-65a8013358b9",
      "dc:contributor": [
        "https://api.deepl.com/v2/translate"
      ],
      "rdf:language": [
        "de"
      ],
      "rdf:predicate": [
        {
          "@id": "rdfs:comment"
        }
      ]
    },
    {
      "@id": "https://data.datatourisme.fr/e09b239a-4915-3f21-ac00-6c1eda274c98",
      "dc:contributor": [
        "https://api.deepl.com/v2/translate"
      ],
      "rdf:language": [
        "nl"
      ],
      "rdf:predicate": [
        {
          "@id": "rdfs:comment"
        }
      ]
    }
  ],
  "isLocatedAt": [
    {
      "@id": "https://data.datatourisme.fr/552b2904-c168-3c18-a14a-255a05d11542",
      "schema:address": [
        {
          "@id": "https://data.datatourisme.fr/80d2c34b-f6f4-3176-8b86-629fd5c2efed",
          "schema:addressLocality": "Le Barp",
          "schema:postalCode": "33114",
          "schema:streetAddress": [
            "73 Avenue de Gascogne"
          ],
          "@type": [
            "schema:PostalAddress",
            "PostalAddress"
          ],
          "hasAddressCity": {
            "@id": "kb:33029",
            "@type": [
              "City"
            ],
            "rdfs:label": {
              "de": [
                "Le Barp"
              ],
              "pt": [
                "Le Barp"
              ],
              "en": [
                "Le Barp"
              ],
              "it": [
                "Le Barp"
              ],
              "fr": [
                "Le Barp"
              ],
              "nl": [
                "Le Barp"
              ],
              "es": [
                "Le Barp"
              ]
            },
            "insee": "33029",
            "isPartOfDepartment": {
              "@id": "kb:France7533",
              "@type": [
                "Department"
              ],
              "rdfs:label": {
                "de": [
                  "Gironde"
                ],
                "pt": [
                  "Gironde"
                ],
                "en": [
                  "Gironde"
                ],
                "it": [
                  "Gironde"
                ],
                "fr": [
                  "Gironde"
                ],
                "nl": [
                  "Gironde"
                ],
                "es": [
                  "Gironde"
                ]
              },
              "insee": "33",
              "isPartOfRegion": {
                "@id": "kb:France75",
                "@type": [
                  "Region"
                ],
                "rdfs:label": {
                  "de": [
                    "Nouvelle-Aquitaine"
                  ],
                  "pt": [
                    "Nouvelle-Aquitaine"
                  ],
                  "en": [
                    "Nouvelle-Aquitaine"
                  ],
                  "it": [
                    "Nouvelle-Aquitaine"
                  ],
                  "fr": [
                    "Nouvelle-Aquitaine"
                  ],
                  "nl": [
                    "Nouvelle-Aquitaine"
                  ],
                  "es": [
                    "Nouvelle-Aquitaine"
                  ]
                },
                "insee": "75",
                "isPartOfCountry": {
                  "@id": "kb:France",
                  "@type": [
                    "schema:Country"
                  ],
                  "rdfs:label": {
                    "de": [
                      "France",
                      "Frankreich"
                    ],
                    "pt": [
                      "França",
                      "France"
                    ],
                    "en": [
                      "France"
                    ],
                    "it": [
                      "France",
                      "Francia"
                    ],
                    "fr": [
                      "France"
                    ],
                    "nl": [
                      "France",
                      "Frankrijk"
                    ],
                    "es": [
                      "France",
                      "Francia"
                    ]
                  }
                }
              }
            }
          }
        }
      ],
      "schema:geo": {
        "@id": "https://data.datatourisme.fr/2e5c013c-0f2e-36a5-a0d4-5d38178632d5",
        "schema:latitude": "44.60128",
        "schema:longitude": "-0.76092",
        "@type": [
          "schema:GeoCoordinates"
        ]
      },
      "@type": [
        "schema:Place",
        "Place"
      ],
      "altInsee": [
        "33029"
      ]
    }
  ],
  "isOwnedBy": [
    {
      "@id": "https://data.datatourisme.fr/e4b3168d-26b4-3856-b38e-a11604e8d54f",
      "schema:telephone": [
        "+33 5 57 71 90 94"
      ],
      "@type": [
        "foaf:Agent",
        "Agent"
      ]
    }
  ],
  "lastUpdate": "2023-09-12",
  "lastUpdateDatatourisme": "2023-09-28T00:21:37.921Z",
  "offers": [
    {
      "@id": "https://data.datatourisme.fr/5dcc6e67-c64c-3eeb-bd26-f282642127a8",
      "schema:priceSpecification": [
        {
          "@id": "https://data.datatourisme.fr/29b7e274-4ad4-319c-bb5b-44956b806d6a",
          "schema:maxPrice": [
            "5"
          ],
          "schema:priceCurrency": "EUR",
          "@type": [
            "schema:PriceSpecification",
            "PriceSpecification"
          ],
          "hasEligiblePolicy": [
            {
              "@id": "kb:ReducedRate",
              "@type": [
                "PricingPolicy"
              ],
              "rdfs:label": {
                "de": [
                  "Ermäßigter Tarif"
                ],
                "pt": [
                  "Preço reduzido"
                ],
                "en": [
                  "Reduced rate"
                ],
                "it": [
                  "Prezzo ridotto"
                ],
                "fr": [
                  "Tarif réduit"
                ],
                "es": [
                  "Tarifa reducida"
                ],
                "nl": [
                  "Gereduceerd tarief"
                ]
              }
            }
          ],
          "hasPricingMode": [
            {
              "@id": "kb:PerPerson",
              "@type": [
                "PricingMode"
              ],
              "rdfs:label": {
                "de": [
                  "Pro Person"
                ],
                "pt": [
                  "Por pessoa"
                ],
                "en": [
                  "Per person"
                ],
                "it": [
                  "Per persona"
                ],
                "fr": [
                  "Par personne"
                ],
                "es": [
                  "Por persona"
                ],
                "nl": [
                  "Per persoon"
                ]
              }
            },
            {
              "@id": "kb:PerUnit",
              "@type": [
                "PricingMode"
              ],
              "rdfs:label": {
                "de": [
                  "Pro Einheit"
                ],
                "pt": [
                  "Por unidade"
                ],
                "en": [
                  "Per unit"
                ],
                "it": [
                  "Per unità"
                ],
                "fr": [
                  "A l'unité"
                ],
                "es": [
                  "Por unidad"
                ],
                "nl": [
                  "Per eenheid"
                ]
              }
            }
          ]
        },
        {
          "@id": "https://data.datatourisme.fr/93ff3ca5-4699-3ca0-9a4c-c9b1b1f7d5ab",
          "schema:priceCurrency": "EUR",
          "@type": [
            "schema:PriceSpecification",
            "PriceSpecification"
          ],
          "additionalInformation": {
            "de": [
              "unter 12 Jahren"
            ],
            "en": [
              "under 12 years old"
            ],
            "it": [
              "sotto i 12 anni"
            ],
            "fr": [
              "moins de 12 ans"
            ],
            "es": [
              "menores de 12 años"
            ],
            "nl": [
              "jonger dan 12 jaar"
            ]
          },
          "hasEligiblePolicy": [
            {
              "@id": "kb:Free",
              "@type": [
                "PricingPolicy"
              ],
              "rdfs:label": {
                "de": [
                  "Kostenlos"
                ],
                "pt": [
                  "Gratuito"
                ],
                "en": [
                  "Free"
                ],
                "it": [
                  "Gratuito"
                ],
                "fr": [
                  "Gratuit"
                ],
                "es": [
                  "Gratuito"
                ],
                "nl": [
                  "Gratis"
                ]
              }
            }
          ],
          "hasTranslatedProperty": [
            {
              "@id": "https://data.datatourisme.fr/00bc56b5-1d94-3bf0-9715-e90e8632f29b",
              "dc:contributor": [
                "https://api.deepl.com/v2/translate"
              ],
              "rdf:language": [
                "nl"
              ],
              "rdf:predicate": [
                "additionalInformation"
              ]
            },
            {
              "@id": "https://data.datatourisme.fr/632fa68a-11b0-3bf7-883b-36d20a0cbc2e",
              "dc:contributor": [
                "https://api.deepl.com/v2/translate"
              ],
              "rdf:language": [
                "en"
              ],
              "rdf:predicate": [
                "additionalInformation"
              ]
            },
            {
              "@id": "https://data.datatourisme.fr/c44f739f-2f7e-3904-8c7f-a290ede907e5",
              "dc:contributor": [
                "https://api.deepl.com/v2/translate"
              ],
              "rdf:language": [
                "de"
              ],
              "rdf:predicate": [
                "additionalInformation"
              ]
            },
            {
              "@id": "https://data.datatourisme.fr/ccbb0dc8-df10-3406-9ac8-615a8d18ca9d",
              "dc:contributor": [
                "https://api.deepl.com/v2/translate"
              ],
              "rdf:language": [
                "es"
              ],
              "rdf:predicate": [
                "additionalInformation"
              ]
            },
            {
              "@id": "https://data.datatourisme.fr/fb870c5a-b26b-3a34-8723-3814cbe96262",
              "dc:contributor": [
                "https://api.deepl.com/v2/translate"
              ],
              "rdf:language": [
                "it"
              ],
              "rdf:predicate": [
                "additionalInformation"
              ]
            }
          ]
        },
        {
          "@id": "https://data.datatourisme.fr/a34bd59c-f3f0-380a-8acc-e4e5e4425725",
          "schema:maxPrice": [
            "6"
          ],
          "schema:priceCurrency": "EUR",
          "@type": [
            "schema:PriceSpecification",
            "PriceSpecification"
          ],
          "hasEligiblePolicy": [
            {
              "@id": "kb:BaseRateFullRate",
              "@type": [
                "PricingPolicy"
              ],
              "rdfs:label": {
                "de": [
                  "Basistarif – voller Tarif"
                ],
                "pt": [
                  "Preço de base — preço total"
                ],
                "en": [
                  "Base rate - full rate"
                ],
                "it": [
                  "Tariffa di base — tariffa intera"
                ],
                "fr": [
                  "Tarif de base - plein tarif"
                ],
                "es": [
                  "Tarifa básica - tarifa completa"
                ],
                "nl": [
                  "Basistarief - vol tarief"
                ]
              }
            }
          ],
          "hasPricingMode": [
            {
              "@id": "kb:PerPerson",
              "@type": [
                "PricingMode"
              ],
              "rdfs:label": {
                "de": [
                  "Pro Person"
                ],
                "pt": [
                  "Por pessoa"
                ],
                "en": [
                  "Per person"
                ],
                "it": [
                  "Per persona"
                ],
                "fr": [
                  "Par personne"
                ],
                "es": [
                  "Por persona"
                ],
                "nl": [
                  "Per persoon"
                ]
              }
            },
            {
              "@id": "kb:PerUnit",
              "@type": [
                "PricingMode"
              ],
              "rdfs:label": {
                "de": [
                  "Pro Einheit"
                ],
                "pt": [
                  "Por unidade"
                ],
                "en": [
                  "Per unit"
                ],
                "it": [
                  "Per unità"
                ],
                "fr": [
                  "A l'unité"
                ],
                "es": [
                  "Por unidad"
                ],
                "nl": [
                  "Per eenheid"
                ]
              }
            }
          ],
          "hasPricingOffer": [
            {
              "@id": "kb:Ticket",
              "@type": [
                "ActivityPricingOffer"
              ],
              "rdfs:label": {
                "de": [
                  "Eintrittskarte, Eintrittsgeld, Pauschale"
                ],
                "pt": [
                  "Bilhete, Direito de entrada, Preço fixo"
                ],
                "en": [
                  "Ticket, Entry fee, Pass"
                ],
                "it": [
                  "Biglietto, diritto d'ingresso, forfait"
                ],
                "fr": [
                  "Ticket, Droit d'entrée, Forfait"
                ],
                "nl": [
                  "Ticket, toegangsbewijs, pas"
                ],
                "es": [
                  "Billete, entrada, forfait"
                ]
              }
            }
          ]
        }
      ],
      "@type": [
        "schema:Offer",
        "Offer"
      ]
    }
  ],
  "takesPlaceAt": [
    {
      "@id": "https://data.datatourisme.fr/1ecaba34-255e-3138-84ff-ccdb8e3f7b50",
      "@type": [
        "Period"
      ],
      "endDate": "2023-11-17",
      "startDate": "2023-11-17",
      "startTime": "19:30:00"
    }
  ]
}