{
  "@id": "https://data.datatourisme.fr/23/00f5e284-48e6-30de-8459-378afa344ece",
  "dc:identifier": "ASCAQU024FS0000M",
  "@type": [
    "PlaceOfInterest",
    "PointOfInterest",
    "SportsAndLeisurePlace"
  ],
  "rdfs:comment": {
    "de": [
      "Das Zentrum organisiert Wanderungen für Jugendliche (Spaziergänge und lange Wanderungen), Praktika und das Ablegen von eidgenössischen Prüfungen. Möglichkeit von Wochenendaufenthalten, Übernachtungen und Etappenunterkünften."
    ],
    "en": [
      "The centre organises teenage hikes (walking and long-distance hiking), internships and federal exams. Possibility of weekend stays, accommodation and stopovers."
    ],
    "it": [
      "Il centro organizza escursioni per adolescenti (passeggiate e lunghe camminate), corsi ed esami federali. Possibilità di soggiorni nei fine settimana, alloggio per soggiorni e stage."
    ],
    "fr": [
      "Le centre organise des randos ados (promenade et grande randonnée), stages et passage d'examens fédéraux. Possibilité de séjours week-end, d'hébergement de séjour et d'étape."
    ],
    "nl": [
      "Het centrum organiseert tienerwandelingen (wandelen en lange wandelingen), cursussen en federale examens. Mogelijkheid tot weekendverblijf, accommodatie voor verblijven en etappes."
    ],
    "es": [
      "El centro organiza excursiones para adolescentes (a pie y de largo recorrido), cursos y exámenes federales. Posibilidad de estancias de fin de semana, alojamiento para estancias y etapas."
    ]
  },
  "rdfs:label": {
    "de": [
      "Ecuries de Camberoux"
    ],
    "en": [
      "Ecuries de Camberoux"
    ],
    "fr": [
      "Ecuries de Camberoux"
    ],
    "nl": [
      "Ecuries de Camberoux"
    ],
    "es": [
      "Ecuries de Camberoux"
    ]
  },
  "creationDate": "2006-06-30",
  "hasBeenCreatedBy": {
    "@id": "https://data.datatourisme.fr/23/f75d2d18-122d-318f-ab65-2619b02e095c",
    "dc:identifier": "ad08ca99-4269-4341-ba7e-c5fd7439bf5c",
    "schema:legalName": "Pays de Bergerac, Vignoble & Bastides",
    "@type": [
      "schema:Organization",
      "foaf:Agent",
      "Agent"
    ]
  },
  "hasBeenPublishedBy": [
    {
      "@id": "https://data.datatourisme.fr/05dc9cb8-2fa5-383d-b87b-497de06649a2",
      "schema:email": [
        "sirtaqui@na-tourisme.com"
      ],
      "schema:legalName": "SIRTAQUI Nouvelle-Aquitaine",
      "schema:logo": "http://aquitaine.media.tourinsoft.eu/upload/Logo-Sirtaqui-1280x405.jpg",
      "@type": [
        "schema:Organization",
        "foaf:Agent",
        "Agent"
      ],
      "rdfs:comment": {
        "de": [
          "Collecter, mettre en commun et diffuser le plus largement possible une information complète et de qualité au service de nos habitants et de nos visiteurs : voici les objectifs du SIRTAQUI, Système d’Information Régional Touristique de Nouvelle-AQUItaine. Le dispositif est mis en œuvre conjointement par le Comité Régional de Tourisme de Nouvelle-Aquitaine, les services touristiques de la Corrèze, de la Creuse, de la Dordogne, de la Gironde, des Landes, du Lot-et-Garonne, des Pyrénées-Atlantiques, des Deux-Sèvres, de la Vienne et de la Haute-Vienne, en collaboration avec les Offices de Tourisme, et avec le soutien financier de l’Europe et du Conseil Régional."
        ],
        "en": [
          "Collecter, mettre en commun et diffuser le plus largement possible une information complète et de qualité au service de nos habitants et de nos visiteurs : voici les objectifs du SIRTAQUI, Système d’Information Régional Touristique de Nouvelle-AQUItaine. Le dispositif est mis en œuvre conjointement par le Comité Régional de Tourisme de Nouvelle-Aquitaine, les services touristiques de la Corrèze, de la Creuse, de la Dordogne, de la Gironde, des Landes, du Lot-et-Garonne, des Pyrénées-Atlantiques, des Deux-Sèvres, de la Vienne et de la Haute-Vienne, en collaboration avec les Offices de Tourisme, et avec le soutien financier de l’Europe et du Conseil Régional."
        ],
        "it": [
          "L'obiettivo di SIRTAQUI, il Sistema Regionale di Informazione Turistica della Nuova Aquitania, è quello di raccogliere, mettere in comune e diffondere il più possibile informazioni complete e di qualità a beneficio dei nostri residenti e visitatori. Il sistema è realizzato congiuntamente dal Comité Régional de Tourisme de Nouvelle-Aquitaine, dai servizi turistici di Corrèze, Creuse, Dordogne, Gironde, Landes, Lot-et-Garonne, Pyrénées-Atlantiques, Deux-Sèvres, Vienne e Haute-Vienne, in collaborazione con gli Uffici del Turismo e con il sostegno finanziario dell'Europa e del Conseil Régional."
        ],
        "fr": [
          "Collecter, mettre en commun et diffuser le plus largement possible une information complète et de qualité au service de nos habitants et de nos visiteurs : voici les objectifs du SIRTAQUI, Système d’Information Régional Touristique de Nouvelle-AQUItaine. Le dispositif est mis en œuvre conjointement par le Comité Régional de Tourisme de Nouvelle-Aquitaine, les services touristiques de la Corrèze, de la Creuse, de la Dordogne, de la Gironde, des Landes, du Lot-et-Garonne, des Pyrénées-Atlantiques, des Deux-Sèvres, de la Vienne et de la Haute-Vienne, en collaboration avec les Offices de Tourisme, et avec le soutien financier de l’Europe et du Conseil Régional."
        ],
        "nl": [
          "Collecter, mettre en commun et diffuser le plus largement possible une information complète et de qualité au service de nos habitants et de nos visiteurs : voici les objectifs du SIRTAQUI, Système d’Information Régional Touristique de Nouvelle-AQUItaine. Le dispositif est mis en œuvre conjointement par le Comité Régional de Tourisme de Nouvelle-Aquitaine, les services touristiques de la Corrèze, de la Creuse, de la Dordogne, de la Gironde, des Landes, du Lot-et-Garonne, des Pyrénées-Atlantiques, des Deux-Sèvres, de la Vienne et de la Haute-Vienne, en collaboration avec les Offices de Tourisme, et avec le soutien financier de l’Europe et du Conseil Régional."
        ],
        "es": [
          "Collecter, mettre en commun et diffuser le plus largement possible une information complète et de qualité au service de nos habitants et de nos visiteurs : voici les objectifs du SIRTAQUI, Système d’Information Régional Touristique de Nouvelle-AQUItaine. Le dispositif est mis en œuvre conjointement par le Comité Régional de Tourisme de Nouvelle-Aquitaine, les services touristiques de la Corrèze, de la Creuse, de la Dordogne, de la Gironde, des Landes, du Lot-et-Garonne, des Pyrénées-Atlantiques, des Deux-Sèvres, de la Vienne et de la Haute-Vienne, en collaboration avec les Offices de Tourisme, et avec le soutien financier de l’Europe et du Conseil Régional."
        ]
      },
      "foaf:homepage": [
        "http://www.sirtaqui-aquitaine.com/"
      ],
      "hasTranslatedProperty": [
        {
          "@id": "https://data.datatourisme.fr/eef27e75-4a23-313e-a6ee-797e7b64a1cd",
          "dc:contributor": [
            "https://api.deepl.com/v2/translate"
          ],
          "rdf:language": [
            "it"
          ],
          "rdf:predicate": [
            {
              "@id": "rdfs:comment"
            }
          ]
        }
      ]
    }
  ],
  "hasBookingContact": [
    {
      "@id": "https://data.datatourisme.fr/0f966d9a-8a4d-30a6-a578-c96e9b9fdbc2",
      "schema:legalName": "Ecuries de Camberoux",
      "schema:telephone": [
        "+33 5 53 22 61 21"
      ],
      "@type": [
        "schema:Organization",
        "foaf:Agent",
        "Agent"
      ]
    }
  ],
  "hasContact": [
    {
      "@id": "https://data.datatourisme.fr/03d1f80b-a8f7-3ccc-bf80-09537ad1e1d9",
      "schema:telephone": [
        "+33 5 53 22 61 21"
      ],
      "@type": [
        "foaf:Agent",
        "Agent"
      ]
    },
    {
      "@id": "https://data.datatourisme.fr/0f966d9a-8a4d-30a6-a578-c96e9b9fdbc2",
      "schema:legalName": "Ecuries de Camberoux",
      "schema:telephone": [
        "+33 5 53 22 61 21"
      ],
      "@type": [
        "schema:Organization",
        "foaf:Agent",
        "Agent"
      ]
    }
  ],
  "hasDescription": [
    {
      "@id": "https://data.datatourisme.fr/afdc504b-30ab-3c88-9032-aa800334d5a2",
      "dc:description": {
        "de": [
          "Das Zentrum organisiert Wanderungen für Jugendliche (Spaziergänge und lange Wanderungen), Praktika und das Ablegen von eidgenössischen Prüfungen. Möglichkeit von Wochenendaufenthalten, Übernachtungen und Etappenunterkünften."
        ],
        "en": [
          "The centre organises teenage hikes (walking and long-distance hiking), internships and federal exams. Possibility of weekend stays, accommodation and stopovers."
        ],
        "it": [
          "Il centro organizza escursioni per adolescenti (passeggiate e lunghe camminate), corsi ed esami federali. Possibilità di soggiorni nei fine settimana, alloggio per soggiorni e stage."
        ],
        "fr": [
          "Le centre organise des randos ados (promenade et grande randonnée), stages et passage d'examens fédéraux. Possibilité de séjours week-end, d'hébergement de séjour et d'étape."
        ],
        "nl": [
          "Het centrum organiseert tienerwandelingen (wandelen en lange wandelingen), cursussen en federale examens. Mogelijkheid tot weekendverblijf, accommodatie voor verblijven en etappes."
        ],
        "es": [
          "El centro organiza excursiones para adolescentes (a pie y de largo recorrido), cursos y exámenes federales. Posibilidad de estancias de fin de semana, alojamiento para estancias y etapas."
        ]
      },
      "@type": [
        "Description"
      ],
      "hasTranslatedProperty": [
        {
          "@id": "https://data.datatourisme.fr/4258f3fc-efaa-31e2-b5ae-d6e393d19c81",
          "dc:contributor": [
            "https://api.deepl.com/v2/translate"
          ],
          "rdf:language": [
            "de"
          ],
          "rdf:predicate": [
            "shortDescription"
          ]
        },
        {
          "@id": "https://data.datatourisme.fr/8175aa96-1cc1-35e7-a3ab-328783412949",
          "dc:contributor": [
            "https://api.deepl.com/v2/translate"
          ],
          "rdf:language": [
            "nl"
          ],
          "rdf:predicate": [
            {
              "@id": "dc:description"
            }
          ]
        },
        {
          "@id": "https://data.datatourisme.fr/87e2073e-469b-3f18-97d9-777a9928f594",
          "dc:contributor": [
            "https://api.deepl.com/v2/translate"
          ],
          "rdf:language": [
            "de"
          ],
          "rdf:predicate": [
            {
              "@id": "dc:description"
            }
          ]
        },
        {
          "@id": "https://data.datatourisme.fr/934252a3-d426-331f-b99e-bdecdf828f2c",
          "dc:contributor": [
            "https://api.deepl.com/v2/translate"
          ],
          "rdf:language": [
            "it"
          ],
          "rdf:predicate": [
            "shortDescription"
          ]
        },
        {
          "@id": "https://data.datatourisme.fr/9fe5a1cd-8e2e-37d8-8c20-c8b635dca97f",
          "dc:contributor": [
            "https://api.deepl.com/v2/translate"
          ],
          "rdf:language": [
            "es"
          ],
          "rdf:predicate": [
            "shortDescription"
          ]
        },
        {
          "@id": "https://data.datatourisme.fr/c69ccde8-8ce9-395a-9bf7-d936655024c5",
          "dc:contributor": [
            "https://api.deepl.com/v2/translate"
          ],
          "rdf:language": [
            "it"
          ],
          "rdf:predicate": [
            {
              "@id": "dc:description"
            }
          ]
        },
        {
          "@id": "https://data.datatourisme.fr/d15350a8-0232-3cbb-94ed-a208bbf26e55",
          "dc:contributor": [
            "https://api.deepl.com/v2/translate"
          ],
          "rdf:language": [
            "es"
          ],
          "rdf:predicate": [
            {
              "@id": "dc:description"
            }
          ]
        },
        {
          "@id": "https://data.datatourisme.fr/d4ce1cf0-ca28-399c-bbb7-1508aec5437e",
          "dc:contributor": [
            "https://api.deepl.com/v2/translate"
          ],
          "rdf:language": [
            "nl"
          ],
          "rdf:predicate": [
            "shortDescription"
          ]
        },
        {
          "@id": "https://data.datatourisme.fr/d6e9bb3f-93ee-35a0-b222-dc3f71a03bb3",
          "dc:contributor": [
            "https://api.deepl.com/v2/translate"
          ],
          "rdf:language": [
            "en"
          ],
          "rdf:predicate": [
            {
              "@id": "dc:description"
            }
          ]
        },
        {
          "@id": "https://data.datatourisme.fr/d9306d99-3cfa-3af5-a0d7-6485101ba351",
          "dc:contributor": [
            "https://api.deepl.com/v2/translate"
          ],
          "rdf:language": [
            "en"
          ],
          "rdf:predicate": [
            "shortDescription"
          ]
        }
      ],
      "isDedicatedTo": [
        {
          "@id": "kb:Horserider",
          "@type": [
            "PeopleAudience"
          ],
          "rdfs:label": {
            "de": [
              "Reiter"
            ],
            "pt": [
              "Cavaleiros"
            ],
            "en": [
              "Horserider"
            ],
            "it": [
              "Cavallerizzi"
            ],
            "fr": [
              "Cavaliers"
            ],
            "nl": [
              "Ruiters"
            ],
            "es": [
              "Jinetes"
            ]
          }
        }
      ],
      "shortDescription": {
        "de": [
          "Das Zentrum organisiert Wanderungen für Jugendliche (Spaziergänge und lange Wanderungen), Praktika und das Ablegen von eidgenössischen Prüfungen. Möglichkeit von Wochenendaufenthalten, Übernachtungen und Etappenunterkünften."
        ],
        "en": [
          "The centre organises teenage hikes (walking and long-distance hiking), internships and federal exams. Possibility of weekend stays, accommodation and stopovers."
        ],
        "it": [
          "Il centro organizza escursioni per adolescenti (passeggiate e lunghe camminate), corsi ed esami federali. Possibilità di soggiorni nei fine settimana, alloggio per soggiorni e stage."
        ],
        "fr": [
          "Le centre organise des randos ados (promenade et grande randonnée), stages et passage d'examens fédéraux. Possibilité de séjours week-end, d'hébergement de séjour et d'étape."
        ],
        "nl": [
          "Het centrum organiseert tienerwandelingen (wandelen en lange wandelingen), cursussen en federale examens. Mogelijkheid tot weekendverblijf, accommodatie voor verblijven en etappes."
        ],
        "es": [
          "El centro organiza excursiones para adolescentes (a pie y de largo recorrido), cursos y exámenes federales. Posibilidad de estancias de fin de semana, alojamiento para estancias y etapas."
        ]
      }
    }
  ],
  "hasTheme": [
    {
      "@id": "kb:Riding",
      "@type": [
        "SportsTheme"
      ],
      "rdfs:label": {
        "de": [
          "Reiten"
        ],
        "pt": [
          "Equitação"
        ],
        "en": [
          "Riding"
        ],
        "it": [
          "Equitazione"
        ],
        "fr": [
          "Equitation"
        ],
        "nl": [
          "Paardrijden"
        ],
        "es": [
          "Equitación"
        ]
      }
    }
  ],
  "hasTranslatedProperty": [
    {
      "@id": "https://data.datatourisme.fr/0af21503-a8e5-337a-9030-3d779ee29688",
      "dc:contributor": [
        "https://api.deepl.com/v2/translate"
      ],
      "rdf:language": [
        "en"
      ],
      "rdf:predicate": [
        {
          "@id": "rdfs:comment"
        }
      ]
    },
    {
      "@id": "https://data.datatourisme.fr/30c0ab13-4261-3e9d-9565-3635f9115171",
      "dc:contributor": [
        "https://api.deepl.com/v2/translate"
      ],
      "rdf:language": [
        "de"
      ],
      "rdf:predicate": [
        {
          "@id": "rdfs:comment"
        }
      ]
    },
    {
      "@id": "https://data.datatourisme.fr/83675eb3-2396-3cc1-8651-7bf32d1a0ec2",
      "dc:contributor": [
        "https://api.deepl.com/v2/translate"
      ],
      "rdf:language": [
        "it"
      ],
      "rdf:predicate": [
        {
          "@id": "rdfs:comment"
        }
      ]
    },
    {
      "@id": "https://data.datatourisme.fr/cb998945-b20b-398e-a032-513c14d8fada",
      "dc:contributor": [
        "https://api.deepl.com/v2/translate"
      ],
      "rdf:language": [
        "es"
      ],
      "rdf:predicate": [
        {
          "@id": "rdfs:comment"
        }
      ]
    },
    {
      "@id": "https://data.datatourisme.fr/fe28792f-112b-3afd-ac90-e2b360157f18",
      "dc:contributor": [
        "https://api.deepl.com/v2/translate"
      ],
      "rdf:language": [
        "nl"
      ],
      "rdf:predicate": [
        {
          "@id": "rdfs:comment"
        }
      ]
    }
  ],
  "isLocatedAt": [
    {
      "@id": "https://data.datatourisme.fr/adcb1949-2996-3ac0-ad3d-0f19bbd62be6",
      "schema:address": [
        {
          "@id": "https://data.datatourisme.fr/90259cba-2b72-3982-a354-db5a0ee1ad28",
          "schema:addressLocality": "Sainte-Foy-de-Longas",
          "schema:postalCode": "24510",
          "@type": [
            "schema:PostalAddress",
            "PostalAddress"
          ],
          "hasAddressCity": {
            "@id": "kb:24407",
            "@type": [
              "City"
            ],
            "rdfs:label": {
              "de": [
                "Sainte-Foy-de-Longas"
              ],
              "pt": [
                "Sainte-Foy-de-Longas"
              ],
              "en": [
                "Sainte-Foy-de-Longas"
              ],
              "it": [
                "Sainte-Foy-de-Longas"
              ],
              "fr": [
                "Sainte-Foy-de-Longas"
              ],
              "nl": [
                "Sainte-Foy-de-Longas"
              ],
              "es": [
                "Sainte-Foy-de-Longas"
              ]
            },
            "insee": "24407",
            "isPartOfDepartment": {
              "@id": "kb:France7524",
              "@type": [
                "Department"
              ],
              "rdfs:label": {
                "de": [
                  "Dordogne"
                ],
                "pt": [
                  "Dordogne"
                ],
                "en": [
                  "Dordogne"
                ],
                "it": [
                  "Dordogne"
                ],
                "fr": [
                  "Dordogne"
                ],
                "nl": [
                  "Dordogne"
                ],
                "es": [
                  "Dordogne"
                ]
              },
              "insee": "24",
              "isPartOfRegion": {
                "@id": "kb:France75",
                "@type": [
                  "Region"
                ],
                "rdfs:label": {
                  "de": [
                    "Nouvelle-Aquitaine"
                  ],
                  "pt": [
                    "Nouvelle-Aquitaine"
                  ],
                  "en": [
                    "Nouvelle-Aquitaine"
                  ],
                  "it": [
                    "Nouvelle-Aquitaine"
                  ],
                  "fr": [
                    "Nouvelle-Aquitaine"
                  ],
                  "nl": [
                    "Nouvelle-Aquitaine"
                  ],
                  "es": [
                    "Nouvelle-Aquitaine"
                  ]
                },
                "insee": "75",
                "isPartOfCountry": {
                  "@id": "kb:France",
                  "@type": [
                    "schema:Country"
                  ],
                  "rdfs:label": {
                    "de": [
                      "France",
                      "Frankreich"
                    ],
                    "pt": [
                      "França",
                      "France"
                    ],
                    "en": [
                      "France"
                    ],
                    "it": [
                      "France",
                      "Francia"
                    ],
                    "fr": [
                      "France"
                    ],
                    "nl": [
                      "France",
                      "Frankrijk"
                    ],
                    "es": [
                      "France",
                      "Francia"
                    ]
                  }
                }
              }
            }
          }
        }
      ],
      "schema:geo": {
        "@id": "https://data.datatourisme.fr/b5d0600f-c8a5-3549-a0e7-8556cacbc7d4",
        "schema:latitude": "44.925837",
        "schema:longitude": "0.7501719",
        "@type": [
          "schema:GeoCoordinates"
        ]
      },
      "@type": [
        "schema:Place",
        "Place"
      ]
    }
  ],
  "isOwnedBy": [
    {
      "@id": "https://data.datatourisme.fr/0f966d9a-8a4d-30a6-a578-c96e9b9fdbc2",
      "schema:legalName": "Ecuries de Camberoux",
      "schema:telephone": [
        "+33 5 53 22 61 21"
      ],
      "@type": [
        "schema:Organization",
        "foaf:Agent",
        "Agent"
      ]
    }
  ],
  "lastUpdate": "2017-04-20",
  "lastUpdateDatatourisme": "2023-06-20T09:43:46.675Z"
}