{
  "@id": "https://data.datatourisme.fr/23/008cabf2-2df2-304e-ba67-6d8efe4bf5f8",
  "dc:identifier": "FMAAQU064V5BLOES",
  "schema:endDate": [
    "2024-05-11"
  ],
  "schema:startDate": [
    "2024-05-11"
  ],
  "@type": [
    "schema:Event",
    "schema:MusicEvent",
    "CulturalEvent",
    "EntertainmentAndEvent",
    "Opera",
    "PointOfInterest",
    "ShowEvent",
    "SportsEvent"
  ],
  "rdfs:comment": {
    "de": [
      "Auf seiner Reise nach Nagasaki schließt Pinkerton leichtfertig einen Ehevertrag mit der Geisha Butterfly. Doch sowohl der Konsul Sharpless als auch die Familie des Mädchens missbilligen die Verbindung.  Die Jahre vergehen und Butterfly bleibt ihrem amerikanischen Ehemann treu und weigert sich zuzugeben, dass er sie vergessen hat.\n\nDie Litauerin Asmik Grigorian gibt ihr Debüt an der Met als unschuldige Butterfly, und Jonathan Tetelman spielt den zynischen Pinkerton.\n\nKomponist: Giacomo PUCCINI\nOper in drei Akten, präsentiert in italienischer Sprache mit französischen Untertiteln.\nDauer: 3 Stunden 15 Minuten\nDIREKT"
    ],
    "en": [
      "On a trip to Nagasaki, Pinkerton makes a marriage contract with Butterfly, a geisha. But the union is disapproved by the consul Sharpless as well as by the girl's family.  Years go by and Butterfly remains faithful to her American husband, refusing to admit that he could have forgotten her.\n\nTwo rising stars come together to portray Puccini's drama, beautifully directed by Anthony Minghella: Lithuanian Asmik Grigorian makes her Met debut as the innocent Butterfly, and Jonathan Tetelman as the cynical Pinkerton.\n\nComposer : Giacomo PUCCINI\nOpera in three acts presented in Italian with French subtitles.\nDuration : 3h15\nLIVE"
    ],
    "it": [
      "Durante un viaggio a Nagasaki, Pinkerton stipula casualmente un contratto di matrimonio con Butterfly, una geisha. Ma l'unione è disapprovata dal console Sharpless e dalla famiglia della ragazza.  Passano gli anni e Butterfly rimane fedele al marito americano, rifiutandosi di ammettere che lui l'ha dimenticata.\n\nDue stelle nascenti si riuniscono per rappresentare il dramma pucciniano, splendidamente diretto da Anthony Minghella: la lituana Asmik Grigorian debutta al Met nel ruolo dell'innocente Butterfly e Jonathan Tetelman in quello del cinico Pinkerton.\n\nCompositore: Giacomo PUCCINI\nOpera in tre atti presentata in italiano con sottotitoli in francese.\nDurata: 3h15\nIN DIRETTA"
    ],
    "fr": [
      "En voyage à Nagasaki, Pinkerton noue à la légère un contrat de mariage avec Butterfly, une geisha. Mais l’union est désapprouvée par le consul Sharpless autant que par la famille de la jeune fille.  Les années passent et Butterfly reste fidèle à son mari américain, refusant d’admettre qu’il ait pu l’oublier. \n\nDeux étoiles montantes se retrouvent pour incarner le drame de Puccini, admirablement mis en scène par Anthony Minghella : la lituanienne Asmik Grigorian fait ses débuts au Met dans la peau de l’innocente Butterfly, et Jonathan Tetelman dans le rôle du cynique Pinkerton. \n\nCompositeur : Giacomo PUCCINI\nOpéra en trois actes présenté en italien sous-titré en français.\nDurée : 3h15\nEN DIRECT"
    ],
    "nl": [
      "Tijdens een reis naar Nagasaki sluit Pinkerton terloops een huwelijkscontract met Butterfly, een geisha. Maar de verbintenis wordt afgekeurd door consul Sharpless en de familie van het meisje.  Jaren gaan voorbij en Butterfly blijft haar Amerikaanse echtgenoot trouw en weigert toe te geven dat hij haar vergeten is.\n\nTwee rijzende sterren herenigen zich om Puccini's drama te vertolken, prachtig geregisseerd door Anthony Minghella: de Litouwse Asmik Grigorian maakt haar Met-debuut als de onschuldige Butterfly, en Jonathan Tetelman als de cynische Pinkerton.\n\nComponist: Giacomo PUCCINI\nOpera in drie bedrijven in het Italiaans met Franse ondertitels.\nDuur: 3u15\nLIVE"
    ],
    "es": [
      "En un viaje a Nagasaki, Pinkerton firma casualmente un contrato matrimonial con Butterfly, una geisha. Pero la unión es desaprobada tanto por el cónsul Sharpless como por la familia de la muchacha.  Pasan los años y Butterfly sigue fiel a su marido americano, negándose a admitir que la ha olvidado.\n\nDos estrellas en ciernes se reúnen para interpretar el drama de Puccini, bellamente dirigido por Anthony Minghella: la lituana Asmik Grigorian debuta en el Met como la inocente Butterfly, y Jonathan Tetelman como el cínico Pinkerton.\n\nCompositor: Giacomo PUCCINI\nÓpera en tres actos presentada en italiano con subtítulos en francés.\nDuración: 3h15\nEN DIRECTO"
    ]
  },
  "rdfs:label": {
    "de": [
      "Retransmission du Metropolitan Opera de New York - Madame Butterfly (Puccini)"
    ],
    "en": [
      "Retransmission du Metropolitan Opera de New York - Madame Butterfly (Puccini)"
    ],
    "fr": [
      "Retransmission du Metropolitan Opera de New York - Madame Butterfly (Puccini)"
    ],
    "nl": [
      "Retransmission du Metropolitan Opera de New York - Madame Butterfly (Puccini)"
    ],
    "es": [
      "Retransmission du Metropolitan Opera de New York - Madame Butterfly (Puccini)"
    ]
  },
  "creationDate": "2023-05-11",
  "hasAudience": [
    {
      "@id": "kb:Regional",
      "@type": [
        "GeographicReach"
      ],
      "rdfs:label": {
        "de": [
          "Regional"
        ],
        "pt": [
          "Regional"
        ],
        "en": [
          "Regional"
        ],
        "it": [
          "Regionale"
        ],
        "fr": [
          "Régionale"
        ],
        "es": [
          "Regional"
        ],
        "nl": [
          "Regionaal"
        ]
      }
    }
  ],
  "hasBeenCreatedBy": {
    "@id": "https://data.datatourisme.fr/23/931c6831-c62e-314c-a4af-7bde32bd4338",
    "dc:identifier": "f226bca0-1754-4e80-8c06-9611b8ed9b40",
    "schema:legalName": "OT Biarritz",
    "@type": [
      "schema:Organization",
      "foaf:Agent",
      "Agent"
    ]
  },
  "hasBeenPublishedBy": [
    {
      "@id": "https://data.datatourisme.fr/05dc9cb8-2fa5-383d-b87b-497de06649a2",
      "schema:email": [
        "sirtaqui@na-tourisme.com"
      ],
      "schema:legalName": "SIRTAQUI Nouvelle-Aquitaine",
      "schema:logo": "http://aquitaine.media.tourinsoft.eu/upload/Logo-Sirtaqui-1280x405.jpg",
      "@type": [
        "schema:Organization",
        "foaf:Agent",
        "Agent"
      ],
      "rdfs:comment": {
        "de": [
          "Collecter, mettre en commun et diffuser le plus largement possible une information complète et de qualité au service de nos habitants et de nos visiteurs : voici les objectifs du SIRTAQUI, Système d’Information Régional Touristique de Nouvelle-AQUItaine. Le dispositif est mis en œuvre conjointement par le Comité Régional de Tourisme de Nouvelle-Aquitaine, les services touristiques de la Corrèze, de la Creuse, de la Dordogne, de la Gironde, des Landes, du Lot-et-Garonne, des Pyrénées-Atlantiques, des Deux-Sèvres, de la Vienne et de la Haute-Vienne, en collaboration avec les Offices de Tourisme, et avec le soutien financier de l’Europe et du Conseil Régional."
        ],
        "en": [
          "Collecter, mettre en commun et diffuser le plus largement possible une information complète et de qualité au service de nos habitants et de nos visiteurs : voici les objectifs du SIRTAQUI, Système d’Information Régional Touristique de Nouvelle-AQUItaine. Le dispositif est mis en œuvre conjointement par le Comité Régional de Tourisme de Nouvelle-Aquitaine, les services touristiques de la Corrèze, de la Creuse, de la Dordogne, de la Gironde, des Landes, du Lot-et-Garonne, des Pyrénées-Atlantiques, des Deux-Sèvres, de la Vienne et de la Haute-Vienne, en collaboration avec les Offices de Tourisme, et avec le soutien financier de l’Europe et du Conseil Régional."
        ],
        "it": [
          "L'obiettivo di SIRTAQUI, il Sistema Regionale di Informazione Turistica della Nuova Aquitania, è quello di raccogliere, mettere in comune e diffondere il più possibile informazioni complete e di qualità a beneficio dei nostri residenti e visitatori. Il sistema è realizzato congiuntamente dal Comité Régional de Tourisme de Nouvelle-Aquitaine, dai servizi turistici di Corrèze, Creuse, Dordogne, Gironde, Landes, Lot-et-Garonne, Pyrénées-Atlantiques, Deux-Sèvres, Vienne e Haute-Vienne, in collaborazione con gli Uffici del Turismo e con il sostegno finanziario dell'Europa e del Conseil Régional."
        ],
        "fr": [
          "Collecter, mettre en commun et diffuser le plus largement possible une information complète et de qualité au service de nos habitants et de nos visiteurs : voici les objectifs du SIRTAQUI, Système d’Information Régional Touristique de Nouvelle-AQUItaine. Le dispositif est mis en œuvre conjointement par le Comité Régional de Tourisme de Nouvelle-Aquitaine, les services touristiques de la Corrèze, de la Creuse, de la Dordogne, de la Gironde, des Landes, du Lot-et-Garonne, des Pyrénées-Atlantiques, des Deux-Sèvres, de la Vienne et de la Haute-Vienne, en collaboration avec les Offices de Tourisme, et avec le soutien financier de l’Europe et du Conseil Régional."
        ],
        "nl": [
          "Collecter, mettre en commun et diffuser le plus largement possible une information complète et de qualité au service de nos habitants et de nos visiteurs : voici les objectifs du SIRTAQUI, Système d’Information Régional Touristique de Nouvelle-AQUItaine. Le dispositif est mis en œuvre conjointement par le Comité Régional de Tourisme de Nouvelle-Aquitaine, les services touristiques de la Corrèze, de la Creuse, de la Dordogne, de la Gironde, des Landes, du Lot-et-Garonne, des Pyrénées-Atlantiques, des Deux-Sèvres, de la Vienne et de la Haute-Vienne, en collaboration avec les Offices de Tourisme, et avec le soutien financier de l’Europe et du Conseil Régional."
        ],
        "es": [
          "Collecter, mettre en commun et diffuser le plus largement possible une information complète et de qualité au service de nos habitants et de nos visiteurs : voici les objectifs du SIRTAQUI, Système d’Information Régional Touristique de Nouvelle-AQUItaine. Le dispositif est mis en œuvre conjointement par le Comité Régional de Tourisme de Nouvelle-Aquitaine, les services touristiques de la Corrèze, de la Creuse, de la Dordogne, de la Gironde, des Landes, du Lot-et-Garonne, des Pyrénées-Atlantiques, des Deux-Sèvres, de la Vienne et de la Haute-Vienne, en collaboration avec les Offices de Tourisme, et avec le soutien financier de l’Europe et du Conseil Régional."
        ]
      },
      "foaf:homepage": [
        "http://www.sirtaqui-aquitaine.com/"
      ],
      "hasTranslatedProperty": [
        {
          "@id": "https://data.datatourisme.fr/eef27e75-4a23-313e-a6ee-797e7b64a1cd",
          "dc:contributor": [
            "https://api.deepl.com/v2/translate"
          ],
          "rdf:language": [
            "it"
          ],
          "rdf:predicate": [
            {
              "@id": "rdfs:comment"
            }
          ]
        }
      ]
    }
  ],
  "hasBookingContact": [
    {
      "@id": "https://data.datatourisme.fr/54b5416f-628a-343e-9e2a-60508a98a243",
      "schema:legalName": "Affaires culturelles",
      "schema:telephone": [
        "+33 5 59 22 44 66"
      ],
      "@type": [
        "schema:Organization",
        "foaf:Agent",
        "Agent"
      ],
      "foaf:homepage": [
        "https://tourisme-biarritz.notre-billetterie.fr/billets?kld=2324&spec=3619"
      ]
    }
  ],
  "hasContact": [
    {
      "@id": "https://data.datatourisme.fr/54b5416f-628a-343e-9e2a-60508a98a243",
      "schema:legalName": "Affaires culturelles",
      "schema:telephone": [
        "+33 5 59 22 44 66"
      ],
      "@type": [
        "schema:Organization",
        "foaf:Agent",
        "Agent"
      ],
      "foaf:homepage": [
        "https://tourisme-biarritz.notre-billetterie.fr/billets?kld=2324&spec=3619"
      ]
    }
  ],
  "hasDescription": [
    {
      "@id": "https://data.datatourisme.fr/432d0b1d-6c2c-3e05-8849-0159dcd5f3d4",
      "dc:description": {
        "de": [
          "Auf seiner Reise nach Nagasaki schließt Pinkerton leichtfertig einen Ehevertrag mit der Geisha Butterfly. Doch sowohl der Konsul Sharpless als auch die Familie des Mädchens missbilligen die Verbindung.  Die Jahre vergehen und Butterfly bleibt ihrem amerikanischen Ehemann treu und weigert sich zuzugeben, dass er sie vergessen hat.\n\nDie Litauerin Asmik Grigorian gibt ihr Debüt an der Met als unschuldige Butterfly, und Jonathan Tetelman spielt den zynischen Pinkerton.\n\nKomponist: Giacomo PUCCINI\nOper in drei Akten, präsentiert in italienischer Sprache mit französischen Untertiteln.\nDauer: 3 Stunden 15 Minuten\nDIREKT"
        ],
        "en": [
          "On a trip to Nagasaki, Pinkerton makes a marriage contract with Butterfly, a geisha. But the union is disapproved by the consul Sharpless as well as by the girl's family.  Years go by and Butterfly remains faithful to her American husband, refusing to admit that he could have forgotten her.\n\nTwo rising stars come together to portray Puccini's drama, beautifully directed by Anthony Minghella: Lithuanian Asmik Grigorian makes her Met debut as the innocent Butterfly, and Jonathan Tetelman as the cynical Pinkerton.\n\nComposer : Giacomo PUCCINI\nOpera in three acts presented in Italian with French subtitles.\nDuration : 3h15\nLIVE"
        ],
        "it": [
          "Durante un viaggio a Nagasaki, Pinkerton stipula casualmente un contratto di matrimonio con Butterfly, una geisha. Ma l'unione è disapprovata dal console Sharpless e dalla famiglia della ragazza.  Passano gli anni e Butterfly rimane fedele al marito americano, rifiutandosi di ammettere che lui l'ha dimenticata.\n\nDue stelle nascenti si riuniscono per rappresentare il dramma pucciniano, splendidamente diretto da Anthony Minghella: la lituana Asmik Grigorian debutta al Met nel ruolo dell'innocente Butterfly e Jonathan Tetelman in quello del cinico Pinkerton.\n\nCompositore: Giacomo PUCCINI\nOpera in tre atti presentata in italiano con sottotitoli in francese.\nDurata: 3h15\nIN DIRETTA"
        ],
        "fr": [
          "En voyage à Nagasaki, Pinkerton noue à la légère un contrat de mariage avec Butterfly, une geisha. Mais l’union est désapprouvée par le consul Sharpless autant que par la famille de la jeune fille.  Les années passent et Butterfly reste fidèle à son mari américain, refusant d’admettre qu’il ait pu l’oublier. \n\nDeux étoiles montantes se retrouvent pour incarner le drame de Puccini, admirablement mis en scène par Anthony Minghella : la lituanienne Asmik Grigorian fait ses débuts au Met dans la peau de l’innocente Butterfly, et Jonathan Tetelman dans le rôle du cynique Pinkerton. \n\nCompositeur : Giacomo PUCCINI\nOpéra en trois actes présenté en italien sous-titré en français.\nDurée : 3h15\nEN DIRECT"
        ],
        "nl": [
          "Tijdens een reis naar Nagasaki sluit Pinkerton terloops een huwelijkscontract met Butterfly, een geisha. Maar de verbintenis wordt afgekeurd door consul Sharpless en de familie van het meisje.  Jaren gaan voorbij en Butterfly blijft haar Amerikaanse echtgenoot trouw en weigert toe te geven dat hij haar vergeten is.\n\nTwee rijzende sterren herenigen zich om Puccini's drama te vertolken, prachtig geregisseerd door Anthony Minghella: de Litouwse Asmik Grigorian maakt haar Met-debuut als de onschuldige Butterfly, en Jonathan Tetelman als de cynische Pinkerton.\n\nComponist: Giacomo PUCCINI\nOpera in drie bedrijven in het Italiaans met Franse ondertitels.\nDuur: 3u15\nLIVE"
        ],
        "es": [
          "En un viaje a Nagasaki, Pinkerton firma casualmente un contrato matrimonial con Butterfly, una geisha. Pero la unión es desaprobada tanto por el cónsul Sharpless como por la familia de la muchacha.  Pasan los años y Butterfly sigue fiel a su marido americano, negándose a admitir que la ha olvidado.\n\nDos estrellas en ciernes se reúnen para interpretar el drama de Puccini, bellamente dirigido por Anthony Minghella: la lituana Asmik Grigorian debuta en el Met como la inocente Butterfly, y Jonathan Tetelman como el cínico Pinkerton.\n\nCompositor: Giacomo PUCCINI\nÓpera en tres actos presentada en italiano con subtítulos en francés.\nDuración: 3h15\nEN DIRECTO"
        ]
      },
      "@type": [
        "Description"
      ],
      "hasTranslatedProperty": [
        {
          "@id": "https://data.datatourisme.fr/43a20f4f-4a31-35c7-abc9-fbeb93e85acf",
          "dc:contributor": [
            "https://api.deepl.com/v2/translate"
          ],
          "rdf:language": [
            "en"
          ],
          "rdf:predicate": [
            "shortDescription"
          ]
        },
        {
          "@id": "https://data.datatourisme.fr/54c61920-d701-3e94-961d-a6caad4d1807",
          "dc:contributor": [
            "https://api.deepl.com/v2/translate"
          ],
          "rdf:language": [
            "en"
          ],
          "rdf:predicate": [
            {
              "@id": "dc:description"
            }
          ]
        },
        {
          "@id": "https://data.datatourisme.fr/5a64f80b-5ac6-310f-a18c-cbb3554d3848",
          "dc:contributor": [
            "https://api.deepl.com/v2/translate"
          ],
          "rdf:language": [
            "nl"
          ],
          "rdf:predicate": [
            "shortDescription"
          ]
        },
        {
          "@id": "https://data.datatourisme.fr/8936ecb8-51ad-3ddb-8b4c-84d5cd99d339",
          "dc:contributor": [
            "https://api.deepl.com/v2/translate"
          ],
          "rdf:language": [
            "nl"
          ],
          "rdf:predicate": [
            {
              "@id": "dc:description"
            }
          ]
        },
        {
          "@id": "https://data.datatourisme.fr/90afca89-7bea-35fb-919c-f3781101e9e7",
          "dc:contributor": [
            "https://api.deepl.com/v2/translate"
          ],
          "rdf:language": [
            "de"
          ],
          "rdf:predicate": [
            {
              "@id": "dc:description"
            }
          ]
        },
        {
          "@id": "https://data.datatourisme.fr/90f4f7e3-caf9-353e-b487-92e7fc4e8f3d",
          "dc:contributor": [
            "https://api.deepl.com/v2/translate"
          ],
          "rdf:language": [
            "es"
          ],
          "rdf:predicate": [
            {
              "@id": "dc:description"
            }
          ]
        },
        {
          "@id": "https://data.datatourisme.fr/a85f639d-d6df-3e8a-a177-7142cd9a8e98",
          "dc:contributor": [
            "https://api.deepl.com/v2/translate"
          ],
          "rdf:language": [
            "it"
          ],
          "rdf:predicate": [
            {
              "@id": "dc:description"
            }
          ]
        },
        {
          "@id": "https://data.datatourisme.fr/e125b4e7-503f-3c20-bedf-7dd0f6d9a299",
          "dc:contributor": [
            "https://api.deepl.com/v2/translate"
          ],
          "rdf:language": [
            "de"
          ],
          "rdf:predicate": [
            "shortDescription"
          ]
        },
        {
          "@id": "https://data.datatourisme.fr/f38d461f-512a-3d60-b631-339b3fe0878e",
          "dc:contributor": [
            "https://api.deepl.com/v2/translate"
          ],
          "rdf:language": [
            "es"
          ],
          "rdf:predicate": [
            "shortDescription"
          ]
        },
        {
          "@id": "https://data.datatourisme.fr/fc811ff9-81cc-3d65-83da-b2275dae7942",
          "dc:contributor": [
            "https://api.deepl.com/v2/translate"
          ],
          "rdf:language": [
            "it"
          ],
          "rdf:predicate": [
            "shortDescription"
          ]
        }
      ],
      "shortDescription": {
        "de": [
          "Auf seiner Reise nach Nagasaki schließt Pinkerton leichtfertig einen Ehevertrag mit der Geisha Butterfly. Doch sowohl der Konsul Sharpless als auch die Familie des Mädchens missbilligen die Verbindung.  Die Jahre vergehen und Butterfly bleibt ihrem amerikanischen Ehemann treu und weigert sich zuzugeben, dass er sie vergessen hat.\n\nDie Litauerin Asmik Grigorian gibt ihr Debüt an der Met als unschuldige Butterfly, und Jonathan Tetelman spielt den zynischen Pinkerton.\n\nKomponist: Giacomo PUCCINI\nOper in drei Akten, präsentiert in italienischer Sprache mit französischen Untertiteln.\nDauer: 3 Stunden 15 Minuten\nDIREKT"
        ],
        "en": [
          "On a trip to Nagasaki, Pinkerton makes a marriage contract with Butterfly, a geisha. But the union is disapproved by the consul Sharpless as well as by the girl's family.  Years go by and Butterfly remains faithful to her American husband, refusing to admit that he could have forgotten her.\n\nTwo rising stars come together to portray Puccini's drama, beautifully directed by Anthony Minghella: Lithuanian Asmik Grigorian makes her Met debut as the innocent Butterfly, and Jonathan Tetelman as the cynical Pinkerton.\n\nComposer : Giacomo PUCCINI\nOpera in three acts presented in Italian with French subtitles.\nDuration : 3h15\nLIVE"
        ],
        "it": [
          "Durante un viaggio a Nagasaki, Pinkerton stipula casualmente un contratto di matrimonio con Butterfly, una geisha. Ma l'unione è disapprovata dal console Sharpless e dalla famiglia della ragazza.  Passano gli anni e Butterfly rimane fedele al marito americano, rifiutandosi di ammettere che lui l'ha dimenticata.\n\nDue stelle nascenti si riuniscono per rappresentare il dramma pucciniano, splendidamente diretto da Anthony Minghella: la lituana Asmik Grigorian debutta al Met nel ruolo dell'innocente Butterfly e Jonathan Tetelman in quello del cinico Pinkerton.\n\nCompositore: Giacomo PUCCINI\nOpera in tre atti presentata in italiano con sottotitoli in francese.\nDurata: 3h15\nIN DIRETTA"
        ],
        "fr": [
          "En voyage à Nagasaki, Pinkerton noue à la légère un contrat de mariage avec Butterfly, une geisha. Mais l’union est désapprouvée par le consul Sharpless autant que par la famille de la jeune fille.  Les années passent et Butterfly reste fidèle à son mari américain, refusant d’admettre qu’il ait pu l’oublier. \n\nDeux étoiles montantes se retrouvent pour incarner le drame de Puccini, admirablement mis en scène par Anthony Minghella : la lituanienne Asmik Grigorian fait ses débuts au Met dans la peau de l’innocente Butterfly, et Jonathan Tetelman dans le rôle du cynique Pinkerton. \n\nCompositeur : Giacomo PUCCINI\nOpéra en trois actes présenté en italien sous-titré en français.\nDurée : 3h15\nEN DIRECT"
        ],
        "nl": [
          "Tijdens een reis naar Nagasaki sluit Pinkerton terloops een huwelijkscontract met Butterfly, een geisha. Maar de verbintenis wordt afgekeurd door consul Sharpless en de familie van het meisje.  Jaren gaan voorbij en Butterfly blijft haar Amerikaanse echtgenoot trouw en weigert toe te geven dat hij haar vergeten is.\n\nTwee rijzende sterren herenigen zich om Puccini's drama te vertolken, prachtig geregisseerd door Anthony Minghella: de Litouwse Asmik Grigorian maakt haar Met-debuut als de onschuldige Butterfly, en Jonathan Tetelman als de cynische Pinkerton.\n\nComponist: Giacomo PUCCINI\nOpera in drie bedrijven in het Italiaans met Franse ondertitels.\nDuur: 3u15\nLIVE"
        ],
        "es": [
          "En un viaje a Nagasaki, Pinkerton firma casualmente un contrato matrimonial con Butterfly, una geisha. Pero la unión es desaprobada tanto por el cónsul Sharpless como por la familia de la muchacha.  Pasan los años y Butterfly sigue fiel a su marido americano, negándose a admitir que la ha olvidado.\n\nDos estrellas en ciernes se reúnen para interpretar el drama de Puccini, bellamente dirigido por Anthony Minghella: la lituana Asmik Grigorian debuta en el Met como la inocente Butterfly, y Jonathan Tetelman como el cínico Pinkerton.\n\nCompositor: Giacomo PUCCINI\nÓpera en tres actos presentada en italiano con subtítulos en francés.\nDuración: 3h15\nEN DIRECTO"
        ]
      }
    }
  ],
  "hasGeographicReach": [
    {
      "@id": "kb:Regional",
      "@type": [
        "GeographicReach"
      ],
      "rdfs:label": {
        "de": [
          "Regional"
        ],
        "pt": [
          "Regional"
        ],
        "en": [
          "Regional"
        ],
        "it": [
          "Regionale"
        ],
        "fr": [
          "Régionale"
        ],
        "es": [
          "Regional"
        ],
        "nl": [
          "Regionaal"
        ]
      }
    }
  ],
  "hasMainRepresentation": [
    {
      "@id": "https://data.datatourisme.fr/6e8f08dc-9ae5-3041-badc-02ec14c3b551",
      "ebucore:hasAnnotation": [
        {
          "@id": "https://data.datatourisme.fr/6b06c098-59d8-3cfe-82f7-9068bd35f8fd",
          "ebucore:isCoveredBy": "By-NC-ND 4.0",
          "ebucore:title": {
            "fr": [
              "MET2324_MADAME-BUTTERFLY_GARE-DU-MIDI_BIARRITZ"
            ]
          },
          "@type": [
            "ebucore:Annotation"
          ],
          "credits": [
            "AFFAIRES-CULTURELLES-BIARRITZ"
          ]
        }
      ],
      "ebucore:hasRelatedResource": [
        {
          "@id": "https://data.datatourisme.fr/f9eff22f-329e-3ee3-b3b4-c7b2486a8e7b",
          "ebucore:hasMimeType": [
            {
              "@id": "kb:JPEG",
              "@type": [
                "ebucore:MimeType"
              ],
              "rdfs:comment": {
                "de": [
                  "JPEG-Bild"
                ],
                "pt": [
                  "Imagem JPEG"
                ],
                "en": [
                  "JPEG image file"
                ],
                "it": [
                  "Immagine JPEG"
                ],
                "fr": [
                  "Image JPEG"
                ],
                "nl": [
                  "JPEG-afbeelding"
                ],
                "es": [
                  "Imagen JPEG"
                ]
              },
              "rdfs:label": {
                "de": [
                  "image/jpeg"
                ],
                "pt": [
                  "image/jpeg"
                ],
                "en": [
                  "image/jpeg"
                ],
                "it": [
                  "image/jpeg"
                ],
                "fr": [
                  "image/jpeg"
                ],
                "nl": [
                  "image/jpeg"
                ],
                "es": [
                  "image/jpeg"
                ]
              }
            }
          ],
          "ebucore:locator": [
            "http://aquitaine.media.tourinsoft.eu/Upload/9.MET2324-MADAME-BUTTERFLY-JPEG-HD---SD.jpg"
          ],
          "@type": [
            "ebucore:Resource"
          ]
        }
      ],
      "@type": [
        "ebucore:EditorialObject"
      ]
    }
  ],
  "hasRepresentation": [
    {
      "@id": "https://data.datatourisme.fr/6e8f08dc-9ae5-3041-badc-02ec14c3b551",
      "ebucore:hasAnnotation": [
        {
          "@id": "https://data.datatourisme.fr/6b06c098-59d8-3cfe-82f7-9068bd35f8fd",
          "ebucore:isCoveredBy": "By-NC-ND 4.0",
          "ebucore:title": {
            "fr": [
              "MET2324_MADAME-BUTTERFLY_GARE-DU-MIDI_BIARRITZ"
            ]
          },
          "@type": [
            "ebucore:Annotation"
          ],
          "credits": [
            "AFFAIRES-CULTURELLES-BIARRITZ"
          ]
        }
      ],
      "ebucore:hasRelatedResource": [
        {
          "@id": "https://data.datatourisme.fr/f9eff22f-329e-3ee3-b3b4-c7b2486a8e7b",
          "ebucore:hasMimeType": [
            {
              "@id": "kb:JPEG",
              "@type": [
                "ebucore:MimeType"
              ],
              "rdfs:comment": {
                "de": [
                  "JPEG-Bild"
                ],
                "pt": [
                  "Imagem JPEG"
                ],
                "en": [
                  "JPEG image file"
                ],
                "it": [
                  "Immagine JPEG"
                ],
                "fr": [
                  "Image JPEG"
                ],
                "nl": [
                  "JPEG-afbeelding"
                ],
                "es": [
                  "Imagen JPEG"
                ]
              },
              "rdfs:label": {
                "de": [
                  "image/jpeg"
                ],
                "pt": [
                  "image/jpeg"
                ],
                "en": [
                  "image/jpeg"
                ],
                "it": [
                  "image/jpeg"
                ],
                "fr": [
                  "image/jpeg"
                ],
                "nl": [
                  "image/jpeg"
                ],
                "es": [
                  "image/jpeg"
                ]
              }
            }
          ],
          "ebucore:locator": [
            "http://aquitaine.media.tourinsoft.eu/Upload/9.MET2324-MADAME-BUTTERFLY-JPEG-HD---SD.jpg"
          ],
          "@type": [
            "ebucore:Resource"
          ]
        }
      ],
      "@type": [
        "ebucore:EditorialObject"
      ]
    }
  ],
  "hasTheme": [
    {
      "@id": "kb:ClassicalMusic",
      "@type": [
        "CulturalTheme"
      ],
      "rdfs:label": {
        "de": [
          "Klassische Musik"
        ],
        "pt": [
          "Música clássica"
        ],
        "en": [
          "Classical music"
        ],
        "it": [
          "Musica classica"
        ],
        "fr": [
          "Musique classique"
        ],
        "es": [
          "Música clásica"
        ],
        "nl": [
          "Klassieke muziek"
        ]
      }
    }
  ],
  "hasTranslatedProperty": [
    {
      "@id": "https://data.datatourisme.fr/6ec6b5c2-7f3d-32fb-bcb6-0020a3900450",
      "dc:contributor": [
        "https://api.deepl.com/v2/translate"
      ],
      "rdf:language": [
        "en"
      ],
      "rdf:predicate": [
        {
          "@id": "rdfs:comment"
        }
      ]
    },
    {
      "@id": "https://data.datatourisme.fr/7d059d9e-a16e-3e20-aaa6-06c2022eedee",
      "dc:contributor": [
        "https://api.deepl.com/v2/translate"
      ],
      "rdf:language": [
        "es"
      ],
      "rdf:predicate": [
        {
          "@id": "rdfs:comment"
        }
      ]
    },
    {
      "@id": "https://data.datatourisme.fr/ce4aefab-cae8-30b1-ad61-44d20d07ecc6",
      "dc:contributor": [
        "https://api.deepl.com/v2/translate"
      ],
      "rdf:language": [
        "nl"
      ],
      "rdf:predicate": [
        {
          "@id": "rdfs:comment"
        }
      ]
    },
    {
      "@id": "https://data.datatourisme.fr/e849939e-bdc5-3755-aa82-93eff5b1df62",
      "dc:contributor": [
        "https://api.deepl.com/v2/translate"
      ],
      "rdf:language": [
        "de"
      ],
      "rdf:predicate": [
        {
          "@id": "rdfs:comment"
        }
      ]
    },
    {
      "@id": "https://data.datatourisme.fr/f5253ab0-2311-370e-9bfe-2bb42ae37218",
      "dc:contributor": [
        "https://api.deepl.com/v2/translate"
      ],
      "rdf:language": [
        "it"
      ],
      "rdf:predicate": [
        {
          "@id": "rdfs:comment"
        }
      ]
    }
  ],
  "isLocatedAt": [
    {
      "@id": "https://data.datatourisme.fr/f2cbc8d5-3cb5-37f6-85e2-e05348e4b35c",
      "schema:address": [
        {
          "@id": "https://data.datatourisme.fr/555aa79c-adf4-38b3-b7d3-ecca27a71812",
          "schema:addressLocality": "Biarritz",
          "schema:postalCode": "64200",
          "schema:streetAddress": [
            "23 avenue Maréchal Foch",
            "Gare du Midi"
          ],
          "@type": [
            "schema:PostalAddress",
            "PostalAddress"
          ],
          "hasAddressCity": {
            "@id": "kb:64122",
            "@type": [
              "City"
            ],
            "rdfs:label": {
              "de": [
                "Biarritz"
              ],
              "pt": [
                "Biarritz"
              ],
              "en": [
                "Biarritz"
              ],
              "it": [
                "Biarritz"
              ],
              "fr": [
                "Biarritz"
              ],
              "nl": [
                "Biarritz"
              ],
              "es": [
                "Biarritz"
              ]
            },
            "insee": "64122",
            "isPartOfDepartment": {
              "@id": "kb:France7564",
              "@type": [
                "Department"
              ],
              "rdfs:label": {
                "de": [
                  "Pyrénées-Atlantiques"
                ],
                "pt": [
                  "Pyrénées-Atlantiques"
                ],
                "en": [
                  "Pyrénées-Atlantiques"
                ],
                "it": [
                  "Pyrénées-Atlantiques"
                ],
                "fr": [
                  "Pyrénées-Atlantiques"
                ],
                "nl": [
                  "Pyrénées-Atlantiques"
                ],
                "es": [
                  "Pyrénées-Atlantiques"
                ]
              },
              "insee": "64",
              "isPartOfRegion": {
                "@id": "kb:France75",
                "@type": [
                  "Region"
                ],
                "rdfs:label": {
                  "de": [
                    "Nouvelle-Aquitaine"
                  ],
                  "pt": [
                    "Nouvelle-Aquitaine"
                  ],
                  "en": [
                    "Nouvelle-Aquitaine"
                  ],
                  "it": [
                    "Nouvelle-Aquitaine"
                  ],
                  "fr": [
                    "Nouvelle-Aquitaine"
                  ],
                  "nl": [
                    "Nouvelle-Aquitaine"
                  ],
                  "es": [
                    "Nouvelle-Aquitaine"
                  ]
                },
                "insee": "75",
                "isPartOfCountry": {
                  "@id": "kb:France",
                  "@type": [
                    "schema:Country"
                  ],
                  "rdfs:label": {
                    "de": [
                      "France",
                      "Frankreich"
                    ],
                    "pt": [
                      "França",
                      "France"
                    ],
                    "en": [
                      "France"
                    ],
                    "it": [
                      "France",
                      "Francia"
                    ],
                    "fr": [
                      "France"
                    ],
                    "nl": [
                      "France",
                      "Frankrijk"
                    ],
                    "es": [
                      "France",
                      "Francia"
                    ]
                  }
                }
              }
            }
          }
        }
      ],
      "schema:geo": {
        "@id": "https://data.datatourisme.fr/fa3904ca-3f02-3a05-89e1-02fe650f758f",
        "schema:latitude": "43.4795185",
        "schema:longitude": "-1.5580844",
        "@type": [
          "schema:GeoCoordinates"
        ]
      },
      "@type": [
        "schema:Place",
        "Place"
      ],
      "altInsee": [
        "64122"
      ]
    }
  ],
  "isOwnedBy": [
    {
      "@id": "https://data.datatourisme.fr/54b5416f-628a-343e-9e2a-60508a98a243",
      "schema:legalName": "Affaires culturelles",
      "schema:telephone": [
        "+33 5 59 22 44 66"
      ],
      "@type": [
        "schema:Organization",
        "foaf:Agent",
        "Agent"
      ],
      "foaf:homepage": [
        "https://tourisme-biarritz.notre-billetterie.fr/billets?kld=2324&spec=3619"
      ]
    }
  ],
  "lastUpdate": "2023-06-06",
  "lastUpdateDatatourisme": "2023-09-27T23:11:03.733Z",
  "reducedMobilityAccess": true,
  "takesPlaceAt": [
    {
      "@id": "https://data.datatourisme.fr/b47e1eee-3795-3a69-b07d-85aa4a798420",
      "@type": [
        "Period"
      ],
      "endDate": "2024-05-11",
      "startDate": "2024-05-11",
      "startTime": "19:00:00"
    }
  ]
}