{
  "@id": "https://data.datatourisme.fr/23/0022014c-978f-33a7-b9a0-abd461fcbe7f",
  "dc:identifier": "ITIAQU086V5005QJ",
  "@type": [
    "olo:OrderedList",
    "PointOfInterest",
    "Tour",
    "WalkingTour"
  ],
  "rdfs:comment": {
    "de": [
      "Entdecken Sie die Gemeinde. dieses charmante, blumengeschmückte Dorf ist vor allem für seine Schlacht bekannt. Im Jahr 507 kämpfte Chlodwig, der König der Franken, gegen Alarich II, den König der Westgoten\nGehen Sie durch das Stadttor, ein Überbleibsel der Stadtmauer aus dem 15. Jahrhundert, in Richtung der Kirche Sainte Radegonde. Wenn Sie durch die Straßen schlendern, sehen Sie die Nebengebäude des Hôtel de la Place forte du Poële aus dem 16. Jahrhundert und seinen Taubenschlag oder verschiedene Häuser wie das Grand Maison aus dem 16. Jahrhundert (ein ehemaliges Jagdschloss von Franz I. und Heinrich II.).\nTauchen Sie auf Ihrer Entdeckungsreise durch die Weiler, aus denen sich die Gemeinde zusammensetzt. Jahrhundert in Comméré und nicht zu vergessen das Château de Périgny (Landgut aus dem 10. und 16. Jahrhundert) in der Nähe von Traversonne."
    ],
    "en": [
      "Discovery of the village. this charming flowery village is especially known for its battle. That of 507 opposed Clovis, King of the Franks to Alaric II, King of the Visigoths\nGo through the Porte de la Ville, a vestige of the 15th century ramparts, to go to the Eglise de Sainte Radegonde. While strolling through the streets, you will see the outbuildings of the Hôtel de la place forte du Poële from the 16th century and its dovecote or different dwellings such as the one of the Grand Maison, from the 16th century (former hunting rendezvous of François I and Henri II).\nPlunge your discovery through the hamlets that make up the commune. At the bend in the road you will see a menhir near Cillais, an old lime kiln at Ribière, wheat mills or the 20th century industrial dairy at Comméré, without forgetting the Château de Périgny (a 10th and 16th century estate) near Traversonne."
    ],
    "it": [
      "Scoperta del villaggio. questo affascinante villaggio fiorito è noto soprattutto per la sua battaglia. La battaglia del 507 oppose Clodoveo, re dei Franchi, ad Alarico II, re dei Visigoti\nAttraversate la Porte de la Ville, vestigia dei bastioni del XV secolo, e dirigetevi verso la Chiesa di Sainte Radegonde. Passeggiando per le strade, si possono ammirare gli annessi dell'Hôtel de la place forte du Poële del XVI secolo e la sua colombaia, oltre a varie abitazioni come la Grand Maison del XVI secolo (ex residenza di caccia di Francesco I e Enrico II).\nImmergetevi nelle frazioni che compongono il comune. Alla curva della strada vedrete un menhir vicino a Cillais, un antico forno per la calce a Ribière, mulini per il grano o il caseificio industriale del XX secolo a Comméré, senza dimenticare lo Château de Périgny (tenuta del X e XVI secolo) vicino a Traversonne."
    ],
    "fr": [
      "Découverte de la commune. , ce charmant village fleuri est surtout connue pour sa bataille. Celle de 507 opposa Clovis, Roi des francs à Alaric II, Roi des Wisigoths. \nPasser la Porte de la Ville, vestige des remparts du XVè siècle, pour vous diriger vers l'Eglise de Sainte Radegonde. En flânant à travers les rues, vous apercevrez les dépendance de l'Hôtel de la place forte du Poële du XVIème siècle et son colombier ou encore différents logis tels que celui de la Grand Maison, du XVIème siècle (ancien rendez-vous de chasse e François 1er et Henri II).\nPlonger votre découverte  à travers les hameaux qui composent la commune. Au détour des chemins vous apercevrez un menhir près de Cillais, un ancien four à chaux à Ribière, des moulins à blé ou la laiterie industrielle du XXè siècle  à Comméré, sans oublier le Château de Périgny (domaine des Xè et XVIè siècles) près de Traversonne."
    ],
    "nl": [
      "Ontdekking van het dorp. dit charmante bloemrijke dorp is vooral bekend om zijn veldslag. In de slag van 507 stond Clovis, koning van de Franken, tegenover Alaric II, koning van de Visigoten\nLoop door de Porte de la Ville, een overblijfsel van de 15e-eeuwse stadsmuren, en ga naar de kerk van Sainte Radegonde. Tijdens uw wandeling door de straten ziet u de bijgebouwen van het 16e-eeuwse Hôtel de la place forte du Poële en zijn duiventil, evenals verschillende woningen zoals het 16e-eeuwse Grand Maison (voormalig jachtslot van François I en Henri II).\nDuik in de gehuchten die de gemeente vormen. In de bocht van de weg ziet u een menhir bij Cillais, een oude kalkoven bij Ribière, korenmolens of de industriële zuivelfabriek uit de 20e eeuw in Comméré, en niet te vergeten het kasteel van Périgny (landgoed uit de 10e en 16e eeuw) bij Traversonne."
    ],
    "es": [
      "Descubrimiento del pueblo. este encantador pueblo florido es más conocido por su batalla. La batalla de 507 enfrentó a Clodoveo, rey de los francos, con Alarico II, rey de los visigodos\nAtraviese la Porte de la Ville, vestigio de las murallas del siglo XV, y diríjase a la iglesia de Sainte Radegonde. Al pasear por las calles, verá las dependencias del Hôtel de la place forte du Poële del siglo XVI y su palomar, así como varias viviendas como la Grand Maison del siglo XVI (antiguo pabellón de caza de Francisco I y Enrique II).\nSumérjase en las aldeas que componen el municipio. En el recodo de la carretera verá un menhir cerca de Cillais, un antiguo horno de cal en Ribière, molinos de trigo o la lechería industrial del siglo XX en Comméré, sin olvidar el castillo de Périgny (finca de los siglos X y XVI) cerca de Traversonne."
    ]
  },
  "rdfs:label": {
    "fr": [
      "Circuit de la forêt de Vouillé Saint-Hilaire"
    ]
  },
  "creationDate": "2021-02-12",
  "hasBeenCreatedBy": {
    "@id": "https://data.datatourisme.fr/23/25720dda-9bd2-346d-b567-672e3147b9b6",
    "dc:identifier": "dae66ac9-98d5-4254-87e0-630911e72c88",
    "schema:legalName": "Office de Tourisme du Haut-Poitou",
    "@type": [
      "schema:Organization",
      "foaf:Agent",
      "Agent"
    ]
  },
  "hasBeenPublishedBy": [
    {
      "@id": "https://data.datatourisme.fr/b88feb30-5945-33ea-a9e4-15ce05d62dfd",
      "schema:email": [
        "sirtaqui@na-tourisme.com"
      ],
      "schema:legalName": "SIRTAQUI Nouvelle-Aquitaine",
      "schema:logo": "http://aquitaine.media.tourinsoft.eu/upload/Logo-Sirtaqui-1280x405.jpg",
      "@type": [
        "schema:Organization",
        "foaf:Agent",
        "Agent"
      ],
      "rdfs:comment": {
        "de": [
          "Die Ziele von SIRTAQUI (Système d'Information Régional Touristique de Nouvelle-AQUItaine) sind die Sammlung, Zusammenführung und weitestgehende Verbreitung von umfassenden und qualitativ hochwertigen Informationen für unsere Einwohner und Besucher. Das System wird gemeinsam vom Comité Régional de Tourisme de Nouvelle-Aquitaine, den Fremdenverkehrsämtern der Departements Corrèze, Creuse, Dordogne, Gironde, Landes, Lot-et-Garonne, Pyrénées-Atlantiques, Deux-Sèvres, Vienne und Haute-Vienne in Zusammenarbeit mit den Fremdenverkehrsämtern und mit finanzieller Unterstützung von Europa und dem Conseil Régional umgesetzt."
        ],
        "en": [
          "SIRTAQUI (Système d?Information Régional Touristique de Nouvelle-AQUItaine) aims to collect, pool and disseminate comprehensive, high-quality information for the benefit of our residents and visitors. The system is implemented jointly by the Comité Régional de Tourisme de Nouvelle-Aquitaine, the tourism departments of Corrèze, Creuse, Dordogne, Gironde, Landes, Lot-et-Garonne, Pyrénées-Atlantiques, Deux-Sèvres, Vienne and Haute-Vienne, in collaboration with the Tourist Offices, and with financial support from Europe and the Conseil Régional."
        ],
        "it": [
          "L'obiettivo di SIRTAQUI, il Sistema Regionale di Informazione Turistica della Nuova Aquitania, è quello di raccogliere, mettere in comune e diffondere il più possibile informazioni complete e di qualità a beneficio dei nostri residenti e visitatori. Il sistema è realizzato congiuntamente dal Comité Régional de Tourisme de Nouvelle-Aquitaine, dai servizi turistici di Corrèze, Creuse, Dordogne, Gironde, Landes, Lot-et-Garonne, Pyrénées-Atlantiques, Deux-Sèvres, Vienne e Haute-Vienne, in collaborazione con gli Uffici del Turismo e con il sostegno finanziario dell'Europa e del Conseil Régional."
        ],
        "fr": [
          "Collecter, mettre en commun et diffuser le plus largement possible une information complète et de qualité au service de nos habitants et de nos visiteurs : voici les objectifs du SIRTAQUI, Système d’Information Régional Touristique de Nouvelle-AQUItaine. Le dispositif est mis en œuvre conjointement par le Comité Régional de Tourisme de Nouvelle-Aquitaine, les services touristiques de la Corrèze, de la Creuse, de la Dordogne, de la Gironde, des Landes, du Lot-et-Garonne, des Pyrénées-Atlantiques, des Deux-Sèvres, de la Vienne et de la Haute-Vienne, en collaboration avec les Offices de Tourisme, et avec le soutien financier de l’Europe et du Conseil Régional."
        ],
        "es": [
          "Los objetivos del SIRTAQUI, Sistema Regional de Información Turística de Nueva Aquitania, son recopilar, poner en común y difundir lo más ampliamente posible una información completa y de calidad en beneficio de nuestros residentes y visitantes. El sistema está siendo implantado conjuntamente por el Comité Régional de Tourisme de Nouvelle-Aquitaine, los servicios turísticos de Corrèze, Creuse, Dordogne, Gironde, Landes, Lot-et-Garonne, Pyrénées-Atlantiques, Deux-Sèvres, Vienne y Haute-Vienne, en colaboración con las Oficinas de Turismo, y con el apoyo financiero de Europa y el Conseil Régional."
        ],
        "nl": [
          "De doelstellingen van SIRTAQUI, het nieuwe regionale toeristische informatiesysteem van Aquitaine, zijn het verzamelen, bundelen en zo breed mogelijk verspreiden van volledige informatie van hoge kwaliteit ten behoeve van onze inwoners en bezoekers. Het systeem wordt gezamenlijk geïmplementeerd door het Comité Régional de Tourisme de Nouvelle-Aquitaine, de toeristische departementen Corrèze, Creuse, Dordogne, Gironde, Landes, Lot-et-Garonne, Pyrénées-Atlantiques, Deux-Sèvres, Vienne en Haute-Vienne, in samenwerking met de toeristenbureaus en met financiële steun van Europa en de Conseil Régional."
        ]
      },
      "foaf:homepage": [
        "http://www.sirtaqui-aquitaine.com/"
      ],
      "hasTranslatedProperty": [
        {
          "@id": "https://data.datatourisme.fr/4e4c24ef-dfde-3719-962c-195eb0a1b55e",
          "dc:contributor": [
            "https://api.deepl.com/v2/translate"
          ],
          "rdf:language": [
            "it"
          ],
          "rdf:predicate": [
            {
              "@id": "rdfs:comment"
            }
          ]
        },
        {
          "@id": "https://data.datatourisme.fr/b0dcfbf5-3701-3c02-a733-55919e705292",
          "dc:contributor": [
            "https://api.deepl.com/v2/translate"
          ],
          "rdf:language": [
            "de"
          ],
          "rdf:predicate": [
            {
              "@id": "rdfs:comment"
            }
          ]
        },
        {
          "@id": "https://data.datatourisme.fr/ba763620-caa3-3f2c-acc5-3495a870da57",
          "dc:contributor": [
            "https://api.deepl.com/v2/translate"
          ],
          "rdf:language": [
            "en"
          ],
          "rdf:predicate": [
            {
              "@id": "rdfs:comment"
            }
          ]
        },
        {
          "@id": "https://data.datatourisme.fr/c0035796-90a6-3f68-8f31-642afb872b7f",
          "dc:contributor": [
            "https://api.deepl.com/v2/translate"
          ],
          "rdf:language": [
            "nl"
          ],
          "rdf:predicate": [
            {
              "@id": "rdfs:comment"
            }
          ]
        },
        {
          "@id": "https://data.datatourisme.fr/c978f3ab-2ebb-3b11-8d5b-8bd9de17c9ce",
          "dc:contributor": [
            "https://api.deepl.com/v2/translate"
          ],
          "rdf:language": [
            "es"
          ],
          "rdf:predicate": [
            {
              "@id": "rdfs:comment"
            }
          ]
        }
      ]
    }
  ],
  "hasBookingContact": [
    {
      "@id": "https://data.datatourisme.fr/15c5a857-8ea1-3870-bbad-571bd6fe14d9",
      "schema:telephone": [
        "+33 5 49 51 06 69",
        "+33 5 49 54 20 30"
      ],
      "@type": [
        "foaf:Agent",
        "Agent"
      ]
    }
  ],
  "hasContact": [
    {
      "@id": "https://data.datatourisme.fr/15c5a857-8ea1-3870-bbad-571bd6fe14d9",
      "schema:telephone": [
        "+33 5 49 51 06 69",
        "+33 5 49 54 20 30"
      ],
      "@type": [
        "foaf:Agent",
        "Agent"
      ]
    }
  ],
  "hasDescription": [
    {
      "@id": "https://data.datatourisme.fr/63cd2e6d-b5cc-38c1-9993-42eb8abcd696",
      "dc:description": {
        "de": [
          "Entdecken Sie die Gemeinde. dieses charmante, blumengeschmückte Dorf ist vor allem für seine Schlacht bekannt. Im Jahr 507 kämpfte Chlodwig, der König der Franken, gegen Alarich II, den König der Westgoten\nGehen Sie durch das Stadttor, ein Überbleibsel der Stadtmauer aus dem 15. Jahrhundert, in Richtung der Kirche Sainte Radegonde. Wenn Sie durch die Straßen schlendern, sehen Sie die Nebengebäude des Hôtel de la Place forte du Poële aus dem 16. Jahrhundert und seinen Taubenschlag oder verschiedene Häuser wie das Grand Maison aus dem 16. Jahrhundert (ein ehemaliges Jagdschloss von Franz I. und Heinrich II.).\nTauchen Sie auf Ihrer Entdeckungsreise durch die Weiler, aus denen sich die Gemeinde zusammensetzt. Jahrhundert in Comméré und nicht zu vergessen das Château de Périgny (Landgut aus dem 10. und 16. Jahrhundert) in der Nähe von Traversonne."
        ],
        "en": [
          "Discovery of the village. this charming flowery village is especially known for its battle. That of 507 opposed Clovis, King of the Franks to Alaric II, King of the Visigoths\nGo through the Porte de la Ville, a vestige of the 15th century ramparts, to go to the Eglise de Sainte Radegonde. While strolling through the streets, you will see the outbuildings of the Hôtel de la place forte du Poële from the 16th century and its dovecote or different dwellings such as the one of the Grand Maison, from the 16th century (former hunting rendezvous of François I and Henri II).\nPlunge your discovery through the hamlets that make up the commune. At the bend in the road you will see a menhir near Cillais, an old lime kiln at Ribière, wheat mills or the 20th century industrial dairy at Comméré, without forgetting the Château de Périgny (a 10th and 16th century estate) near Traversonne."
        ],
        "it": [
          "Scoperta del villaggio. questo affascinante villaggio fiorito è noto soprattutto per la sua battaglia. La battaglia del 507 oppose Clodoveo, re dei Franchi, ad Alarico II, re dei Visigoti\nAttraversate la Porte de la Ville, vestigia dei bastioni del XV secolo, e dirigetevi verso la Chiesa di Sainte Radegonde. Passeggiando per le strade, si possono ammirare gli annessi dell'Hôtel de la place forte du Poële del XVI secolo e la sua colombaia, oltre a varie abitazioni come la Grand Maison del XVI secolo (ex residenza di caccia di Francesco I e Enrico II).\nImmergetevi nelle frazioni che compongono il comune. Alla curva della strada vedrete un menhir vicino a Cillais, un antico forno per la calce a Ribière, mulini per il grano o il caseificio industriale del XX secolo a Comméré, senza dimenticare lo Château de Périgny (tenuta del X e XVI secolo) vicino a Traversonne."
        ],
        "fr": [
          "Découverte de la commune. , ce charmant village fleuri est surtout connue pour sa bataille. Celle de 507 opposa Clovis, Roi des francs à Alaric II, Roi des Wisigoths. \nPasser la Porte de la Ville, vestige des remparts du XVè siècle, pour vous diriger vers l'Eglise de Sainte Radegonde. En flânant à travers les rues, vous apercevrez les dépendance de l'Hôtel de la place forte du Poële du XVIème siècle et son colombier ou encore différents logis tels que celui de la Grand Maison, du XVIème siècle (ancien rendez-vous de chasse e François 1er et Henri II).\nPlonger votre découverte  à travers les hameaux qui composent la commune. Au détour des chemins vous apercevrez un menhir près de Cillais, un ancien four à chaux à Ribière, des moulins à blé ou la laiterie industrielle du XXè siècle  à Comméré, sans oublier le Château de Périgny (domaine des Xè et XVIè siècles) près de Traversonne."
        ],
        "nl": [
          "Ontdekking van het dorp. dit charmante bloemrijke dorp is vooral bekend om zijn veldslag. In de slag van 507 stond Clovis, koning van de Franken, tegenover Alaric II, koning van de Visigoten\nLoop door de Porte de la Ville, een overblijfsel van de 15e-eeuwse stadsmuren, en ga naar de kerk van Sainte Radegonde. Tijdens uw wandeling door de straten ziet u de bijgebouwen van het 16e-eeuwse Hôtel de la place forte du Poële en zijn duiventil, evenals verschillende woningen zoals het 16e-eeuwse Grand Maison (voormalig jachtslot van François I en Henri II).\nDuik in de gehuchten die de gemeente vormen. In de bocht van de weg ziet u een menhir bij Cillais, een oude kalkoven bij Ribière, korenmolens of de industriële zuivelfabriek uit de 20e eeuw in Comméré, en niet te vergeten het kasteel van Périgny (landgoed uit de 10e en 16e eeuw) bij Traversonne."
        ],
        "es": [
          "Descubrimiento del pueblo. este encantador pueblo florido es más conocido por su batalla. La batalla de 507 enfrentó a Clodoveo, rey de los francos, con Alarico II, rey de los visigodos\nAtraviese la Porte de la Ville, vestigio de las murallas del siglo XV, y diríjase a la iglesia de Sainte Radegonde. Al pasear por las calles, verá las dependencias del Hôtel de la place forte du Poële del siglo XVI y su palomar, así como varias viviendas como la Grand Maison del siglo XVI (antiguo pabellón de caza de Francisco I y Enrique II).\nSumérjase en las aldeas que componen el municipio. En el recodo de la carretera verá un menhir cerca de Cillais, un antiguo horno de cal en Ribière, molinos de trigo o la lechería industrial del siglo XX en Comméré, sin olvidar el castillo de Périgny (finca de los siglos X y XVI) cerca de Traversonne."
        ]
      },
      "@type": [
        "Description"
      ],
      "hasTranslatedProperty": [
        {
          "@id": "https://data.datatourisme.fr/27c683f4-3f37-39f2-b253-8ae2772ecdc1",
          "dc:contributor": [
            "https://api.deepl.com/v2/translate"
          ],
          "rdf:language": [
            "it"
          ],
          "rdf:predicate": [
            {
              "@id": "dc:description"
            }
          ]
        },
        {
          "@id": "https://data.datatourisme.fr/3a5bb5c1-ae11-3bd2-8604-d2b7525585ab",
          "dc:contributor": [
            "https://api.deepl.com/v2/translate"
          ],
          "rdf:language": [
            "it"
          ],
          "rdf:predicate": [
            "shortDescription"
          ]
        },
        {
          "@id": "https://data.datatourisme.fr/564ef090-ec5e-3a7f-bd3d-7f680eeb281e",
          "dc:contributor": [
            "https://api.deepl.com/v2/translate"
          ],
          "rdf:language": [
            "nl"
          ],
          "rdf:predicate": [
            {
              "@id": "dc:description"
            }
          ]
        },
        {
          "@id": "https://data.datatourisme.fr/6834c8a0-c0e8-3beb-a3d3-27215e420fee",
          "dc:contributor": [
            "https://api.deepl.com/v2/translate"
          ],
          "rdf:language": [
            "de"
          ],
          "rdf:predicate": [
            "shortDescription"
          ]
        },
        {
          "@id": "https://data.datatourisme.fr/95fe3ad2-4496-3a79-a01a-1898cdb412d5",
          "dc:contributor": [
            "https://api.deepl.com/v2/translate"
          ],
          "rdf:language": [
            "nl"
          ],
          "rdf:predicate": [
            "shortDescription"
          ]
        },
        {
          "@id": "https://data.datatourisme.fr/9e07af87-ff63-3776-b66f-bbbc71bfdbf2",
          "dc:contributor": [
            "https://api.deepl.com/v2/translate"
          ],
          "rdf:language": [
            "es"
          ],
          "rdf:predicate": [
            {
              "@id": "dc:description"
            }
          ]
        },
        {
          "@id": "https://data.datatourisme.fr/a1a3c0ba-05e6-3763-aee8-b28dab776fdb",
          "dc:contributor": [
            "https://api.deepl.com/v2/translate"
          ],
          "rdf:language": [
            "en"
          ],
          "rdf:predicate": [
            {
              "@id": "dc:description"
            }
          ]
        },
        {
          "@id": "https://data.datatourisme.fr/b09b2b72-7e82-3881-9645-28761216d225",
          "dc:contributor": [
            "https://api.deepl.com/v2/translate"
          ],
          "rdf:language": [
            "de"
          ],
          "rdf:predicate": [
            {
              "@id": "dc:description"
            }
          ]
        },
        {
          "@id": "https://data.datatourisme.fr/b84ed9b4-15e8-3d74-967b-8ad2b14451fa",
          "dc:contributor": [
            "https://api.deepl.com/v2/translate"
          ],
          "rdf:language": [
            "en"
          ],
          "rdf:predicate": [
            "shortDescription"
          ]
        },
        {
          "@id": "https://data.datatourisme.fr/e4cb4904-a910-39fa-8aad-98630d109988",
          "dc:contributor": [
            "https://api.deepl.com/v2/translate"
          ],
          "rdf:language": [
            "es"
          ],
          "rdf:predicate": [
            "shortDescription"
          ]
        }
      ],
      "shortDescription": {
        "de": [
          "Entdecken Sie die Gemeinde. dieses charmante, blumengeschmückte Dorf ist vor allem für seine Schlacht bekannt. Im Jahr 507 kämpfte Chlodwig, der König der Franken, gegen Alarich II, den König der Westgoten\nGehen Sie durch das Stadttor, ein Überbleibsel der Stadtmauer aus dem 15. Jahrhundert, in Richtung der Kirche Sainte Radegonde. Wenn Sie durch die Straßen schlendern, sehen Sie die Nebengebäude des Hôtel de la Place forte du Poële aus dem 16. Jahrhundert und seinen Taubenschlag oder verschiedene Häuser wie das Grand Maison aus dem 16. Jahrhundert (ein ehemaliges Jagdschloss von Franz I. und Heinrich II.).\nTauchen Sie auf Ihrer Entdeckungsreise durch die Weiler, aus denen sich die Gemeinde zusammensetzt. Jahrhundert in Comméré und nicht zu vergessen das Château de Périgny (Landgut aus dem 10. und 16. Jahrhundert) in der Nähe von Traversonne."
        ],
        "en": [
          "Discovery of the village. this charming flowery village is especially known for its battle. That of 507 opposed Clovis, King of the Franks to Alaric II, King of the Visigoths\nGo through the Porte de la Ville, a vestige of the 15th century ramparts, to go to the Eglise de Sainte Radegonde. While strolling through the streets, you will see the outbuildings of the Hôtel de la place forte du Poële from the 16th century and its dovecote or different dwellings such as the one of the Grand Maison, from the 16th century (former hunting rendezvous of François I and Henri II).\nPlunge your discovery through the hamlets that make up the commune. At the bend in the road you will see a menhir near Cillais, an old lime kiln at Ribière, wheat mills or the 20th century industrial dairy at Comméré, without forgetting the Château de Périgny (a 10th and 16th century estate) near Traversonne."
        ],
        "it": [
          "Scoperta del villaggio. questo affascinante villaggio fiorito è noto soprattutto per la sua battaglia. La battaglia del 507 oppose Clodoveo, re dei Franchi, ad Alarico II, re dei Visigoti\nAttraversate la Porte de la Ville, vestigia dei bastioni del XV secolo, e dirigetevi verso la Chiesa di Sainte Radegonde. Passeggiando per le strade, si possono ammirare gli annessi dell'Hôtel de la place forte du Poële del XVI secolo e la sua colombaia, oltre a varie abitazioni come la Grand Maison del XVI secolo (ex residenza di caccia di Francesco I e Enrico II).\nImmergetevi nelle frazioni che compongono il comune. Alla curva della strada vedrete un menhir vicino a Cillais, un antico forno per la calce a Ribière, mulini per il grano o il caseificio industriale del XX secolo a Comméré, senza dimenticare lo Château de Périgny (tenuta del X e XVI secolo) vicino a Traversonne."
        ],
        "fr": [
          "Découverte de la commune. , ce charmant village fleuri est surtout connue pour sa bataille. Celle de 507 opposa Clovis, Roi des francs à Alaric II, Roi des Wisigoths. \nPasser la Porte de la Ville, vestige des remparts du XVè siècle, pour vous diriger vers l'Eglise de Sainte Radegonde. En flânant à travers les rues, vous apercevrez les dépendance de l'Hôtel de la place forte du Poële du XVIème siècle et son colombier ou encore différents logis tels que celui de la Grand Maison, du XVIème siècle (ancien rendez-vous de chasse e François 1er et Henri II).\nPlonger votre découverte  à travers les hameaux qui composent la commune. Au détour des chemins vous apercevrez un menhir près de Cillais, un ancien four à chaux à Ribière, des moulins à blé ou la laiterie industrielle du XXè siècle  à Comméré, sans oublier le Château de Périgny (domaine des Xè et XVIè siècles) près de Traversonne."
        ],
        "nl": [
          "Ontdekking van het dorp. dit charmante bloemrijke dorp is vooral bekend om zijn veldslag. In de slag van 507 stond Clovis, koning van de Franken, tegenover Alaric II, koning van de Visigoten\nLoop door de Porte de la Ville, een overblijfsel van de 15e-eeuwse stadsmuren, en ga naar de kerk van Sainte Radegonde. Tijdens uw wandeling door de straten ziet u de bijgebouwen van het 16e-eeuwse Hôtel de la place forte du Poële en zijn duiventil, evenals verschillende woningen zoals het 16e-eeuwse Grand Maison (voormalig jachtslot van François I en Henri II).\nDuik in de gehuchten die de gemeente vormen. In de bocht van de weg ziet u een menhir bij Cillais, een oude kalkoven bij Ribière, korenmolens of de industriële zuivelfabriek uit de 20e eeuw in Comméré, en niet te vergeten het kasteel van Périgny (landgoed uit de 10e en 16e eeuw) bij Traversonne."
        ],
        "es": [
          "Descubrimiento del pueblo. este encantador pueblo florido es más conocido por su batalla. La batalla de 507 enfrentó a Clodoveo, rey de los francos, con Alarico II, rey de los visigodos\nAtraviese la Porte de la Ville, vestigio de las murallas del siglo XV, y diríjase a la iglesia de Sainte Radegonde. Al pasear por las calles, verá las dependencias del Hôtel de la place forte du Poële del siglo XVI y su palomar, así como varias viviendas como la Grand Maison del siglo XVI (antiguo pabellón de caza de Francisco I y Enrique II).\nSumérjase en las aldeas que componen el municipio. En el recodo de la carretera verá un menhir cerca de Cillais, un antiguo horno de cal en Ribière, molinos de trigo o la lechería industrial del siglo XX en Comméré, sin olvidar el castillo de Périgny (finca de los siglos X y XVI) cerca de Traversonne."
        ]
      }
    }
  ],
  "hasMainRepresentation": [
    {
      "@id": "https://data.datatourisme.fr/fb638f12-e555-3c61-800e-ffaf2f87d425",
      "ebucore:hasAnnotation": [
        {
          "@id": "https://data.datatourisme.fr/6bb82a6a-97bd-3b4b-81c3-3dcbdbab7db7",
          "ebucore:title": {
            "fr": [
              "Toits de Vouillé"
            ]
          },
          "@type": [
            "ebucore:Annotation"
          ],
          "credits": [
            "OTHP"
          ]
        }
      ],
      "ebucore:hasRelatedResource": [
        {
          "@id": "https://data.datatourisme.fr/39ac5108-3f81-3255-9a9e-47c2524b26d5",
          "ebucore:hasMimeType": [
            {
              "@id": "kb:JPEG",
              "@type": [
                "ebucore:MimeType"
              ],
              "rdfs:comment": {
                "de": [
                  "JPEG-Bild"
                ],
                "pt": [
                  "Imagem JPEG"
                ],
                "en": [
                  "JPEG image file"
                ],
                "it": [
                  "Immagine JPEG"
                ],
                "fr": [
                  "Image JPEG"
                ],
                "nl": [
                  "JPEG-afbeelding"
                ],
                "es": [
                  "Imagen JPEG"
                ]
              },
              "rdfs:label": {
                "de": [
                  "image/jpeg"
                ],
                "pt": [
                  "image/jpeg"
                ],
                "en": [
                  "image/jpeg"
                ],
                "it": [
                  "image/jpeg"
                ],
                "fr": [
                  "image/jpeg"
                ],
                "nl": [
                  "image/jpeg"
                ],
                "es": [
                  "image/jpeg"
                ]
              }
            }
          ],
          "ebucore:locator": [
            "http://aquitaine.media.tourinsoft.eu/Upload/DECOUVERTE-VOUILLE-3.JPG"
          ],
          "@type": [
            "ebucore:Resource"
          ]
        }
      ],
      "@type": [
        "ebucore:EditorialObject"
      ]
    }
  ],
  "hasNeighborhood": [
    {
      "@id": "kb:InTheCountryside",
      "@type": [
        "SpatialEnvironmentTheme"
      ],
      "rdfs:label": {
        "de": [
          "Auf dem Land"
        ],
        "pt": [
          "No campo"
        ],
        "en": [
          "In the countryside"
        ],
        "it": [
          "In campagna"
        ],
        "fr": [
          "A la campagne"
        ],
        "nl": [
          "Op het platteland"
        ],
        "es": [
          "En el campo"
        ]
      }
    },
    {
      "@id": "kb:InTheForest",
      "@type": [
        "SpatialEnvironmentTheme"
      ],
      "rdfs:label": {
        "de": [
          "Im Wald"
        ],
        "pt": [
          "Na floresta"
        ],
        "en": [
          "In the forest"
        ],
        "it": [
          "Nella foresta"
        ],
        "fr": [
          "En forêt"
        ],
        "nl": [
          "In het bos"
        ],
        "es": [
          "En el bosque"
        ]
      }
    },
    {
      "@id": "kb:InTheVillage",
      "@type": [
        "SpatialEnvironmentTheme"
      ],
      "rdfs:label": {
        "de": [
          "Im Dorf"
        ],
        "pt": [
          "Na aldeia"
        ],
        "en": [
          "In the village"
        ],
        "it": [
          "Nel villaggio"
        ],
        "fr": [
          "Dans le village"
        ],
        "nl": [
          "In het dorp"
        ],
        "es": [
          "En el pueblo"
        ]
      }
    }
  ],
  "hasPracticeCondition": [
    {
      "@id": "https://data.datatourisme.fr/cdf40bcd-fd17-338e-9ff0-b348a499a310",
      "@type": [
        "PracticeCondition"
      ],
      "hasDifficultyLevel": [
        {
          "@id": "kb:MediumDifficultyTour",
          "@type": [
            "DifficultyLevel"
          ],
          "rdfs:label": {
            "de": [
              "Mittlere Schwierigkeit"
            ],
            "pt": [
              "Dificuldade média"
            ],
            "en": [
              "Medium difficulty"
            ],
            "it": [
              "Difficoltà media"
            ],
            "fr": [
              "Difficulté moyenne"
            ],
            "nl": [
              "Gemiddelde moeilijkheidsgraad"
            ],
            "es": [
              "Dificultad media"
            ]
          }
        }
      ],
      "hasLocomotionMode": [
        {
          "@id": "kb:WalkingMode",
          "@type": [
            "PedestrianLocomotionMode"
          ],
          "rdfs:label": {
            "de": [
              "Zu Fuß"
            ],
            "pt": [
              "Um pé"
            ],
            "en": [
              "Walking"
            ],
            "it": [
              "Un piede"
            ],
            "fr": [
              "A pieds"
            ],
            "es": [
              "Un pie"
            ],
            "nl": [
              "Een voet"
            ]
          }
        }
      ],
      "practicalTips": {
        "fr": [
          "Durée: 4h30"
        ]
      }
    }
  ],
  "hasRepresentation": [
    {
      "@id": "https://data.datatourisme.fr/4e018507-6e07-3594-a9c6-51908bb1dfb2",
      "ebucore:hasRelatedResource": [
        {
          "@id": "https://data.datatourisme.fr/9fd273cf-75cd-34ae-860e-c57b8f54acf6",
          "ebucore:hasMimeType": [
            {
              "@id": "kb:PDF",
              "@type": [
                "ebucore:MimeType"
              ],
              "rdfs:comment": {
                "de": [
                  "PDF-Datei"
                ],
                "pt": [
                  "Ficheiro PDF"
                ],
                "en": [
                  "PDF file"
                ],
                "it": [
                  "File PDF"
                ],
                "fr": [
                  "Adobe Portable Document Format"
                ],
                "nl": [
                  "Pdf-bestand"
                ],
                "es": [
                  "Archivo PDF"
                ]
              },
              "rdfs:label": {
                "de": [
                  "application/pdf"
                ],
                "pt": [
                  "application/pdf"
                ],
                "en": [
                  "application/pdf"
                ],
                "it": [
                  "application/pdf"
                ],
                "fr": [
                  "application/pdf"
                ],
                "nl": [
                  "application/pdf"
                ],
                "es": [
                  "application/pdf"
                ]
              }
            }
          ],
          "ebucore:locator": [
            "http://aquitaine.media.tourinsoft.eu/upload/circuit-vouille-st-Hilaire-rouge-3.pdf"
          ],
          "@type": [
            "ebucore:Resource"
          ]
        }
      ],
      "@type": [
        "ebucore:EditorialObject"
      ]
    },
    {
      "@id": "https://data.datatourisme.fr/96aae6d8-75ec-3c44-a483-5668eca68cb7",
      "ebucore:hasAnnotation": [
        {
          "@id": "https://data.datatourisme.fr/bed9f65d-3ed1-3eac-b4ad-9f872a9a63d7",
          "ebucore:title": {
            "fr": [
              "Bourg de Vouillé"
            ]
          },
          "@type": [
            "ebucore:Annotation"
          ],
          "credits": [
            "OTHP"
          ]
        }
      ],
      "ebucore:hasRelatedResource": [
        {
          "@id": "https://data.datatourisme.fr/e652a6e8-eb44-3834-b5dd-f19be8a17830",
          "ebucore:hasMimeType": [
            {
              "@id": "kb:JPEG",
              "@type": [
                "ebucore:MimeType"
              ],
              "rdfs:comment": {
                "de": [
                  "JPEG-Bild"
                ],
                "pt": [
                  "Imagem JPEG"
                ],
                "en": [
                  "JPEG image file"
                ],
                "it": [
                  "Immagine JPEG"
                ],
                "fr": [
                  "Image JPEG"
                ],
                "nl": [
                  "JPEG-afbeelding"
                ],
                "es": [
                  "Imagen JPEG"
                ]
              },
              "rdfs:label": {
                "de": [
                  "image/jpeg"
                ],
                "pt": [
                  "image/jpeg"
                ],
                "en": [
                  "image/jpeg"
                ],
                "it": [
                  "image/jpeg"
                ],
                "fr": [
                  "image/jpeg"
                ],
                "nl": [
                  "image/jpeg"
                ],
                "es": [
                  "image/jpeg"
                ]
              }
            }
          ],
          "ebucore:locator": [
            "http://aquitaine.media.tourinsoft.eu/Upload/P1080765-2.JPG"
          ],
          "@type": [
            "ebucore:Resource"
          ]
        }
      ],
      "@type": [
        "ebucore:EditorialObject"
      ]
    },
    {
      "@id": "https://data.datatourisme.fr/fb638f12-e555-3c61-800e-ffaf2f87d425",
      "ebucore:hasAnnotation": [
        {
          "@id": "https://data.datatourisme.fr/6bb82a6a-97bd-3b4b-81c3-3dcbdbab7db7",
          "ebucore:title": {
            "fr": [
              "Toits de Vouillé"
            ]
          },
          "@type": [
            "ebucore:Annotation"
          ],
          "credits": [
            "OTHP"
          ]
        }
      ],
      "ebucore:hasRelatedResource": [
        {
          "@id": "https://data.datatourisme.fr/39ac5108-3f81-3255-9a9e-47c2524b26d5",
          "ebucore:hasMimeType": [
            {
              "@id": "kb:JPEG",
              "@type": [
                "ebucore:MimeType"
              ],
              "rdfs:comment": {
                "de": [
                  "JPEG-Bild"
                ],
                "pt": [
                  "Imagem JPEG"
                ],
                "en": [
                  "JPEG image file"
                ],
                "it": [
                  "Immagine JPEG"
                ],
                "fr": [
                  "Image JPEG"
                ],
                "nl": [
                  "JPEG-afbeelding"
                ],
                "es": [
                  "Imagen JPEG"
                ]
              },
              "rdfs:label": {
                "de": [
                  "image/jpeg"
                ],
                "pt": [
                  "image/jpeg"
                ],
                "en": [
                  "image/jpeg"
                ],
                "it": [
                  "image/jpeg"
                ],
                "fr": [
                  "image/jpeg"
                ],
                "nl": [
                  "image/jpeg"
                ],
                "es": [
                  "image/jpeg"
                ]
              }
            }
          ],
          "ebucore:locator": [
            "http://aquitaine.media.tourinsoft.eu/Upload/DECOUVERTE-VOUILLE-3.JPG"
          ],
          "@type": [
            "ebucore:Resource"
          ]
        }
      ],
      "@type": [
        "ebucore:EditorialObject"
      ]
    }
  ],
  "hasTheme": [
    {
      "@id": "kb:Culture",
      "@type": [
        "CulturalTheme"
      ],
      "rdfs:label": {
        "de": [
          "Kultur"
        ],
        "pt": [
          "Cultura"
        ],
        "en": [
          "Culture"
        ],
        "it": [
          "Cultura"
        ],
        "fr": [
          "Culture"
        ],
        "nl": [
          "Cultuur"
        ],
        "es": [
          "Cultura"
        ]
      }
    },
    {
      "@id": "kb:History",
      "@type": [
        "CulturalTheme"
      ],
      "rdfs:label": {
        "de": [
          "Geschichte"
        ],
        "pt": [
          "História"
        ],
        "en": [
          "History"
        ],
        "it": [
          "Storia"
        ],
        "fr": [
          "Histoire"
        ],
        "es": [
          "Historia"
        ],
        "nl": [
          "Geschiedenis"
        ]
      }
    },
    {
      "@id": "kb:InTheCountryside",
      "@type": [
        "SpatialEnvironmentTheme"
      ],
      "rdfs:label": {
        "de": [
          "Auf dem Land"
        ],
        "pt": [
          "No campo"
        ],
        "en": [
          "In the countryside"
        ],
        "it": [
          "In campagna"
        ],
        "fr": [
          "A la campagne"
        ],
        "nl": [
          "Op het platteland"
        ],
        "es": [
          "En el campo"
        ]
      }
    },
    {
      "@id": "kb:InTheForest",
      "@type": [
        "SpatialEnvironmentTheme"
      ],
      "rdfs:label": {
        "de": [
          "Im Wald"
        ],
        "pt": [
          "Na floresta"
        ],
        "en": [
          "In the forest"
        ],
        "it": [
          "Nella foresta"
        ],
        "fr": [
          "En forêt"
        ],
        "nl": [
          "In het bos"
        ],
        "es": [
          "En el bosque"
        ]
      }
    },
    {
      "@id": "kb:InTheVillage",
      "@type": [
        "SpatialEnvironmentTheme"
      ],
      "rdfs:label": {
        "de": [
          "Im Dorf"
        ],
        "pt": [
          "Na aldeia"
        ],
        "en": [
          "In the village"
        ],
        "it": [
          "Nel villaggio"
        ],
        "fr": [
          "Dans le village"
        ],
        "nl": [
          "In het dorp"
        ],
        "es": [
          "En el pueblo"
        ]
      }
    }
  ],
  "hasTranslatedProperty": [
    {
      "@id": "https://data.datatourisme.fr/5fd0be26-51a8-3fdd-bdf4-52b32aa5ffef",
      "dc:contributor": [
        "https://api.deepl.com/v2/translate"
      ],
      "rdf:language": [
        "it"
      ],
      "rdf:predicate": [
        {
          "@id": "rdfs:comment"
        }
      ]
    },
    {
      "@id": "https://data.datatourisme.fr/6566873f-23ea-3b08-9cc5-1820680253fb",
      "dc:contributor": [
        "https://api.deepl.com/v2/translate"
      ],
      "rdf:language": [
        "de"
      ],
      "rdf:predicate": [
        {
          "@id": "rdfs:comment"
        }
      ]
    },
    {
      "@id": "https://data.datatourisme.fr/c0254cc9-7b57-37c5-86ff-4bc4f5ba668f",
      "dc:contributor": [
        "https://api.deepl.com/v2/translate"
      ],
      "rdf:language": [
        "en"
      ],
      "rdf:predicate": [
        {
          "@id": "rdfs:comment"
        }
      ]
    },
    {
      "@id": "https://data.datatourisme.fr/c30acc65-b18d-38ff-94d2-84e482b556f2",
      "dc:contributor": [
        "https://api.deepl.com/v2/translate"
      ],
      "rdf:language": [
        "es"
      ],
      "rdf:predicate": [
        {
          "@id": "rdfs:comment"
        }
      ]
    },
    {
      "@id": "https://data.datatourisme.fr/eff11190-d165-35c2-ae7b-7a11514b9a62",
      "dc:contributor": [
        "https://api.deepl.com/v2/translate"
      ],
      "rdf:language": [
        "nl"
      ],
      "rdf:predicate": [
        {
          "@id": "rdfs:comment"
        }
      ]
    }
  ],
  "isLocatedAt": [
    {
      "@id": "https://data.datatourisme.fr/659c4711-e66b-3d24-afce-27eb1c60b046",
      "schema:address": [
        {
          "@id": "https://data.datatourisme.fr/bd7c249a-5321-3a69-95ba-e98876e8ab01",
          "schema:addressLocality": "Vouillé",
          "schema:postalCode": "86190",
          "schema:streetAddress": [
            "1 Rue de la Galmandrie"
          ],
          "@type": [
            "schema:PostalAddress",
            "PostalAddress"
          ],
          "hasAddressCity": {
            "@id": "kb:86294",
            "@type": [
              "City"
            ],
            "rdfs:label": {
              "de": [
                "Vouillé"
              ],
              "pt": [
                "Vouillé"
              ],
              "en": [
                "Vouillé"
              ],
              "it": [
                "Vouillé"
              ],
              "fr": [
                "Vouillé"
              ],
              "nl": [
                "Vouillé"
              ],
              "es": [
                "Vouillé"
              ]
            },
            "insee": "86294",
            "isPartOfDepartment": {
              "@id": "kb:France7586",
              "@type": [
                "Department"
              ],
              "rdfs:label": {
                "de": [
                  "Vienne"
                ],
                "pt": [
                  "Vienne"
                ],
                "en": [
                  "Vienne"
                ],
                "it": [
                  "Vienne"
                ],
                "fr": [
                  "Vienne"
                ],
                "nl": [
                  "Vienne"
                ],
                "es": [
                  "Vienne"
                ]
              },
              "insee": "86",
              "isPartOfRegion": {
                "@id": "kb:France75",
                "@type": [
                  "Region"
                ],
                "rdfs:label": {
                  "de": [
                    "Nouvelle-Aquitaine"
                  ],
                  "pt": [
                    "Nouvelle-Aquitaine"
                  ],
                  "en": [
                    "Nouvelle-Aquitaine"
                  ],
                  "it": [
                    "Nouvelle-Aquitaine"
                  ],
                  "fr": [
                    "Nouvelle-Aquitaine"
                  ],
                  "nl": [
                    "Nouvelle-Aquitaine"
                  ],
                  "es": [
                    "Nouvelle-Aquitaine"
                  ]
                },
                "insee": "75",
                "isPartOfCountry": {
                  "@id": "kb:France",
                  "@type": [
                    "schema:Country"
                  ],
                  "rdfs:label": {
                    "de": [
                      "France",
                      "Frankreich"
                    ],
                    "pt": [
                      "França",
                      "France"
                    ],
                    "en": [
                      "France"
                    ],
                    "it": [
                      "France",
                      "Francia"
                    ],
                    "fr": [
                      "France"
                    ],
                    "nl": [
                      "France",
                      "Frankrijk"
                    ],
                    "es": [
                      "France",
                      "Francia"
                    ]
                  }
                }
              }
            }
          }
        }
      ],
      "schema:geo": {
        "@id": "https://data.datatourisme.fr/79a96bdd-432c-38e2-a660-84a7e2c40514",
        "schema:latitude": "46.63877",
        "schema:longitude": "0.16511",
        "@type": [
          "schema:GeoCoordinates"
        ]
      },
      "@type": [
        "schema:Place",
        "Place"
      ]
    }
  ],
  "isOwnedBy": [
    {
      "@id": "https://data.datatourisme.fr/15c5a857-8ea1-3870-bbad-571bd6fe14d9",
      "schema:telephone": [
        "+33 5 49 51 06 69",
        "+33 5 49 54 20 30"
      ],
      "@type": [
        "foaf:Agent",
        "Agent"
      ]
    }
  ],
  "lastUpdate": "2023-07-20",
  "lastUpdateDatatourisme": "2023-07-20T23:34:48.756Z",
  "tourDistance": "18000.0"
}