{
  "@id": "https://data.datatourisme.fr/23/0086c309-4f2a-3411-ac74-f00caa1cbce6",
  "dc:identifier": "ASCAQU033V50TXFA",
  "@type": [
    "schema:Product",
    "PointOfInterest",
    "Practice",
    "Product"
  ],
  "rdfs:comment": {
    "de": [
      "L?entrePot? öffnet seine Töpferwerkstatt das ganze Jahr über für kleine und große Mitglieder des Vereins.\nEntdecken und Üben von Keramiktechniken ohne Töpferscheibe. Techniken zur Formgebung: Pincé, Platte, Colombin, Skulptur... Dekortechniken: Engoben, Sgraffito, Abdrücke...\nWöchentliche Sitzungen, Ferienworkshops, Eltern-Kind-Workshops, Gruppenprojekte... Hier haben Sie die Möglichkeit, Ihrer Kreativität freien Lauf zu lassen und den Ton und seine Techniken zu entdecken.\nDu kreierst, dekorierst und sammelst deine Keramiken später wieder ein. Alles wird zur Verfügung gestellt: Material, Materialien, Brennen."
    ],
    "en": [
      "L'entrePot? opens its pottery workshop throughout the year for young and old who are members of the association.\nDiscovery and practice of ceramic techniques without a wheel. Shaping techniques: pinched, plate, colombin, sculpture... Decorative techniques: engobes, sgraffito, prints...\nWeekly sessions, vacation workshops, parent/child workshops, group projects... it's an opportunity to let your creativity run free and discover clay and its techniques.\nYou create, decorate and recover your ceramics later. Everything is provided: equipment, materials, firing."
    ],
    "it": [
      "L'entrePot? apre il suo laboratorio di ceramica durante tutto l'anno per i giovani e i meno giovani che sono membri dell'associazione.\nScoperta e pratica delle tecniche ceramiche senza ruota. Tecniche di sagomatura: pinched, plate, colombin, sculpture... Tecniche decorative: ingobbi, sgraffito, impressioni...\nSessioni settimanali, laboratori per le vacanze, laboratori per genitori e figli, progetti di gruppo... è un'occasione per dare libero sfogo alla propria creatività e per scoprire l'argilla e le sue tecniche.\nSi crea, si decora e poi si recupera la ceramica. Tutto è fornito: attrezzature, materiali, cottura."
    ],
    "fr": [
      "L’entrePot’ ouvre son atelier de poterie tout au long de l’année pour les petits et les grands qui adhèrent à l'association. \nDécouverte et pratique des techniques céramiques sans tour. Techniques de façonnage : pincé, plaque, colombin, sculpture... Techniques de décor : engobes, sgraffite, empreintes...\nSéances hebdomadaires, ateliers de vacances, ateliers parents/enfants, projets de groupes... c’est l’occasion de laisser libre cours à sa créativité et de découvrir l’argile et ses techniques. \nVous créez, décorez et récupérez plus tard vos céramiques. Tout est fourni : matériel, matériaux, cuissons."
    ],
    "nl": [
      "L'entrePot? stelt zijn pottenbakkersatelier het hele jaar open voor jong en oud die lid zijn van de vereniging.\nOntdekking en beoefening van keramische technieken zonder draaischijf. Vormtechnieken: geknepen, plaat, colombin, sculptuur... Decoratieve technieken: engobes, sgraffito, impressies...\nWekelijkse sessies, vakantieworkshops, ouder/kind workshops, groepsprojecten... het is een gelegenheid om uw creativiteit de vrije loop te laten en de klei en zijn technieken te ontdekken.\nU creëert, decoreert en herstelt later uw keramiek. Alles is voorzien: uitrusting, materiaal, stoken."
    ],
    "es": [
      "L'entrePot? abre su taller de alfarería durante todo el año para jóvenes y mayores miembros de la asociación.\nDescubrimiento y práctica de técnicas cerámicas sin torno. Técnicas de conformación: pellizcado, placa, colombina, escultura... Técnicas decorativas: engobes, esgrafiados, impresiones...\nSesiones semanales, talleres de vacaciones, talleres para padres e hijos, proyectos en grupo... es una oportunidad para dar rienda suelta a su creatividad y descubrir la arcilla y sus técnicas.\nUsted crea, decora y posteriormente recupera su cerámica. Se proporciona todo: equipo, materiales, cocción."
    ]
  },
  "rdfs:label": {
    "de": [
      "L'EntrePot'"
    ],
    "en": [
      "L'EntrePot'"
    ],
    "fr": [
      "L'EntrePot'"
    ],
    "nl": [
      "L'EntrePot'"
    ],
    "es": [
      "L'EntrePot'"
    ]
  },
  "availableLanguage": [
    "fr"
  ],
  "creationDate": "2019-11-14",
  "hasBeenCreatedBy": {
    "@id": "https://data.datatourisme.fr/23/d4acc75d-3ec4-3aa1-abe9-e2b9771d7503",
    "dc:identifier": "1e00b8f1-1cc2-4565-905b-8c654b50da6f",
    "schema:legalName": "OT Sauternes Graves Landes Girondines",
    "@type": [
      "schema:Organization",
      "foaf:Agent",
      "Agent"
    ]
  },
  "hasBeenPublishedBy": [
    {
      "@id": "https://data.datatourisme.fr/05dc9cb8-2fa5-383d-b87b-497de06649a2",
      "schema:email": [
        "sirtaqui@na-tourisme.com"
      ],
      "schema:legalName": "SIRTAQUI Nouvelle-Aquitaine",
      "schema:logo": "http://aquitaine.media.tourinsoft.eu/upload/Logo-Sirtaqui-1280x405.jpg",
      "@type": [
        "schema:Organization",
        "foaf:Agent",
        "Agent"
      ],
      "rdfs:comment": {
        "de": [
          "Collecter, mettre en commun et diffuser le plus largement possible une information complète et de qualité au service de nos habitants et de nos visiteurs : voici les objectifs du SIRTAQUI, Système d’Information Régional Touristique de Nouvelle-AQUItaine. Le dispositif est mis en œuvre conjointement par le Comité Régional de Tourisme de Nouvelle-Aquitaine, les services touristiques de la Corrèze, de la Creuse, de la Dordogne, de la Gironde, des Landes, du Lot-et-Garonne, des Pyrénées-Atlantiques, des Deux-Sèvres, de la Vienne et de la Haute-Vienne, en collaboration avec les Offices de Tourisme, et avec le soutien financier de l’Europe et du Conseil Régional."
        ],
        "en": [
          "Collecter, mettre en commun et diffuser le plus largement possible une information complète et de qualité au service de nos habitants et de nos visiteurs : voici les objectifs du SIRTAQUI, Système d’Information Régional Touristique de Nouvelle-AQUItaine. Le dispositif est mis en œuvre conjointement par le Comité Régional de Tourisme de Nouvelle-Aquitaine, les services touristiques de la Corrèze, de la Creuse, de la Dordogne, de la Gironde, des Landes, du Lot-et-Garonne, des Pyrénées-Atlantiques, des Deux-Sèvres, de la Vienne et de la Haute-Vienne, en collaboration avec les Offices de Tourisme, et avec le soutien financier de l’Europe et du Conseil Régional."
        ],
        "it": [
          "L'obiettivo di SIRTAQUI, il Sistema Regionale di Informazione Turistica della Nuova Aquitania, è quello di raccogliere, mettere in comune e diffondere il più possibile informazioni complete e di qualità a beneficio dei nostri residenti e visitatori. Il sistema è realizzato congiuntamente dal Comité Régional de Tourisme de Nouvelle-Aquitaine, dai servizi turistici di Corrèze, Creuse, Dordogne, Gironde, Landes, Lot-et-Garonne, Pyrénées-Atlantiques, Deux-Sèvres, Vienne e Haute-Vienne, in collaborazione con gli Uffici del Turismo e con il sostegno finanziario dell'Europa e del Conseil Régional."
        ],
        "fr": [
          "Collecter, mettre en commun et diffuser le plus largement possible une information complète et de qualité au service de nos habitants et de nos visiteurs : voici les objectifs du SIRTAQUI, Système d’Information Régional Touristique de Nouvelle-AQUItaine. Le dispositif est mis en œuvre conjointement par le Comité Régional de Tourisme de Nouvelle-Aquitaine, les services touristiques de la Corrèze, de la Creuse, de la Dordogne, de la Gironde, des Landes, du Lot-et-Garonne, des Pyrénées-Atlantiques, des Deux-Sèvres, de la Vienne et de la Haute-Vienne, en collaboration avec les Offices de Tourisme, et avec le soutien financier de l’Europe et du Conseil Régional."
        ],
        "nl": [
          "Collecter, mettre en commun et diffuser le plus largement possible une information complète et de qualité au service de nos habitants et de nos visiteurs : voici les objectifs du SIRTAQUI, Système d’Information Régional Touristique de Nouvelle-AQUItaine. Le dispositif est mis en œuvre conjointement par le Comité Régional de Tourisme de Nouvelle-Aquitaine, les services touristiques de la Corrèze, de la Creuse, de la Dordogne, de la Gironde, des Landes, du Lot-et-Garonne, des Pyrénées-Atlantiques, des Deux-Sèvres, de la Vienne et de la Haute-Vienne, en collaboration avec les Offices de Tourisme, et avec le soutien financier de l’Europe et du Conseil Régional."
        ],
        "es": [
          "Collecter, mettre en commun et diffuser le plus largement possible une information complète et de qualité au service de nos habitants et de nos visiteurs : voici les objectifs du SIRTAQUI, Système d’Information Régional Touristique de Nouvelle-AQUItaine. Le dispositif est mis en œuvre conjointement par le Comité Régional de Tourisme de Nouvelle-Aquitaine, les services touristiques de la Corrèze, de la Creuse, de la Dordogne, de la Gironde, des Landes, du Lot-et-Garonne, des Pyrénées-Atlantiques, des Deux-Sèvres, de la Vienne et de la Haute-Vienne, en collaboration avec les Offices de Tourisme, et avec le soutien financier de l’Europe et du Conseil Régional."
        ]
      },
      "foaf:homepage": [
        "http://www.sirtaqui-aquitaine.com/"
      ],
      "hasTranslatedProperty": [
        {
          "@id": "https://data.datatourisme.fr/eef27e75-4a23-313e-a6ee-797e7b64a1cd",
          "dc:contributor": [
            "https://api.deepl.com/v2/translate"
          ],
          "rdf:language": [
            "it"
          ],
          "rdf:predicate": [
            {
              "@id": "rdfs:comment"
            }
          ]
        }
      ]
    }
  ],
  "hasBookingContact": [
    {
      "@id": "https://data.datatourisme.fr/fc30add0-3c7f-37be-aedc-683c579daff3",
      "schema:email": [
        "lentrepot.stmacaire@free.fr"
      ],
      "schema:legalName": "L'EntrePot'",
      "schema:telephone": [
        "+33 6 16 27 43 50"
      ],
      "@type": [
        "schema:Organization",
        "foaf:Agent",
        "Agent"
      ],
      "foaf:homepage": [
        "http://entrepot.blog.free.fr/"
      ]
    }
  ],
  "hasContact": [
    {
      "@id": "https://data.datatourisme.fr/1837ba70-225a-3a28-8f47-9701e1336cb4",
      "schema:email": [
        "lentrepot.stmacaire@free.fr"
      ],
      "schema:legalName": "L'entrePot'",
      "schema:telephone": [
        "+33 6 16 27 43 50"
      ],
      "@type": [
        "schema:Organization",
        "foaf:Agent",
        "Agent"
      ],
      "foaf:homepage": [
        "http://entrepot.blog.free.fr/"
      ]
    },
    {
      "@id": "https://data.datatourisme.fr/fc30add0-3c7f-37be-aedc-683c579daff3",
      "schema:email": [
        "lentrepot.stmacaire@free.fr"
      ],
      "schema:legalName": "L'EntrePot'",
      "schema:telephone": [
        "+33 6 16 27 43 50"
      ],
      "@type": [
        "schema:Organization",
        "foaf:Agent",
        "Agent"
      ],
      "foaf:homepage": [
        "http://entrepot.blog.free.fr/"
      ]
    }
  ],
  "hasDescription": [
    {
      "@id": "https://data.datatourisme.fr/951fb0bb-bb9b-334b-8907-5705a493c19e",
      "dc:description": {
        "de": [
          "L?entrePot? öffnet seine Töpferwerkstatt das ganze Jahr über für kleine und große Mitglieder des Vereins.\nEntdecken und Üben von Keramiktechniken ohne Töpferscheibe. Techniken zur Formgebung: Pincé, Platte, Colombin, Skulptur... Dekortechniken: Engoben, Sgraffito, Abdrücke...\nWöchentliche Sitzungen, Ferienworkshops, Eltern-Kind-Workshops, Gruppenprojekte... Hier haben Sie die Möglichkeit, Ihrer Kreativität freien Lauf zu lassen und den Ton und seine Techniken zu entdecken.\nDu kreierst, dekorierst und sammelst deine Keramiken später wieder ein. Alles wird zur Verfügung gestellt: Material, Materialien, Brennen."
        ],
        "en": [
          "L'entrePot? opens its pottery workshop throughout the year for young and old who are members of the association.\nDiscovery and practice of ceramic techniques without a wheel. Shaping techniques: pinched, plate, colombin, sculpture... Decorative techniques: engobes, sgraffito, prints...\nWeekly sessions, vacation workshops, parent/child workshops, group projects... it's an opportunity to let your creativity run free and discover clay and its techniques.\nYou create, decorate and recover your ceramics later. Everything is provided: equipment, materials, firing."
        ],
        "it": [
          "L'entrePot? apre il suo laboratorio di ceramica durante tutto l'anno per i giovani e i meno giovani che sono membri dell'associazione.\nScoperta e pratica delle tecniche ceramiche senza ruota. Tecniche di sagomatura: pinched, plate, colombin, sculpture... Tecniche decorative: ingobbi, sgraffito, impressioni...\nSessioni settimanali, laboratori per le vacanze, laboratori per genitori e figli, progetti di gruppo... è un'occasione per dare libero sfogo alla propria creatività e per scoprire l'argilla e le sue tecniche.\nSi crea, si decora e poi si recupera la ceramica. Tutto è fornito: attrezzature, materiali, cottura."
        ],
        "fr": [
          "L’entrePot’ ouvre son atelier de poterie tout au long de l’année pour les petits et les grands qui adhèrent à l'association. \nDécouverte et pratique des techniques céramiques sans tour. Techniques de façonnage : pincé, plaque, colombin, sculpture... Techniques de décor : engobes, sgraffite, empreintes...\nSéances hebdomadaires, ateliers de vacances, ateliers parents/enfants, projets de groupes... c’est l’occasion de laisser libre cours à sa créativité et de découvrir l’argile et ses techniques. \nVous créez, décorez et récupérez plus tard vos céramiques. Tout est fourni : matériel, matériaux, cuissons."
        ],
        "nl": [
          "L'entrePot? stelt zijn pottenbakkersatelier het hele jaar open voor jong en oud die lid zijn van de vereniging.\nOntdekking en beoefening van keramische technieken zonder draaischijf. Vormtechnieken: geknepen, plaat, colombin, sculptuur... Decoratieve technieken: engobes, sgraffito, impressies...\nWekelijkse sessies, vakantieworkshops, ouder/kind workshops, groepsprojecten... het is een gelegenheid om uw creativiteit de vrije loop te laten en de klei en zijn technieken te ontdekken.\nU creëert, decoreert en herstelt later uw keramiek. Alles is voorzien: uitrusting, materiaal, stoken."
        ],
        "es": [
          "L'entrePot? abre su taller de alfarería durante todo el año para jóvenes y mayores miembros de la asociación.\nDescubrimiento y práctica de técnicas cerámicas sin torno. Técnicas de conformación: pellizcado, placa, colombina, escultura... Técnicas decorativas: engobes, esgrafiados, impresiones...\nSesiones semanales, talleres de vacaciones, talleres para padres e hijos, proyectos en grupo... es una oportunidad para dar rienda suelta a su creatividad y descubrir la arcilla y sus técnicas.\nUsted crea, decora y posteriormente recupera su cerámica. Se proporciona todo: equipo, materiales, cocción."
        ]
      },
      "@type": [
        "Description"
      ],
      "hasTranslatedProperty": [
        {
          "@id": "https://data.datatourisme.fr/070ac3b6-3533-30e2-86d2-9776d39394a0",
          "dc:contributor": [
            "https://api.deepl.com/v2/translate"
          ],
          "rdf:language": [
            "it"
          ],
          "rdf:predicate": [
            {
              "@id": "dc:description"
            }
          ]
        },
        {
          "@id": "https://data.datatourisme.fr/0b249f65-5b34-3e73-a338-5bf2d74e2f4d",
          "dc:contributor": [
            "https://api.deepl.com/v2/translate"
          ],
          "rdf:language": [
            "nl"
          ],
          "rdf:predicate": [
            "shortDescription"
          ]
        },
        {
          "@id": "https://data.datatourisme.fr/5d0856d8-0cee-36cf-a4bc-c33cc974fb0d",
          "dc:contributor": [
            "https://api.deepl.com/v2/translate"
          ],
          "rdf:language": [
            "nl"
          ],
          "rdf:predicate": [
            {
              "@id": "dc:description"
            }
          ]
        },
        {
          "@id": "https://data.datatourisme.fr/82d4fe5c-1772-3374-bdf4-7777b9087483",
          "dc:contributor": [
            "https://api.deepl.com/v2/translate"
          ],
          "rdf:language": [
            "de"
          ],
          "rdf:predicate": [
            "shortDescription"
          ]
        },
        {
          "@id": "https://data.datatourisme.fr/95193d3f-a930-3d51-998c-a36d7b7fa23a",
          "dc:contributor": [
            "https://api.deepl.com/v2/translate"
          ],
          "rdf:language": [
            "en"
          ],
          "rdf:predicate": [
            "shortDescription"
          ]
        },
        {
          "@id": "https://data.datatourisme.fr/9d1f164a-ddca-3f13-b2d6-0631edce487d",
          "dc:contributor": [
            "https://api.deepl.com/v2/translate"
          ],
          "rdf:language": [
            "de"
          ],
          "rdf:predicate": [
            {
              "@id": "dc:description"
            }
          ]
        },
        {
          "@id": "https://data.datatourisme.fr/c0e8d1f7-0229-35cc-b514-fe0b46d15332",
          "dc:contributor": [
            "https://api.deepl.com/v2/translate"
          ],
          "rdf:language": [
            "es"
          ],
          "rdf:predicate": [
            "shortDescription"
          ]
        },
        {
          "@id": "https://data.datatourisme.fr/e8410f4d-f296-3cfb-8f1d-6c2968699525",
          "dc:contributor": [
            "https://api.deepl.com/v2/translate"
          ],
          "rdf:language": [
            "it"
          ],
          "rdf:predicate": [
            "shortDescription"
          ]
        },
        {
          "@id": "https://data.datatourisme.fr/f1625e86-b208-30a0-b7da-a5e4e4c21f1d",
          "dc:contributor": [
            "https://api.deepl.com/v2/translate"
          ],
          "rdf:language": [
            "en"
          ],
          "rdf:predicate": [
            {
              "@id": "dc:description"
            }
          ]
        },
        {
          "@id": "https://data.datatourisme.fr/f7e47fdc-1ae5-3bf8-8ba5-2f2fae073027",
          "dc:contributor": [
            "https://api.deepl.com/v2/translate"
          ],
          "rdf:language": [
            "es"
          ],
          "rdf:predicate": [
            {
              "@id": "dc:description"
            }
          ]
        }
      ],
      "shortDescription": {
        "de": [
          "L?entrePot? öffnet seine Töpferwerkstatt das ganze Jahr über für kleine und große Mitglieder des Vereins.\nEntdecken und Üben von Keramiktechniken ohne Töpferscheibe. Techniken zur Formgebung: Pincé, Platte, Colombin, Skulptur... Dekortechniken: Engoben, Sgraffito, Abdrücke...\nWöchentliche Sitzungen, Ferienworkshops, Eltern-Kind-Workshops, Gruppenprojekte... Hier haben Sie die Möglichkeit, Ihrer Kreativität freien Lauf zu lassen und den Ton und seine Techniken zu entdecken.\nDu kreierst, dekorierst und sammelst deine Keramiken später wieder ein. Alles wird zur Verfügung gestellt: Material, Materialien, Brennen."
        ],
        "en": [
          "L'entrePot? opens its pottery workshop throughout the year for young and old who are members of the association.\nDiscovery and practice of ceramic techniques without a wheel. Shaping techniques: pinched, plate, colombin, sculpture... Decorative techniques: engobes, sgraffito, prints...\nWeekly sessions, vacation workshops, parent/child workshops, group projects... it's an opportunity to let your creativity run free and discover clay and its techniques.\nYou create, decorate and recover your ceramics later. Everything is provided: equipment, materials, firing."
        ],
        "it": [
          "L'entrePot? apre il suo laboratorio di ceramica durante tutto l'anno per i giovani e i meno giovani che sono membri dell'associazione.\nScoperta e pratica delle tecniche ceramiche senza ruota. Tecniche di sagomatura: pinched, plate, colombin, sculpture... Tecniche decorative: ingobbi, sgraffito, impressioni...\nSessioni settimanali, laboratori per le vacanze, laboratori per genitori e figli, progetti di gruppo... è un'occasione per dare libero sfogo alla propria creatività e per scoprire l'argilla e le sue tecniche.\nSi crea, si decora e poi si recupera la ceramica. Tutto è fornito: attrezzature, materiali, cottura."
        ],
        "fr": [
          "L’entrePot’ ouvre son atelier de poterie tout au long de l’année pour les petits et les grands qui adhèrent à l'association. \nDécouverte et pratique des techniques céramiques sans tour. Techniques de façonnage : pincé, plaque, colombin, sculpture... Techniques de décor : engobes, sgraffite, empreintes...\nSéances hebdomadaires, ateliers de vacances, ateliers parents/enfants, projets de groupes... c’est l’occasion de laisser libre cours à sa créativité et de découvrir l’argile et ses techniques. \nVous créez, décorez et récupérez plus tard vos céramiques. Tout est fourni : matériel, matériaux, cuissons."
        ],
        "nl": [
          "L'entrePot? stelt zijn pottenbakkersatelier het hele jaar open voor jong en oud die lid zijn van de vereniging.\nOntdekking en beoefening van keramische technieken zonder draaischijf. Vormtechnieken: geknepen, plaat, colombin, sculptuur... Decoratieve technieken: engobes, sgraffito, impressies...\nWekelijkse sessies, vakantieworkshops, ouder/kind workshops, groepsprojecten... het is een gelegenheid om uw creativiteit de vrije loop te laten en de klei en zijn technieken te ontdekken.\nU creëert, decoreert en herstelt later uw keramiek. Alles is voorzien: uitrusting, materiaal, stoken."
        ],
        "es": [
          "L'entrePot? abre su taller de alfarería durante todo el año para jóvenes y mayores miembros de la asociación.\nDescubrimiento y práctica de técnicas cerámicas sin torno. Técnicas de conformación: pellizcado, placa, colombina, escultura... Técnicas decorativas: engobes, esgrafiados, impresiones...\nSesiones semanales, talleres de vacaciones, talleres para padres e hijos, proyectos en grupo... es una oportunidad para dar rienda suelta a su creatividad y descubrir la arcilla y sus técnicas.\nUsted crea, decora y posteriormente recupera su cerámica. Se proporciona todo: equipo, materiales, cocción."
        ]
      }
    }
  ],
  "hasFeature": [
    {
      "@id": "https://data.datatourisme.fr/a7caff4b-14c3-3da5-98ca-cdd61b3543b2",
      "@type": [
        "schema:PropertyValue",
        "FeatureSpecification"
      ],
      "petsAllowed": false
    }
  ],
  "hasMainRepresentation": [
    {
      "@id": "https://data.datatourisme.fr/45896cf5-7943-35ce-9537-ba4d843673d3",
      "ebucore:hasAnnotation": [
        {
          "@id": "https://data.datatourisme.fr/721478a3-b2b2-35e6-8507-697df29fe8f2",
          "ebucore:isCoveredBy": "By-NC-ND 4.0",
          "ebucore:title": {
            "fr": [
              "L'entrepot' - SAINT-MACAIRE - Sud-Gironde"
            ]
          },
          "@type": [
            "ebucore:Annotation"
          ],
          "credits": [
            "L'Entrepot'"
          ]
        }
      ],
      "ebucore:hasRelatedResource": [
        {
          "@id": "https://data.datatourisme.fr/501b6e42-41c5-3a99-a809-6dc9718cbc84",
          "ebucore:hasMimeType": [
            {
              "@id": "kb:JPEG",
              "@type": [
                "ebucore:MimeType"
              ],
              "rdfs:comment": {
                "de": [
                  "JPEG-Bild"
                ],
                "pt": [
                  "Imagem JPEG"
                ],
                "en": [
                  "JPEG image file"
                ],
                "it": [
                  "Immagine JPEG"
                ],
                "fr": [
                  "Image JPEG"
                ],
                "nl": [
                  "JPEG-afbeelding"
                ],
                "es": [
                  "Imagen JPEG"
                ]
              },
              "rdfs:label": {
                "de": [
                  "image/jpeg"
                ],
                "pt": [
                  "image/jpeg"
                ],
                "en": [
                  "image/jpeg"
                ],
                "it": [
                  "image/jpeg"
                ],
                "fr": [
                  "image/jpeg"
                ],
                "nl": [
                  "image/jpeg"
                ],
                "es": [
                  "image/jpeg"
                ]
              }
            }
          ],
          "ebucore:locator": [
            "http://aquitaine.media.tourinsoft.eu/Upload/L-entrepot----SAINT-MACAIRE---Sud-Gironde.jpg"
          ],
          "@type": [
            "ebucore:Resource"
          ]
        }
      ],
      "@type": [
        "ebucore:EditorialObject"
      ]
    }
  ],
  "hasNeighborhood": [
    {
      "@id": "kb:CityOutskirts",
      "@type": [
        "SpatialEnvironmentTheme"
      ],
      "rdfs:label": {
        "de": [
          "Peripherie der Stadt"
        ],
        "pt": [
          "Periferia da cidade"
        ],
        "en": [
          "City outskirts"
        ],
        "it": [
          "Periferia della città"
        ],
        "fr": [
          "Périphérie de la ville"
        ],
        "es": [
          "Periferia de la ciudad"
        ],
        "nl": [
          "Buitenwijken"
        ]
      }
    },
    {
      "@id": "kb:InTheCountryside",
      "@type": [
        "SpatialEnvironmentTheme"
      ],
      "rdfs:label": {
        "de": [
          "Auf dem Land"
        ],
        "pt": [
          "No campo"
        ],
        "en": [
          "In the countryside"
        ],
        "it": [
          "In campagna"
        ],
        "fr": [
          "A la campagne"
        ],
        "nl": [
          "Op het platteland"
        ],
        "es": [
          "En el campo"
        ]
      }
    }
  ],
  "hasRepresentation": [
    {
      "@id": "https://data.datatourisme.fr/45896cf5-7943-35ce-9537-ba4d843673d3",
      "ebucore:hasAnnotation": [
        {
          "@id": "https://data.datatourisme.fr/721478a3-b2b2-35e6-8507-697df29fe8f2",
          "ebucore:isCoveredBy": "By-NC-ND 4.0",
          "ebucore:title": {
            "fr": [
              "L'entrepot' - SAINT-MACAIRE - Sud-Gironde"
            ]
          },
          "@type": [
            "ebucore:Annotation"
          ],
          "credits": [
            "L'Entrepot'"
          ]
        }
      ],
      "ebucore:hasRelatedResource": [
        {
          "@id": "https://data.datatourisme.fr/501b6e42-41c5-3a99-a809-6dc9718cbc84",
          "ebucore:hasMimeType": [
            {
              "@id": "kb:JPEG",
              "@type": [
                "ebucore:MimeType"
              ],
              "rdfs:comment": {
                "de": [
                  "JPEG-Bild"
                ],
                "pt": [
                  "Imagem JPEG"
                ],
                "en": [
                  "JPEG image file"
                ],
                "it": [
                  "Immagine JPEG"
                ],
                "fr": [
                  "Image JPEG"
                ],
                "nl": [
                  "JPEG-afbeelding"
                ],
                "es": [
                  "Imagen JPEG"
                ]
              },
              "rdfs:label": {
                "de": [
                  "image/jpeg"
                ],
                "pt": [
                  "image/jpeg"
                ],
                "en": [
                  "image/jpeg"
                ],
                "it": [
                  "image/jpeg"
                ],
                "fr": [
                  "image/jpeg"
                ],
                "nl": [
                  "image/jpeg"
                ],
                "es": [
                  "image/jpeg"
                ]
              }
            }
          ],
          "ebucore:locator": [
            "http://aquitaine.media.tourinsoft.eu/Upload/L-entrepot----SAINT-MACAIRE---Sud-Gironde.jpg"
          ],
          "@type": [
            "ebucore:Resource"
          ]
        }
      ],
      "@type": [
        "ebucore:EditorialObject"
      ]
    }
  ],
  "hasTheme": [
    {
      "@id": "kb:CityOutskirts",
      "@type": [
        "SpatialEnvironmentTheme"
      ],
      "rdfs:label": {
        "de": [
          "Peripherie der Stadt"
        ],
        "pt": [
          "Periferia da cidade"
        ],
        "en": [
          "City outskirts"
        ],
        "it": [
          "Periferia della città"
        ],
        "fr": [
          "Périphérie de la ville"
        ],
        "es": [
          "Periferia de la ciudad"
        ],
        "nl": [
          "Buitenwijken"
        ]
      }
    },
    {
      "@id": "kb:InTheCountryside",
      "@type": [
        "SpatialEnvironmentTheme"
      ],
      "rdfs:label": {
        "de": [
          "Auf dem Land"
        ],
        "pt": [
          "No campo"
        ],
        "en": [
          "In the countryside"
        ],
        "it": [
          "In campagna"
        ],
        "fr": [
          "A la campagne"
        ],
        "nl": [
          "Op het platteland"
        ],
        "es": [
          "En el campo"
        ]
      }
    },
    {
      "@id": "kb:Pottery",
      "@type": [
        "CulturalTheme"
      ],
      "rdfs:label": {
        "de": [
          "Tonwaren"
        ],
        "pt": [
          "Olaria"
        ],
        "en": [
          "Pottery"
        ],
        "it": [
          "Vasellame"
        ],
        "fr": [
          "Poterie"
        ],
        "es": [
          "Cerámica"
        ],
        "nl": [
          "Aardewerk"
        ]
      }
    }
  ],
  "hasTranslatedProperty": [
    {
      "@id": "https://data.datatourisme.fr/6def7053-6caa-3ff9-a132-688a72525a76",
      "dc:contributor": [
        "https://api.deepl.com/v2/translate"
      ],
      "rdf:language": [
        "es"
      ],
      "rdf:predicate": [
        {
          "@id": "rdfs:comment"
        }
      ]
    },
    {
      "@id": "https://data.datatourisme.fr/6eb7b5cd-6ec8-3382-9808-5d17345e855e",
      "dc:contributor": [
        "https://api.deepl.com/v2/translate"
      ],
      "rdf:language": [
        "nl"
      ],
      "rdf:predicate": [
        {
          "@id": "rdfs:comment"
        }
      ]
    },
    {
      "@id": "https://data.datatourisme.fr/7643b516-5ddf-3298-913e-f34ca9c47eef",
      "dc:contributor": [
        "https://api.deepl.com/v2/translate"
      ],
      "rdf:language": [
        "de"
      ],
      "rdf:predicate": [
        {
          "@id": "rdfs:comment"
        }
      ]
    },
    {
      "@id": "https://data.datatourisme.fr/ae898f4f-90c5-345e-a568-bed93d7d146c",
      "dc:contributor": [
        "https://api.deepl.com/v2/translate"
      ],
      "rdf:language": [
        "it"
      ],
      "rdf:predicate": [
        {
          "@id": "rdfs:comment"
        }
      ]
    },
    {
      "@id": "https://data.datatourisme.fr/bfbd8a86-5cb5-37e7-8c06-b36c305efbe4",
      "dc:contributor": [
        "https://api.deepl.com/v2/translate"
      ],
      "rdf:language": [
        "en"
      ],
      "rdf:predicate": [
        {
          "@id": "rdfs:comment"
        }
      ]
    }
  ],
  "isLocatedAt": [
    {
      "@id": "https://data.datatourisme.fr/3073ff45-de96-3cff-ada8-923e13046f44",
      "schema:address": [
        {
          "@id": "https://data.datatourisme.fr/d08101ba-ab58-3b68-98d0-b9b96b4bb261",
          "schema:addressLocality": "Saint-Macaire",
          "schema:postalCode": "33490",
          "schema:streetAddress": [
            "7bis rue Chanzy"
          ],
          "@type": [
            "schema:PostalAddress",
            "PostalAddress"
          ],
          "hasAddressCity": {
            "@id": "kb:33435",
            "@type": [
              "City"
            ],
            "rdfs:label": {
              "de": [
                "Saint-Macaire"
              ],
              "pt": [
                "Saint-Macaire"
              ],
              "en": [
                "Saint-Macaire"
              ],
              "it": [
                "Saint-Macaire"
              ],
              "fr": [
                "Saint-Macaire"
              ],
              "nl": [
                "Saint-Macaire"
              ],
              "es": [
                "Saint-Macaire"
              ]
            },
            "insee": "33435",
            "isPartOfDepartment": {
              "@id": "kb:France7533",
              "@type": [
                "Department"
              ],
              "rdfs:label": {
                "de": [
                  "Gironde"
                ],
                "pt": [
                  "Gironde"
                ],
                "en": [
                  "Gironde"
                ],
                "it": [
                  "Gironde"
                ],
                "fr": [
                  "Gironde"
                ],
                "nl": [
                  "Gironde"
                ],
                "es": [
                  "Gironde"
                ]
              },
              "insee": "33",
              "isPartOfRegion": {
                "@id": "kb:France75",
                "@type": [
                  "Region"
                ],
                "rdfs:label": {
                  "de": [
                    "Nouvelle-Aquitaine"
                  ],
                  "pt": [
                    "Nouvelle-Aquitaine"
                  ],
                  "en": [
                    "Nouvelle-Aquitaine"
                  ],
                  "it": [
                    "Nouvelle-Aquitaine"
                  ],
                  "fr": [
                    "Nouvelle-Aquitaine"
                  ],
                  "nl": [
                    "Nouvelle-Aquitaine"
                  ],
                  "es": [
                    "Nouvelle-Aquitaine"
                  ]
                },
                "insee": "75",
                "isPartOfCountry": {
                  "@id": "kb:France",
                  "@type": [
                    "schema:Country"
                  ],
                  "rdfs:label": {
                    "de": [
                      "France",
                      "Frankreich"
                    ],
                    "pt": [
                      "França",
                      "France"
                    ],
                    "en": [
                      "France"
                    ],
                    "it": [
                      "France",
                      "Francia"
                    ],
                    "fr": [
                      "France"
                    ],
                    "nl": [
                      "France",
                      "Frankrijk"
                    ],
                    "es": [
                      "France",
                      "Francia"
                    ]
                  }
                }
              }
            }
          }
        }
      ],
      "schema:geo": {
        "@id": "https://data.datatourisme.fr/35416ab7-5375-3406-a5a3-64a26210094e",
        "schema:latitude": "44.56666",
        "schema:longitude": "-0.22422",
        "@type": [
          "schema:GeoCoordinates"
        ]
      },
      "schema:openingHoursSpecification": [
        {
          "@id": "https://data.datatourisme.fr/1a285029-c54f-3ca1-972f-a9deedd8ed40",
          "schema:closes": "20:00:00",
          "schema:dayOfWeek": [
            {
              "@id": "schema:Tuesday",
              "@type": [
                "schema:DayOfWeek"
              ],
              "rdfs:label": {
                "de": [
                  "Dienstag"
                ],
                "pt": [
                  "Terça-feira"
                ],
                "en": [
                  "Tuesday"
                ],
                "it": [
                  "Martedì"
                ],
                "fr": [
                  "Mardi"
                ],
                "es": [
                  "Martes"
                ],
                "nl": [
                  "Dinsdag"
                ]
              }
            }
          ],
          "schema:opens": "18:00:00",
          "schema:validFrom": "2023-01-02T18:00:00",
          "schema:validThrough": "2023-06-30T20:00:00",
          "@type": [
            "schema:OpeningHoursSpecification"
          ]
        },
        {
          "@id": "https://data.datatourisme.fr/2160dd99-dbce-3bb4-b5f2-4d2a695c0486",
          "schema:closes": "20:00:00",
          "schema:dayOfWeek": [
            {
              "@id": "schema:Tuesday",
              "@type": [
                "schema:DayOfWeek"
              ],
              "rdfs:label": {
                "de": [
                  "Dienstag"
                ],
                "pt": [
                  "Terça-feira"
                ],
                "en": [
                  "Tuesday"
                ],
                "it": [
                  "Martedì"
                ],
                "fr": [
                  "Mardi"
                ],
                "es": [
                  "Martes"
                ],
                "nl": [
                  "Dinsdag"
                ]
              }
            }
          ],
          "schema:opens": "18:00:00",
          "schema:validFrom": "2023-09-01T18:00:00",
          "schema:validThrough": "2023-12-31T20:00:00",
          "@type": [
            "schema:OpeningHoursSpecification"
          ]
        },
        {
          "@id": "https://data.datatourisme.fr/21c2e957-e8f4-3b69-a298-7bbcb17722c4",
          "schema:dayOfWeek": [
            {
              "@id": "schema:Saturday",
              "@type": [
                "schema:DayOfWeek"
              ],
              "rdfs:label": {
                "de": [
                  "Samstag"
                ],
                "pt": [
                  "Sábado"
                ],
                "en": [
                  "Saturday"
                ],
                "it": [
                  "Sabato"
                ],
                "fr": [
                  "Samedi"
                ],
                "nl": [
                  "Zaterdag"
                ],
                "es": [
                  "Sábado"
                ]
              }
            }
          ],
          "schema:validFrom": "2023-01-02T00:00:00",
          "schema:validThrough": "2023-06-30T23:59:59",
          "@type": [
            "schema:OpeningHoursSpecification"
          ]
        },
        {
          "@id": "https://data.datatourisme.fr/25a6accb-cc2e-3e16-ba3a-8014065e73a5",
          "schema:closes": "16:00:00",
          "schema:dayOfWeek": [
            {
              "@id": "schema:Thursday",
              "@type": [
                "schema:DayOfWeek"
              ],
              "rdfs:label": {
                "de": [
                  "Donnerstag"
                ],
                "pt": [
                  "Quinta-feira"
                ],
                "en": [
                  "Thursday"
                ],
                "it": [
                  "Giovedì"
                ],
                "fr": [
                  "Jeudi"
                ],
                "es": [
                  "Jueves"
                ],
                "nl": [
                  "Donderdag"
                ]
              }
            }
          ],
          "schema:opens": "14:00:00",
          "schema:validFrom": "2023-01-02T14:00:00",
          "schema:validThrough": "2023-06-30T16:00:00",
          "@type": [
            "schema:OpeningHoursSpecification"
          ]
        },
        {
          "@id": "https://data.datatourisme.fr/7a287133-254e-3033-bac7-7338f13aa5f8",
          "schema:closes": "12:00:00",
          "schema:dayOfWeek": [
            {
              "@id": "schema:Friday",
              "@type": [
                "schema:DayOfWeek"
              ],
              "rdfs:label": {
                "de": [
                  "Freitag"
                ],
                "pt": [
                  "Sexta-feira"
                ],
                "en": [
                  "Friday"
                ],
                "it": [
                  "Venerdì"
                ],
                "fr": [
                  "Vendredi"
                ],
                "nl": [
                  "Vrijdag"
                ],
                "es": [
                  "Viernes"
                ]
              }
            }
          ],
          "schema:opens": "10:00:00",
          "schema:validFrom": "2023-01-02T10:00:00",
          "schema:validThrough": "2023-06-30T12:00:00",
          "@type": [
            "schema:OpeningHoursSpecification"
          ]
        },
        {
          "@id": "https://data.datatourisme.fr/88cf51ac-6c41-31a6-bf0a-5d01a2c9b9c0",
          "schema:dayOfWeek": [
            {
              "@id": "schema:Monday",
              "@type": [
                "schema:DayOfWeek"
              ],
              "rdfs:label": {
                "de": [
                  "Montag"
                ],
                "pt": [
                  "Segunda-feira"
                ],
                "en": [
                  "Monday"
                ],
                "it": [
                  "Lunedì"
                ],
                "fr": [
                  "Lundi"
                ],
                "nl": [
                  "Maandag"
                ],
                "es": [
                  "Lunes"
                ]
              }
            }
          ],
          "schema:validFrom": "2023-09-01T00:00:00",
          "schema:validThrough": "2023-12-31T23:59:59",
          "@type": [
            "schema:OpeningHoursSpecification"
          ]
        },
        {
          "@id": "https://data.datatourisme.fr/94fd0e63-79d7-3f6d-b804-6c6e621c6bb5",
          "schema:dayOfWeek": [
            {
              "@id": "schema:Monday",
              "@type": [
                "schema:DayOfWeek"
              ],
              "rdfs:label": {
                "de": [
                  "Montag"
                ],
                "pt": [
                  "Segunda-feira"
                ],
                "en": [
                  "Monday"
                ],
                "it": [
                  "Lunedì"
                ],
                "fr": [
                  "Lundi"
                ],
                "nl": [
                  "Maandag"
                ],
                "es": [
                  "Lunes"
                ]
              }
            }
          ],
          "schema:validFrom": "2023-01-02T00:00:00",
          "schema:validThrough": "2023-06-30T23:59:59",
          "@type": [
            "schema:OpeningHoursSpecification"
          ]
        },
        {
          "@id": "https://data.datatourisme.fr/a5c14285-9ec2-3aee-8d64-f80aa27f1a75",
          "schema:closes": "12:00:00",
          "schema:dayOfWeek": [
            {
              "@id": "schema:Friday",
              "@type": [
                "schema:DayOfWeek"
              ],
              "rdfs:label": {
                "de": [
                  "Freitag"
                ],
                "pt": [
                  "Sexta-feira"
                ],
                "en": [
                  "Friday"
                ],
                "it": [
                  "Venerdì"
                ],
                "fr": [
                  "Vendredi"
                ],
                "nl": [
                  "Vrijdag"
                ],
                "es": [
                  "Viernes"
                ]
              }
            }
          ],
          "schema:opens": "10:00:00",
          "schema:validFrom": "2023-09-01T10:00:00",
          "schema:validThrough": "2023-12-31T12:00:00",
          "@type": [
            "schema:OpeningHoursSpecification"
          ]
        },
        {
          "@id": "https://data.datatourisme.fr/bf789de9-ef67-3d46-99f4-bdeb10e1cabf",
          "schema:dayOfWeek": [
            {
              "@id": "schema:Sunday",
              "@type": [
                "schema:DayOfWeek"
              ],
              "rdfs:label": {
                "de": [
                  "Sonntag"
                ],
                "pt": [
                  "Domingo"
                ],
                "en": [
                  "Sunday"
                ],
                "it": [
                  "Domenica"
                ],
                "fr": [
                  "Dimanche"
                ],
                "nl": [
                  "Zondag"
                ],
                "es": [
                  "Domingo"
                ]
              }
            }
          ],
          "schema:validFrom": "2023-01-02T00:00:00",
          "schema:validThrough": "2023-06-30T23:59:59",
          "@type": [
            "schema:OpeningHoursSpecification"
          ]
        },
        {
          "@id": "https://data.datatourisme.fr/c2e98ba4-f8dd-3bfb-9174-f2c74c21a041",
          "schema:closes": "17:00:00",
          "schema:dayOfWeek": [
            {
              "@id": "schema:Wednesday",
              "@type": [
                "schema:DayOfWeek"
              ],
              "rdfs:label": {
                "de": [
                  "Mittwoch"
                ],
                "pt": [
                  "Quarta-feira"
                ],
                "en": [
                  "Wednesday"
                ],
                "it": [
                  "Mercoledì"
                ],
                "fr": [
                  "Mercredi"
                ],
                "nl": [
                  "Woensdag"
                ],
                "es": [
                  "Miércoles"
                ]
              }
            }
          ],
          "schema:opens": "15:00:00",
          "schema:validFrom": "2023-01-02T15:00:00",
          "schema:validThrough": "2023-06-30T17:00:00",
          "@type": [
            "schema:OpeningHoursSpecification"
          ]
        },
        {
          "@id": "https://data.datatourisme.fr/cf9d400b-c63f-3ac1-808a-508a5647a850",
          "schema:closes": "16:00:00",
          "schema:dayOfWeek": [
            {
              "@id": "schema:Thursday",
              "@type": [
                "schema:DayOfWeek"
              ],
              "rdfs:label": {
                "de": [
                  "Donnerstag"
                ],
                "pt": [
                  "Quinta-feira"
                ],
                "en": [
                  "Thursday"
                ],
                "it": [
                  "Giovedì"
                ],
                "fr": [
                  "Jeudi"
                ],
                "es": [
                  "Jueves"
                ],
                "nl": [
                  "Donderdag"
                ]
              }
            }
          ],
          "schema:opens": "14:00:00",
          "schema:validFrom": "2023-09-01T14:00:00",
          "schema:validThrough": "2023-12-31T16:00:00",
          "@type": [
            "schema:OpeningHoursSpecification"
          ]
        },
        {
          "@id": "https://data.datatourisme.fr/e126fd83-2449-3a06-9468-983af42e4b33",
          "schema:dayOfWeek": [
            {
              "@id": "schema:Saturday",
              "@type": [
                "schema:DayOfWeek"
              ],
              "rdfs:label": {
                "de": [
                  "Samstag"
                ],
                "pt": [
                  "Sábado"
                ],
                "en": [
                  "Saturday"
                ],
                "it": [
                  "Sabato"
                ],
                "fr": [
                  "Samedi"
                ],
                "nl": [
                  "Zaterdag"
                ],
                "es": [
                  "Sábado"
                ]
              }
            }
          ],
          "schema:validFrom": "2023-09-01T00:00:00",
          "schema:validThrough": "2023-12-31T23:59:59",
          "@type": [
            "schema:OpeningHoursSpecification"
          ]
        },
        {
          "@id": "https://data.datatourisme.fr/f1de914c-4ad9-35ee-acb4-d55d9f2fa2bf",
          "schema:dayOfWeek": [
            {
              "@id": "schema:Sunday",
              "@type": [
                "schema:DayOfWeek"
              ],
              "rdfs:label": {
                "de": [
                  "Sonntag"
                ],
                "pt": [
                  "Domingo"
                ],
                "en": [
                  "Sunday"
                ],
                "it": [
                  "Domenica"
                ],
                "fr": [
                  "Dimanche"
                ],
                "nl": [
                  "Zondag"
                ],
                "es": [
                  "Domingo"
                ]
              }
            }
          ],
          "schema:validFrom": "2023-09-01T00:00:00",
          "schema:validThrough": "2023-12-31T23:59:59",
          "@type": [
            "schema:OpeningHoursSpecification"
          ]
        },
        {
          "@id": "https://data.datatourisme.fr/fa05bd46-5f24-383d-9aaf-9ab3c945ce9d",
          "schema:closes": "17:00:00",
          "schema:dayOfWeek": [
            {
              "@id": "schema:Wednesday",
              "@type": [
                "schema:DayOfWeek"
              ],
              "rdfs:label": {
                "de": [
                  "Mittwoch"
                ],
                "pt": [
                  "Quarta-feira"
                ],
                "en": [
                  "Wednesday"
                ],
                "it": [
                  "Mercoledì"
                ],
                "fr": [
                  "Mercredi"
                ],
                "nl": [
                  "Woensdag"
                ],
                "es": [
                  "Miércoles"
                ]
              }
            }
          ],
          "schema:opens": "15:00:00",
          "schema:validFrom": "2023-09-01T15:00:00",
          "schema:validThrough": "2023-12-31T17:00:00",
          "@type": [
            "schema:OpeningHoursSpecification"
          ]
        }
      ],
      "@type": [
        "schema:Place",
        "Place"
      ],
      "petsAllowed": false
    }
  ],
  "isOwnedBy": [
    {
      "@id": "https://data.datatourisme.fr/fc30add0-3c7f-37be-aedc-683c579daff3",
      "schema:email": [
        "lentrepot.stmacaire@free.fr"
      ],
      "schema:legalName": "L'EntrePot'",
      "schema:telephone": [
        "+33 6 16 27 43 50"
      ],
      "@type": [
        "schema:Organization",
        "foaf:Agent",
        "Agent"
      ],
      "foaf:homepage": [
        "http://entrepot.blog.free.fr/"
      ]
    }
  ],
  "lastUpdate": "2023-01-09",
  "lastUpdateDatatourisme": "2023-09-28T00:28:27.905Z",
  "offers": [
    {
      "@id": "https://data.datatourisme.fr/812d6dff-1da6-397a-9fbb-d2e834d336cf",
      "schema:acceptedPaymentMethod": [
        {
          "@id": "kb:Cash",
          "@type": [
            "schema:PaymentMethod"
          ],
          "rdfs:label": {
            "de": [
              "Art"
            ],
            "pt": [
              "Espécie"
            ],
            "en": [
              "Cash"
            ],
            "it": [
              "Contanti"
            ],
            "fr": [
              "Espèce"
            ],
            "es": [
              "Especie"
            ],
            "nl": [
              "Contant"
            ]
          }
        },
        {
          "@id": "kb:Check",
          "@type": [
            "schema:PaymentMethod"
          ],
          "rdfs:label": {
            "de": [
              "Scheck"
            ],
            "pt": [
              "Cheque"
            ],
            "en": [
              "Check"
            ],
            "it": [
              "Assegno"
            ],
            "fr": [
              "Chèque"
            ],
            "nl": [
              "Cheque"
            ],
            "es": [
              "Cheque"
            ]
          }
        },
        {
          "@id": "kb:Transfers",
          "@type": [
            "schema:PaymentMethod"
          ],
          "rdfs:label": {
            "de": [
              "Überweisungen"
            ],
            "pt": [
              "Transferências"
            ],
            "en": [
              "Transfers"
            ],
            "it": [
              "Bonifici"
            ],
            "fr": [
              "Virements"
            ],
            "es": [
              "Transferencias"
            ],
            "nl": [
              "Overschrijvingen"
            ]
          }
        }
      ],
      "schema:priceSpecification": [
        {
          "@id": "https://data.datatourisme.fr/6a57fbab-b2fb-3a8e-b80b-a25178309cd8",
          "schema:minPrice": [
            "15"
          ],
          "schema:priceCurrency": "EUR",
          "@type": [
            "schema:PriceSpecification",
            "PriceSpecification"
          ],
          "additionalInformation": {
            "de": [
              "Mitgliedschaft in den wöchentlichen Workshops"
            ],
            "en": [
              "Membership to the weekly workshops"
            ],
            "it": [
              "Iscrizione ai workshop settimanali"
            ],
            "fr": [
              "Adhésion aux ateliers hebdommadaires"
            ],
            "es": [
              "Participación en los talleres semanales"
            ],
            "nl": [
              "Lidmaatschap voor de wekelijkse workshops"
            ]
          },
          "hasEligiblePolicy": [
            {
              "@id": "kb:BaseRateFullRate",
              "@type": [
                "PricingPolicy"
              ],
              "rdfs:label": {
                "de": [
                  "Basistarif – voller Tarif"
                ],
                "pt": [
                  "Preço de base — preço total"
                ],
                "en": [
                  "Base rate - full rate"
                ],
                "it": [
                  "Tariffa di base — tariffa intera"
                ],
                "fr": [
                  "Tarif de base - plein tarif"
                ],
                "es": [
                  "Tarifa básica - tarifa completa"
                ],
                "nl": [
                  "Basistarief - vol tarief"
                ]
              }
            }
          ],
          "hasPricingMode": [
            {
              "@id": "kb:PerPerson",
              "@type": [
                "PricingMode"
              ],
              "rdfs:label": {
                "de": [
                  "Pro Person"
                ],
                "pt": [
                  "Por pessoa"
                ],
                "en": [
                  "Per person"
                ],
                "it": [
                  "Per persona"
                ],
                "fr": [
                  "Par personne"
                ],
                "es": [
                  "Por persona"
                ],
                "nl": [
                  "Per persoon"
                ]
              }
            },
            {
              "@id": "kb:PerUnit",
              "@type": [
                "PricingMode"
              ],
              "rdfs:label": {
                "de": [
                  "Pro Einheit"
                ],
                "pt": [
                  "Por unidade"
                ],
                "en": [
                  "Per unit"
                ],
                "it": [
                  "Per unità"
                ],
                "fr": [
                  "A l'unité"
                ],
                "es": [
                  "Por unidad"
                ],
                "nl": [
                  "Per eenheid"
                ]
              }
            }
          ],
          "hasPricingOffer": [
            {
              "@id": "kb:Ticket",
              "@type": [
                "ActivityPricingOffer"
              ],
              "rdfs:label": {
                "de": [
                  "Eintrittskarte, Eintrittsgeld, Pauschale"
                ],
                "pt": [
                  "Bilhete, Direito de entrada, Preço fixo"
                ],
                "en": [
                  "Ticket, Entry fee, Pass"
                ],
                "it": [
                  "Biglietto, diritto d'ingresso, forfait"
                ],
                "fr": [
                  "Ticket, Droit d'entrée, Forfait"
                ],
                "nl": [
                  "Ticket, toegangsbewijs, pas"
                ],
                "es": [
                  "Billete, entrada, forfait"
                ]
              }
            }
          ],
          "hasTranslatedProperty": [
            {
              "@id": "https://data.datatourisme.fr/14a737c7-34b6-37df-96a6-e04d89b04843",
              "dc:contributor": [
                "https://api.deepl.com/v2/translate"
              ],
              "rdf:language": [
                "es"
              ],
              "rdf:predicate": [
                "additionalInformation"
              ]
            },
            {
              "@id": "https://data.datatourisme.fr/21dc3256-582a-3035-ab9a-11a755db0da9",
              "dc:contributor": [
                "https://api.deepl.com/v2/translate"
              ],
              "rdf:language": [
                "nl"
              ],
              "rdf:predicate": [
                "additionalInformation"
              ]
            },
            {
              "@id": "https://data.datatourisme.fr/5e4c4151-99a7-33bf-9f7f-5fd18b4da65b",
              "dc:contributor": [
                "https://api.deepl.com/v2/translate"
              ],
              "rdf:language": [
                "de"
              ],
              "rdf:predicate": [
                "additionalInformation"
              ]
            },
            {
              "@id": "https://data.datatourisme.fr/77381f62-1709-3eca-b701-dac5bf1a02e5",
              "dc:contributor": [
                "https://api.deepl.com/v2/translate"
              ],
              "rdf:language": [
                "it"
              ],
              "rdf:predicate": [
                "additionalInformation"
              ]
            },
            {
              "@id": "https://data.datatourisme.fr/d2305934-73c5-3bbe-bbb4-13330b2f4125",
              "dc:contributor": [
                "https://api.deepl.com/v2/translate"
              ],
              "rdf:language": [
                "en"
              ],
              "rdf:predicate": [
                "additionalInformation"
              ]
            }
          ]
        },
        {
          "@id": "https://data.datatourisme.fr/8ecd13d2-c849-329f-94a8-8758bbb46190",
          "schema:minPrice": [
            "20"
          ],
          "schema:priceCurrency": "EUR",
          "@type": [
            "schema:PriceSpecification",
            "PriceSpecification"
          ],
          "additionalInformation": {
            "de": [
              "Die 2-stündige Sitzung"
            ],
            "en": [
              "The 2-hour session"
            ],
            "it": [
              "Sessione di 2 ore"
            ],
            "fr": [
              "La séance de 2 heures"
            ],
            "es": [
              "La sesión de 2 horas"
            ],
            "nl": [
              "De 2 uur durende sessie"
            ]
          },
          "hasEligiblePolicy": [
            {
              "@id": "kb:BaseRateFullRate",
              "@type": [
                "PricingPolicy"
              ],
              "rdfs:label": {
                "de": [
                  "Basistarif – voller Tarif"
                ],
                "pt": [
                  "Preço de base — preço total"
                ],
                "en": [
                  "Base rate - full rate"
                ],
                "it": [
                  "Tariffa di base — tariffa intera"
                ],
                "fr": [
                  "Tarif de base - plein tarif"
                ],
                "es": [
                  "Tarifa básica - tarifa completa"
                ],
                "nl": [
                  "Basistarief - vol tarief"
                ]
              }
            }
          ],
          "hasPricingMode": [
            {
              "@id": "kb:PerPerson",
              "@type": [
                "PricingMode"
              ],
              "rdfs:label": {
                "de": [
                  "Pro Person"
                ],
                "pt": [
                  "Por pessoa"
                ],
                "en": [
                  "Per person"
                ],
                "it": [
                  "Per persona"
                ],
                "fr": [
                  "Par personne"
                ],
                "es": [
                  "Por persona"
                ],
                "nl": [
                  "Per persoon"
                ]
              }
            },
            {
              "@id": "kb:PerUnit",
              "@type": [
                "PricingMode"
              ],
              "rdfs:label": {
                "de": [
                  "Pro Einheit"
                ],
                "pt": [
                  "Por unidade"
                ],
                "en": [
                  "Per unit"
                ],
                "it": [
                  "Per unità"
                ],
                "fr": [
                  "A l'unité"
                ],
                "es": [
                  "Por unidad"
                ],
                "nl": [
                  "Per eenheid"
                ]
              }
            }
          ],
          "hasPricingOffer": [
            {
              "@id": "kb:Ticket",
              "@type": [
                "ActivityPricingOffer"
              ],
              "rdfs:label": {
                "de": [
                  "Eintrittskarte, Eintrittsgeld, Pauschale"
                ],
                "pt": [
                  "Bilhete, Direito de entrada, Preço fixo"
                ],
                "en": [
                  "Ticket, Entry fee, Pass"
                ],
                "it": [
                  "Biglietto, diritto d'ingresso, forfait"
                ],
                "fr": [
                  "Ticket, Droit d'entrée, Forfait"
                ],
                "nl": [
                  "Ticket, toegangsbewijs, pas"
                ],
                "es": [
                  "Billete, entrada, forfait"
                ]
              }
            }
          ],
          "hasTranslatedProperty": [
            {
              "@id": "https://data.datatourisme.fr/255e5476-de15-35a8-b4ea-d1d8b80f791c",
              "dc:contributor": [
                "https://api.deepl.com/v2/translate"
              ],
              "rdf:language": [
                "de"
              ],
              "rdf:predicate": [
                "additionalInformation"
              ]
            },
            {
              "@id": "https://data.datatourisme.fr/347ab819-2652-3084-84ba-403ecef7adfb",
              "dc:contributor": [
                "https://api.deepl.com/v2/translate"
              ],
              "rdf:language": [
                "it"
              ],
              "rdf:predicate": [
                "additionalInformation"
              ]
            },
            {
              "@id": "https://data.datatourisme.fr/8b16b7be-7652-3890-acea-0b385d9089ad",
              "dc:contributor": [
                "https://api.deepl.com/v2/translate"
              ],
              "rdf:language": [
                "es"
              ],
              "rdf:predicate": [
                "additionalInformation"
              ]
            },
            {
              "@id": "https://data.datatourisme.fr/945c84f9-e451-3e52-be25-fc7cdde3029c",
              "dc:contributor": [
                "https://api.deepl.com/v2/translate"
              ],
              "rdf:language": [
                "nl"
              ],
              "rdf:predicate": [
                "additionalInformation"
              ]
            },
            {
              "@id": "https://data.datatourisme.fr/f214dc35-d47a-39b2-8a0f-07458fe8e126",
              "dc:contributor": [
                "https://api.deepl.com/v2/translate"
              ],
              "rdf:language": [
                "en"
              ],
              "rdf:predicate": [
                "additionalInformation"
              ]
            }
          ]
        },
        {
          "@id": "https://data.datatourisme.fr/f28bb582-1d4b-341a-a553-df7fbe9414ad",
          "schema:minPrice": [
            "5"
          ],
          "schema:priceCurrency": "EUR",
          "@type": [
            "schema:PriceSpecification",
            "PriceSpecification"
          ],
          "additionalInformation": {
            "de": [
              "Mitgliedschaft in den Ferienworkshops"
            ],
            "en": [
              "Vacation Workshop Membership"
            ],
            "it": [
              "Iscrizione al workshop per le vacanze"
            ],
            "fr": [
              "Adhésion aux ateliers  de vacances"
            ],
            "nl": [
              "Vakantie workshop lidmaatschap"
            ],
            "es": [
              "Adhesión al taller de vacaciones"
            ]
          },
          "hasEligiblePolicy": [
            {
              "@id": "kb:BaseRateFullRate",
              "@type": [
                "PricingPolicy"
              ],
              "rdfs:label": {
                "de": [
                  "Basistarif – voller Tarif"
                ],
                "pt": [
                  "Preço de base — preço total"
                ],
                "en": [
                  "Base rate - full rate"
                ],
                "it": [
                  "Tariffa di base — tariffa intera"
                ],
                "fr": [
                  "Tarif de base - plein tarif"
                ],
                "es": [
                  "Tarifa básica - tarifa completa"
                ],
                "nl": [
                  "Basistarief - vol tarief"
                ]
              }
            }
          ],
          "hasPricingMode": [
            {
              "@id": "kb:PerPerson",
              "@type": [
                "PricingMode"
              ],
              "rdfs:label": {
                "de": [
                  "Pro Person"
                ],
                "pt": [
                  "Por pessoa"
                ],
                "en": [
                  "Per person"
                ],
                "it": [
                  "Per persona"
                ],
                "fr": [
                  "Par personne"
                ],
                "es": [
                  "Por persona"
                ],
                "nl": [
                  "Per persoon"
                ]
              }
            },
            {
              "@id": "kb:PerUnit",
              "@type": [
                "PricingMode"
              ],
              "rdfs:label": {
                "de": [
                  "Pro Einheit"
                ],
                "pt": [
                  "Por unidade"
                ],
                "en": [
                  "Per unit"
                ],
                "it": [
                  "Per unità"
                ],
                "fr": [
                  "A l'unité"
                ],
                "es": [
                  "Por unidad"
                ],
                "nl": [
                  "Per eenheid"
                ]
              }
            }
          ],
          "hasPricingOffer": [
            {
              "@id": "kb:Ticket",
              "@type": [
                "ActivityPricingOffer"
              ],
              "rdfs:label": {
                "de": [
                  "Eintrittskarte, Eintrittsgeld, Pauschale"
                ],
                "pt": [
                  "Bilhete, Direito de entrada, Preço fixo"
                ],
                "en": [
                  "Ticket, Entry fee, Pass"
                ],
                "it": [
                  "Biglietto, diritto d'ingresso, forfait"
                ],
                "fr": [
                  "Ticket, Droit d'entrée, Forfait"
                ],
                "nl": [
                  "Ticket, toegangsbewijs, pas"
                ],
                "es": [
                  "Billete, entrada, forfait"
                ]
              }
            }
          ],
          "hasTranslatedProperty": [
            {
              "@id": "https://data.datatourisme.fr/316d4c8d-6624-3250-88d7-a37e9edf48b5",
              "dc:contributor": [
                "https://api.deepl.com/v2/translate"
              ],
              "rdf:language": [
                "de"
              ],
              "rdf:predicate": [
                "additionalInformation"
              ]
            },
            {
              "@id": "https://data.datatourisme.fr/55277fbc-3bab-396f-89d7-73be9586506b",
              "dc:contributor": [
                "https://api.deepl.com/v2/translate"
              ],
              "rdf:language": [
                "en"
              ],
              "rdf:predicate": [
                "additionalInformation"
              ]
            },
            {
              "@id": "https://data.datatourisme.fr/76bca52d-6fda-304a-953a-f9436c3f0aaa",
              "dc:contributor": [
                "https://api.deepl.com/v2/translate"
              ],
              "rdf:language": [
                "nl"
              ],
              "rdf:predicate": [
                "additionalInformation"
              ]
            },
            {
              "@id": "https://data.datatourisme.fr/ae8c4635-0a04-3f15-ad37-3a56fd5c2373",
              "dc:contributor": [
                "https://api.deepl.com/v2/translate"
              ],
              "rdf:language": [
                "es"
              ],
              "rdf:predicate": [
                "additionalInformation"
              ]
            },
            {
              "@id": "https://data.datatourisme.fr/cf502ea9-5222-3c44-879d-0b4f3dedb7df",
              "dc:contributor": [
                "https://api.deepl.com/v2/translate"
              ],
              "rdf:language": [
                "it"
              ],
              "rdf:predicate": [
                "additionalInformation"
              ]
            }
          ]
        }
      ],
      "@type": [
        "schema:Offer",
        "Offer"
      ]
    }
  ],
  "reducedMobilityAccess": true
}