{
  "@id": "https://data.datatourisme.fr/23/00a87a88-21ce-3ab0-9f2b-2ca8f0fe47ea",
  "dc:identifier": "LOIAQU023V5002M1",
  "@type": [
    "ConvenientService",
    "PicnicArea",
    "PlaceOfInterest",
    "PointOfInterest"
  ],
  "rdfs:comment": {
    "de": [
      "Haben Sie Lust auf eine kleine Pause am Wasser? Dann nutzen Sie diesen schattigen oder nicht schattigen Bereich am Ufer des Flusses Voueize mit einem atemberaubenden Blick auf die romanische Brücke aus dem 14."
    ],
    "en": [
      "Would you like to take a break by the water? Then take advantage of this shaded or unshaded area on the banks of the Voueize, with a breathtaking view of the 14th-century Romanesque bridge."
    ],
    "it": [
      "Avete voglia di una pausa in riva al mare? Approfittate di questa zona ombreggiata o meno sulle rive della Voueize, con una vista mozzafiato sul ponte romanico del XIV secolo."
    ],
    "fr": [
      "Une petite pause au bord de l'eau, ça vous tente ? Alors profitez de cette aire ombragée ou non au bord de la Voueize avec une vue imprenable sur le pont roman du XIVème siècle."
    ],
    "es": [
      "¿Le apetece un descanso junto al agua? Entonces aproveche esta zona a la sombra o sin sombra a orillas del Voueize, con una vista impresionante del puente románico del siglo XIV."
    ],
    "nl": [
      "Zin in een pauze aan het water? Profiteer dan van deze al dan niet schaduwrijke plek aan de oevers van de Voueize, met een adembenemend uitzicht op de 14e-eeuwse Romaanse brug."
    ]
  },
  "rdfs:label": {
    "de": [
      "Pique-nique en bord de Voueize"
    ],
    "en": [
      "Pique-nique en bord de Voueize"
    ],
    "fr": [
      "Pique-nique en bord de Voueize"
    ],
    "nl": [
      "Pique-nique en bord de Voueize"
    ],
    "es": [
      "Pique-nique en bord de Voueize"
    ]
  },
  "creationDate": "2022-10-10",
  "hasBeenCreatedBy": {
    "@id": "https://data.datatourisme.fr/23/1bd9e3a9-901d-3990-a138-6d342b870016",
    "dc:identifier": "5bca789e-c2dd-4356-b51e-7c8fa776abce",
    "schema:legalName": "Creuse Tourisme",
    "@type": [
      "schema:Organization",
      "foaf:Agent",
      "Agent"
    ]
  },
  "hasBeenPublishedBy": [
    {
      "@id": "https://data.datatourisme.fr/05dc9cb8-2fa5-383d-b87b-497de06649a2",
      "schema:email": [
        "sirtaqui@na-tourisme.com"
      ],
      "schema:legalName": "SIRTAQUI Nouvelle-Aquitaine",
      "schema:logo": "http://aquitaine.media.tourinsoft.eu/upload/Logo-Sirtaqui-1280x405.jpg",
      "@type": [
        "schema:Organization",
        "foaf:Agent",
        "Agent"
      ],
      "rdfs:comment": {
        "de": [
          "Collecter, mettre en commun et diffuser le plus largement possible une information complète et de qualité au service de nos habitants et de nos visiteurs : voici les objectifs du SIRTAQUI, Système d’Information Régional Touristique de Nouvelle-AQUItaine. Le dispositif est mis en œuvre conjointement par le Comité Régional de Tourisme de Nouvelle-Aquitaine, les services touristiques de la Corrèze, de la Creuse, de la Dordogne, de la Gironde, des Landes, du Lot-et-Garonne, des Pyrénées-Atlantiques, des Deux-Sèvres, de la Vienne et de la Haute-Vienne, en collaboration avec les Offices de Tourisme, et avec le soutien financier de l’Europe et du Conseil Régional."
        ],
        "en": [
          "Collecter, mettre en commun et diffuser le plus largement possible une information complète et de qualité au service de nos habitants et de nos visiteurs : voici les objectifs du SIRTAQUI, Système d’Information Régional Touristique de Nouvelle-AQUItaine. Le dispositif est mis en œuvre conjointement par le Comité Régional de Tourisme de Nouvelle-Aquitaine, les services touristiques de la Corrèze, de la Creuse, de la Dordogne, de la Gironde, des Landes, du Lot-et-Garonne, des Pyrénées-Atlantiques, des Deux-Sèvres, de la Vienne et de la Haute-Vienne, en collaboration avec les Offices de Tourisme, et avec le soutien financier de l’Europe et du Conseil Régional."
        ],
        "it": [
          "L'obiettivo di SIRTAQUI, il Sistema Regionale di Informazione Turistica della Nuova Aquitania, è quello di raccogliere, mettere in comune e diffondere il più possibile informazioni complete e di qualità a beneficio dei nostri residenti e visitatori. Il sistema è realizzato congiuntamente dal Comité Régional de Tourisme de Nouvelle-Aquitaine, dai servizi turistici di Corrèze, Creuse, Dordogne, Gironde, Landes, Lot-et-Garonne, Pyrénées-Atlantiques, Deux-Sèvres, Vienne e Haute-Vienne, in collaborazione con gli Uffici del Turismo e con il sostegno finanziario dell'Europa e del Conseil Régional."
        ],
        "fr": [
          "Collecter, mettre en commun et diffuser le plus largement possible une information complète et de qualité au service de nos habitants et de nos visiteurs : voici les objectifs du SIRTAQUI, Système d’Information Régional Touristique de Nouvelle-AQUItaine. Le dispositif est mis en œuvre conjointement par le Comité Régional de Tourisme de Nouvelle-Aquitaine, les services touristiques de la Corrèze, de la Creuse, de la Dordogne, de la Gironde, des Landes, du Lot-et-Garonne, des Pyrénées-Atlantiques, des Deux-Sèvres, de la Vienne et de la Haute-Vienne, en collaboration avec les Offices de Tourisme, et avec le soutien financier de l’Europe et du Conseil Régional."
        ],
        "nl": [
          "Collecter, mettre en commun et diffuser le plus largement possible une information complète et de qualité au service de nos habitants et de nos visiteurs : voici les objectifs du SIRTAQUI, Système d’Information Régional Touristique de Nouvelle-AQUItaine. Le dispositif est mis en œuvre conjointement par le Comité Régional de Tourisme de Nouvelle-Aquitaine, les services touristiques de la Corrèze, de la Creuse, de la Dordogne, de la Gironde, des Landes, du Lot-et-Garonne, des Pyrénées-Atlantiques, des Deux-Sèvres, de la Vienne et de la Haute-Vienne, en collaboration avec les Offices de Tourisme, et avec le soutien financier de l’Europe et du Conseil Régional."
        ],
        "es": [
          "Collecter, mettre en commun et diffuser le plus largement possible une information complète et de qualité au service de nos habitants et de nos visiteurs : voici les objectifs du SIRTAQUI, Système d’Information Régional Touristique de Nouvelle-AQUItaine. Le dispositif est mis en œuvre conjointement par le Comité Régional de Tourisme de Nouvelle-Aquitaine, les services touristiques de la Corrèze, de la Creuse, de la Dordogne, de la Gironde, des Landes, du Lot-et-Garonne, des Pyrénées-Atlantiques, des Deux-Sèvres, de la Vienne et de la Haute-Vienne, en collaboration avec les Offices de Tourisme, et avec le soutien financier de l’Europe et du Conseil Régional."
        ]
      },
      "foaf:homepage": [
        "http://www.sirtaqui-aquitaine.com/"
      ],
      "hasTranslatedProperty": [
        {
          "@id": "https://data.datatourisme.fr/eef27e75-4a23-313e-a6ee-797e7b64a1cd",
          "dc:contributor": [
            "https://api.deepl.com/v2/translate"
          ],
          "rdf:language": [
            "it"
          ],
          "rdf:predicate": [
            {
              "@id": "rdfs:comment"
            }
          ]
        }
      ]
    }
  ],
  "hasDescription": [
    {
      "@id": "https://data.datatourisme.fr/c29fda0c-34d7-339c-8444-93135a029e37",
      "dc:description": {
        "de": [
          "Haben Sie Lust auf eine kleine Pause am Wasser? Dann nutzen Sie diesen schattigen oder nicht schattigen Bereich am Ufer des Flusses Voueize mit einem atemberaubenden Blick auf die romanische Brücke aus dem 14."
        ],
        "en": [
          "Would you like to take a break by the water? Then take advantage of this shaded or unshaded area on the banks of the Voueize, with a breathtaking view of the 14th-century Romanesque bridge."
        ],
        "it": [
          "Avete voglia di una pausa in riva al mare? Approfittate di questa zona ombreggiata o meno sulle rive della Voueize, con una vista mozzafiato sul ponte romanico del XIV secolo."
        ],
        "fr": [
          "Une petite pause au bord de l'eau, ça vous tente ? Alors profitez de cette aire ombragée ou non au bord de la Voueize avec une vue imprenable sur le pont roman du XIVème siècle."
        ],
        "es": [
          "¿Le apetece un descanso junto al agua? Entonces aproveche esta zona a la sombra o sin sombra a orillas del Voueize, con una vista impresionante del puente románico del siglo XIV."
        ],
        "nl": [
          "Zin in een pauze aan het water? Profiteer dan van deze al dan niet schaduwrijke plek aan de oevers van de Voueize, met een adembenemend uitzicht op de 14e-eeuwse Romaanse brug."
        ]
      },
      "@type": [
        "Description"
      ],
      "hasTranslatedProperty": [
        {
          "@id": "https://data.datatourisme.fr/240a8673-8c18-3eab-a66d-c81de6fee2b7",
          "dc:contributor": [
            "https://api.deepl.com/v2/translate"
          ],
          "rdf:language": [
            "it"
          ],
          "rdf:predicate": [
            "shortDescription"
          ]
        },
        {
          "@id": "https://data.datatourisme.fr/2d7214a3-5459-3e42-972e-2135c02f7827",
          "dc:contributor": [
            "https://api.deepl.com/v2/translate"
          ],
          "rdf:language": [
            "en"
          ],
          "rdf:predicate": [
            {
              "@id": "dc:description"
            }
          ]
        },
        {
          "@id": "https://data.datatourisme.fr/46a43f1d-c392-3a7f-b48a-58f00b84f678",
          "dc:contributor": [
            "https://api.deepl.com/v2/translate"
          ],
          "rdf:language": [
            "es"
          ],
          "rdf:predicate": [
            {
              "@id": "dc:description"
            }
          ]
        },
        {
          "@id": "https://data.datatourisme.fr/4b25ebf5-ecb5-34aa-8511-f58e3a906662",
          "dc:contributor": [
            "https://api.deepl.com/v2/translate"
          ],
          "rdf:language": [
            "de"
          ],
          "rdf:predicate": [
            {
              "@id": "dc:description"
            }
          ]
        },
        {
          "@id": "https://data.datatourisme.fr/81872316-fbbc-337f-8e41-095b0df4cf40",
          "dc:contributor": [
            "https://api.deepl.com/v2/translate"
          ],
          "rdf:language": [
            "nl"
          ],
          "rdf:predicate": [
            "shortDescription"
          ]
        },
        {
          "@id": "https://data.datatourisme.fr/8ed10450-1a00-35c5-84ab-c8d4a7996ffe",
          "dc:contributor": [
            "https://api.deepl.com/v2/translate"
          ],
          "rdf:language": [
            "es"
          ],
          "rdf:predicate": [
            "shortDescription"
          ]
        },
        {
          "@id": "https://data.datatourisme.fr/a0eec8c5-bd6c-37ca-9f80-309ddac6caf8",
          "dc:contributor": [
            "https://api.deepl.com/v2/translate"
          ],
          "rdf:language": [
            "de"
          ],
          "rdf:predicate": [
            "shortDescription"
          ]
        },
        {
          "@id": "https://data.datatourisme.fr/ab4c280e-f8c6-37a7-ab67-780b426def7a",
          "dc:contributor": [
            "https://api.deepl.com/v2/translate"
          ],
          "rdf:language": [
            "nl"
          ],
          "rdf:predicate": [
            {
              "@id": "dc:description"
            }
          ]
        },
        {
          "@id": "https://data.datatourisme.fr/d021c262-0c8b-3e54-9503-bdab76278d76",
          "dc:contributor": [
            "https://api.deepl.com/v2/translate"
          ],
          "rdf:language": [
            "it"
          ],
          "rdf:predicate": [
            {
              "@id": "dc:description"
            }
          ]
        },
        {
          "@id": "https://data.datatourisme.fr/d522e5d0-02d3-3fd0-a38c-7b11e75d612d",
          "dc:contributor": [
            "https://api.deepl.com/v2/translate"
          ],
          "rdf:language": [
            "en"
          ],
          "rdf:predicate": [
            "shortDescription"
          ]
        }
      ],
      "shortDescription": {
        "de": [
          "Haben Sie Lust auf eine kleine Pause am Wasser? Dann nutzen Sie diesen schattigen oder nicht schattigen Bereich am Ufer des Flusses Voueize mit einem atemberaubenden Blick auf die romanische Brücke aus dem 14."
        ],
        "en": [
          "Would you like to take a break by the water? Then take advantage of this shaded or unshaded area on the banks of the Voueize, with a breathtaking view of the 14th-century Romanesque bridge."
        ],
        "it": [
          "Avete voglia di una pausa in riva al mare? Approfittate di questa zona ombreggiata o meno sulle rive della Voueize, con una vista mozzafiato sul ponte romanico del XIV secolo."
        ],
        "fr": [
          "Une petite pause au bord de l'eau, ça vous tente ? Alors profitez de cette aire ombragée ou non au bord de la Voueize avec une vue imprenable sur le pont roman du XIVème siècle."
        ],
        "es": [
          "¿Le apetece un descanso junto al agua? Entonces aproveche esta zona a la sombra o sin sombra a orillas del Voueize, con una vista impresionante del puente románico del siglo XIV."
        ],
        "nl": [
          "Zin in een pauze aan het water? Profiteer dan van deze al dan niet schaduwrijke plek aan de oevers van de Voueize, met een adembenemend uitzicht op de 14e-eeuwse Romaanse brug."
        ]
      }
    }
  ],
  "hasMainRepresentation": [
    {
      "@id": "https://data.datatourisme.fr/eb627d5f-92bd-3ae1-814a-661b0ff91db2",
      "ebucore:hasAnnotation": [
        {
          "@id": "https://data.datatourisme.fr/ece1e9ae-5412-3887-af49-f51dbbea68a4",
          "ebucore:isCoveredBy": "CC By-NC-ND 4.0",
          "ebucore:title": {
            "fr": [
              "Pique-nique en bord de Voueize_1"
            ]
          },
          "@type": [
            "ebucore:Annotation"
          ],
          "credits": [
            "Pique-nique en bord de Voueize"
          ]
        }
      ],
      "ebucore:hasRelatedResource": [
        {
          "@id": "https://data.datatourisme.fr/38ecff1d-8e36-3690-b714-3a1ee8c8f310",
          "ebucore:hasMimeType": [
            {
              "@id": "kb:JPEG",
              "@type": [
                "ebucore:MimeType"
              ],
              "rdfs:comment": {
                "de": [
                  "JPEG-Bild"
                ],
                "pt": [
                  "Imagem JPEG"
                ],
                "en": [
                  "JPEG image file"
                ],
                "it": [
                  "Immagine JPEG"
                ],
                "fr": [
                  "Image JPEG"
                ],
                "nl": [
                  "JPEG-afbeelding"
                ],
                "es": [
                  "Imagen JPEG"
                ]
              },
              "rdfs:label": {
                "de": [
                  "image/jpeg"
                ],
                "pt": [
                  "image/jpeg"
                ],
                "en": [
                  "image/jpeg"
                ],
                "it": [
                  "image/jpeg"
                ],
                "fr": [
                  "image/jpeg"
                ],
                "nl": [
                  "image/jpeg"
                ],
                "es": [
                  "image/jpeg"
                ]
              }
            }
          ],
          "ebucore:locator": [
            "http://aquitaine.media.tourinsoft.eu/Upload/220002227-4.jpg"
          ],
          "@type": [
            "ebucore:Resource"
          ]
        }
      ],
      "@type": [
        "ebucore:EditorialObject"
      ]
    }
  ],
  "hasRepresentation": [
    {
      "@id": "https://data.datatourisme.fr/8574810a-a129-3c3a-b180-10c23d21174f",
      "ebucore:hasAnnotation": [
        {
          "@id": "https://data.datatourisme.fr/b289964d-f417-3e3f-8416-721af7571f23",
          "ebucore:isCoveredBy": "By-NC-ND 4.0",
          "ebucore:title": {
            "fr": [
              "Pique-nique en bord de Voueize_1"
            ]
          },
          "@type": [
            "ebucore:Annotation"
          ],
          "credits": [
            "Pique-nique en bord de Voueize"
          ]
        }
      ],
      "ebucore:hasRelatedResource": [
        {
          "@id": "https://data.datatourisme.fr/38ecff1d-8e36-3690-b714-3a1ee8c8f310",
          "ebucore:hasMimeType": [
            {
              "@id": "kb:JPEG",
              "@type": [
                "ebucore:MimeType"
              ],
              "rdfs:comment": {
                "de": [
                  "JPEG-Bild"
                ],
                "pt": [
                  "Imagem JPEG"
                ],
                "en": [
                  "JPEG image file"
                ],
                "it": [
                  "Immagine JPEG"
                ],
                "fr": [
                  "Image JPEG"
                ],
                "nl": [
                  "JPEG-afbeelding"
                ],
                "es": [
                  "Imagen JPEG"
                ]
              },
              "rdfs:label": {
                "de": [
                  "image/jpeg"
                ],
                "pt": [
                  "image/jpeg"
                ],
                "en": [
                  "image/jpeg"
                ],
                "it": [
                  "image/jpeg"
                ],
                "fr": [
                  "image/jpeg"
                ],
                "nl": [
                  "image/jpeg"
                ],
                "es": [
                  "image/jpeg"
                ]
              }
            }
          ],
          "ebucore:locator": [
            "http://aquitaine.media.tourinsoft.eu/Upload/220002227-4.jpg"
          ],
          "@type": [
            "ebucore:Resource"
          ]
        }
      ],
      "@type": [
        "ebucore:EditorialObject"
      ]
    },
    {
      "@id": "https://data.datatourisme.fr/eb627d5f-92bd-3ae1-814a-661b0ff91db2",
      "ebucore:hasAnnotation": [
        {
          "@id": "https://data.datatourisme.fr/ece1e9ae-5412-3887-af49-f51dbbea68a4",
          "ebucore:isCoveredBy": "CC By-NC-ND 4.0",
          "ebucore:title": {
            "fr": [
              "Pique-nique en bord de Voueize_1"
            ]
          },
          "@type": [
            "ebucore:Annotation"
          ],
          "credits": [
            "Pique-nique en bord de Voueize"
          ]
        }
      ],
      "ebucore:hasRelatedResource": [
        {
          "@id": "https://data.datatourisme.fr/38ecff1d-8e36-3690-b714-3a1ee8c8f310",
          "ebucore:hasMimeType": [
            {
              "@id": "kb:JPEG",
              "@type": [
                "ebucore:MimeType"
              ],
              "rdfs:comment": {
                "de": [
                  "JPEG-Bild"
                ],
                "pt": [
                  "Imagem JPEG"
                ],
                "en": [
                  "JPEG image file"
                ],
                "it": [
                  "Immagine JPEG"
                ],
                "fr": [
                  "Image JPEG"
                ],
                "nl": [
                  "JPEG-afbeelding"
                ],
                "es": [
                  "Imagen JPEG"
                ]
              },
              "rdfs:label": {
                "de": [
                  "image/jpeg"
                ],
                "pt": [
                  "image/jpeg"
                ],
                "en": [
                  "image/jpeg"
                ],
                "it": [
                  "image/jpeg"
                ],
                "fr": [
                  "image/jpeg"
                ],
                "nl": [
                  "image/jpeg"
                ],
                "es": [
                  "image/jpeg"
                ]
              }
            }
          ],
          "ebucore:locator": [
            "http://aquitaine.media.tourinsoft.eu/Upload/220002227-4.jpg"
          ],
          "@type": [
            "ebucore:Resource"
          ]
        }
      ],
      "@type": [
        "ebucore:EditorialObject"
      ]
    }
  ],
  "hasTranslatedProperty": [
    {
      "@id": "https://data.datatourisme.fr/25e45498-470c-3df7-bf39-5bb535522282",
      "dc:contributor": [
        "https://api.deepl.com/v2/translate"
      ],
      "rdf:language": [
        "en"
      ],
      "rdf:predicate": [
        {
          "@id": "rdfs:comment"
        }
      ]
    },
    {
      "@id": "https://data.datatourisme.fr/329ec88e-6049-3870-bdb3-eb25bc825d86",
      "dc:contributor": [
        "https://api.deepl.com/v2/translate"
      ],
      "rdf:language": [
        "de"
      ],
      "rdf:predicate": [
        {
          "@id": "rdfs:comment"
        }
      ]
    },
    {
      "@id": "https://data.datatourisme.fr/77741340-bbf9-3a13-99b1-b6d5fea7176b",
      "dc:contributor": [
        "https://api.deepl.com/v2/translate"
      ],
      "rdf:language": [
        "nl"
      ],
      "rdf:predicate": [
        {
          "@id": "rdfs:comment"
        }
      ]
    },
    {
      "@id": "https://data.datatourisme.fr/a9171ca4-3fc6-3fc8-9bce-0a285774d9bb",
      "dc:contributor": [
        "https://api.deepl.com/v2/translate"
      ],
      "rdf:language": [
        "it"
      ],
      "rdf:predicate": [
        {
          "@id": "rdfs:comment"
        }
      ]
    },
    {
      "@id": "https://data.datatourisme.fr/ec63691c-e5d8-38dd-b385-078cc92eec87",
      "dc:contributor": [
        "https://api.deepl.com/v2/translate"
      ],
      "rdf:language": [
        "es"
      ],
      "rdf:predicate": [
        {
          "@id": "rdfs:comment"
        }
      ]
    }
  ],
  "isLocatedAt": [
    {
      "@id": "https://data.datatourisme.fr/a50e2aa2-ceb0-33a3-bf7d-961d4adf960a",
      "schema:address": [
        {
          "@id": "https://data.datatourisme.fr/7cb1a9e7-9b38-34da-8065-eef8e3e81490",
          "schema:addressLocality": "Chambon-sur-Voueize",
          "schema:postalCode": "23170",
          "schema:streetAddress": [
            "Rue Germeau Baraillon"
          ],
          "@type": [
            "schema:PostalAddress",
            "PostalAddress"
          ],
          "hasAddressCity": {
            "@id": "kb:23045",
            "@type": [
              "City"
            ],
            "rdfs:label": {
              "de": [
                "Chambon-sur-Voueize"
              ],
              "pt": [
                "Chambon-sur-Voueize"
              ],
              "en": [
                "Chambon-sur-Voueize"
              ],
              "it": [
                "Chambon-sur-Voueize"
              ],
              "fr": [
                "Chambon-sur-Voueize"
              ],
              "nl": [
                "Chambon-sur-Voueize"
              ],
              "es": [
                "Chambon-sur-Voueize"
              ]
            },
            "insee": "23045",
            "isPartOfDepartment": {
              "@id": "kb:France7523",
              "@type": [
                "Department"
              ],
              "rdfs:label": {
                "de": [
                  "Creuse"
                ],
                "pt": [
                  "Creuse"
                ],
                "en": [
                  "Creuse"
                ],
                "it": [
                  "Creuse"
                ],
                "fr": [
                  "Creuse"
                ],
                "nl": [
                  "Creuse"
                ],
                "es": [
                  "Creuse"
                ]
              },
              "insee": "23",
              "isPartOfRegion": {
                "@id": "kb:France75",
                "@type": [
                  "Region"
                ],
                "rdfs:label": {
                  "de": [
                    "Nouvelle-Aquitaine"
                  ],
                  "pt": [
                    "Nouvelle-Aquitaine"
                  ],
                  "en": [
                    "Nouvelle-Aquitaine"
                  ],
                  "it": [
                    "Nouvelle-Aquitaine"
                  ],
                  "fr": [
                    "Nouvelle-Aquitaine"
                  ],
                  "nl": [
                    "Nouvelle-Aquitaine"
                  ],
                  "es": [
                    "Nouvelle-Aquitaine"
                  ]
                },
                "insee": "75",
                "isPartOfCountry": {
                  "@id": "kb:France",
                  "@type": [
                    "schema:Country"
                  ],
                  "rdfs:label": {
                    "de": [
                      "France",
                      "Frankreich"
                    ],
                    "pt": [
                      "França",
                      "France"
                    ],
                    "en": [
                      "France"
                    ],
                    "it": [
                      "France",
                      "Francia"
                    ],
                    "fr": [
                      "France"
                    ],
                    "nl": [
                      "France",
                      "Frankrijk"
                    ],
                    "es": [
                      "France",
                      "Francia"
                    ]
                  }
                }
              }
            }
          }
        }
      ],
      "schema:geo": {
        "@id": "https://data.datatourisme.fr/a07322d9-1cc6-397e-b192-e136bd2d054d",
        "schema:latitude": "46.1896747",
        "schema:longitude": "2.42108064",
        "@type": [
          "schema:GeoCoordinates"
        ]
      },
      "@type": [
        "schema:Place",
        "Place"
      ]
    }
  ],
  "lastUpdate": "2023-09-04",
  "lastUpdateDatatourisme": "2023-09-05T00:17:58.323Z"
}