{
  "@id": "https://data.datatourisme.fr/23/0060adeb-c001-3c31-9f85-f161d8ace8f1",
  "dc:identifier": "FMAAQU064V5BJ3U6",
  "schema:endDate": [
    "2024-02-02"
  ],
  "schema:startDate": [
    "2024-02-02"
  ],
  "@type": [
    "schema:Event",
    "schema:MusicEvent",
    "Concert",
    "CulturalEvent",
    "EntertainmentAndEvent",
    "PointOfInterest"
  ],
  "rdfs:comment": {
    "de": [
      "Slimane gibt den Startschuss für seine Solo-Tour!\nSein Album \"Chroniken eines Amors\" bricht seit seiner Veröffentlichung alle Rekorde!\nMit den beiden Riesenhits \"La recette\" und \"Des milliers de je t'aime\" ist er bereits auf Tour Slimane wird ab November 2023 in allen Zeniths in Frankreich, Belgien und der Schweiz auftreten und am 1. März 2024 in der Accor Arena!\nVerpassen Sie nicht Slimanes Rückkehr auf die Bühne und begeben Sie sich auf die Cupid Tour, eine kraftvolle und bewegende Show, die nur Slimane kennt"
    ],
    "en": [
      "Slimane kicks off his solo tour!\nHis album ?chroniques d?un Cupidon? is beating all records since its release!\nWith already two huge hits ?la recette? and ?des milliers de je t?aime? Slimane will be in all the zeniths of France, Belgium and Switzerland from November 2023 and on March 1st 2024 at the Accor Arena!\nDon't miss Slimane's return to the stage and embark on the Cupidon Tour, a powerful and moving show that only Slimane has the secret?"
    ],
    "it": [
      "Slimane dà il via al suo tour da solista!\nIl suo album \"chroniques d'un Cupidon\" ha battuto tutti i record fin dalla sua uscita!\nCon già due grandi successi, \"la recette\" e \"des milliers de je t'aime? Slimane si esibirà in tutti gli zenit di Francia, Belgio e Svizzera a partire da novembre 2023 e il 1° marzo 2024 all'Accor Arena!\nNon perdetevi il ritorno di Slimane sul palcoscenico e imbarcatevi nel Le Cupidon Tour, uno spettacolo potente e commovente di cui solo Slimane conosce il segreto?"
    ],
    "fr": [
      "Slimane donne le coup d’envoi de sa tournée solo !\nSon album “chroniques d’un Cupidon” bat tous les records depuis sa sortie !\nAvec déjà deux énormes tubes “la recette” et “des milliers de je t’aime” Slimane nous donne rendez-vous dans tous les zéniths de France, de Belgique et de Suisse dès le mois de novembre 2023 et le 1er Mars 2024 à l’Accor Arena !\nNe manquez pas le retour de Slimane sur scène et embarquez pour Le Cupidon Tour, un show puissant et émouvant dont seul Slimane a le secret…"
    ],
    "es": [
      "Slimane inicia su gira en solitario\nSu álbum \"Crónicas de Cupido\" ha batido todos los récords desde su publicación\nCon dos grandes éxitos como \"la recette\" y \"des milliers de je t?aime\", el proyecto de la Comisión Europea se ha convertido en todo un éxito Slimane actuará en todos los cenitales de Francia, Bélgica y Suiza a partir de noviembre de 2023 y el 1 de marzo de 2024 ¡en el Accor Arena!\nNo se pierda el regreso de Slimane a los escenarios y embárquese en Le Cupidon Tour, un espectáculo poderoso y conmovedor para el que sólo Slimane tiene el secreto?"
    ],
    "nl": [
      "Slimane begint zijn solo tour!\nZijn album \"Chroniques d'un Cupidon\" heeft sinds de release alle records gebroken!\nMet al twee grote hits ?la recette? en ?des milliers de je t?aime? Slimane treedt vanaf november 2023 op in alle zenithuizen van Frankrijk, België en Zwitserland en op 1 maart 2024 in de Accor Arena!\nMis de terugkeer van Slimane op het podium niet en begin aan Le Cupidon Tour, een krachtige en ontroerende show waar alleen Slimane het geheim van kent?"
    ]
  },
  "rdfs:label": {
    "de": [
      "Slimane - Cupidon Tour"
    ],
    "en": [
      "Slimane - Cupidon Tour"
    ],
    "fr": [
      "Slimane - Cupidon Tour"
    ],
    "nl": [
      "Slimane - Cupidon Tour"
    ],
    "es": [
      "Slimane - Cupidon Tour"
    ]
  },
  "availableLanguage": [
    "fr"
  ],
  "creationDate": "2022-12-07",
  "hasAudience": [
    {
      "@id": "kb:Local",
      "@type": [
        "GeographicReach"
      ],
      "rdfs:label": {
        "de": [
          "Lokal"
        ],
        "pt": [
          "Local"
        ],
        "en": [
          "Local"
        ],
        "it": [
          "Locale"
        ],
        "fr": [
          "Locale"
        ],
        "nl": [
          "Lokaal"
        ],
        "es": [
          "Local"
        ]
      }
    }
  ],
  "hasBeenCreatedBy": {
    "@id": "https://data.datatourisme.fr/23/03070e70-dbf8-3daa-a0b2-bc4aaf8b21c7",
    "dc:identifier": "4cbd4f8d-22ae-4c0f-8b7e-60123f1f2946",
    "schema:legalName": "OT Pau",
    "@type": [
      "schema:Organization",
      "foaf:Agent",
      "Agent"
    ]
  },
  "hasBeenPublishedBy": [
    {
      "@id": "https://data.datatourisme.fr/05dc9cb8-2fa5-383d-b87b-497de06649a2",
      "schema:email": [
        "sirtaqui@na-tourisme.com"
      ],
      "schema:legalName": "SIRTAQUI Nouvelle-Aquitaine",
      "schema:logo": "http://aquitaine.media.tourinsoft.eu/upload/Logo-Sirtaqui-1280x405.jpg",
      "@type": [
        "schema:Organization",
        "foaf:Agent",
        "Agent"
      ],
      "rdfs:comment": {
        "de": [
          "Collecter, mettre en commun et diffuser le plus largement possible une information complète et de qualité au service de nos habitants et de nos visiteurs : voici les objectifs du SIRTAQUI, Système d’Information Régional Touristique de Nouvelle-AQUItaine. Le dispositif est mis en œuvre conjointement par le Comité Régional de Tourisme de Nouvelle-Aquitaine, les services touristiques de la Corrèze, de la Creuse, de la Dordogne, de la Gironde, des Landes, du Lot-et-Garonne, des Pyrénées-Atlantiques, des Deux-Sèvres, de la Vienne et de la Haute-Vienne, en collaboration avec les Offices de Tourisme, et avec le soutien financier de l’Europe et du Conseil Régional."
        ],
        "en": [
          "Collecter, mettre en commun et diffuser le plus largement possible une information complète et de qualité au service de nos habitants et de nos visiteurs : voici les objectifs du SIRTAQUI, Système d’Information Régional Touristique de Nouvelle-AQUItaine. Le dispositif est mis en œuvre conjointement par le Comité Régional de Tourisme de Nouvelle-Aquitaine, les services touristiques de la Corrèze, de la Creuse, de la Dordogne, de la Gironde, des Landes, du Lot-et-Garonne, des Pyrénées-Atlantiques, des Deux-Sèvres, de la Vienne et de la Haute-Vienne, en collaboration avec les Offices de Tourisme, et avec le soutien financier de l’Europe et du Conseil Régional."
        ],
        "it": [
          "L'obiettivo di SIRTAQUI, il Sistema Regionale di Informazione Turistica della Nuova Aquitania, è quello di raccogliere, mettere in comune e diffondere il più possibile informazioni complete e di qualità a beneficio dei nostri residenti e visitatori. Il sistema è realizzato congiuntamente dal Comité Régional de Tourisme de Nouvelle-Aquitaine, dai servizi turistici di Corrèze, Creuse, Dordogne, Gironde, Landes, Lot-et-Garonne, Pyrénées-Atlantiques, Deux-Sèvres, Vienne e Haute-Vienne, in collaborazione con gli Uffici del Turismo e con il sostegno finanziario dell'Europa e del Conseil Régional."
        ],
        "fr": [
          "Collecter, mettre en commun et diffuser le plus largement possible une information complète et de qualité au service de nos habitants et de nos visiteurs : voici les objectifs du SIRTAQUI, Système d’Information Régional Touristique de Nouvelle-AQUItaine. Le dispositif est mis en œuvre conjointement par le Comité Régional de Tourisme de Nouvelle-Aquitaine, les services touristiques de la Corrèze, de la Creuse, de la Dordogne, de la Gironde, des Landes, du Lot-et-Garonne, des Pyrénées-Atlantiques, des Deux-Sèvres, de la Vienne et de la Haute-Vienne, en collaboration avec les Offices de Tourisme, et avec le soutien financier de l’Europe et du Conseil Régional."
        ],
        "nl": [
          "Collecter, mettre en commun et diffuser le plus largement possible une information complète et de qualité au service de nos habitants et de nos visiteurs : voici les objectifs du SIRTAQUI, Système d’Information Régional Touristique de Nouvelle-AQUItaine. Le dispositif est mis en œuvre conjointement par le Comité Régional de Tourisme de Nouvelle-Aquitaine, les services touristiques de la Corrèze, de la Creuse, de la Dordogne, de la Gironde, des Landes, du Lot-et-Garonne, des Pyrénées-Atlantiques, des Deux-Sèvres, de la Vienne et de la Haute-Vienne, en collaboration avec les Offices de Tourisme, et avec le soutien financier de l’Europe et du Conseil Régional."
        ],
        "es": [
          "Collecter, mettre en commun et diffuser le plus largement possible une information complète et de qualité au service de nos habitants et de nos visiteurs : voici les objectifs du SIRTAQUI, Système d’Information Régional Touristique de Nouvelle-AQUItaine. Le dispositif est mis en œuvre conjointement par le Comité Régional de Tourisme de Nouvelle-Aquitaine, les services touristiques de la Corrèze, de la Creuse, de la Dordogne, de la Gironde, des Landes, du Lot-et-Garonne, des Pyrénées-Atlantiques, des Deux-Sèvres, de la Vienne et de la Haute-Vienne, en collaboration avec les Offices de Tourisme, et avec le soutien financier de l’Europe et du Conseil Régional."
        ]
      },
      "foaf:homepage": [
        "http://www.sirtaqui-aquitaine.com/"
      ],
      "hasTranslatedProperty": [
        {
          "@id": "https://data.datatourisme.fr/eef27e75-4a23-313e-a6ee-797e7b64a1cd",
          "dc:contributor": [
            "https://api.deepl.com/v2/translate"
          ],
          "rdf:language": [
            "it"
          ],
          "rdf:predicate": [
            {
              "@id": "rdfs:comment"
            }
          ]
        }
      ]
    }
  ],
  "hasBookingContact": [
    {
      "@id": "https://data.datatourisme.fr/8dfae802-d0ca-3f6a-b8d4-34d1c91a4531",
      "schema:telephone": [
        "+33 5 59 80 77 50"
      ],
      "@type": [
        "foaf:Agent",
        "Agent"
      ],
      "foaf:homepage": [
        "https://www.zenith-pau.com/evenements/slimane/"
      ]
    }
  ],
  "hasContact": [
    {
      "@id": "https://data.datatourisme.fr/8dfae802-d0ca-3f6a-b8d4-34d1c91a4531",
      "schema:telephone": [
        "+33 5 59 80 77 50"
      ],
      "@type": [
        "foaf:Agent",
        "Agent"
      ],
      "foaf:homepage": [
        "https://www.zenith-pau.com/evenements/slimane/"
      ]
    }
  ],
  "hasDescription": [
    {
      "@id": "https://data.datatourisme.fr/833d2a46-2909-324c-ac4e-518a68d6841a",
      "dc:description": {
        "de": [
          "Slimane gibt den Startschuss für seine Solo-Tour!\nSein Album \"Chroniken eines Amors\" bricht seit seiner Veröffentlichung alle Rekorde!\nMit den beiden Riesenhits \"La recette\" und \"Des milliers de je t'aime\" ist er bereits auf Tour Slimane wird ab November 2023 in allen Zeniths in Frankreich, Belgien und der Schweiz auftreten und am 1. März 2024 in der Accor Arena!\nVerpassen Sie nicht Slimanes Rückkehr auf die Bühne und begeben Sie sich auf die Cupid Tour, eine kraftvolle und bewegende Show, die nur Slimane kennt"
        ],
        "en": [
          "Slimane kicks off his solo tour!\nHis album ?chroniques d?un Cupidon? is beating all records since its release!\nWith already two huge hits ?la recette? and ?des milliers de je t?aime? Slimane will be in all the zeniths of France, Belgium and Switzerland from November 2023 and on March 1st 2024 at the Accor Arena!\nDon't miss Slimane's return to the stage and embark on the Cupidon Tour, a powerful and moving show that only Slimane has the secret?"
        ],
        "it": [
          "Slimane dà il via al suo tour da solista!\nIl suo album \"chroniques d'un Cupidon\" ha battuto tutti i record fin dalla sua uscita!\nCon già due grandi successi, \"la recette\" e \"des milliers de je t'aime? Slimane si esibirà in tutti gli zenit di Francia, Belgio e Svizzera a partire da novembre 2023 e il 1° marzo 2024 all'Accor Arena!\nNon perdetevi il ritorno di Slimane sul palcoscenico e imbarcatevi nel Le Cupidon Tour, uno spettacolo potente e commovente di cui solo Slimane conosce il segreto?"
        ],
        "fr": [
          "Slimane donne le coup d’envoi de sa tournée solo !\nSon album “chroniques d’un Cupidon” bat tous les records depuis sa sortie !\nAvec déjà deux énormes tubes “la recette” et “des milliers de je t’aime” Slimane nous donne rendez-vous dans tous les zéniths de France, de Belgique et de Suisse dès le mois de novembre 2023 et le 1er Mars 2024 à l’Accor Arena !\nNe manquez pas le retour de Slimane sur scène et embarquez pour Le Cupidon Tour, un show puissant et émouvant dont seul Slimane a le secret…"
        ],
        "es": [
          "Slimane inicia su gira en solitario\nSu álbum \"Crónicas de Cupido\" ha batido todos los récords desde su publicación\nCon dos grandes éxitos como \"la recette\" y \"des milliers de je t?aime\", el proyecto de la Comisión Europea se ha convertido en todo un éxito Slimane actuará en todos los cenitales de Francia, Bélgica y Suiza a partir de noviembre de 2023 y el 1 de marzo de 2024 ¡en el Accor Arena!\nNo se pierda el regreso de Slimane a los escenarios y embárquese en Le Cupidon Tour, un espectáculo poderoso y conmovedor para el que sólo Slimane tiene el secreto?"
        ],
        "nl": [
          "Slimane begint zijn solo tour!\nZijn album \"Chroniques d'un Cupidon\" heeft sinds de release alle records gebroken!\nMet al twee grote hits ?la recette? en ?des milliers de je t?aime? Slimane treedt vanaf november 2023 op in alle zenithuizen van Frankrijk, België en Zwitserland en op 1 maart 2024 in de Accor Arena!\nMis de terugkeer van Slimane op het podium niet en begin aan Le Cupidon Tour, een krachtige en ontroerende show waar alleen Slimane het geheim van kent?"
        ]
      },
      "@type": [
        "Description"
      ],
      "hasTranslatedProperty": [
        {
          "@id": "https://data.datatourisme.fr/14208bc5-47fd-3129-949e-75d36c681231",
          "dc:contributor": [
            "https://api.deepl.com/v2/translate"
          ],
          "rdf:language": [
            "it"
          ],
          "rdf:predicate": [
            {
              "@id": "dc:description"
            }
          ]
        },
        {
          "@id": "https://data.datatourisme.fr/50536f50-e755-3221-b902-f9f46d0ee69c",
          "dc:contributor": [
            "https://api.deepl.com/v2/translate"
          ],
          "rdf:language": [
            "nl"
          ],
          "rdf:predicate": [
            {
              "@id": "dc:description"
            }
          ]
        },
        {
          "@id": "https://data.datatourisme.fr/5687ef72-2c3e-3c6c-a0f5-6b964526fb76",
          "dc:contributor": [
            "https://api.deepl.com/v2/translate"
          ],
          "rdf:language": [
            "de"
          ],
          "rdf:predicate": [
            "shortDescription"
          ]
        },
        {
          "@id": "https://data.datatourisme.fr/5830442e-794d-34fb-8d1b-498964d04d29",
          "dc:contributor": [
            "https://api.deepl.com/v2/translate"
          ],
          "rdf:language": [
            "it"
          ],
          "rdf:predicate": [
            "shortDescription"
          ]
        },
        {
          "@id": "https://data.datatourisme.fr/5ef8c1d8-66f1-3ad0-b819-d40282341a6a",
          "dc:contributor": [
            "https://api.deepl.com/v2/translate"
          ],
          "rdf:language": [
            "es"
          ],
          "rdf:predicate": [
            {
              "@id": "dc:description"
            }
          ]
        },
        {
          "@id": "https://data.datatourisme.fr/a127b633-d2d3-3dba-beea-2ed0ad1d9291",
          "dc:contributor": [
            "https://api.deepl.com/v2/translate"
          ],
          "rdf:language": [
            "de"
          ],
          "rdf:predicate": [
            {
              "@id": "dc:description"
            }
          ]
        },
        {
          "@id": "https://data.datatourisme.fr/a5cf077c-83c8-3f4b-8bc7-9f00b58308f7",
          "dc:contributor": [
            "https://api.deepl.com/v2/translate"
          ],
          "rdf:language": [
            "nl"
          ],
          "rdf:predicate": [
            "shortDescription"
          ]
        },
        {
          "@id": "https://data.datatourisme.fr/c32fb23c-1edb-31f4-8c15-52130d99186f",
          "dc:contributor": [
            "https://api.deepl.com/v2/translate"
          ],
          "rdf:language": [
            "en"
          ],
          "rdf:predicate": [
            "shortDescription"
          ]
        },
        {
          "@id": "https://data.datatourisme.fr/cb1ac2f8-7510-3be0-92ad-a9422ac420c3",
          "dc:contributor": [
            "https://api.deepl.com/v2/translate"
          ],
          "rdf:language": [
            "es"
          ],
          "rdf:predicate": [
            "shortDescription"
          ]
        },
        {
          "@id": "https://data.datatourisme.fr/fb734aab-21fe-3e6c-bb44-7d7c4f5d500b",
          "dc:contributor": [
            "https://api.deepl.com/v2/translate"
          ],
          "rdf:language": [
            "en"
          ],
          "rdf:predicate": [
            {
              "@id": "dc:description"
            }
          ]
        }
      ],
      "shortDescription": {
        "de": [
          "Slimane gibt den Startschuss für seine Solo-Tour!\nSein Album \"Chroniken eines Amors\" bricht seit seiner Veröffentlichung alle Rekorde!\nMit den beiden Riesenhits \"La recette\" und \"Des milliers de je t'aime\" ist er bereits auf Tour Slimane wird ab November 2023 in allen Zeniths in Frankreich, Belgien und der Schweiz auftreten und am 1. März 2024 in der Accor Arena!\nVerpassen Sie nicht Slimanes Rückkehr auf die Bühne und begeben Sie sich auf die Cupid Tour, eine kraftvolle und bewegende Show, die nur Slimane kennt"
        ],
        "en": [
          "Slimane kicks off his solo tour!\nHis album ?chroniques d?un Cupidon? is beating all records since its release!\nWith already two huge hits ?la recette? and ?des milliers de je t?aime? Slimane will be in all the zeniths of France, Belgium and Switzerland from November 2023 and on March 1st 2024 at the Accor Arena!\nDon't miss Slimane's return to the stage and embark on the Cupidon Tour, a powerful and moving show that only Slimane has the secret?"
        ],
        "it": [
          "Slimane dà il via al suo tour da solista!\nIl suo album \"chroniques d'un Cupidon\" ha battuto tutti i record fin dalla sua uscita!\nCon già due grandi successi, \"la recette\" e \"des milliers de je t'aime? Slimane si esibirà in tutti gli zenit di Francia, Belgio e Svizzera a partire da novembre 2023 e il 1° marzo 2024 all'Accor Arena!\nNon perdetevi il ritorno di Slimane sul palcoscenico e imbarcatevi nel Le Cupidon Tour, uno spettacolo potente e commovente di cui solo Slimane conosce il segreto?"
        ],
        "fr": [
          "Slimane donne le coup d’envoi de sa tournée solo !\nSon album “chroniques d’un Cupidon” bat tous les records depuis sa sortie !\nAvec déjà deux énormes tubes “la recette” et “des milliers de je t’aime” Slimane nous donne rendez-vous dans tous les zéniths de France, de Belgique et de Suisse dès le mois de novembre 2023 et le 1er Mars 2024 à l’Accor Arena !\nNe manquez pas le retour de Slimane sur scène et embarquez pour Le Cupidon Tour, un show puissant et émouvant dont seul Slimane a le secret…"
        ],
        "es": [
          "Slimane inicia su gira en solitario\nSu álbum \"Crónicas de Cupido\" ha batido todos los récords desde su publicación\nCon dos grandes éxitos como \"la recette\" y \"des milliers de je t?aime\", el proyecto de la Comisión Europea se ha convertido en todo un éxito Slimane actuará en todos los cenitales de Francia, Bélgica y Suiza a partir de noviembre de 2023 y el 1 de marzo de 2024 ¡en el Accor Arena!\nNo se pierda el regreso de Slimane a los escenarios y embárquese en Le Cupidon Tour, un espectáculo poderoso y conmovedor para el que sólo Slimane tiene el secreto?"
        ],
        "nl": [
          "Slimane begint zijn solo tour!\nZijn album \"Chroniques d'un Cupidon\" heeft sinds de release alle records gebroken!\nMet al twee grote hits ?la recette? en ?des milliers de je t?aime? Slimane treedt vanaf november 2023 op in alle zenithuizen van Frankrijk, België en Zwitserland en op 1 maart 2024 in de Accor Arena!\nMis de terugkeer van Slimane op het podium niet en begin aan Le Cupidon Tour, een krachtige en ontroerende show waar alleen Slimane het geheim van kent?"
        ]
      }
    }
  ],
  "hasFeature": [
    {
      "@id": "https://data.datatourisme.fr/a7caff4b-14c3-3da5-98ca-cdd61b3543b2",
      "@type": [
        "schema:PropertyValue",
        "FeatureSpecification"
      ],
      "petsAllowed": false
    }
  ],
  "hasGeographicReach": [
    {
      "@id": "kb:Local",
      "@type": [
        "GeographicReach"
      ],
      "rdfs:label": {
        "de": [
          "Lokal"
        ],
        "pt": [
          "Local"
        ],
        "en": [
          "Local"
        ],
        "it": [
          "Locale"
        ],
        "fr": [
          "Locale"
        ],
        "nl": [
          "Lokaal"
        ],
        "es": [
          "Local"
        ]
      }
    }
  ],
  "hasMainRepresentation": [
    {
      "@id": "https://data.datatourisme.fr/626ef4eb-87a8-326f-83c4-b163838ffafa",
      "ebucore:hasAnnotation": [
        {
          "@id": "https://data.datatourisme.fr/6cd8cb9b-1c0d-32a5-bdc4-83c39b265130",
          "ebucore:isCoveredBy": "By-NC-ND 4.0",
          "ebucore:title": {
            "fr": [
              "Slimane - Cupidon Tour"
            ]
          },
          "@type": [
            "ebucore:Annotation"
          ],
          "credits": [
            "Zénith de Pau Pyrénées"
          ]
        }
      ],
      "ebucore:hasRelatedResource": [
        {
          "@id": "https://data.datatourisme.fr/ce3075b2-09ba-3728-b094-c88b65612dc9",
          "ebucore:hasMimeType": [
            {
              "@id": "kb:JPEG",
              "@type": [
                "ebucore:MimeType"
              ],
              "rdfs:comment": {
                "de": [
                  "JPEG-Bild"
                ],
                "pt": [
                  "Imagem JPEG"
                ],
                "en": [
                  "JPEG image file"
                ],
                "it": [
                  "Immagine JPEG"
                ],
                "fr": [
                  "Image JPEG"
                ],
                "nl": [
                  "JPEG-afbeelding"
                ],
                "es": [
                  "Imagen JPEG"
                ]
              },
              "rdfs:label": {
                "de": [
                  "image/jpeg"
                ],
                "pt": [
                  "image/jpeg"
                ],
                "en": [
                  "image/jpeg"
                ],
                "it": [
                  "image/jpeg"
                ],
                "fr": [
                  "image/jpeg"
                ],
                "nl": [
                  "image/jpeg"
                ],
                "es": [
                  "image/jpeg"
                ]
              }
            }
          ],
          "ebucore:locator": [
            "http://aquitaine.media.tourinsoft.eu/Upload/Slimane---Cupidon-Tour.jpg"
          ],
          "@type": [
            "ebucore:Resource"
          ]
        }
      ],
      "@type": [
        "ebucore:EditorialObject"
      ]
    }
  ],
  "hasNeighborhood": [
    {
      "@id": "kb:InTown",
      "@type": [
        "SpatialEnvironmentTheme"
      ],
      "rdfs:label": {
        "de": [
          "in der Stadt"
        ],
        "pt": [
          "Na cidade"
        ],
        "en": [
          "In town"
        ],
        "it": [
          "In città"
        ],
        "fr": [
          "En ville"
        ],
        "nl": [
          "In de stad"
        ],
        "es": [
          "En la ciudad"
        ]
      }
    }
  ],
  "hasRepresentation": [
    {
      "@id": "https://data.datatourisme.fr/626ef4eb-87a8-326f-83c4-b163838ffafa",
      "ebucore:hasAnnotation": [
        {
          "@id": "https://data.datatourisme.fr/6cd8cb9b-1c0d-32a5-bdc4-83c39b265130",
          "ebucore:isCoveredBy": "By-NC-ND 4.0",
          "ebucore:title": {
            "fr": [
              "Slimane - Cupidon Tour"
            ]
          },
          "@type": [
            "ebucore:Annotation"
          ],
          "credits": [
            "Zénith de Pau Pyrénées"
          ]
        }
      ],
      "ebucore:hasRelatedResource": [
        {
          "@id": "https://data.datatourisme.fr/ce3075b2-09ba-3728-b094-c88b65612dc9",
          "ebucore:hasMimeType": [
            {
              "@id": "kb:JPEG",
              "@type": [
                "ebucore:MimeType"
              ],
              "rdfs:comment": {
                "de": [
                  "JPEG-Bild"
                ],
                "pt": [
                  "Imagem JPEG"
                ],
                "en": [
                  "JPEG image file"
                ],
                "it": [
                  "Immagine JPEG"
                ],
                "fr": [
                  "Image JPEG"
                ],
                "nl": [
                  "JPEG-afbeelding"
                ],
                "es": [
                  "Imagen JPEG"
                ]
              },
              "rdfs:label": {
                "de": [
                  "image/jpeg"
                ],
                "pt": [
                  "image/jpeg"
                ],
                "en": [
                  "image/jpeg"
                ],
                "it": [
                  "image/jpeg"
                ],
                "fr": [
                  "image/jpeg"
                ],
                "nl": [
                  "image/jpeg"
                ],
                "es": [
                  "image/jpeg"
                ]
              }
            }
          ],
          "ebucore:locator": [
            "http://aquitaine.media.tourinsoft.eu/Upload/Slimane---Cupidon-Tour.jpg"
          ],
          "@type": [
            "ebucore:Resource"
          ]
        }
      ],
      "@type": [
        "ebucore:EditorialObject"
      ]
    }
  ],
  "hasTheme": [
    {
      "@id": "kb:InTown",
      "@type": [
        "SpatialEnvironmentTheme"
      ],
      "rdfs:label": {
        "de": [
          "in der Stadt"
        ],
        "pt": [
          "Na cidade"
        ],
        "en": [
          "In town"
        ],
        "it": [
          "In città"
        ],
        "fr": [
          "En ville"
        ],
        "nl": [
          "In de stad"
        ],
        "es": [
          "En la ciudad"
        ]
      }
    },
    {
      "@id": "kb:PopularMusic",
      "@type": [
        "CulturalTheme"
      ],
      "rdfs:label": {
        "de": [
          "Varieté-Musik"
        ],
        "pt": [
          "Música popular"
        ],
        "en": [
          "Popular music"
        ],
        "it": [
          "Musica di varietà"
        ],
        "fr": [
          "Musique de variété"
        ],
        "nl": [
          "Variétémuziek"
        ],
        "es": [
          "Música popular"
        ]
      }
    }
  ],
  "hasTranslatedProperty": [
    {
      "@id": "https://data.datatourisme.fr/14afe0c6-50d4-323e-9cbf-d0abae3a6349",
      "dc:contributor": [
        "https://api.deepl.com/v2/translate"
      ],
      "rdf:language": [
        "it"
      ],
      "rdf:predicate": [
        {
          "@id": "rdfs:comment"
        }
      ]
    },
    {
      "@id": "https://data.datatourisme.fr/29f4e06c-d33f-3295-8dc7-582ce1e3fd18",
      "dc:contributor": [
        "https://api.deepl.com/v2/translate"
      ],
      "rdf:language": [
        "nl"
      ],
      "rdf:predicate": [
        {
          "@id": "rdfs:comment"
        }
      ]
    },
    {
      "@id": "https://data.datatourisme.fr/8c9d6c4c-3c62-31d5-81f3-108c40cd4053",
      "dc:contributor": [
        "https://api.deepl.com/v2/translate"
      ],
      "rdf:language": [
        "es"
      ],
      "rdf:predicate": [
        {
          "@id": "rdfs:comment"
        }
      ]
    },
    {
      "@id": "https://data.datatourisme.fr/8cf938cc-ac8f-3952-be2a-eac0aba92b10",
      "dc:contributor": [
        "https://api.deepl.com/v2/translate"
      ],
      "rdf:language": [
        "de"
      ],
      "rdf:predicate": [
        {
          "@id": "rdfs:comment"
        }
      ]
    },
    {
      "@id": "https://data.datatourisme.fr/cb1622b4-067b-3a88-8b5a-3aef7dde5346",
      "dc:contributor": [
        "https://api.deepl.com/v2/translate"
      ],
      "rdf:language": [
        "en"
      ],
      "rdf:predicate": [
        {
          "@id": "rdfs:comment"
        }
      ]
    }
  ],
  "isLocatedAt": [
    {
      "@id": "https://data.datatourisme.fr/62f1f504-7b1b-343e-8644-2f8c14e4332a",
      "schema:address": [
        {
          "@id": "https://data.datatourisme.fr/cbdbbe82-864b-354f-ba90-e4bbbe385474",
          "schema:addressLocality": "Pau",
          "schema:postalCode": "64000",
          "schema:streetAddress": [
            "Zénith de Pau",
            "allée Suzanne Bacarisse"
          ],
          "@type": [
            "schema:PostalAddress",
            "PostalAddress"
          ],
          "hasAddressCity": {
            "@id": "kb:64445",
            "@type": [
              "City"
            ],
            "rdfs:label": {
              "de": [
                "Pau"
              ],
              "pt": [
                "Pau"
              ],
              "en": [
                "Pau"
              ],
              "it": [
                "Pau"
              ],
              "fr": [
                "Pau"
              ],
              "nl": [
                "Pau"
              ],
              "es": [
                "Pau"
              ]
            },
            "insee": "64445",
            "isPartOfDepartment": {
              "@id": "kb:France7564",
              "@type": [
                "Department"
              ],
              "rdfs:label": {
                "de": [
                  "Pyrénées-Atlantiques"
                ],
                "pt": [
                  "Pyrénées-Atlantiques"
                ],
                "en": [
                  "Pyrénées-Atlantiques"
                ],
                "it": [
                  "Pyrénées-Atlantiques"
                ],
                "fr": [
                  "Pyrénées-Atlantiques"
                ],
                "nl": [
                  "Pyrénées-Atlantiques"
                ],
                "es": [
                  "Pyrénées-Atlantiques"
                ]
              },
              "insee": "64",
              "isPartOfRegion": {
                "@id": "kb:France75",
                "@type": [
                  "Region"
                ],
                "rdfs:label": {
                  "de": [
                    "Nouvelle-Aquitaine"
                  ],
                  "pt": [
                    "Nouvelle-Aquitaine"
                  ],
                  "en": [
                    "Nouvelle-Aquitaine"
                  ],
                  "it": [
                    "Nouvelle-Aquitaine"
                  ],
                  "fr": [
                    "Nouvelle-Aquitaine"
                  ],
                  "nl": [
                    "Nouvelle-Aquitaine"
                  ],
                  "es": [
                    "Nouvelle-Aquitaine"
                  ]
                },
                "insee": "75",
                "isPartOfCountry": {
                  "@id": "kb:France",
                  "@type": [
                    "schema:Country"
                  ],
                  "rdfs:label": {
                    "de": [
                      "France",
                      "Frankreich"
                    ],
                    "pt": [
                      "França",
                      "France"
                    ],
                    "en": [
                      "France"
                    ],
                    "it": [
                      "France",
                      "Francia"
                    ],
                    "fr": [
                      "France"
                    ],
                    "nl": [
                      "France",
                      "Frankrijk"
                    ],
                    "es": [
                      "France",
                      "Francia"
                    ]
                  }
                }
              }
            }
          }
        }
      ],
      "schema:geo": {
        "@id": "https://data.datatourisme.fr/a18fd51f-0520-317f-af4a-8645ddb9b34f",
        "schema:latitude": "43.3355906",
        "schema:longitude": "-0.3649651",
        "@type": [
          "schema:GeoCoordinates"
        ]
      },
      "@type": [
        "schema:Place",
        "Place"
      ],
      "altInsee": [
        "64445"
      ],
      "petsAllowed": false
    }
  ],
  "isOwnedBy": [
    {
      "@id": "https://data.datatourisme.fr/8dfae802-d0ca-3f6a-b8d4-34d1c91a4531",
      "schema:telephone": [
        "+33 5 59 80 77 50"
      ],
      "@type": [
        "foaf:Agent",
        "Agent"
      ],
      "foaf:homepage": [
        "https://www.zenith-pau.com/evenements/slimane/"
      ]
    }
  ],
  "lastUpdate": "2022-12-31",
  "lastUpdateDatatourisme": "2023-09-27T23:11:03.735Z",
  "offers": [
    {
      "@id": "https://data.datatourisme.fr/15c51b1d-2300-3000-bf89-47f2c9889888",
      "schema:acceptedPaymentMethod": [
        {
          "@id": "kb:BlueCard",
          "@type": [
            "schema:PaymentMethod"
          ],
          "rdfs:label": {
            "de": [
              "Carte bleue"
            ],
            "pt": [
              "Cartão de pagamento (Carte bleue)"
            ],
            "en": [
              "Blue card"
            ],
            "it": [
              "Carta blu"
            ],
            "fr": [
              "Carte bleue"
            ],
            "es": [
              "Tarjeta bancaria"
            ],
            "nl": [
              "Carte Bleue"
            ]
          }
        },
        {
          "@id": "kb:Cash",
          "@type": [
            "schema:PaymentMethod"
          ],
          "rdfs:label": {
            "de": [
              "Art"
            ],
            "pt": [
              "Espécie"
            ],
            "en": [
              "Cash"
            ],
            "it": [
              "Contanti"
            ],
            "fr": [
              "Espèce"
            ],
            "es": [
              "Especie"
            ],
            "nl": [
              "Contant"
            ]
          }
        },
        {
          "@id": "kb:CreditCards",
          "@type": [
            "schema:PaymentMethod"
          ],
          "rdfs:label": {
            "de": [
              "Bankkarten"
            ],
            "pt": [
              "Cartões bancários"
            ],
            "en": [
              "Credit Cards"
            ],
            "it": [
              "Carte bancarie"
            ],
            "fr": [
              "Cartes bancaires"
            ],
            "es": [
              "Tarjetas bancarias"
            ],
            "nl": [
              "Bankkaarten"
            ]
          }
        },
        {
          "@id": "kb:EurocardMastercard",
          "@type": [
            "schema:PaymentMethod"
          ],
          "rdfs:label": {
            "de": [
              "Eurocard – Mastercard"
            ],
            "pt": [
              "Eurocard — Mastercard"
            ],
            "en": [
              "Eurocard - mastercard"
            ],
            "it": [
              "Eurocard - mastercard"
            ],
            "fr": [
              "Eurocard - mastercard"
            ],
            "nl": [
              "Eurocard - Mastercard"
            ],
            "es": [
              "Eurocard - Mastercard"
            ]
          }
        },
        {
          "@id": "kb:Visa",
          "@type": [
            "schema:PaymentMethod"
          ],
          "rdfs:label": {
            "de": [
              "Visa"
            ],
            "pt": [
              "Visto"
            ],
            "en": [
              "Visa"
            ],
            "it": [
              "Visto"
            ],
            "fr": [
              "Visa"
            ],
            "nl": [
              "Visum"
            ],
            "es": [
              "Visa"
            ]
          }
        }
      ],
      "schema:priceSpecification": [
        {
          "@id": "https://data.datatourisme.fr/0f421594-8eb4-3e96-a080-ceeb61452467",
          "schema:maxPrice": [
            "39"
          ],
          "schema:minPrice": [
            "39"
          ],
          "schema:priceCurrency": "EUR",
          "@type": [
            "schema:PriceSpecification",
            "PriceSpecification"
          ],
          "additionalInformation": {
            "fr": [
              "PMR"
            ]
          },
          "hasEligiblePolicy": [
            {
              "@id": "kb:ReducedRate",
              "@type": [
                "PricingPolicy"
              ],
              "rdfs:label": {
                "de": [
                  "Ermäßigter Tarif"
                ],
                "pt": [
                  "Preço reduzido"
                ],
                "en": [
                  "Reduced rate"
                ],
                "it": [
                  "Prezzo ridotto"
                ],
                "fr": [
                  "Tarif réduit"
                ],
                "es": [
                  "Tarifa reducida"
                ],
                "nl": [
                  "Gereduceerd tarief"
                ]
              }
            }
          ],
          "hasPricingMode": [
            {
              "@id": "kb:PerPerson",
              "@type": [
                "PricingMode"
              ],
              "rdfs:label": {
                "de": [
                  "Pro Person"
                ],
                "pt": [
                  "Por pessoa"
                ],
                "en": [
                  "Per person"
                ],
                "it": [
                  "Per persona"
                ],
                "fr": [
                  "Par personne"
                ],
                "es": [
                  "Por persona"
                ],
                "nl": [
                  "Per persoon"
                ]
              }
            },
            {
              "@id": "kb:PerUnit",
              "@type": [
                "PricingMode"
              ],
              "rdfs:label": {
                "de": [
                  "Pro Einheit"
                ],
                "pt": [
                  "Por unidade"
                ],
                "en": [
                  "Per unit"
                ],
                "it": [
                  "Per unità"
                ],
                "fr": [
                  "A l'unité"
                ],
                "es": [
                  "Por unidad"
                ],
                "nl": [
                  "Per eenheid"
                ]
              }
            }
          ]
        },
        {
          "@id": "https://data.datatourisme.fr/25d7865d-b5bf-3a5b-9b21-7a32e2edafb1",
          "schema:maxPrice": [
            "39"
          ],
          "schema:minPrice": [
            "39"
          ],
          "schema:priceCurrency": "EUR",
          "@type": [
            "schema:PriceSpecification",
            "PriceSpecification"
          ],
          "additionalInformation": {
            "de": [
              "3. Kategorie"
            ],
            "en": [
              "3rd category"
            ],
            "it": [
              "3a categoria"
            ],
            "fr": [
              "3ème catégorie"
            ],
            "nl": [
              "3e categorie"
            ],
            "es": [
              "3ª categoría"
            ]
          },
          "hasEligiblePolicy": [
            {
              "@id": "kb:BaseRateFullRate",
              "@type": [
                "PricingPolicy"
              ],
              "rdfs:label": {
                "de": [
                  "Basistarif – voller Tarif"
                ],
                "pt": [
                  "Preço de base — preço total"
                ],
                "en": [
                  "Base rate - full rate"
                ],
                "it": [
                  "Tariffa di base — tariffa intera"
                ],
                "fr": [
                  "Tarif de base - plein tarif"
                ],
                "es": [
                  "Tarifa básica - tarifa completa"
                ],
                "nl": [
                  "Basistarief - vol tarief"
                ]
              }
            }
          ],
          "hasPricingMode": [
            {
              "@id": "kb:PerPerson",
              "@type": [
                "PricingMode"
              ],
              "rdfs:label": {
                "de": [
                  "Pro Person"
                ],
                "pt": [
                  "Por pessoa"
                ],
                "en": [
                  "Per person"
                ],
                "it": [
                  "Per persona"
                ],
                "fr": [
                  "Par personne"
                ],
                "es": [
                  "Por persona"
                ],
                "nl": [
                  "Per persoon"
                ]
              }
            },
            {
              "@id": "kb:PerUnit",
              "@type": [
                "PricingMode"
              ],
              "rdfs:label": {
                "de": [
                  "Pro Einheit"
                ],
                "pt": [
                  "Por unidade"
                ],
                "en": [
                  "Per unit"
                ],
                "it": [
                  "Per unità"
                ],
                "fr": [
                  "A l'unité"
                ],
                "es": [
                  "Por unidad"
                ],
                "nl": [
                  "Per eenheid"
                ]
              }
            }
          ],
          "hasPricingOffer": [
            {
              "@id": "kb:Ticket",
              "@type": [
                "ActivityPricingOffer"
              ],
              "rdfs:label": {
                "de": [
                  "Eintrittskarte, Eintrittsgeld, Pauschale"
                ],
                "pt": [
                  "Bilhete, Direito de entrada, Preço fixo"
                ],
                "en": [
                  "Ticket, Entry fee, Pass"
                ],
                "it": [
                  "Biglietto, diritto d'ingresso, forfait"
                ],
                "fr": [
                  "Ticket, Droit d'entrée, Forfait"
                ],
                "nl": [
                  "Ticket, toegangsbewijs, pas"
                ],
                "es": [
                  "Billete, entrada, forfait"
                ]
              }
            }
          ],
          "hasTranslatedProperty": [
            {
              "@id": "https://data.datatourisme.fr/1df921f3-2970-3653-905a-99112846403c",
              "dc:contributor": [
                "https://api.deepl.com/v2/translate"
              ],
              "rdf:language": [
                "es"
              ],
              "rdf:predicate": [
                "additionalInformation"
              ]
            },
            {
              "@id": "https://data.datatourisme.fr/314add5a-a4c6-3c8c-914d-20ea0547ccbf",
              "dc:contributor": [
                "https://api.deepl.com/v2/translate"
              ],
              "rdf:language": [
                "de"
              ],
              "rdf:predicate": [
                "additionalInformation"
              ]
            },
            {
              "@id": "https://data.datatourisme.fr/3610d402-5be2-3aca-8b67-281428d35482",
              "dc:contributor": [
                "https://api.deepl.com/v2/translate"
              ],
              "rdf:language": [
                "nl"
              ],
              "rdf:predicate": [
                "additionalInformation"
              ]
            },
            {
              "@id": "https://data.datatourisme.fr/7c397e84-3f0a-31f9-bc67-018a0b4d3646",
              "dc:contributor": [
                "https://api.deepl.com/v2/translate"
              ],
              "rdf:language": [
                "en"
              ],
              "rdf:predicate": [
                "additionalInformation"
              ]
            },
            {
              "@id": "https://data.datatourisme.fr/81d63725-e475-3dd6-8d6b-09acbc0d5ee1",
              "dc:contributor": [
                "https://api.deepl.com/v2/translate"
              ],
              "rdf:language": [
                "it"
              ],
              "rdf:predicate": [
                "additionalInformation"
              ]
            }
          ]
        },
        {
          "@id": "https://data.datatourisme.fr/6e162dbd-a93d-31f9-a7af-1d1632c2ae5b",
          "schema:maxPrice": [
            "49"
          ],
          "schema:minPrice": [
            "49"
          ],
          "schema:priceCurrency": "EUR",
          "@type": [
            "schema:PriceSpecification",
            "PriceSpecification"
          ],
          "additionalInformation": {
            "de": [
              "2. Kategorie"
            ],
            "en": [
              "2nd category"
            ],
            "it": [
              "2a categoria"
            ],
            "fr": [
              "2ème catégorie"
            ],
            "nl": [
              "2e categorie"
            ],
            "es": [
              "2ª categoría"
            ]
          },
          "hasEligiblePolicy": [
            {
              "@id": "kb:BaseRateFullRate",
              "@type": [
                "PricingPolicy"
              ],
              "rdfs:label": {
                "de": [
                  "Basistarif – voller Tarif"
                ],
                "pt": [
                  "Preço de base — preço total"
                ],
                "en": [
                  "Base rate - full rate"
                ],
                "it": [
                  "Tariffa di base — tariffa intera"
                ],
                "fr": [
                  "Tarif de base - plein tarif"
                ],
                "es": [
                  "Tarifa básica - tarifa completa"
                ],
                "nl": [
                  "Basistarief - vol tarief"
                ]
              }
            }
          ],
          "hasPricingMode": [
            {
              "@id": "kb:PerPerson",
              "@type": [
                "PricingMode"
              ],
              "rdfs:label": {
                "de": [
                  "Pro Person"
                ],
                "pt": [
                  "Por pessoa"
                ],
                "en": [
                  "Per person"
                ],
                "it": [
                  "Per persona"
                ],
                "fr": [
                  "Par personne"
                ],
                "es": [
                  "Por persona"
                ],
                "nl": [
                  "Per persoon"
                ]
              }
            },
            {
              "@id": "kb:PerUnit",
              "@type": [
                "PricingMode"
              ],
              "rdfs:label": {
                "de": [
                  "Pro Einheit"
                ],
                "pt": [
                  "Por unidade"
                ],
                "en": [
                  "Per unit"
                ],
                "it": [
                  "Per unità"
                ],
                "fr": [
                  "A l'unité"
                ],
                "es": [
                  "Por unidad"
                ],
                "nl": [
                  "Per eenheid"
                ]
              }
            }
          ],
          "hasPricingOffer": [
            {
              "@id": "kb:Ticket",
              "@type": [
                "ActivityPricingOffer"
              ],
              "rdfs:label": {
                "de": [
                  "Eintrittskarte, Eintrittsgeld, Pauschale"
                ],
                "pt": [
                  "Bilhete, Direito de entrada, Preço fixo"
                ],
                "en": [
                  "Ticket, Entry fee, Pass"
                ],
                "it": [
                  "Biglietto, diritto d'ingresso, forfait"
                ],
                "fr": [
                  "Ticket, Droit d'entrée, Forfait"
                ],
                "nl": [
                  "Ticket, toegangsbewijs, pas"
                ],
                "es": [
                  "Billete, entrada, forfait"
                ]
              }
            }
          ],
          "hasTranslatedProperty": [
            {
              "@id": "https://data.datatourisme.fr/48c5cb67-a93a-3299-9cec-7b47c0d666dd",
              "dc:contributor": [
                "https://api.deepl.com/v2/translate"
              ],
              "rdf:language": [
                "it"
              ],
              "rdf:predicate": [
                "additionalInformation"
              ]
            },
            {
              "@id": "https://data.datatourisme.fr/c92102b0-30b2-3666-b627-3077bc91caf7",
              "dc:contributor": [
                "https://api.deepl.com/v2/translate"
              ],
              "rdf:language": [
                "es"
              ],
              "rdf:predicate": [
                "additionalInformation"
              ]
            },
            {
              "@id": "https://data.datatourisme.fr/cb69bb47-c44e-39ad-b099-2bcd055bb255",
              "dc:contributor": [
                "https://api.deepl.com/v2/translate"
              ],
              "rdf:language": [
                "en"
              ],
              "rdf:predicate": [
                "additionalInformation"
              ]
            },
            {
              "@id": "https://data.datatourisme.fr/d0187e18-c3ee-3347-9879-8bda2cdab993",
              "dc:contributor": [
                "https://api.deepl.com/v2/translate"
              ],
              "rdf:language": [
                "de"
              ],
              "rdf:predicate": [
                "additionalInformation"
              ]
            },
            {
              "@id": "https://data.datatourisme.fr/f78a478e-9f90-30c8-8a9a-20dc8b119330",
              "dc:contributor": [
                "https://api.deepl.com/v2/translate"
              ],
              "rdf:language": [
                "nl"
              ],
              "rdf:predicate": [
                "additionalInformation"
              ]
            }
          ]
        },
        {
          "@id": "https://data.datatourisme.fr/cb3669ce-2784-32e5-ac3e-f912a5bc9a76",
          "schema:maxPrice": [
            "69"
          ],
          "schema:minPrice": [
            "69"
          ],
          "schema:priceCurrency": "EUR",
          "@type": [
            "schema:PriceSpecification",
            "PriceSpecification"
          ],
          "additionalInformation": {
            "de": [
              "Quadrat Gold"
            ],
            "en": [
              "Golden Square"
            ],
            "it": [
              "Piazza d'Oro"
            ],
            "fr": [
              "Carré Or"
            ],
            "es": [
              "Plaza de Oro"
            ],
            "nl": [
              "Gouden Plein"
            ]
          },
          "hasEligiblePolicy": [
            {
              "@id": "kb:BaseRateFullRate",
              "@type": [
                "PricingPolicy"
              ],
              "rdfs:label": {
                "de": [
                  "Basistarif – voller Tarif"
                ],
                "pt": [
                  "Preço de base — preço total"
                ],
                "en": [
                  "Base rate - full rate"
                ],
                "it": [
                  "Tariffa di base — tariffa intera"
                ],
                "fr": [
                  "Tarif de base - plein tarif"
                ],
                "es": [
                  "Tarifa básica - tarifa completa"
                ],
                "nl": [
                  "Basistarief - vol tarief"
                ]
              }
            }
          ],
          "hasPricingMode": [
            {
              "@id": "kb:PerPerson",
              "@type": [
                "PricingMode"
              ],
              "rdfs:label": {
                "de": [
                  "Pro Person"
                ],
                "pt": [
                  "Por pessoa"
                ],
                "en": [
                  "Per person"
                ],
                "it": [
                  "Per persona"
                ],
                "fr": [
                  "Par personne"
                ],
                "es": [
                  "Por persona"
                ],
                "nl": [
                  "Per persoon"
                ]
              }
            },
            {
              "@id": "kb:PerUnit",
              "@type": [
                "PricingMode"
              ],
              "rdfs:label": {
                "de": [
                  "Pro Einheit"
                ],
                "pt": [
                  "Por unidade"
                ],
                "en": [
                  "Per unit"
                ],
                "it": [
                  "Per unità"
                ],
                "fr": [
                  "A l'unité"
                ],
                "es": [
                  "Por unidad"
                ],
                "nl": [
                  "Per eenheid"
                ]
              }
            }
          ],
          "hasPricingOffer": [
            {
              "@id": "kb:Ticket",
              "@type": [
                "ActivityPricingOffer"
              ],
              "rdfs:label": {
                "de": [
                  "Eintrittskarte, Eintrittsgeld, Pauschale"
                ],
                "pt": [
                  "Bilhete, Direito de entrada, Preço fixo"
                ],
                "en": [
                  "Ticket, Entry fee, Pass"
                ],
                "it": [
                  "Biglietto, diritto d'ingresso, forfait"
                ],
                "fr": [
                  "Ticket, Droit d'entrée, Forfait"
                ],
                "nl": [
                  "Ticket, toegangsbewijs, pas"
                ],
                "es": [
                  "Billete, entrada, forfait"
                ]
              }
            }
          ],
          "hasTranslatedProperty": [
            {
              "@id": "https://data.datatourisme.fr/384dd53f-6c99-3b5f-a1fd-1fe34b28224f",
              "dc:contributor": [
                "https://api.deepl.com/v2/translate"
              ],
              "rdf:language": [
                "de"
              ],
              "rdf:predicate": [
                "additionalInformation"
              ]
            },
            {
              "@id": "https://data.datatourisme.fr/4d61fcde-54d2-3606-b5d6-c3cc88a66b30",
              "dc:contributor": [
                "https://api.deepl.com/v2/translate"
              ],
              "rdf:language": [
                "nl"
              ],
              "rdf:predicate": [
                "additionalInformation"
              ]
            },
            {
              "@id": "https://data.datatourisme.fr/bb033f18-dae9-319a-8818-8c7867cb1e96",
              "dc:contributor": [
                "https://api.deepl.com/v2/translate"
              ],
              "rdf:language": [
                "it"
              ],
              "rdf:predicate": [
                "additionalInformation"
              ]
            },
            {
              "@id": "https://data.datatourisme.fr/c5308df6-74a7-39da-b0f1-2a314d47dcc1",
              "dc:contributor": [
                "https://api.deepl.com/v2/translate"
              ],
              "rdf:language": [
                "en"
              ],
              "rdf:predicate": [
                "additionalInformation"
              ]
            },
            {
              "@id": "https://data.datatourisme.fr/dbe26dba-7529-3957-84e6-6a98a2444be9",
              "dc:contributor": [
                "https://api.deepl.com/v2/translate"
              ],
              "rdf:language": [
                "es"
              ],
              "rdf:predicate": [
                "additionalInformation"
              ]
            }
          ]
        },
        {
          "@id": "https://data.datatourisme.fr/d4e910d2-1638-32a3-8529-b79708955f35",
          "schema:maxPrice": [
            "59"
          ],
          "schema:minPrice": [
            "59"
          ],
          "schema:priceCurrency": "EUR",
          "@type": [
            "schema:PriceSpecification",
            "PriceSpecification"
          ],
          "additionalInformation": {
            "de": [
              "1. Kategorie"
            ],
            "en": [
              "1st category"
            ],
            "it": [
              "1a categoria"
            ],
            "fr": [
              "1ère catégorie"
            ],
            "nl": [
              "1e categorie"
            ],
            "es": [
              "1ª categoría"
            ]
          },
          "hasEligiblePolicy": [
            {
              "@id": "kb:BaseRateFullRate",
              "@type": [
                "PricingPolicy"
              ],
              "rdfs:label": {
                "de": [
                  "Basistarif – voller Tarif"
                ],
                "pt": [
                  "Preço de base — preço total"
                ],
                "en": [
                  "Base rate - full rate"
                ],
                "it": [
                  "Tariffa di base — tariffa intera"
                ],
                "fr": [
                  "Tarif de base - plein tarif"
                ],
                "es": [
                  "Tarifa básica - tarifa completa"
                ],
                "nl": [
                  "Basistarief - vol tarief"
                ]
              }
            }
          ],
          "hasPricingMode": [
            {
              "@id": "kb:PerPerson",
              "@type": [
                "PricingMode"
              ],
              "rdfs:label": {
                "de": [
                  "Pro Person"
                ],
                "pt": [
                  "Por pessoa"
                ],
                "en": [
                  "Per person"
                ],
                "it": [
                  "Per persona"
                ],
                "fr": [
                  "Par personne"
                ],
                "es": [
                  "Por persona"
                ],
                "nl": [
                  "Per persoon"
                ]
              }
            },
            {
              "@id": "kb:PerUnit",
              "@type": [
                "PricingMode"
              ],
              "rdfs:label": {
                "de": [
                  "Pro Einheit"
                ],
                "pt": [
                  "Por unidade"
                ],
                "en": [
                  "Per unit"
                ],
                "it": [
                  "Per unità"
                ],
                "fr": [
                  "A l'unité"
                ],
                "es": [
                  "Por unidad"
                ],
                "nl": [
                  "Per eenheid"
                ]
              }
            }
          ],
          "hasPricingOffer": [
            {
              "@id": "kb:Ticket",
              "@type": [
                "ActivityPricingOffer"
              ],
              "rdfs:label": {
                "de": [
                  "Eintrittskarte, Eintrittsgeld, Pauschale"
                ],
                "pt": [
                  "Bilhete, Direito de entrada, Preço fixo"
                ],
                "en": [
                  "Ticket, Entry fee, Pass"
                ],
                "it": [
                  "Biglietto, diritto d'ingresso, forfait"
                ],
                "fr": [
                  "Ticket, Droit d'entrée, Forfait"
                ],
                "nl": [
                  "Ticket, toegangsbewijs, pas"
                ],
                "es": [
                  "Billete, entrada, forfait"
                ]
              }
            }
          ],
          "hasTranslatedProperty": [
            {
              "@id": "https://data.datatourisme.fr/09ff1b51-ad5a-370b-bed0-2868fb284a77",
              "dc:contributor": [
                "https://api.deepl.com/v2/translate"
              ],
              "rdf:language": [
                "it"
              ],
              "rdf:predicate": [
                "additionalInformation"
              ]
            },
            {
              "@id": "https://data.datatourisme.fr/4f97d068-41e0-3904-91f4-b106420d210f",
              "dc:contributor": [
                "https://api.deepl.com/v2/translate"
              ],
              "rdf:language": [
                "es"
              ],
              "rdf:predicate": [
                "additionalInformation"
              ]
            },
            {
              "@id": "https://data.datatourisme.fr/6b3b6189-0331-3bbe-8b14-28763da4f2ff",
              "dc:contributor": [
                "https://api.deepl.com/v2/translate"
              ],
              "rdf:language": [
                "en"
              ],
              "rdf:predicate": [
                "additionalInformation"
              ]
            },
            {
              "@id": "https://data.datatourisme.fr/870df815-e967-3647-a346-082985e6ea4e",
              "dc:contributor": [
                "https://api.deepl.com/v2/translate"
              ],
              "rdf:language": [
                "de"
              ],
              "rdf:predicate": [
                "additionalInformation"
              ]
            },
            {
              "@id": "https://data.datatourisme.fr/fe01b9c1-3809-3d67-b282-cb0d0845e161",
              "dc:contributor": [
                "https://api.deepl.com/v2/translate"
              ],
              "rdf:language": [
                "nl"
              ],
              "rdf:predicate": [
                "additionalInformation"
              ]
            }
          ]
        }
      ],
      "@type": [
        "schema:Offer",
        "Offer"
      ]
    }
  ],
  "reducedMobilityAccess": true,
  "takesPlaceAt": [
    {
      "@id": "https://data.datatourisme.fr/8d564d9a-f7bb-3b0e-8d12-2df2c98961e2",
      "@type": [
        "Period"
      ],
      "endDate": "2024-02-02",
      "startDate": "2024-02-02",
      "startTime": "20:00:00"
    }
  ]
}