{
  "@id": "https://data.datatourisme.fr/23/00ff557a-43f8-3021-8898-9264a51449b7",
  "dc:identifier": "ASCAQU040V502QP3",
  "@type": [
    "PlaceOfInterest",
    "PointOfInterest",
    "SportsAndLeisurePlace"
  ],
  "rdfs:comment": {
    "de": [
      "Die Ferme équestre d'Halco, die nur wenige Meter von den Lacs d'Halco entfernt liegt, empfängt Sie für Spaziergänge, Wanderungen, Reitkurse und -praktika. Sie werden die Ruhe der Umgebung bei einem Ausritt zu Pferd oder auf einem Pony genießen. Hier kommen Naturliebhaber und Erholungssuchende voll auf ihre Kosten."
    ],
    "en": [
      "The Halco Horse Farm, just a few metres from the Halco Lakes site, welcomes you for walks, hikes, courses and riding lessons. You will appreciate the calm of the place through a horse or pony ride. Here the lovers of nature and relaxation will be fulfilled."
    ],
    "it": [
      "La Fattoria equestre Halco, a pochi metri dal sito dei Laghi di Halco, vi accoglie per passeggiate, escursioni, corsi e stage di equitazione. Potrete apprezzare la calma del luogo attraverso una passeggiata a cavallo o su pony. Qui gli amanti della natura e del relax saranno soddisfatti."
    ],
    "fr": [
      "La Ferme équestre d'Halco, à quelques mètres à peine du site des Lacs d'Halco, vous accueillent pour des promenades, randonnées, cours et stages d'équitation. Vous apprécierez le calme des lieux à travers une balade à cheval ou à poney. Ici les amoureux de nature et de détente seront comblés."
    ],
    "es": [
      "La Granja Ecuestre de Halco, a pocos metros del emplazamiento de los Lagos de Halco, le da la bienvenida para realizar paseos, excursiones, cursos y cursillos de equitación. Podrá apreciar la calma del lugar a través de un paseo a caballo o en poni. Aquí, los amantes de la naturaleza y de la relajación estarán encantados."
    ],
    "nl": [
      "De Halco Paardenboerderij, op enkele meters van het terrein van de Halco Meren, verwelkomt u voor ritten, excursies, cursussen en paardrijlessen. U zult de rust van de plaats waarderen tijdens een ritje te paard of op een pony. Hier kunnen natuurliefhebbers en liefhebbers van ontspanning hun hart ophalen."
    ]
  },
  "rdfs:label": {
    "de": [
      "Ferme équestre d'Halco"
    ],
    "en": [
      "Ferme équestre d'Halco"
    ],
    "fr": [
      "Ferme équestre d'Halco"
    ],
    "nl": [
      "Ferme équestre d'Halco"
    ],
    "es": [
      "Ferme équestre d'Halco"
    ]
  },
  "availableLanguage": [
    "fr"
  ],
  "creationDate": "2014-10-20",
  "hasBeenCreatedBy": {
    "@id": "https://data.datatourisme.fr/23/db61834a-d7d7-3cc3-88c4-a75862f4ac2b",
    "dc:identifier": "dd8c6139-bbca-43e5-80ae-d460770f6cce",
    "schema:legalName": "OT Chalosse Tursan",
    "@type": [
      "schema:Organization",
      "foaf:Agent",
      "Agent"
    ]
  },
  "hasBeenPublishedBy": [
    {
      "@id": "https://data.datatourisme.fr/05dc9cb8-2fa5-383d-b87b-497de06649a2",
      "schema:email": [
        "sirtaqui@na-tourisme.com"
      ],
      "schema:legalName": "SIRTAQUI Nouvelle-Aquitaine",
      "schema:logo": "http://aquitaine.media.tourinsoft.eu/upload/Logo-Sirtaqui-1280x405.jpg",
      "@type": [
        "schema:Organization",
        "foaf:Agent",
        "Agent"
      ],
      "rdfs:comment": {
        "de": [
          "Collecter, mettre en commun et diffuser le plus largement possible une information complète et de qualité au service de nos habitants et de nos visiteurs : voici les objectifs du SIRTAQUI, Système d’Information Régional Touristique de Nouvelle-AQUItaine. Le dispositif est mis en œuvre conjointement par le Comité Régional de Tourisme de Nouvelle-Aquitaine, les services touristiques de la Corrèze, de la Creuse, de la Dordogne, de la Gironde, des Landes, du Lot-et-Garonne, des Pyrénées-Atlantiques, des Deux-Sèvres, de la Vienne et de la Haute-Vienne, en collaboration avec les Offices de Tourisme, et avec le soutien financier de l’Europe et du Conseil Régional."
        ],
        "en": [
          "Collecter, mettre en commun et diffuser le plus largement possible une information complète et de qualité au service de nos habitants et de nos visiteurs : voici les objectifs du SIRTAQUI, Système d’Information Régional Touristique de Nouvelle-AQUItaine. Le dispositif est mis en œuvre conjointement par le Comité Régional de Tourisme de Nouvelle-Aquitaine, les services touristiques de la Corrèze, de la Creuse, de la Dordogne, de la Gironde, des Landes, du Lot-et-Garonne, des Pyrénées-Atlantiques, des Deux-Sèvres, de la Vienne et de la Haute-Vienne, en collaboration avec les Offices de Tourisme, et avec le soutien financier de l’Europe et du Conseil Régional."
        ],
        "it": [
          "L'obiettivo di SIRTAQUI, il Sistema Regionale di Informazione Turistica della Nuova Aquitania, è quello di raccogliere, mettere in comune e diffondere il più possibile informazioni complete e di qualità a beneficio dei nostri residenti e visitatori. Il sistema è realizzato congiuntamente dal Comité Régional de Tourisme de Nouvelle-Aquitaine, dai servizi turistici di Corrèze, Creuse, Dordogne, Gironde, Landes, Lot-et-Garonne, Pyrénées-Atlantiques, Deux-Sèvres, Vienne e Haute-Vienne, in collaborazione con gli Uffici del Turismo e con il sostegno finanziario dell'Europa e del Conseil Régional."
        ],
        "fr": [
          "Collecter, mettre en commun et diffuser le plus largement possible une information complète et de qualité au service de nos habitants et de nos visiteurs : voici les objectifs du SIRTAQUI, Système d’Information Régional Touristique de Nouvelle-AQUItaine. Le dispositif est mis en œuvre conjointement par le Comité Régional de Tourisme de Nouvelle-Aquitaine, les services touristiques de la Corrèze, de la Creuse, de la Dordogne, de la Gironde, des Landes, du Lot-et-Garonne, des Pyrénées-Atlantiques, des Deux-Sèvres, de la Vienne et de la Haute-Vienne, en collaboration avec les Offices de Tourisme, et avec le soutien financier de l’Europe et du Conseil Régional."
        ],
        "nl": [
          "Collecter, mettre en commun et diffuser le plus largement possible une information complète et de qualité au service de nos habitants et de nos visiteurs : voici les objectifs du SIRTAQUI, Système d’Information Régional Touristique de Nouvelle-AQUItaine. Le dispositif est mis en œuvre conjointement par le Comité Régional de Tourisme de Nouvelle-Aquitaine, les services touristiques de la Corrèze, de la Creuse, de la Dordogne, de la Gironde, des Landes, du Lot-et-Garonne, des Pyrénées-Atlantiques, des Deux-Sèvres, de la Vienne et de la Haute-Vienne, en collaboration avec les Offices de Tourisme, et avec le soutien financier de l’Europe et du Conseil Régional."
        ],
        "es": [
          "Collecter, mettre en commun et diffuser le plus largement possible une information complète et de qualité au service de nos habitants et de nos visiteurs : voici les objectifs du SIRTAQUI, Système d’Information Régional Touristique de Nouvelle-AQUItaine. Le dispositif est mis en œuvre conjointement par le Comité Régional de Tourisme de Nouvelle-Aquitaine, les services touristiques de la Corrèze, de la Creuse, de la Dordogne, de la Gironde, des Landes, du Lot-et-Garonne, des Pyrénées-Atlantiques, des Deux-Sèvres, de la Vienne et de la Haute-Vienne, en collaboration avec les Offices de Tourisme, et avec le soutien financier de l’Europe et du Conseil Régional."
        ]
      },
      "foaf:homepage": [
        "http://www.sirtaqui-aquitaine.com/"
      ],
      "hasTranslatedProperty": [
        {
          "@id": "https://data.datatourisme.fr/eef27e75-4a23-313e-a6ee-797e7b64a1cd",
          "dc:contributor": [
            "https://api.deepl.com/v2/translate"
          ],
          "rdf:language": [
            "it"
          ],
          "rdf:predicate": [
            {
              "@id": "rdfs:comment"
            }
          ]
        }
      ]
    }
  ],
  "hasBookingContact": [
    {
      "@id": "https://data.datatourisme.fr/5ba5ffa7-df93-3bde-a912-2a17665f24c8",
      "schema:email": [
        "ferme.equestre.halco@gmail.com"
      ],
      "schema:legalName": "Ferme équestre d'Halco",
      "schema:telephone": [
        "+33 6 87 40 49 24"
      ],
      "@type": [
        "schema:Organization",
        "foaf:Agent",
        "Agent"
      ],
      "foaf:homepage": [
        "http://ferme-equestre-halco.fr/"
      ]
    }
  ],
  "hasContact": [
    {
      "@id": "https://data.datatourisme.fr/5ba5ffa7-df93-3bde-a912-2a17665f24c8",
      "schema:email": [
        "ferme.equestre.halco@gmail.com"
      ],
      "schema:legalName": "Ferme équestre d'Halco",
      "schema:telephone": [
        "+33 6 87 40 49 24"
      ],
      "@type": [
        "schema:Organization",
        "foaf:Agent",
        "Agent"
      ],
      "foaf:homepage": [
        "http://ferme-equestre-halco.fr/"
      ]
    },
    {
      "@id": "https://data.datatourisme.fr/d9356ebd-27d8-333e-b274-49631ebc8408",
      "schema:email": [
        "ferme.equestre.halco@gmail.com"
      ],
      "schema:legalName": "Madame Claire MONOT",
      "schema:telephone": [
        "+33 6 87 40 49 24"
      ],
      "@type": [
        "schema:Organization",
        "foaf:Agent",
        "Agent"
      ],
      "foaf:homepage": [
        "http://ferme-equestre-halco.fr/"
      ]
    }
  ],
  "hasDescription": [
    {
      "@id": "https://data.datatourisme.fr/9e1a2213-1436-354e-bf3d-4bd5e619495d",
      "dc:description": {
        "de": [
          "Die Ferme équestre d'Halco empfängt Sie in einer wunderschönen grünen Umgebung in unmittelbarer Nähe der Seen und bietet Ihnen zahlreiche Aktivitäten an: Freizeitreiten, Ausritte, Bundesprüfungen, freundschaftliche oder offizielle Wettkämpfe und die Perfektionierung Ihrer Kenntnisse.\nVom Pony über das Pferd bis hin zum pädagogischen Bauernhof finden hier alle Natur- und Tierliebhaber ein kleines Fleckchen Glück. Während der Schulzeit werden die Kurse dienstags, donnerstags und freitags am Abend und mittwochs und samstags tagsüber angeboten.  Im Sommer werden Ponytaufen, Ausritte und Kurse für alle angeboten."
        ],
        "en": [
          "The Ferme Equestre d'Halco welcomes you to a magnificent green setting right next to the lakes, and offers you a wide range of activities: leisure riding, trail rides, federal exams, friendly or official competitions, and perfecting your skills.\nFrom pony to horse to educational farm, there's something for all nature and animal lovers. During the school year, evening classes are offered on Tuesdays, Thursdays and Fridays, and daytime classes on Wednesdays and Saturdays.  In summer, pony trekking, horse riding and training courses are available to all."
        ],
        "it": [
          "La Ferme Equestre d'Halco vi accoglie in una magnifica cornice verde, proprio accanto ai laghi, e vi offre un'ampia gamma di attività: equitazione per il tempo libero, passeggiate, esami federali, gare amichevoli o ufficiali e perfezionamento delle vostre abilità.\nDai pony e i cavalli alle fattorie didattiche, ce n'è per tutti gli amanti della natura e degli animali. Durante il periodo scolastico, le lezioni si tengono la sera il martedì, il giovedì e il venerdì e durante il giorno il mercoledì e il sabato.  In estate, pony trekking, equitazione e corsi sono disponibili per tutti."
        ],
        "fr": [
          "La Ferme équestre d'Halco vous accueille dans un magnifique cadre de verdure à proximité immédiate des lacs et vous propose de nombreuses activités : équitation de loisir, promenades, examens fédéraux, compétitions amicales ou officielles et perfectionnement de vos connaissances.\nDu poney au cheval en passant par la ferme pédagogique, tous les amoureux de la nature et des animaux y trouveront un petit coin de bonheur. En période scolaire, cours proposés le soir le mardi, jeudi et vendredi et en journée les mercredi et samedi.  En été, baptême de poney, balade à cheval et stage sont proposés à tous."
        ],
        "es": [
          "La Ferme Equestre d'Halco le da la bienvenida en un magnífico entorno verde junto a los lagos y le ofrece una amplia gama de actividades: equitación de ocio, paseos por senderos, exámenes federales, competiciones amistosas u oficiales y perfeccionamiento de sus habilidades.\nDesde ponis y caballos hasta granjas educativas, hay algo para todos los amantes de la naturaleza y los animales. Durante el curso escolar, las clases se imparten por la tarde los martes, jueves y viernes, y durante el día los miércoles y sábados.  En verano, se organizan excursiones en poni, paseos a caballo y cursos para todos los públicos."
        ],
        "nl": [
          "De Ferme Equestre d'Halco verwelkomt je in een prachtige groene omgeving aan de rand van de meren en biedt een breed scala aan activiteiten: vrijetijdsritten, buitenritten, federale examens, vriendschappelijke of officiële wedstrijden en het perfectioneren van je vaardigheden.\nVan pony's en paarden tot educatieve boerderijen, er is voor elk wat wils die van de natuur en dieren houdt. Tijdens het schooljaar worden de lessen 's avonds aangeboden op dinsdag, donderdag en vrijdag en overdag op woensdag en zaterdag.  In de zomer zijn er ponyritten, paardrijden en cursussen voor iedereen."
        ]
      },
      "@type": [
        "Description"
      ],
      "hasTranslatedProperty": [
        {
          "@id": "https://data.datatourisme.fr/25585021-0670-32bb-8c86-c7c41d605c24",
          "dc:contributor": [
            "https://api.deepl.com/v2/translate"
          ],
          "rdf:language": [
            "en"
          ],
          "rdf:predicate": [
            "shortDescription"
          ]
        },
        {
          "@id": "https://data.datatourisme.fr/4f7700fa-cff8-398d-8ba3-1fe4652d8fe0",
          "dc:contributor": [
            "https://api.deepl.com/v2/translate"
          ],
          "rdf:language": [
            "nl"
          ],
          "rdf:predicate": [
            {
              "@id": "dc:description"
            }
          ]
        },
        {
          "@id": "https://data.datatourisme.fr/52a92276-690f-3ed1-b3d1-e0606c5bb889",
          "dc:contributor": [
            "https://api.deepl.com/v2/translate"
          ],
          "rdf:language": [
            "de"
          ],
          "rdf:predicate": [
            {
              "@id": "dc:description"
            }
          ]
        },
        {
          "@id": "https://data.datatourisme.fr/6e9984d1-7436-3399-a84a-b4f2bbe4f0f0",
          "dc:contributor": [
            "https://api.deepl.com/v2/translate"
          ],
          "rdf:language": [
            "es"
          ],
          "rdf:predicate": [
            "shortDescription"
          ]
        },
        {
          "@id": "https://data.datatourisme.fr/92a47e9b-a3f9-3748-8897-e09b57cbe492",
          "dc:contributor": [
            "https://api.deepl.com/v2/translate"
          ],
          "rdf:language": [
            "nl"
          ],
          "rdf:predicate": [
            "shortDescription"
          ]
        },
        {
          "@id": "https://data.datatourisme.fr/940e274b-659d-3c29-ae11-2a3f42015627",
          "dc:contributor": [
            "https://api.deepl.com/v2/translate"
          ],
          "rdf:language": [
            "es"
          ],
          "rdf:predicate": [
            {
              "@id": "dc:description"
            }
          ]
        },
        {
          "@id": "https://data.datatourisme.fr/b501c85e-0a1f-327a-ade6-6e4bdec0625e",
          "dc:contributor": [
            "https://api.deepl.com/v2/translate"
          ],
          "rdf:language": [
            "it"
          ],
          "rdf:predicate": [
            {
              "@id": "dc:description"
            }
          ]
        },
        {
          "@id": "https://data.datatourisme.fr/d48c9a63-2eed-309d-af25-f35ac23f0ac8",
          "dc:contributor": [
            "https://api.deepl.com/v2/translate"
          ],
          "rdf:language": [
            "it"
          ],
          "rdf:predicate": [
            "shortDescription"
          ]
        },
        {
          "@id": "https://data.datatourisme.fr/e1f46a4b-c07b-3ddb-9345-1c48f9a8d7c9",
          "dc:contributor": [
            "https://api.deepl.com/v2/translate"
          ],
          "rdf:language": [
            "de"
          ],
          "rdf:predicate": [
            "shortDescription"
          ]
        },
        {
          "@id": "https://data.datatourisme.fr/e8600b2d-ee12-363c-b8a8-474e71fdf5e1",
          "dc:contributor": [
            "https://api.deepl.com/v2/translate"
          ],
          "rdf:language": [
            "en"
          ],
          "rdf:predicate": [
            {
              "@id": "dc:description"
            }
          ]
        }
      ],
      "isDedicatedTo": [
        {
          "@id": "kb:Horserider",
          "@type": [
            "PeopleAudience"
          ],
          "rdfs:label": {
            "de": [
              "Reiter"
            ],
            "pt": [
              "Cavaleiros"
            ],
            "en": [
              "Horserider"
            ],
            "it": [
              "Cavallerizzi"
            ],
            "fr": [
              "Cavaliers"
            ],
            "nl": [
              "Ruiters"
            ],
            "es": [
              "Jinetes"
            ]
          }
        }
      ],
      "shortDescription": {
        "de": [
          "Die Ferme équestre d'Halco, die nur wenige Meter von den Lacs d'Halco entfernt liegt, empfängt Sie für Spaziergänge, Wanderungen, Reitkurse und -praktika. Sie werden die Ruhe der Umgebung bei einem Ausritt zu Pferd oder auf einem Pony genießen. Hier kommen Naturliebhaber und Erholungssuchende voll auf ihre Kosten."
        ],
        "en": [
          "The Halco Horse Farm, just a few metres from the Halco Lakes site, welcomes you for walks, hikes, courses and riding lessons. You will appreciate the calm of the place through a horse or pony ride. Here the lovers of nature and relaxation will be fulfilled."
        ],
        "it": [
          "La Fattoria equestre Halco, a pochi metri dal sito dei Laghi di Halco, vi accoglie per passeggiate, escursioni, corsi e stage di equitazione. Potrete apprezzare la calma del luogo attraverso una passeggiata a cavallo o su pony. Qui gli amanti della natura e del relax saranno soddisfatti."
        ],
        "fr": [
          "La Ferme équestre d'Halco, à quelques mètres à peine du site des Lacs d'Halco, vous accueillent pour des promenades, randonnées, cours et stages d'équitation. Vous apprécierez le calme des lieux à travers une balade à cheval ou à poney. Ici les amoureux de nature et de détente seront comblés."
        ],
        "es": [
          "La Granja Ecuestre de Halco, a pocos metros del emplazamiento de los Lagos de Halco, le da la bienvenida para realizar paseos, excursiones, cursos y cursillos de equitación. Podrá apreciar la calma del lugar a través de un paseo a caballo o en poni. Aquí, los amantes de la naturaleza y de la relajación estarán encantados."
        ],
        "nl": [
          "De Halco Paardenboerderij, op enkele meters van het terrein van de Halco Meren, verwelkomt u voor ritten, excursies, cursussen en paardrijlessen. U zult de rust van de plaats waarderen tijdens een ritje te paard of op een pony. Hier kunnen natuurliefhebbers en liefhebbers van ontspanning hun hart ophalen."
        ]
      }
    }
  ],
  "hasFeature": [
    {
      "@id": "https://data.datatourisme.fr/9284c03d-b4b3-398b-85a2-5ff51207f23d",
      "@type": [
        "schema:PropertyValue",
        "FeatureSpecification"
      ],
      "features": [
        {
          "@id": "kb:CarPark",
          "@type": [
            "CommonAmenity",
            "GeneralPricingOffer"
          ],
          "rdfs:label": {
            "de": [
              "Parkplatz"
            ],
            "pt": [
              "Estacionamento"
            ],
            "en": [
              "Car park"
            ],
            "it": [
              "Parcheggio"
            ],
            "fr": [
              "Parking"
            ],
            "nl": [
              "Parkeerplaats"
            ],
            "es": [
              "Aparcamiento"
            ]
          }
        }
      ],
      "petsAllowed": true
    }
  ],
  "hasMainRepresentation": [
    {
      "@id": "https://data.datatourisme.fr/abb70881-61f7-32c4-870e-1e3f40a5f0ee",
      "ebucore:hasAnnotation": [
        {
          "@id": "https://data.datatourisme.fr/91f52531-98af-38ba-8994-c9b69558af7a",
          "ebucore:isCoveredBy": "By-NC-ND 4.0",
          "ebucore:title": {
            "fr": [
              "Ferme équestre d'Halco"
            ]
          },
          "@type": [
            "ebucore:Annotation"
          ],
          "credits": [
            "Claire Monot"
          ]
        }
      ],
      "ebucore:hasRelatedResource": [
        {
          "@id": "https://data.datatourisme.fr/5d9a0265-5766-3d36-b5f1-35655d783f89",
          "ebucore:hasMimeType": [
            {
              "@id": "kb:JPEG",
              "@type": [
                "ebucore:MimeType"
              ],
              "rdfs:comment": {
                "de": [
                  "JPEG-Bild"
                ],
                "pt": [
                  "Imagem JPEG"
                ],
                "en": [
                  "JPEG image file"
                ],
                "it": [
                  "Immagine JPEG"
                ],
                "fr": [
                  "Image JPEG"
                ],
                "nl": [
                  "JPEG-afbeelding"
                ],
                "es": [
                  "Imagen JPEG"
                ]
              },
              "rdfs:label": {
                "de": [
                  "image/jpeg"
                ],
                "pt": [
                  "image/jpeg"
                ],
                "en": [
                  "image/jpeg"
                ],
                "it": [
                  "image/jpeg"
                ],
                "fr": [
                  "image/jpeg"
                ],
                "nl": [
                  "image/jpeg"
                ],
                "es": [
                  "image/jpeg"
                ]
              }
            }
          ],
          "ebucore:locator": [
            "http://aquitaine.media.tourinsoft.eu/Upload/lac-halco2.jpg"
          ],
          "@type": [
            "ebucore:Resource"
          ]
        }
      ],
      "@type": [
        "ebucore:EditorialObject"
      ]
    }
  ],
  "hasNeighborhood": [
    {
      "@id": "kb:InTheCountryside",
      "@type": [
        "SpatialEnvironmentTheme"
      ],
      "rdfs:label": {
        "de": [
          "Auf dem Land"
        ],
        "pt": [
          "No campo"
        ],
        "en": [
          "In the countryside"
        ],
        "it": [
          "In campagna"
        ],
        "fr": [
          "A la campagne"
        ],
        "nl": [
          "Op het platteland"
        ],
        "es": [
          "En el campo"
        ]
      }
    },
    {
      "@id": "kb:Lakeside",
      "@type": [
        "SpatialEnvironmentTheme"
      ],
      "rdfs:label": {
        "de": [
          "Ufer eines Sees oder Gewässers"
        ],
        "pt": [
          "Margem de lago ou de plano de água"
        ],
        "en": [
          "Lakeside"
        ],
        "it": [
          "Bordo lago o sulle rive di un corpo d'acqua"
        ],
        "fr": [
          "Bord de lac ou de plan d'eau"
        ],
        "nl": [
          "Aan een meer of waterpartij"
        ],
        "es": [
          "A orillas de un lago o de un cuerpo de agua"
        ]
      }
    }
  ],
  "hasRepresentation": [
    {
      "@id": "https://data.datatourisme.fr/abb70881-61f7-32c4-870e-1e3f40a5f0ee",
      "ebucore:hasAnnotation": [
        {
          "@id": "https://data.datatourisme.fr/91f52531-98af-38ba-8994-c9b69558af7a",
          "ebucore:isCoveredBy": "By-NC-ND 4.0",
          "ebucore:title": {
            "fr": [
              "Ferme équestre d'Halco"
            ]
          },
          "@type": [
            "ebucore:Annotation"
          ],
          "credits": [
            "Claire Monot"
          ]
        }
      ],
      "ebucore:hasRelatedResource": [
        {
          "@id": "https://data.datatourisme.fr/5d9a0265-5766-3d36-b5f1-35655d783f89",
          "ebucore:hasMimeType": [
            {
              "@id": "kb:JPEG",
              "@type": [
                "ebucore:MimeType"
              ],
              "rdfs:comment": {
                "de": [
                  "JPEG-Bild"
                ],
                "pt": [
                  "Imagem JPEG"
                ],
                "en": [
                  "JPEG image file"
                ],
                "it": [
                  "Immagine JPEG"
                ],
                "fr": [
                  "Image JPEG"
                ],
                "nl": [
                  "JPEG-afbeelding"
                ],
                "es": [
                  "Imagen JPEG"
                ]
              },
              "rdfs:label": {
                "de": [
                  "image/jpeg"
                ],
                "pt": [
                  "image/jpeg"
                ],
                "en": [
                  "image/jpeg"
                ],
                "it": [
                  "image/jpeg"
                ],
                "fr": [
                  "image/jpeg"
                ],
                "nl": [
                  "image/jpeg"
                ],
                "es": [
                  "image/jpeg"
                ]
              }
            }
          ],
          "ebucore:locator": [
            "http://aquitaine.media.tourinsoft.eu/Upload/lac-halco2.jpg"
          ],
          "@type": [
            "ebucore:Resource"
          ]
        }
      ],
      "@type": [
        "ebucore:EditorialObject"
      ]
    },
    {
      "@id": "https://data.datatourisme.fr/d65f7906-2067-3074-9b51-19537dc296ef",
      "ebucore:hasAnnotation": [
        {
          "@id": "https://data.datatourisme.fr/91f52531-98af-38ba-8994-c9b69558af7a",
          "ebucore:isCoveredBy": "By-NC-ND 4.0",
          "ebucore:title": {
            "fr": [
              "Ferme équestre d'Halco"
            ]
          },
          "@type": [
            "ebucore:Annotation"
          ],
          "credits": [
            "Claire Monot"
          ]
        }
      ],
      "ebucore:hasRelatedResource": [
        {
          "@id": "https://data.datatourisme.fr/3285a73d-f21f-3aaa-b649-a78bfff19e8c",
          "ebucore:hasMimeType": [
            {
              "@id": "kb:JPEG",
              "@type": [
                "ebucore:MimeType"
              ],
              "rdfs:comment": {
                "de": [
                  "JPEG-Bild"
                ],
                "pt": [
                  "Imagem JPEG"
                ],
                "en": [
                  "JPEG image file"
                ],
                "it": [
                  "Immagine JPEG"
                ],
                "fr": [
                  "Image JPEG"
                ],
                "nl": [
                  "JPEG-afbeelding"
                ],
                "es": [
                  "Imagen JPEG"
                ]
              },
              "rdfs:label": {
                "de": [
                  "image/jpeg"
                ],
                "pt": [
                  "image/jpeg"
                ],
                "en": [
                  "image/jpeg"
                ],
                "it": [
                  "image/jpeg"
                ],
                "fr": [
                  "image/jpeg"
                ],
                "nl": [
                  "image/jpeg"
                ],
                "es": [
                  "image/jpeg"
                ]
              }
            }
          ],
          "ebucore:locator": [
            "http://aquitaine.media.tourinsoft.eu/Upload/lac-halco.jpg"
          ],
          "@type": [
            "ebucore:Resource"
          ]
        }
      ],
      "@type": [
        "ebucore:EditorialObject"
      ]
    }
  ],
  "hasTheme": [
    {
      "@id": "kb:InTheCountryside",
      "@type": [
        "SpatialEnvironmentTheme"
      ],
      "rdfs:label": {
        "de": [
          "Auf dem Land"
        ],
        "pt": [
          "No campo"
        ],
        "en": [
          "In the countryside"
        ],
        "it": [
          "In campagna"
        ],
        "fr": [
          "A la campagne"
        ],
        "nl": [
          "Op het platteland"
        ],
        "es": [
          "En el campo"
        ]
      }
    },
    {
      "@id": "kb:Lakeside",
      "@type": [
        "SpatialEnvironmentTheme"
      ],
      "rdfs:label": {
        "de": [
          "Ufer eines Sees oder Gewässers"
        ],
        "pt": [
          "Margem de lago ou de plano de água"
        ],
        "en": [
          "Lakeside"
        ],
        "it": [
          "Bordo lago o sulle rive di un corpo d'acqua"
        ],
        "fr": [
          "Bord de lac ou de plan d'eau"
        ],
        "nl": [
          "Aan een meer of waterpartij"
        ],
        "es": [
          "A orillas de un lago o de un cuerpo de agua"
        ]
      }
    },
    {
      "@id": "kb:Riding",
      "@type": [
        "SportsTheme"
      ],
      "rdfs:label": {
        "de": [
          "Reiten"
        ],
        "pt": [
          "Equitação"
        ],
        "en": [
          "Riding"
        ],
        "it": [
          "Equitazione"
        ],
        "fr": [
          "Equitation"
        ],
        "nl": [
          "Paardrijden"
        ],
        "es": [
          "Equitación"
        ]
      }
    }
  ],
  "hasTranslatedProperty": [
    {
      "@id": "https://data.datatourisme.fr/29b3c815-1323-35f9-8d86-bae71031a99d",
      "dc:contributor": [
        "https://api.deepl.com/v2/translate"
      ],
      "rdf:language": [
        "en"
      ],
      "rdf:predicate": [
        {
          "@id": "rdfs:comment"
        }
      ]
    },
    {
      "@id": "https://data.datatourisme.fr/2af4038f-188a-3039-8737-d34a2684182a",
      "dc:contributor": [
        "https://api.deepl.com/v2/translate"
      ],
      "rdf:language": [
        "de"
      ],
      "rdf:predicate": [
        {
          "@id": "rdfs:comment"
        }
      ]
    },
    {
      "@id": "https://data.datatourisme.fr/380e2fc2-a8f3-3db2-8fd2-e774ca9f10c0",
      "dc:contributor": [
        "https://api.deepl.com/v2/translate"
      ],
      "rdf:language": [
        "es"
      ],
      "rdf:predicate": [
        {
          "@id": "rdfs:comment"
        }
      ]
    },
    {
      "@id": "https://data.datatourisme.fr/8a6d28ac-6ee7-3d1c-b7a6-79cd88bcf4d9",
      "dc:contributor": [
        "https://api.deepl.com/v2/translate"
      ],
      "rdf:language": [
        "nl"
      ],
      "rdf:predicate": [
        {
          "@id": "rdfs:comment"
        }
      ]
    },
    {
      "@id": "https://data.datatourisme.fr/943ad657-091e-301c-8924-21dbf6ea1b23",
      "dc:contributor": [
        "https://api.deepl.com/v2/translate"
      ],
      "rdf:language": [
        "it"
      ],
      "rdf:predicate": [
        {
          "@id": "rdfs:comment"
        }
      ]
    }
  ],
  "isLocatedAt": [
    {
      "@id": "https://data.datatourisme.fr/d5f5ae3a-3db1-311c-8fb9-73341306cd97",
      "schema:address": [
        {
          "@id": "https://data.datatourisme.fr/439c6279-9faa-35e0-9d33-c73b936cfd1c",
          "schema:addressLocality": "Hagetmau",
          "schema:postalCode": "40700",
          "schema:streetAddress": [
            "559 route de Cazalis"
          ],
          "@type": [
            "schema:PostalAddress",
            "PostalAddress"
          ],
          "hasAddressCity": {
            "@id": "kb:40119",
            "@type": [
              "City"
            ],
            "rdfs:label": {
              "de": [
                "Hagetmau"
              ],
              "pt": [
                "Hagetmau"
              ],
              "en": [
                "Hagetmau"
              ],
              "it": [
                "Hagetmau"
              ],
              "fr": [
                "Hagetmau"
              ],
              "nl": [
                "Hagetmau"
              ],
              "es": [
                "Hagetmau"
              ]
            },
            "insee": "40119",
            "isPartOfDepartment": {
              "@id": "kb:France7540",
              "@type": [
                "Department"
              ],
              "rdfs:label": {
                "de": [
                  "Landes"
                ],
                "pt": [
                  "Landes"
                ],
                "en": [
                  "Landes"
                ],
                "it": [
                  "Landes"
                ],
                "fr": [
                  "Landes"
                ],
                "nl": [
                  "Landes"
                ],
                "es": [
                  "Landes"
                ]
              },
              "insee": "40",
              "isPartOfRegion": {
                "@id": "kb:France75",
                "@type": [
                  "Region"
                ],
                "rdfs:label": {
                  "de": [
                    "Nouvelle-Aquitaine"
                  ],
                  "pt": [
                    "Nouvelle-Aquitaine"
                  ],
                  "en": [
                    "Nouvelle-Aquitaine"
                  ],
                  "it": [
                    "Nouvelle-Aquitaine"
                  ],
                  "fr": [
                    "Nouvelle-Aquitaine"
                  ],
                  "nl": [
                    "Nouvelle-Aquitaine"
                  ],
                  "es": [
                    "Nouvelle-Aquitaine"
                  ]
                },
                "insee": "75",
                "isPartOfCountry": {
                  "@id": "kb:France",
                  "@type": [
                    "schema:Country"
                  ],
                  "rdfs:label": {
                    "de": [
                      "France",
                      "Frankreich"
                    ],
                    "pt": [
                      "França",
                      "France"
                    ],
                    "en": [
                      "France"
                    ],
                    "it": [
                      "France",
                      "Francia"
                    ],
                    "fr": [
                      "France"
                    ],
                    "nl": [
                      "France",
                      "Frankrijk"
                    ],
                    "es": [
                      "France",
                      "Francia"
                    ]
                  }
                }
              }
            }
          }
        }
      ],
      "schema:geo": {
        "@id": "https://data.datatourisme.fr/27932243-cd12-3c9a-b753-8a1faa3330ff",
        "schema:latitude": "43.6356094",
        "schema:longitude": "-0.627606",
        "@type": [
          "schema:GeoCoordinates"
        ]
      },
      "schema:openingHoursSpecification": [
        {
          "@id": "https://data.datatourisme.fr/0319dc70-2a02-3c93-ade2-4af923ad3317",
          "schema:dayOfWeek": [
            {
              "@id": "schema:Monday",
              "@type": [
                "schema:DayOfWeek"
              ],
              "rdfs:label": {
                "de": [
                  "Montag"
                ],
                "pt": [
                  "Segunda-feira"
                ],
                "en": [
                  "Monday"
                ],
                "it": [
                  "Lunedì"
                ],
                "fr": [
                  "Lundi"
                ],
                "nl": [
                  "Maandag"
                ],
                "es": [
                  "Lunes"
                ]
              }
            }
          ],
          "schema:validFrom": "2023-01-01T00:00:00",
          "schema:validThrough": "2023-12-31T23:59:59",
          "@type": [
            "schema:OpeningHoursSpecification"
          ]
        },
        {
          "@id": "https://data.datatourisme.fr/24c09855-7b0a-3af6-a601-a522b05e5872",
          "schema:dayOfWeek": [
            {
              "@id": "schema:Saturday",
              "@type": [
                "schema:DayOfWeek"
              ],
              "rdfs:label": {
                "de": [
                  "Samstag"
                ],
                "pt": [
                  "Sábado"
                ],
                "en": [
                  "Saturday"
                ],
                "it": [
                  "Sabato"
                ],
                "fr": [
                  "Samedi"
                ],
                "nl": [
                  "Zaterdag"
                ],
                "es": [
                  "Sábado"
                ]
              }
            }
          ],
          "schema:validFrom": "2023-01-01T00:00:00",
          "schema:validThrough": "2023-12-31T23:59:59",
          "@type": [
            "schema:OpeningHoursSpecification"
          ]
        },
        {
          "@id": "https://data.datatourisme.fr/411d862c-c3cc-3448-9d01-b306fa2c0ac0",
          "schema:dayOfWeek": [
            {
              "@id": "schema:Thursday",
              "@type": [
                "schema:DayOfWeek"
              ],
              "rdfs:label": {
                "de": [
                  "Donnerstag"
                ],
                "pt": [
                  "Quinta-feira"
                ],
                "en": [
                  "Thursday"
                ],
                "it": [
                  "Giovedì"
                ],
                "fr": [
                  "Jeudi"
                ],
                "es": [
                  "Jueves"
                ],
                "nl": [
                  "Donderdag"
                ]
              }
            }
          ],
          "schema:validFrom": "2023-01-01T00:00:00",
          "schema:validThrough": "2023-12-31T23:59:59",
          "@type": [
            "schema:OpeningHoursSpecification"
          ]
        },
        {
          "@id": "https://data.datatourisme.fr/80d80986-1747-3261-8f10-257254ce6d0f",
          "schema:dayOfWeek": [
            {
              "@id": "schema:Sunday",
              "@type": [
                "schema:DayOfWeek"
              ],
              "rdfs:label": {
                "de": [
                  "Sonntag"
                ],
                "pt": [
                  "Domingo"
                ],
                "en": [
                  "Sunday"
                ],
                "it": [
                  "Domenica"
                ],
                "fr": [
                  "Dimanche"
                ],
                "nl": [
                  "Zondag"
                ],
                "es": [
                  "Domingo"
                ]
              }
            }
          ],
          "schema:validFrom": "2023-01-01T00:00:00",
          "schema:validThrough": "2023-12-31T23:59:59",
          "@type": [
            "schema:OpeningHoursSpecification"
          ]
        },
        {
          "@id": "https://data.datatourisme.fr/86b077df-5fab-3aab-ba14-b3f12daa6a0b",
          "schema:dayOfWeek": [
            {
              "@id": "schema:Tuesday",
              "@type": [
                "schema:DayOfWeek"
              ],
              "rdfs:label": {
                "de": [
                  "Dienstag"
                ],
                "pt": [
                  "Terça-feira"
                ],
                "en": [
                  "Tuesday"
                ],
                "it": [
                  "Martedì"
                ],
                "fr": [
                  "Mardi"
                ],
                "es": [
                  "Martes"
                ],
                "nl": [
                  "Dinsdag"
                ]
              }
            }
          ],
          "schema:validFrom": "2023-01-01T00:00:00",
          "schema:validThrough": "2023-12-31T23:59:59",
          "@type": [
            "schema:OpeningHoursSpecification"
          ]
        },
        {
          "@id": "https://data.datatourisme.fr/d0621d5c-bc9a-3ac4-9871-5c14392061d2",
          "schema:dayOfWeek": [
            {
              "@id": "schema:Friday",
              "@type": [
                "schema:DayOfWeek"
              ],
              "rdfs:label": {
                "de": [
                  "Freitag"
                ],
                "pt": [
                  "Sexta-feira"
                ],
                "en": [
                  "Friday"
                ],
                "it": [
                  "Venerdì"
                ],
                "fr": [
                  "Vendredi"
                ],
                "nl": [
                  "Vrijdag"
                ],
                "es": [
                  "Viernes"
                ]
              }
            }
          ],
          "schema:validFrom": "2023-01-01T00:00:00",
          "schema:validThrough": "2023-12-31T23:59:59",
          "@type": [
            "schema:OpeningHoursSpecification"
          ]
        },
        {
          "@id": "https://data.datatourisme.fr/dba7ec79-51c8-32ee-9953-cb8c4307dd97",
          "schema:dayOfWeek": [
            {
              "@id": "schema:Wednesday",
              "@type": [
                "schema:DayOfWeek"
              ],
              "rdfs:label": {
                "de": [
                  "Mittwoch"
                ],
                "pt": [
                  "Quarta-feira"
                ],
                "en": [
                  "Wednesday"
                ],
                "it": [
                  "Mercoledì"
                ],
                "fr": [
                  "Mercredi"
                ],
                "nl": [
                  "Woensdag"
                ],
                "es": [
                  "Miércoles"
                ]
              }
            }
          ],
          "schema:validFrom": "2023-01-01T00:00:00",
          "schema:validThrough": "2023-12-31T23:59:59",
          "@type": [
            "schema:OpeningHoursSpecification"
          ]
        }
      ],
      "@type": [
        "schema:Place",
        "Place"
      ],
      "petsAllowed": true
    }
  ],
  "isOwnedBy": [
    {
      "@id": "https://data.datatourisme.fr/5ba5ffa7-df93-3bde-a912-2a17665f24c8",
      "schema:email": [
        "ferme.equestre.halco@gmail.com"
      ],
      "schema:legalName": "Ferme équestre d'Halco",
      "schema:telephone": [
        "+33 6 87 40 49 24"
      ],
      "@type": [
        "schema:Organization",
        "foaf:Agent",
        "Agent"
      ],
      "foaf:homepage": [
        "http://ferme-equestre-halco.fr/"
      ]
    }
  ],
  "lastUpdate": "2023-07-06",
  "lastUpdateDatatourisme": "2023-07-07T00:29:16.312Z",
  "offers": [
    {
      "@id": "https://data.datatourisme.fr/02d02986-dff9-3c5e-88fb-683a623dbba5",
      "schema:acceptedPaymentMethod": [
        {
          "@id": "kb:Cash",
          "@type": [
            "schema:PaymentMethod"
          ],
          "rdfs:label": {
            "de": [
              "Art"
            ],
            "pt": [
              "Espécie"
            ],
            "en": [
              "Cash"
            ],
            "it": [
              "Contanti"
            ],
            "fr": [
              "Espèce"
            ],
            "es": [
              "Especie"
            ],
            "nl": [
              "Contant"
            ]
          }
        },
        {
          "@id": "kb:Check",
          "@type": [
            "schema:PaymentMethod"
          ],
          "rdfs:label": {
            "de": [
              "Scheck"
            ],
            "pt": [
              "Cheque"
            ],
            "en": [
              "Check"
            ],
            "it": [
              "Assegno"
            ],
            "fr": [
              "Chèque"
            ],
            "nl": [
              "Cheque"
            ],
            "es": [
              "Cheque"
            ]
          }
        }
      ],
      "@type": [
        "schema:Offer",
        "Offer"
      ]
    }
  ],
  "reducedMobilityAccess": true
}