{
  "@id": "https://data.datatourisme.fr/26/00fb59b1-0911-3d70-9c6d-1cb758f3e1eb",
  "dc:identifier": "PCUCHA051V5035N1",
  "@type": [
    "CulturalSite",
    "PlaceOfInterest",
    "PointOfInterest"
  ],
  "rdfs:comment": {
    "de": [
      "Der Standort Saint-Nicaise ist einer der prestigeträchtigsten Standorte der Champagnerproduktion, an dem Weinbauern von großem internationalem Renommee zusammenkommen. Es befindet sich südöstlich des historischen Zentrums von Reims, auf einem alten Gebiet, das zwischen der mittelalterlichen Stadt und dem von den großen Champagnergütern besetzten Hügel liegt.\n\nEs bildet zusammen mit den historischen Weinhängen von Cumières und Mareuil-sur-Aÿ sowie der Avenue de Champagne in Epernay einen Teil des seriellen Gutes \"Coteaux, Maisons et Caves de Champagne\", das 2015 in die Liste des Welterbes aufgenommen wurde.\n\nDieser Kreidehügel besteht aus alten Steinbrüchen und Brunnen, die im Mittelalter zur Gewinnung von Kreide dienten. Diese berühmten ''crayères'' wurden mit der Zeit zu einem Ort, an dem Weine gelagert und verfeinert wurden. Unter dem Hügel Saint-Nicaise verlaufen 57 Kilometer Galerien, in denen die Erzeugnisse von sechs großen Häusern aufbewahrt werden."
    ],
    "en": [
      "The site of Saint-Nicaise is one of the most prestigious sites of the Champagne production, gathering wine producers of great international fame. It is located in the south-east of the historic center of Reims, on an ancient territory straddling the medieval city and the hillock invested by the great Champagne estates.\n\nIt is part of the serial property \"Coteaux, Maisons et Caves de Champagne\", inscribed in 2015 on the World Heritage List, with the historic hillsides of Cumières and Mareuil-sur-Aÿ and the Avenue de Champagne in Epernay.\n\nThis chalk hill is composed of old quarries and wells which, in medieval times, were used to extract chalk. These famous ''crayères'' became, with time, a place of storage and refining of wines. Under the Saint-Nicaise hillock, 57 kilometers of galleries run and preserve the productions of six great houses."
    ],
    "it": [
      "Il sito di Saint-Nicaise è uno dei siti più prestigiosi della produzione di Champagne, che riunisce produttori di vino di grande fama internazionale. Si trova a sud-est del centro storico di Reims, su un antico territorio a cavallo tra la città medievale e la collina occupata dalle grandi tenute della Champagne.\n\nFa parte della proprietà seriale \"Coteaux, Maisons et Caves de Champagne\", iscritta nella Lista del Patrimonio Mondiale nel 2015, insieme alle storiche colline di Cumières e Mareuil-sur-Aÿ e all'Avenue de Champagne a Epernay.\n\nQuesta collina di gesso è costituita da antiche cave e pozzi che, in epoca medievale, venivano utilizzati per estrarre il gesso. Con il tempo, queste famose \"fosse di gesso\" divennero un luogo di conservazione e maturazione dei vini. Sotto la collina di Saint-Nicaise si snodano 57 chilometri di gallerie che conservano la produzione di sei grandi case."
    ],
    "fr": [
      "Le site de Saint-Nicaise est l’un des sites les plus prestigieux de la production de Champagne, regroupant des producteurs viticoles de grande renommée internationale. Il se situe au sud-est du centre historique de Reims, sur un ancien territoire à cheval sur la ville médiévale et la butte investie par les grandes propriétés champenoises.\n\nIl constitue une partie du bien en série « Coteaux, Maisons et Caves de Champagne », inscrit en 2015 sur la liste du patrimoine mondial, avec les coteaux historiques de Cumières et Mareuil-sur-Aÿ et l’avenue de Champagne à Epernay.\n\nCette colline de craie est composée d’anciennes carrières et de puits qui, à l’époque médiévale, servaient à l’extraction de la craie. Ces fameuses ‘’crayères’’ sont devenues, avec le temps un lieu d’entreposage et d’affinage des vins. Sous la butte Saint-Nicaise, 57 kilomètres de galeries courent et conservent les productions de six grandes maisons."
    ],
    "es": [
      "El emplazamiento de Saint-Nicaise es uno de los más prestigiosos de la producción de Champagne y reúne a productores de vino de gran renombre internacional. Se encuentra al sureste del centro histórico de Reims, en un antiguo territorio a caballo entre la ciudad medieval y la colina que ocupan las grandes fincas de Champagne.\n\nForma parte de la propiedad en serie \"Coteaux, Maisons et Caves de Champagne\", inscrita en la Lista del Patrimonio Mundial en 2015, junto con las laderas históricas de Cumières y Mareuil-sur-Aÿ y la Avenida de Champagne en Epernay.\n\nEsta colina de tiza está formada por antiguas canteras y pozos que, en la época medieval, se utilizaban para extraer tiza. Con el tiempo, estos famosos \"pozos de tiza\" se convirtieron en un lugar de almacenamiento y maduración de vinos. Bajo la colina de Saint-Nicaise, 57 kilómetros de galerías recorren y conservan la producción de seis grandes casas."
    ],
    "nl": [
      "De site Saint-Nicaise is een van de meest prestigieuze locaties voor de productie van Champagne, waar wijnproducenten met grote internationale faam samenkomen. Het ligt ten zuidoosten van het historische centrum van Reims, op een oud grondgebied tussen de middeleeuwse stad en de heuvel waarop de grote Champagne-landgoederen liggen.\n\nHet maakt deel uit van de seriële eigendom \"Coteaux, Maisons et Caves de Champagne\", in 2015 ingeschreven op de Werelderfgoedlijst, met de historische hellingen van Cumières en Mareuil-sur-Aÿ en de Avenue de Champagne in Epernay.\n\nDeze krijtheuvel bestaat uit oude steengroeven en putten die in de middeleeuwen werden gebruikt om krijt te winnen. Deze beroemde \"kalkputten\" zijn in de loop der tijd een plaats geworden voor de opslag en rijping van wijnen. Onder de heuvel Saint-Nicaise lopen 57 kilometer galerijen die de productie van zes grote huizen bewaren."
    ]
  },
  "rdfs:label": {
    "en": [
      "Butte Saint-Nicaise"
    ],
    "fr": [
      "Butte Saint-Nicaise"
    ]
  },
  "owl:sameAs": [
    "http://www.wikidata.org/entity/Q2928960"
  ],
  "hasBeenCreatedBy": {
    "@id": "https://data.datatourisme.fr/662f05d2-092a-3ebb-a798-1cf64934b803",
    "schema:legalName": "Office de tourisme du Grand Reims",
    "@type": [
      "schema:Organization",
      "foaf:Agent",
      "Agent"
    ]
  },
  "hasBeenPublishedBy": [
    {
      "@id": "https://data.datatourisme.fr/d4066567-1975-3d8e-907c-aa1f2adb0d5f",
      "schema:legalName": "S.I.T Partagé de la Marne",
      "@type": [
        "schema:Organization",
        "foaf:Agent",
        "Agent"
      ]
    }
  ],
  "hasContact": [
    {
      "@id": "https://data.datatourisme.fr/caa479c9-e14a-386b-9de1-59a335c2fd06",
      "schema:legalName": "Butte Saint-Nicaise",
      "schema:telephone": [
        "+33 3 26 77 45 00"
      ],
      "@type": [
        "schema:Organization",
        "foaf:Agent",
        "Agent"
      ],
      "foaf:homepage": [
        "https://visit.reims.fr/parcours-dans-la-ville/cite-du-champagne-ii/parc-de-la-butte-saint-nicaise-11520.html"
      ]
    }
  ],
  "hasDescription": [
    {
      "@id": "https://data.datatourisme.fr/58e5e157-fea4-3acb-99bb-841328734912",
      "@type": [
        "Description"
      ],
      "hasTranslatedProperty": [
        {
          "@id": "https://data.datatourisme.fr/00a32905-90a8-3f60-9aaf-cf9276548d7d",
          "dc:contributor": [
            "https://api.deepl.com/v2/translate"
          ],
          "rdf:language": [
            "de"
          ],
          "rdf:predicate": [
            "shortDescription"
          ]
        },
        {
          "@id": "https://data.datatourisme.fr/4499ae3e-1566-3145-be22-0c7e32102d80",
          "dc:contributor": [
            "https://api.deepl.com/v2/translate"
          ],
          "rdf:language": [
            "es"
          ],
          "rdf:predicate": [
            "shortDescription"
          ]
        },
        {
          "@id": "https://data.datatourisme.fr/a58c3c5c-3b9f-3264-b223-f3bba28eba1d",
          "dc:contributor": [
            "https://api.deepl.com/v2/translate"
          ],
          "rdf:language": [
            "nl"
          ],
          "rdf:predicate": [
            "shortDescription"
          ]
        },
        {
          "@id": "https://data.datatourisme.fr/b206984c-0aec-3eb3-9c56-f5f1b2e66e2a",
          "dc:contributor": [
            "https://api.deepl.com/v2/translate"
          ],
          "rdf:language": [
            "en"
          ],
          "rdf:predicate": [
            "shortDescription"
          ]
        },
        {
          "@id": "https://data.datatourisme.fr/cf7c64fd-d380-3479-bdc1-4625637b8832",
          "dc:contributor": [
            "https://api.deepl.com/v2/translate"
          ],
          "rdf:language": [
            "it"
          ],
          "rdf:predicate": [
            "shortDescription"
          ]
        }
      ],
      "shortDescription": {
        "de": [
          "Der Standort Saint-Nicaise ist einer der prestigeträchtigsten Standorte der Champagnerproduktion, an dem Weinbauern von großem internationalem Renommee zusammenkommen. Es befindet sich südöstlich des historischen Zentrums von Reims, auf einem alten Gebiet, das zwischen der mittelalterlichen Stadt und dem von den großen Champagnergütern besetzten Hügel liegt.\n\nEs bildet zusammen mit den historischen Weinhängen von Cumières und Mareuil-sur-Aÿ sowie der Avenue de Champagne in Epernay einen Teil des seriellen Gutes \"Coteaux, Maisons et Caves de Champagne\", das 2015 in die Liste des Welterbes aufgenommen wurde.\n\nDieser Kreidehügel besteht aus alten Steinbrüchen und Brunnen, die im Mittelalter zur Gewinnung von Kreide dienten. Diese berühmten ''crayères'' wurden mit der Zeit zu einem Ort, an dem Weine gelagert und verfeinert wurden. Unter dem Hügel Saint-Nicaise verlaufen 57 Kilometer Galerien, in denen die Erzeugnisse von sechs großen Häusern aufbewahrt werden."
        ],
        "en": [
          "The site of Saint-Nicaise is one of the most prestigious sites of the Champagne production, gathering wine producers of great international fame. It is located in the south-east of the historic center of Reims, on an ancient territory straddling the medieval city and the hillock invested by the great Champagne estates.\n\nIt is part of the serial property \"Coteaux, Maisons et Caves de Champagne\", inscribed in 2015 on the World Heritage List, with the historic hillsides of Cumières and Mareuil-sur-Aÿ and the Avenue de Champagne in Epernay.\n\nThis chalk hill is composed of old quarries and wells which, in medieval times, were used to extract chalk. These famous ''crayères'' became, with time, a place of storage and refining of wines. Under the Saint-Nicaise hillock, 57 kilometers of galleries run and preserve the productions of six great houses."
        ],
        "it": [
          "Il sito di Saint-Nicaise è uno dei siti più prestigiosi della produzione di Champagne, che riunisce produttori di vino di grande fama internazionale. Si trova a sud-est del centro storico di Reims, su un antico territorio a cavallo tra la città medievale e la collina occupata dalle grandi tenute della Champagne.\n\nFa parte della proprietà seriale \"Coteaux, Maisons et Caves de Champagne\", iscritta nella Lista del Patrimonio Mondiale nel 2015, insieme alle storiche colline di Cumières e Mareuil-sur-Aÿ e all'Avenue de Champagne a Epernay.\n\nQuesta collina di gesso è costituita da antiche cave e pozzi che, in epoca medievale, venivano utilizzati per estrarre il gesso. Con il tempo, queste famose \"fosse di gesso\" divennero un luogo di conservazione e maturazione dei vini. Sotto la collina di Saint-Nicaise si snodano 57 chilometri di gallerie che conservano la produzione di sei grandi case."
        ],
        "fr": [
          "Le site de Saint-Nicaise est l’un des sites les plus prestigieux de la production de Champagne, regroupant des producteurs viticoles de grande renommée internationale. Il se situe au sud-est du centre historique de Reims, sur un ancien territoire à cheval sur la ville médiévale et la butte investie par les grandes propriétés champenoises.\n\nIl constitue une partie du bien en série « Coteaux, Maisons et Caves de Champagne », inscrit en 2015 sur la liste du patrimoine mondial, avec les coteaux historiques de Cumières et Mareuil-sur-Aÿ et l’avenue de Champagne à Epernay.\n\nCette colline de craie est composée d’anciennes carrières et de puits qui, à l’époque médiévale, servaient à l’extraction de la craie. Ces fameuses ‘’crayères’’ sont devenues, avec le temps un lieu d’entreposage et d’affinage des vins. Sous la butte Saint-Nicaise, 57 kilomètres de galeries courent et conservent les productions de six grandes maisons."
        ],
        "es": [
          "El emplazamiento de Saint-Nicaise es uno de los más prestigiosos de la producción de Champagne y reúne a productores de vino de gran renombre internacional. Se encuentra al sureste del centro histórico de Reims, en un antiguo territorio a caballo entre la ciudad medieval y la colina que ocupan las grandes fincas de Champagne.\n\nForma parte de la propiedad en serie \"Coteaux, Maisons et Caves de Champagne\", inscrita en la Lista del Patrimonio Mundial en 2015, junto con las laderas históricas de Cumières y Mareuil-sur-Aÿ y la Avenida de Champagne en Epernay.\n\nEsta colina de tiza está formada por antiguas canteras y pozos que, en la época medieval, se utilizaban para extraer tiza. Con el tiempo, estos famosos \"pozos de tiza\" se convirtieron en un lugar de almacenamiento y maduración de vinos. Bajo la colina de Saint-Nicaise, 57 kilómetros de galerías recorren y conservan la producción de seis grandes casas."
        ],
        "nl": [
          "De site Saint-Nicaise is een van de meest prestigieuze locaties voor de productie van Champagne, waar wijnproducenten met grote internationale faam samenkomen. Het ligt ten zuidoosten van het historische centrum van Reims, op een oud grondgebied tussen de middeleeuwse stad en de heuvel waarop de grote Champagne-landgoederen liggen.\n\nHet maakt deel uit van de seriële eigendom \"Coteaux, Maisons et Caves de Champagne\", in 2015 ingeschreven op de Werelderfgoedlijst, met de historische hellingen van Cumières en Mareuil-sur-Aÿ en de Avenue de Champagne in Epernay.\n\nDeze krijtheuvel bestaat uit oude steengroeven en putten die in de middeleeuwen werden gebruikt om krijt te winnen. Deze beroemde \"kalkputten\" zijn in de loop der tijd een plaats geworden voor de opslag en rijping van wijnen. Onder de heuvel Saint-Nicaise lopen 57 kilometer galerijen die de productie van zes grote huizen bewaren."
        ]
      }
    }
  ],
  "hasRepresentation": [
    {
      "@id": "https://data.datatourisme.fr/a425c84e-f0dd-3ebb-9291-81054d8f239e",
      "ebucore:hasAnnotation": [
        {
          "@id": "https://data.datatourisme.fr/db39b2b2-eb20-37a8-ba09-af70ec5daa97",
          "ebucore:isCoveredBy": "CC BY-SA 3.0",
          "ebucore:title": {
            "fr": [
              "Butte saint-Nicaise 2118"
            ]
          },
          "@type": [
            "ebucore:Annotation"
          ],
          "credits": [
            "Garitan (https://commons.wikimedia.org/wiki/User:Garitan)"
          ]
        }
      ],
      "ebucore:hasRelatedResource": [
        {
          "@id": "https://data.datatourisme.fr/e119bf4d-ee02-32fa-b2c6-4d849772a5c1",
          "ebucore:fileSize": [
            4158646
          ],
          "ebucore:hasMimeType": [
            {
              "@id": "kb:JPEG",
              "@type": [
                "ebucore:MimeType"
              ],
              "rdfs:comment": {
                "de": [
                  "JPEG-Bild"
                ],
                "pt": [
                  "Imagem JPEG"
                ],
                "en": [
                  "JPEG image file"
                ],
                "it": [
                  "Immagine JPEG"
                ],
                "fr": [
                  "Image JPEG"
                ],
                "nl": [
                  "JPEG-afbeelding"
                ],
                "es": [
                  "Imagen JPEG"
                ]
              },
              "rdfs:label": {
                "de": [
                  "image/jpeg"
                ],
                "pt": [
                  "image/jpeg"
                ],
                "en": [
                  "image/jpeg"
                ],
                "it": [
                  "image/jpeg"
                ],
                "fr": [
                  "image/jpeg"
                ],
                "nl": [
                  "image/jpeg"
                ],
                "es": [
                  "image/jpeg"
                ]
              }
            }
          ],
          "ebucore:height": 2576,
          "ebucore:locator": [
            "https://upload.wikimedia.org/wikipedia/commons/b/b8/Butte_saint-Nicaise_2118.JPG"
          ],
          "ebucore:width": 4592,
          "@type": [
            "ebucore:Resource"
          ]
        }
      ],
      "@type": [
        "ebucore:EditorialObject"
      ]
    }
  ],
  "hasTranslatedProperty": [
    {
      "@id": "https://data.datatourisme.fr/1b882c10-659f-32d2-b16c-ffe91ccb860b",
      "dc:contributor": [
        "https://api.deepl.com/v2/translate"
      ],
      "rdf:language": [
        "es"
      ],
      "rdf:predicate": [
        {
          "@id": "rdfs:comment"
        }
      ]
    },
    {
      "@id": "https://data.datatourisme.fr/5c91f1c0-c800-3a59-9368-57afda65d686",
      "dc:contributor": [
        "https://api.deepl.com/v2/translate"
      ],
      "rdf:language": [
        "nl"
      ],
      "rdf:predicate": [
        {
          "@id": "rdfs:comment"
        }
      ]
    },
    {
      "@id": "https://data.datatourisme.fr/61b1d5b8-51ed-3a3f-baa1-afe031b360ed",
      "dc:contributor": [
        "https://api.deepl.com/v2/translate"
      ],
      "rdf:language": [
        "de"
      ],
      "rdf:predicate": [
        {
          "@id": "rdfs:comment"
        }
      ]
    },
    {
      "@id": "https://data.datatourisme.fr/79547fbe-cf06-3a1f-b559-e3cf7c3a469e",
      "dc:contributor": [
        "https://api.deepl.com/v2/translate"
      ],
      "rdf:language": [
        "it"
      ],
      "rdf:predicate": [
        {
          "@id": "rdfs:comment"
        }
      ]
    },
    {
      "@id": "https://data.datatourisme.fr/98fbd8ed-4347-30b1-8b50-12bea9357fb2",
      "dc:contributor": [
        "https://api.deepl.com/v2/translate"
      ],
      "rdf:language": [
        "en"
      ],
      "rdf:predicate": [
        {
          "@id": "rdfs:comment"
        }
      ]
    }
  ],
  "isLocatedAt": [
    {
      "@id": "https://data.datatourisme.fr/eecfa187-b4f3-3ded-8d9a-6049471a093f",
      "schema:address": [
        {
          "@id": "https://data.datatourisme.fr/fbfe6861-e76b-3769-a29b-36113b7e35c6",
          "schema:addressLocality": "Reims",
          "schema:postalCode": "51100",
          "schema:streetAddress": [
            "Boulevard Diancourt"
          ],
          "@type": [
            "schema:PostalAddress",
            "PostalAddress"
          ],
          "hasAddressCity": {
            "@id": "kb:51454",
            "@type": [
              "City"
            ],
            "rdfs:label": {
              "de": [
                "Reims"
              ],
              "pt": [
                "Reims"
              ],
              "en": [
                "Reims"
              ],
              "it": [
                "Reims"
              ],
              "fr": [
                "Reims"
              ],
              "nl": [
                "Reims"
              ],
              "es": [
                "Reims"
              ]
            },
            "insee": "51454",
            "isPartOfDepartment": {
              "@id": "kb:France4451",
              "@type": [
                "Department"
              ],
              "rdfs:label": {
                "de": [
                  "Marne"
                ],
                "pt": [
                  "Marne"
                ],
                "en": [
                  "Marne"
                ],
                "it": [
                  "Marne"
                ],
                "fr": [
                  "Marne"
                ],
                "nl": [
                  "Marne"
                ],
                "es": [
                  "Marne"
                ]
              },
              "insee": "51",
              "isPartOfRegion": {
                "@id": "kb:France44",
                "@type": [
                  "Region"
                ],
                "rdfs:label": {
                  "de": [
                    "Grand Est"
                  ],
                  "pt": [
                    "Grand Est"
                  ],
                  "en": [
                    "Grand Est"
                  ],
                  "it": [
                    "Grand Est"
                  ],
                  "fr": [
                    "Grand Est"
                  ],
                  "nl": [
                    "Grand Est"
                  ],
                  "es": [
                    "Grand Est"
                  ]
                },
                "insee": "44",
                "isPartOfCountry": {
                  "@id": "kb:France",
                  "@type": [
                    "schema:Country"
                  ],
                  "rdfs:label": {
                    "de": [
                      "France",
                      "Frankreich"
                    ],
                    "pt": [
                      "França",
                      "France"
                    ],
                    "en": [
                      "France"
                    ],
                    "it": [
                      "France",
                      "Francia"
                    ],
                    "fr": [
                      "France"
                    ],
                    "nl": [
                      "France",
                      "Frankrijk"
                    ],
                    "es": [
                      "France",
                      "Francia"
                    ]
                  }
                }
              }
            }
          }
        }
      ],
      "schema:geo": {
        "@id": "https://data.datatourisme.fr/ad52c9eb-5c96-3af3-9ffe-56dc68bde8ef",
        "schema:latitude": "49.2425088",
        "schema:longitude": "4.0477066",
        "@type": [
          "schema:GeoCoordinates"
        ]
      },
      "@type": [
        "schema:Place",
        "Place"
      ]
    }
  ],
  "lastUpdate": "2023-07-10",
  "lastUpdateDatatourisme": "2023-07-11T03:04:54.23Z",
  "offers": [
    {
      "@id": "https://data.datatourisme.fr/581c1753-d7d1-3459-b16a-f7ec6992b21d",
      "schema:priceSpecification": [
        {
          "@id": "https://data.datatourisme.fr/4873f581-e044-3d4b-b925-a41274f6deac",
          "schema:maxPrice": [
            "0"
          ],
          "schema:minPrice": [
            "0"
          ],
          "schema:priceCurrency": "EUR",
          "@type": [
            "schema:PriceSpecification",
            "PriceSpecification"
          ],
          "hasEligiblePolicy": [
            {
              "@id": "kb:Free",
              "@type": [
                "PricingPolicy"
              ],
              "rdfs:label": {
                "de": [
                  "Kostenlos"
                ],
                "pt": [
                  "Gratuito"
                ],
                "en": [
                  "Free"
                ],
                "it": [
                  "Gratuito"
                ],
                "fr": [
                  "Gratuit"
                ],
                "es": [
                  "Gratuito"
                ],
                "nl": [
                  "Gratis"
                ]
              }
            }
          ]
        }
      ],
      "@type": [
        "schema:Offer",
        "Offer"
      ]
    }
  ]
}