{
  "@id": "https://data.datatourisme.fr/26/00e15d2b-92d2-32fd-9457-4ec3244b7a25",
  "dc:identifier": "FMACHA051V50NF4I",
  "schema:endDate": [
    "2023-09-29"
  ],
  "schema:startDate": [
    "2023-09-29"
  ],
  "@type": [
    "schema:Event",
    "schema:MusicEvent",
    "Concert",
    "CulturalEvent",
    "EntertainmentAndEvent",
    "PointOfInterest"
  ],
  "rdfs:comment": {
    "de": [
      "Das ALLEGRI Solistenensemble unter der Leitung von Pavel Verner hat sich auf die Aufführung von A-cappella-Chorwerken spezialisiert, die alle dem edlen Streben nach Frieden gewidmet sind. Ihre Stimmen sind harmonisch miteinander verwoben, um Kompositionen zum Leben zu erwecken, die sprachliche und kulturelle Grenzen überschreiten. Mit außergewöhnlichem künstlerischem Einfühlungsvermögen entführen sie ihre Zuhörer in eine Welt erhabener Melodien, in der jede Note wie ein Aufruf zu Einheit und gegenseitigem Verständnis klingt. Der Prager St.-Nikolaus-Chor unter der Leitung von Pavel Verner vervollständigt dieses bemerkenswerte Ensemble und bietet ein von Spiritualität und Emotion geprägtes Musikerlebnis. Diese hingebungsvollen Interpreten schaffen eine bezaubernde Atmosphäre, in der die Musik zu einer universellen Sprache des Friedens und der Harmonie wird.\n\na-cappella-Chorwerke zum Thema Frieden: ALLEGRI Solistenensemble und Prager St. Nikolaus-Chor: Pavel VERNER\n\nProgramm:\n- Prager St.-Nikolaus-Chor: Pavel VERNER\n\nChorál svatý Václave 2?\nA. Michna ? Svatý Václave 3?\nF. X. Thuri ? Prologus 2 ?\nPrimo tempore ? Kvintové organum 2?\nK. Harant ? Sanctus 2?\nJ. Churá?ek ? Ave virgo virginum 2?30\nJ. K. Vod?anský ? Rorando coeli 2?30\nJ. D. Zelenka ? Caligaverunt oculi mei 6?\nZ. Luká? Pater noster 2?30\nA. Tu?apský ? Pater meus 2?30\nG. J. Werner ? Salve Regina 3?\n30?\n\n- ALLEGRI-Solistenensemble: Jean-Marie PUISSANT\n\nGregorianisch ? Da pacem 2?\nA.Pärt -- Da pacem Domine 6?\nE.Grieg -- Dona nobis pacem 3?\nD. Milhaud -- Cantate de la paix 6?30\nK.Nystedt -- Peace, I leave with you 2?30\nSaint Saëns ? Ruhe der Nächte 3?\nF.Delius ? To be song of a summer night on the water 2?30\nM.Hogan -- We shall walk through the valley in peace 4?\n29?30\nDie beiden Ensembles zusammen :\nJ. Sixt ? Magnificat 3?\nM. Duruflé ? Ubi caritas 2?30\n5?30"
    ],
    "en": [
      "The ALLEGRI Soloists Ensemble, directed by Pavel Verner, excels in the interpretation of a capella choral works, all dedicated to the noble quest for peace. Their voices intertwine harmoniously to give life to compositions that transcend linguistic and cultural boundaries. With exceptional artistic sensitivity, they transport their audience into a world of sublime melodies, where every note resonates as a call for unity and mutual understanding. The Ch?ur Saint Nicolas de Prague, under the direction of Pavel Verner, completes this remarkable ensemble, offering a musical experience imbued with spirituality and emotion. These dedicated performers create an enchanting atmosphere in which music becomes a universal language of peace and harmony.\n\na capella choral works on the theme of peace: ALLEGRI Soloists Ensemble and St. Nicholas Prague Choir: Pavel VERNER\n\nProgram :\n- Prague St. Nicholas Choir: Pavel VERNER\n\nChorál svatý Václave 2?\nA. Michna ? Svatý Václave 3?\nF. X. Thuri ? Prologus 2?\nPrimo tempore ? Kvintové organum 2?\nK. Harant ? Sanctus 2?\nJ. Churá?ek? Ave virgo virginum 2?30\nJ. K. Vod?anský ? Rorando coeli 2?30\nJ. D. Zelenka ? Caligaverunt oculi mei 6?\nZ. Luká? Pater noster 2?30\nA. Tu?apský? Pater meus 2?30\nG. J. Werner ? Salve Regina 3?\n30?\n\n- ALLEGRI Soloists Ensemble: Jean-Marie PUISSANT\n\nGregorian ? Da pacem 2?\nA.Pärt -- Da pacem Domine 6?\nE.Grieg -- Dona nobis pacem 3?\nD. Milhaud -- Cantate de la paix 6?30\nK.Nystedt -- Peace, I leave with you 2?30\nSaint Saëns ? Calme de nuits 3?\nF.Delius ? To be song of a summer night on the water 2?30\nM.Hogan -- We shall walk through the valley in peace 4?\n29?30\nThe 2 ensembles together :\nJ. Sixt ? Magnificat 3?\nM. Duruflé ? Ubi caritas 2?30\n5?30"
    ],
    "it": [
      "L'Ensemble di Solisti ALLEGRI, diretto da Pavel Verner, è rinomato per la sua interpretazione di opere corali a cappella, tutte dedicate alla nobile ricerca della pace. Le loro voci si intrecciano armoniosamente per dare vita a composizioni che trascendono i confini linguistici e culturali. Con eccezionale sensibilità artistica, trasportano il pubblico in un mondo di melodie sublimi, dove ogni nota risuona come un appello all'unità e alla comprensione reciproca. Il Coro di San Nicola di Praga, sotto la direzione di Pavel Verner, completa questo straordinario ensemble, offrendo un'esperienza musicale intrisa di spiritualità ed emozione. Questi esecutori impegnati creano un'atmosfera incantevole in cui la musica diventa un linguaggio universale di pace e armonia.\n\nopere corali a cappella sul tema della pace: ALLEGRI Soloists Ensemble e St Nicholas Choir Prague: Pavel VERNER\n\nProgramma :\n- Coro San Nicola di Praga: Pavel VERNER\n\nChorál svatý Václave 2?\nA. Michna ? Svatý Václave 3?\nF. X. Thuri ? Prologus 2?\nPrimo tempore ? Kvintové organum 2?\nK. Harant ? Sanctus 2?\nJ. Churá?ek? Ave virgo virginum 2.30\nJ. K. Vod?anský ? Rorando coeli 2?30\nJ. D. Zelenka ? Caligaverunt oculi mei 6?\nZ. Luká? Pater noster 2,30\nA. Tu?apský? Pater meus 2,30\nG. J. Werner ? Salve Regina 3?\n30?\n\n- ALLEGRI Solisti Ensemble : Jean-Marie PUISSANT\n\nGregoriano ? Da pacem 2?\nA.Pärt -- Da pacem Domine 6?\nE.Grieg -- Dona nobis pacem 3?\nD. Milhaud -- Cantate de la paix 6?30\nK.Nystedt -- Pace, ti lascio 2?30\nSaint Saëns ? Calme de nuits 3?\nF.Delius ? Cantata di una notte d'estate sull'acqua 2?30\nM.Hogan -- Cammineremo per la valle in pace 4?\n29?30\nI due ensemble insieme:\nJ. Sixt ? Magnificat 3?\nM. Duruflé ? Ubi caritas 2?30\n5?30"
    ],
    "fr": [
      "L'Ensemble de Solistes ALLEGRI, dirigé par Pavel Verner, s'illustre dans l'interprétation d'œuvres pour chœur a capella, toutes dédiées à la noble quête de la paix. Leurs voix s'entrelacent harmonieusement pour donner vie à des compositions qui transcendent les frontières linguistiques et culturelles. Avec une sensibilité artistique exceptionnelle, ils transportent leur auditoire dans un monde de mélodies sublimes, où chaque note résonne comme un appel à l'unité et à la compréhension mutuelle. Le Chœur Saint Nicolas de Prague, sous la direction de Pavel Verner, complète cet ensemble remarquable, offrant une expérience musicale empreinte de spiritualité et d'émotion. Ces interprètes dévoués créent une atmosphère enchanteresse où la musique devient un langage universel de paix et de harmonie.\n\nŒuvres pour chœur a capella sur le thème de la paix : L'Ensemble de Solistes ALLEGRI et Choeur Saint Nicolas de Prague : Pavel VERNER\n\nProgramme :\n- Choeur Saint Nicolas de Prague : Pavel VERNER\n\nChorál svatý Václave 2’\nA. Michna – Svatý Václave 3’\nF. X. Thuri – Prologus 2’\nPrimo tempore – Kvintové organum 2’\nK. Harant – Sanctus 2’\nJ. Churáček – Ave virgo virginum 2’30\nJ. K. Vodňanský – Rorando coeli 2’30\nJ. D. Zelenka – Caligaverunt oculi mei 6’\nZ. Lukáš – Pater noster 2’30\nA. Tučapský – Pater meus 2’30\nG. J. Werner – Salve Regina 3’\n30’\n\n- Ensemble de Solistes ALLEGRI : Jean-Marie PUISSANT\n\nGrégorien – Da pacem 2’\nA.Pärt -- Da pacem Domine 6’\nE.Grieg -- Dona nobis pacem 3’\nD. Milhaud -- Cantate de la paix 6’30\nK.Nystedt -- Peace, I leave with you 2’30\nSaint Saëns – Calme de nuits 3’\nF.Delius – To be song of a summer night on the water 2’30\nM.Hogan -- We shall walk through the valley in peace 4’\n29’30\nLes 2 ensembles réunis :\nJ. Sixt – Magnificat 3’\nM. Duruflé – Ubi caritas 2’30\n5’30"
    ],
    "nl": [
      "Het ALLEGRI Soloists Ensemble, onder leiding van Pavel Verner, staat bekend om zijn interpretatie van a capella koorwerken, allemaal gewijd aan de nobele zoektocht naar vrede. Hun stemmen smelten harmonieus samen om composities tot leven te wekken die taalkundige en culturele grenzen overstijgen. Met uitzonderlijke artistieke gevoeligheid voeren ze hun publiek mee in een wereld van sublieme melodieën, waar elke noot resoneert als een oproep tot eenheid en wederzijds begrip. Het Praagse Sint-Nicolaaskoor, onder leiding van Pavel Verner, completeert dit opmerkelijke ensemble en biedt een muzikale ervaring die doordrenkt is van spiritualiteit en emotie. Deze toegewijde artiesten creëren een betoverende sfeer waarin muziek een universele taal van vrede en harmonie wordt.\n\na capella koorwerken over het thema vrede: ALLEGRI Solistenensemble en Sint Nicolaaskoor Praag: Pavel VERNER\n\nProgramma :\n- Praags Sint Nicolaaskoor: Pavel VERNER\n\nChorál svatý Václave 2?\nA. Michna ? Svatý Václave 3?\nF. X. Thuri ? Prologus 2?\nPrimo tempore ? Kvintové organum 2?\nK. Harant ? Sanctus 2?\nJ. Churá?ek? Ave virgo virginum 2?30\nJ. K. Vod?anský ? Rorando coeli 2?30\nJ. D. Zelenka ? Caligaverunt oculi mei 6?\nZ. Luká? Pater noster 2?30\nA. Tuïský? Pater meus 2?30\nG. J. Werner ? Salve Regina 3?\n30?\n\n- ALLEGRI Solisten Ensemble : Jean-Marie PUISSANT\n\nGregoriaans ? Da pacem 2?\nA.Pärt -- Da pacem Domine 6?\nE.Grieg -- Dona nobis pacem 3?\nD. Milhaud -- Cantate de la paix 6?30\nK.Nystedt -- Vrede, ik verlaat u 2?30\nSaint Saëns ? Calme de nuits 3?\nF.Delius ? Zingen van een zomernacht op het water 2?30\nM.Hogan -- We zullen in vrede door het dal wandelen 4?\n29?30\nDe 2 ensembles samen :\nJ. Sixt ? Magnificat 3?\nM. Duruflé ? Ubi caritas 2?30\n5?30"
    ],
    "es": [
      "El Conjunto de Solistas ALLEGRI, dirigido por Pavel Verner, es famoso por su interpretación de obras corales a capella, todas ellas dedicadas a la noble búsqueda de la paz. Sus voces se entrelazan armoniosamente para dar vida a composiciones que trascienden las fronteras lingüísticas y culturales. Con una sensibilidad artística excepcional, transportan a su público a un mundo de melodías sublimes, donde cada nota resuena como una llamada a la unidad y al entendimiento mutuo. El Coro de San Nicolás de Praga, bajo la dirección de Pavel Verner, completa este extraordinario conjunto, ofreciendo una experiencia musical impregnada de espiritualidad y emoción. Estos dedicados intérpretes crean una atmósfera encantadora en la que la música se convierte en un lenguaje universal de paz y armonía.\n\nobras corales a capella sobre el tema de la paz: Conjunto de Solistas ALLEGRI y Coro de San Nicolás Praga: Pavel VERNER\n\nPrograma :\n- Coro San Nicolás de Praga: Pavel VERNER\n\nChorál svatý Václave 2?\nA. Michna ? Coro de San Nicolás 3?\nF. X. Thuri ? Prologus 2?\nPrimo tempore ? Kvintové organum 2?\nK. Harant ? Sanctus 2?\nJ. Churá?ek? Ave virgo virginum 2?30\nJ. K. Vod?anský ? Rorando coeli 2:30\nJ. D. Zelenka ? Caligaverunt oculi mei 6?\nZ. Luká? Pater noster 2?30\nA. Tu?apský? Pater meus 2:30\nG. J. Werner ? Salve Regina 3?\n30?\n\n- Solistas ALLEGRI Conjunto : Jean-Marie PUISSANT\n\nGregoriano ? Da pacem 2?\nA.Pärt -- Da pacem Domine 6?\nE.Grieg -- Dona nobis pacem 3?\nD. Milhaud -- Cantate de la paix 6?\nK.Nystedt -- Paz, me voy contigo 2?30\nSaint Saëns -- Calme de nuits Calme de nuits 3?\nF.Delius ? To be song of a summer night on the water 2:30\nM.Hogan -- Caminaremos por el valle en paz 4?\n29?30\nLos 2 conjuntos juntos :\nJ. Sixt ? Magnificat 3?\nM. Duruflé ? Ubi caritas 2:30\n5?30"
    ]
  },
  "rdfs:label": {
    "fr": [
      "Concert pour la paix - L'Ensemble de Solistes ALLEGRI"
    ]
  },
  "hasBeenCreatedBy": {
    "@id": "https://data.datatourisme.fr/662f05d2-092a-3ebb-a798-1cf64934b803",
    "schema:legalName": "Office de tourisme du Grand Reims",
    "@type": [
      "schema:Organization",
      "foaf:Agent",
      "Agent"
    ]
  },
  "hasBeenPublishedBy": [
    {
      "@id": "https://data.datatourisme.fr/d4066567-1975-3d8e-907c-aa1f2adb0d5f",
      "schema:legalName": "S.I.T Partagé de la Marne",
      "@type": [
        "schema:Organization",
        "foaf:Agent",
        "Agent"
      ]
    }
  ],
  "hasContact": [
    {
      "@id": "https://data.datatourisme.fr/50ea28e5-dd9a-37fa-b1f6-95e234edef54",
      "schema:email": [
        "association.rri@gmail.com"
      ],
      "@type": [
        "foaf:Agent",
        "Agent"
      ],
      "foaf:homepage": [
        "https://urlz.fr/mLit"
      ]
    }
  ],
  "hasDescription": [
    {
      "@id": "https://data.datatourisme.fr/a200d9c2-09f0-3bec-94e4-d6e2058eeca6",
      "@type": [
        "Description"
      ],
      "hasTranslatedProperty": [
        {
          "@id": "https://data.datatourisme.fr/1557ff1e-1fd6-3784-afb0-1a1f76efd03a",
          "dc:contributor": [
            "https://api.deepl.com/v2/translate"
          ],
          "rdf:language": [
            "de"
          ],
          "rdf:predicate": [
            "shortDescription"
          ]
        },
        {
          "@id": "https://data.datatourisme.fr/1a57c69a-2a8d-3633-bbbc-c36c67c890da",
          "dc:contributor": [
            "https://api.deepl.com/v2/translate"
          ],
          "rdf:language": [
            "it"
          ],
          "rdf:predicate": [
            "shortDescription"
          ]
        },
        {
          "@id": "https://data.datatourisme.fr/31cde147-5318-31f5-9f9b-f49757f29a9d",
          "dc:contributor": [
            "https://api.deepl.com/v2/translate"
          ],
          "rdf:language": [
            "en"
          ],
          "rdf:predicate": [
            "shortDescription"
          ]
        },
        {
          "@id": "https://data.datatourisme.fr/5b272ab9-2bbb-32bd-929a-9a92311a3b15",
          "dc:contributor": [
            "https://api.deepl.com/v2/translate"
          ],
          "rdf:language": [
            "es"
          ],
          "rdf:predicate": [
            "shortDescription"
          ]
        },
        {
          "@id": "https://data.datatourisme.fr/f2a3a3ce-cc7f-3424-9b85-3e4aa424cc85",
          "dc:contributor": [
            "https://api.deepl.com/v2/translate"
          ],
          "rdf:language": [
            "nl"
          ],
          "rdf:predicate": [
            "shortDescription"
          ]
        }
      ],
      "shortDescription": {
        "de": [
          "Das ALLEGRI Solistenensemble unter der Leitung von Pavel Verner hat sich auf die Aufführung von A-cappella-Chorwerken spezialisiert, die alle dem edlen Streben nach Frieden gewidmet sind. Ihre Stimmen sind harmonisch miteinander verwoben, um Kompositionen zum Leben zu erwecken, die sprachliche und kulturelle Grenzen überschreiten. Mit außergewöhnlichem künstlerischem Einfühlungsvermögen entführen sie ihre Zuhörer in eine Welt erhabener Melodien, in der jede Note wie ein Aufruf zu Einheit und gegenseitigem Verständnis klingt. Der Prager St.-Nikolaus-Chor unter der Leitung von Pavel Verner vervollständigt dieses bemerkenswerte Ensemble und bietet ein von Spiritualität und Emotion geprägtes Musikerlebnis. Diese hingebungsvollen Interpreten schaffen eine bezaubernde Atmosphäre, in der die Musik zu einer universellen Sprache des Friedens und der Harmonie wird.\n\na-cappella-Chorwerke zum Thema Frieden: ALLEGRI Solistenensemble und Prager St. Nikolaus-Chor: Pavel VERNER\n\nProgramm:\n- Prager St.-Nikolaus-Chor: Pavel VERNER\n\nChorál svatý Václave 2?\nA. Michna ? Svatý Václave 3?\nF. X. Thuri ? Prologus 2 ?\nPrimo tempore ? Kvintové organum 2?\nK. Harant ? Sanctus 2?\nJ. Churá?ek ? Ave virgo virginum 2?30\nJ. K. Vod?anský ? Rorando coeli 2?30\nJ. D. Zelenka ? Caligaverunt oculi mei 6?\nZ. Luká? Pater noster 2?30\nA. Tu?apský ? Pater meus 2?30\nG. J. Werner ? Salve Regina 3?\n30?\n\n- ALLEGRI-Solistenensemble: Jean-Marie PUISSANT\n\nGregorianisch ? Da pacem 2?\nA.Pärt -- Da pacem Domine 6?\nE.Grieg -- Dona nobis pacem 3?\nD. Milhaud -- Cantate de la paix 6?30\nK.Nystedt -- Peace, I leave with you 2?30\nSaint Saëns ? Ruhe der Nächte 3?\nF.Delius ? To be song of a summer night on the water 2?30\nM.Hogan -- We shall walk through the valley in peace 4?\n29?30\nDie beiden Ensembles zusammen :\nJ. Sixt ? Magnificat 3?\nM. Duruflé ? Ubi caritas 2?30\n5?30"
        ],
        "en": [
          "The ALLEGRI Soloists Ensemble, directed by Pavel Verner, excels in the interpretation of a capella choral works, all dedicated to the noble quest for peace. Their voices intertwine harmoniously to give life to compositions that transcend linguistic and cultural boundaries. With exceptional artistic sensitivity, they transport their audience into a world of sublime melodies, where every note resonates as a call for unity and mutual understanding. The Ch?ur Saint Nicolas de Prague, under the direction of Pavel Verner, completes this remarkable ensemble, offering a musical experience imbued with spirituality and emotion. These dedicated performers create an enchanting atmosphere in which music becomes a universal language of peace and harmony.\n\na capella choral works on the theme of peace: ALLEGRI Soloists Ensemble and St. Nicholas Prague Choir: Pavel VERNER\n\nProgram :\n- Prague St. Nicholas Choir: Pavel VERNER\n\nChorál svatý Václave 2?\nA. Michna ? Svatý Václave 3?\nF. X. Thuri ? Prologus 2?\nPrimo tempore ? Kvintové organum 2?\nK. Harant ? Sanctus 2?\nJ. Churá?ek? Ave virgo virginum 2?30\nJ. K. Vod?anský ? Rorando coeli 2?30\nJ. D. Zelenka ? Caligaverunt oculi mei 6?\nZ. Luká? Pater noster 2?30\nA. Tu?apský? Pater meus 2?30\nG. J. Werner ? Salve Regina 3?\n30?\n\n- ALLEGRI Soloists Ensemble: Jean-Marie PUISSANT\n\nGregorian ? Da pacem 2?\nA.Pärt -- Da pacem Domine 6?\nE.Grieg -- Dona nobis pacem 3?\nD. Milhaud -- Cantate de la paix 6?30\nK.Nystedt -- Peace, I leave with you 2?30\nSaint Saëns ? Calme de nuits 3?\nF.Delius ? To be song of a summer night on the water 2?30\nM.Hogan -- We shall walk through the valley in peace 4?\n29?30\nThe 2 ensembles together :\nJ. Sixt ? Magnificat 3?\nM. Duruflé ? Ubi caritas 2?30\n5?30"
        ],
        "it": [
          "L'Ensemble di Solisti ALLEGRI, diretto da Pavel Verner, è rinomato per la sua interpretazione di opere corali a cappella, tutte dedicate alla nobile ricerca della pace. Le loro voci si intrecciano armoniosamente per dare vita a composizioni che trascendono i confini linguistici e culturali. Con eccezionale sensibilità artistica, trasportano il pubblico in un mondo di melodie sublimi, dove ogni nota risuona come un appello all'unità e alla comprensione reciproca. Il Coro di San Nicola di Praga, sotto la direzione di Pavel Verner, completa questo straordinario ensemble, offrendo un'esperienza musicale intrisa di spiritualità ed emozione. Questi esecutori impegnati creano un'atmosfera incantevole in cui la musica diventa un linguaggio universale di pace e armonia.\n\nopere corali a cappella sul tema della pace: ALLEGRI Soloists Ensemble e St Nicholas Choir Prague: Pavel VERNER\n\nProgramma :\n- Coro San Nicola di Praga: Pavel VERNER\n\nChorál svatý Václave 2?\nA. Michna ? Svatý Václave 3?\nF. X. Thuri ? Prologus 2?\nPrimo tempore ? Kvintové organum 2?\nK. Harant ? Sanctus 2?\nJ. Churá?ek? Ave virgo virginum 2.30\nJ. K. Vod?anský ? Rorando coeli 2?30\nJ. D. Zelenka ? Caligaverunt oculi mei 6?\nZ. Luká? Pater noster 2,30\nA. Tu?apský? Pater meus 2,30\nG. J. Werner ? Salve Regina 3?\n30?\n\n- ALLEGRI Solisti Ensemble : Jean-Marie PUISSANT\n\nGregoriano ? Da pacem 2?\nA.Pärt -- Da pacem Domine 6?\nE.Grieg -- Dona nobis pacem 3?\nD. Milhaud -- Cantate de la paix 6?30\nK.Nystedt -- Pace, ti lascio 2?30\nSaint Saëns ? Calme de nuits 3?\nF.Delius ? Cantata di una notte d'estate sull'acqua 2?30\nM.Hogan -- Cammineremo per la valle in pace 4?\n29?30\nI due ensemble insieme:\nJ. Sixt ? Magnificat 3?\nM. Duruflé ? Ubi caritas 2?30\n5?30"
        ],
        "fr": [
          "L'Ensemble de Solistes ALLEGRI, dirigé par Pavel Verner, s'illustre dans l'interprétation d'œuvres pour chœur a capella, toutes dédiées à la noble quête de la paix. Leurs voix s'entrelacent harmonieusement pour donner vie à des compositions qui transcendent les frontières linguistiques et culturelles. Avec une sensibilité artistique exceptionnelle, ils transportent leur auditoire dans un monde de mélodies sublimes, où chaque note résonne comme un appel à l'unité et à la compréhension mutuelle. Le Chœur Saint Nicolas de Prague, sous la direction de Pavel Verner, complète cet ensemble remarquable, offrant une expérience musicale empreinte de spiritualité et d'émotion. Ces interprètes dévoués créent une atmosphère enchanteresse où la musique devient un langage universel de paix et de harmonie.\n\nŒuvres pour chœur a capella sur le thème de la paix : L'Ensemble de Solistes ALLEGRI et Choeur Saint Nicolas de Prague : Pavel VERNER\n\nProgramme :\n- Choeur Saint Nicolas de Prague : Pavel VERNER\n\nChorál svatý Václave 2’\nA. Michna – Svatý Václave 3’\nF. X. Thuri – Prologus 2’\nPrimo tempore – Kvintové organum 2’\nK. Harant – Sanctus 2’\nJ. Churáček – Ave virgo virginum 2’30\nJ. K. Vodňanský – Rorando coeli 2’30\nJ. D. Zelenka – Caligaverunt oculi mei 6’\nZ. Lukáš – Pater noster 2’30\nA. Tučapský – Pater meus 2’30\nG. J. Werner – Salve Regina 3’\n30’\n\n- Ensemble de Solistes ALLEGRI : Jean-Marie PUISSANT\n\nGrégorien – Da pacem 2’\nA.Pärt -- Da pacem Domine 6’\nE.Grieg -- Dona nobis pacem 3’\nD. Milhaud -- Cantate de la paix 6’30\nK.Nystedt -- Peace, I leave with you 2’30\nSaint Saëns – Calme de nuits 3’\nF.Delius – To be song of a summer night on the water 2’30\nM.Hogan -- We shall walk through the valley in peace 4’\n29’30\nLes 2 ensembles réunis :\nJ. Sixt – Magnificat 3’\nM. Duruflé – Ubi caritas 2’30\n5’30"
        ],
        "nl": [
          "Het ALLEGRI Soloists Ensemble, onder leiding van Pavel Verner, staat bekend om zijn interpretatie van a capella koorwerken, allemaal gewijd aan de nobele zoektocht naar vrede. Hun stemmen smelten harmonieus samen om composities tot leven te wekken die taalkundige en culturele grenzen overstijgen. Met uitzonderlijke artistieke gevoeligheid voeren ze hun publiek mee in een wereld van sublieme melodieën, waar elke noot resoneert als een oproep tot eenheid en wederzijds begrip. Het Praagse Sint-Nicolaaskoor, onder leiding van Pavel Verner, completeert dit opmerkelijke ensemble en biedt een muzikale ervaring die doordrenkt is van spiritualiteit en emotie. Deze toegewijde artiesten creëren een betoverende sfeer waarin muziek een universele taal van vrede en harmonie wordt.\n\na capella koorwerken over het thema vrede: ALLEGRI Solistenensemble en Sint Nicolaaskoor Praag: Pavel VERNER\n\nProgramma :\n- Praags Sint Nicolaaskoor: Pavel VERNER\n\nChorál svatý Václave 2?\nA. Michna ? Svatý Václave 3?\nF. X. Thuri ? Prologus 2?\nPrimo tempore ? Kvintové organum 2?\nK. Harant ? Sanctus 2?\nJ. Churá?ek? Ave virgo virginum 2?30\nJ. K. Vod?anský ? Rorando coeli 2?30\nJ. D. Zelenka ? Caligaverunt oculi mei 6?\nZ. Luká? Pater noster 2?30\nA. Tuïský? Pater meus 2?30\nG. J. Werner ? Salve Regina 3?\n30?\n\n- ALLEGRI Solisten Ensemble : Jean-Marie PUISSANT\n\nGregoriaans ? Da pacem 2?\nA.Pärt -- Da pacem Domine 6?\nE.Grieg -- Dona nobis pacem 3?\nD. Milhaud -- Cantate de la paix 6?30\nK.Nystedt -- Vrede, ik verlaat u 2?30\nSaint Saëns ? Calme de nuits 3?\nF.Delius ? Zingen van een zomernacht op het water 2?30\nM.Hogan -- We zullen in vrede door het dal wandelen 4?\n29?30\nDe 2 ensembles samen :\nJ. Sixt ? Magnificat 3?\nM. Duruflé ? Ubi caritas 2?30\n5?30"
        ],
        "es": [
          "El Conjunto de Solistas ALLEGRI, dirigido por Pavel Verner, es famoso por su interpretación de obras corales a capella, todas ellas dedicadas a la noble búsqueda de la paz. Sus voces se entrelazan armoniosamente para dar vida a composiciones que trascienden las fronteras lingüísticas y culturales. Con una sensibilidad artística excepcional, transportan a su público a un mundo de melodías sublimes, donde cada nota resuena como una llamada a la unidad y al entendimiento mutuo. El Coro de San Nicolás de Praga, bajo la dirección de Pavel Verner, completa este extraordinario conjunto, ofreciendo una experiencia musical impregnada de espiritualidad y emoción. Estos dedicados intérpretes crean una atmósfera encantadora en la que la música se convierte en un lenguaje universal de paz y armonía.\n\nobras corales a capella sobre el tema de la paz: Conjunto de Solistas ALLEGRI y Coro de San Nicolás Praga: Pavel VERNER\n\nPrograma :\n- Coro San Nicolás de Praga: Pavel VERNER\n\nChorál svatý Václave 2?\nA. Michna ? Coro de San Nicolás 3?\nF. X. Thuri ? Prologus 2?\nPrimo tempore ? Kvintové organum 2?\nK. Harant ? Sanctus 2?\nJ. Churá?ek? Ave virgo virginum 2?30\nJ. K. Vod?anský ? Rorando coeli 2:30\nJ. D. Zelenka ? Caligaverunt oculi mei 6?\nZ. Luká? Pater noster 2?30\nA. Tu?apský? Pater meus 2:30\nG. J. Werner ? Salve Regina 3?\n30?\n\n- Solistas ALLEGRI Conjunto : Jean-Marie PUISSANT\n\nGregoriano ? Da pacem 2?\nA.Pärt -- Da pacem Domine 6?\nE.Grieg -- Dona nobis pacem 3?\nD. Milhaud -- Cantate de la paix 6?\nK.Nystedt -- Paz, me voy contigo 2?30\nSaint Saëns -- Calme de nuits Calme de nuits 3?\nF.Delius ? To be song of a summer night on the water 2:30\nM.Hogan -- Caminaremos por el valle en paz 4?\n29?30\nLos 2 conjuntos juntos :\nJ. Sixt ? Magnificat 3?\nM. Duruflé ? Ubi caritas 2:30\n5?30"
        ]
      }
    }
  ],
  "hasTranslatedProperty": [
    {
      "@id": "https://data.datatourisme.fr/04e5831d-b12f-3e5f-95b6-31c2226e8910",
      "dc:contributor": [
        "https://api.deepl.com/v2/translate"
      ],
      "rdf:language": [
        "en"
      ],
      "rdf:predicate": [
        {
          "@id": "rdfs:comment"
        }
      ]
    },
    {
      "@id": "https://data.datatourisme.fr/2f331da2-2389-3a30-9edf-4f0c78fb1180",
      "dc:contributor": [
        "https://api.deepl.com/v2/translate"
      ],
      "rdf:language": [
        "it"
      ],
      "rdf:predicate": [
        {
          "@id": "rdfs:comment"
        }
      ]
    },
    {
      "@id": "https://data.datatourisme.fr/78eb4199-091f-3a90-8b4a-79b526d1b80f",
      "dc:contributor": [
        "https://api.deepl.com/v2/translate"
      ],
      "rdf:language": [
        "nl"
      ],
      "rdf:predicate": [
        {
          "@id": "rdfs:comment"
        }
      ]
    },
    {
      "@id": "https://data.datatourisme.fr/98a6b40c-2cc1-3838-86b4-ea6431c2743c",
      "dc:contributor": [
        "https://api.deepl.com/v2/translate"
      ],
      "rdf:language": [
        "de"
      ],
      "rdf:predicate": [
        {
          "@id": "rdfs:comment"
        }
      ]
    },
    {
      "@id": "https://data.datatourisme.fr/9b648c52-c0f3-3881-b916-60b5b3769c21",
      "dc:contributor": [
        "https://api.deepl.com/v2/translate"
      ],
      "rdf:language": [
        "es"
      ],
      "rdf:predicate": [
        {
          "@id": "rdfs:comment"
        }
      ]
    }
  ],
  "isLocatedAt": [
    {
      "@id": "https://data.datatourisme.fr/4cd8ec9c-4aa7-31ee-af6f-86829d283c7e",
      "schema:address": [
        {
          "@id": "https://data.datatourisme.fr/f3f5d56e-8d25-3cae-954a-5c3e8934818d",
          "schema:addressLocality": "Reims",
          "schema:postalCode": "51100",
          "schema:streetAddress": [
            "Eglise Saint Maurice",
            "Place Museux"
          ],
          "@type": [
            "schema:PostalAddress",
            "PostalAddress"
          ],
          "hasAddressCity": {
            "@id": "kb:51454",
            "@type": [
              "City"
            ],
            "rdfs:label": {
              "de": [
                "Reims"
              ],
              "pt": [
                "Reims"
              ],
              "en": [
                "Reims"
              ],
              "it": [
                "Reims"
              ],
              "fr": [
                "Reims"
              ],
              "nl": [
                "Reims"
              ],
              "es": [
                "Reims"
              ]
            },
            "insee": "51454",
            "isPartOfDepartment": {
              "@id": "kb:France4451",
              "@type": [
                "Department"
              ],
              "rdfs:label": {
                "de": [
                  "Marne"
                ],
                "pt": [
                  "Marne"
                ],
                "en": [
                  "Marne"
                ],
                "it": [
                  "Marne"
                ],
                "fr": [
                  "Marne"
                ],
                "nl": [
                  "Marne"
                ],
                "es": [
                  "Marne"
                ]
              },
              "insee": "51",
              "isPartOfRegion": {
                "@id": "kb:France44",
                "@type": [
                  "Region"
                ],
                "rdfs:label": {
                  "de": [
                    "Grand Est"
                  ],
                  "pt": [
                    "Grand Est"
                  ],
                  "en": [
                    "Grand Est"
                  ],
                  "it": [
                    "Grand Est"
                  ],
                  "fr": [
                    "Grand Est"
                  ],
                  "nl": [
                    "Grand Est"
                  ],
                  "es": [
                    "Grand Est"
                  ]
                },
                "insee": "44",
                "isPartOfCountry": {
                  "@id": "kb:France",
                  "@type": [
                    "schema:Country"
                  ],
                  "rdfs:label": {
                    "de": [
                      "France",
                      "Frankreich"
                    ],
                    "pt": [
                      "França",
                      "France"
                    ],
                    "en": [
                      "France"
                    ],
                    "it": [
                      "France",
                      "Francia"
                    ],
                    "fr": [
                      "France"
                    ],
                    "nl": [
                      "France",
                      "Frankrijk"
                    ],
                    "es": [
                      "France",
                      "Francia"
                    ]
                  }
                }
              }
            }
          }
        }
      ],
      "schema:geo": {
        "@id": "https://data.datatourisme.fr/a912b688-7b41-3916-a9e1-9365bb9dfbd4",
        "schema:latitude": "49.24659",
        "schema:longitude": "4.03985",
        "@type": [
          "schema:GeoCoordinates"
        ]
      },
      "@type": [
        "schema:Place",
        "Place"
      ]
    }
  ],
  "lastUpdate": "2023-09-20",
  "lastUpdateDatatourisme": "2023-09-21T03:05:12.998Z",
  "takesPlaceAt": [
    {
      "@id": "https://data.datatourisme.fr/f76cb2bf-1a3d-3232-8465-e6a958853889",
      "@type": [
        "Period"
      ],
      "endDate": "2023-09-29",
      "startDate": "2023-09-29",
      "startTime": "20:30:00"
    }
  ]
}