{
  "@id": "https://data.datatourisme.fr/26/00ad0890-bf3b-3d20-8196-fc8c6bda0b2c",
  "dc:identifier": "DEGCHA051FS0008F",
  "@type": [
    "schema:LocalBusiness",
    "LocalProductsShop",
    "PlaceOfInterest",
    "PointOfInterest",
    "Producer",
    "Store",
    "TastingProvider"
  ],
  "rdfs:comment": {
    "de": [
      "Das Haus Fromentin Leclapart ist ein familiengeführter Weinbaubetrieb. Seit 1925 haben sich vier Generationen von Weinbauern abgelöst. Wir bewirtschaften mit Leidenschaft eine Fläche von fünf Hektar im Herzen der Champagne.\nUnsere Weinberge befinden sich in Bouzy, einem als Grand Cru klassifizierten Dorf am Südhang der Montagne de Reims.\nUnsere Champagner werden aus zwei Rebsorten hergestellt:\n- der Pinot Noir, der in der Mehrheit ist, verleiht dem Wein Kraft und einen langen Abgang,\n- der Chardonnay, der für Eleganz und Finesse steht."
    ],
    "en": [
      "This champagne estate offers a tour of its cellar and fermentation room, and a tasting in its reception room. Tours are free to visitors who purchase more than six bottles.\n\nBooking required."
    ],
    "it": [
      "Fromentin Leclapart è un'azienda vinicola a conduzione familiare. Dal 1925 si sono succedute quattro generazioni di viticoltori. Lavoriamo con passione su una superficie di cinque ettari nel cuore della regione dello Champagne.\nIl nostro vigneto si trova a Bouzy, un villaggio classificato come Grand Cru, sulle pendici meridionali della Montagne de Reims.\nI nostri champagne sono prodotti con due varietà di uve:\n- il Pinot Nero, in maggioranza, apporta potenza e lunghezza in bocca,\n- chardonnay, sinonimo di eleganza e finezza."
    ],
    "fr": [
      "La maison Fromentin Leclapart est une exploitation viticole familiale. Depuis 1925, quatre générations de viticulteurs se sont succédé. Nous exploitons avec passion une surface de cinq hectares en plein coeur de la Champagne.\nNotre vignoble est situé à Bouzy, village classé Grand Cru, sur le versant sud de la Montagne de Reims.\nNos Champagnes sont issus de deux cépages :\n- le Pinot Noir, majoritaire, apporte au vin puissance et longueur en bouche,\n- le Chardonnay, synonyme d'élégance et de finesse."
    ],
    "nl": [
      "Fromentin Leclapart is een familiebedrijf. Sinds 1925 hebben vier generaties wijnbouwers elkaar opgevolgd. Wij werken met passie op een oppervlakte van vijf hectare in het hart van de Champagnestreek.\nOnze wijngaard ligt in Bouzy, een als Grand Cru geklasseerd dorp, op de zuidelijke hellingen van de Montagne de Reims.\nOnze Champagnes worden gemaakt van twee druivensoorten:\n- pinot Noir, de meerderheid, brengt kracht en lengte in de mond,\n- chardonnay, synoniem voor elegantie en finesse."
    ],
    "es": [
      "Fromentin Leclapart es una bodega familiar. Desde 1925, se han sucedido cuatro generaciones de viticultores. Trabajamos con pasión en una superficie de cinco hectáreas en el corazón de la región de Champagne.\nNuestro viñedo está situado en Bouzy, un pueblo clasificado como Grand Cru, en la ladera sur de la Montaña de Reims.\nNuestros champagnes se elaboran con dos variedades de uva:\n- el Pinot Noir, mayoritario, aporta potencia y longitud en boca,\n- chardonnay, sinónimo de elegancia y delicadeza."
    ]
  },
  "rdfs:label": {
    "en": [
      "Champagne Fromentin Leclapart"
    ],
    "fr": [
      "Champagne Fromentin Leclapart"
    ]
  },
  "hasBeenCreatedBy": {
    "@id": "https://data.datatourisme.fr/26/9c38af7d-f3ff-3ea4-b54a-3bd6d34b11e6",
    "dc:identifier": "DEGCHA051FS0008Fc",
    "schema:legalName": "Office de tourisme de Hautvillers, entre vignes et forêts",
    "@type": [
      "schema:Organization",
      "foaf:Agent",
      "Agent"
    ]
  },
  "hasBeenPublishedBy": [
    {
      "@id": "https://data.datatourisme.fr/d4066567-1975-3d8e-907c-aa1f2adb0d5f",
      "schema:legalName": "S.I.T Partagé de la Marne",
      "@type": [
        "schema:Organization",
        "foaf:Agent",
        "Agent"
      ]
    }
  ],
  "hasContact": [
    {
      "@id": "https://data.datatourisme.fr/b4ee959f-b3a3-368a-abce-9f7f8d51727f",
      "schema:address": [
        {
          "@id": "https://data.datatourisme.fr/864deeb6-ecb4-3cf9-86fc-ad25f73a0e57",
          "schema:addressLocality": "Bouzy",
          "@type": [
            "schema:PostalAddress",
            "PostalAddress"
          ],
          "hasAddressCity": {
            "@id": "kb:51079",
            "@type": [
              "City"
            ],
            "rdfs:label": {
              "de": [
                "Bouzy"
              ],
              "pt": [
                "Bouzy"
              ],
              "en": [
                "Bouzy"
              ],
              "it": [
                "Bouzy"
              ],
              "fr": [
                "Bouzy"
              ],
              "nl": [
                "Bouzy"
              ],
              "es": [
                "Bouzy"
              ]
            },
            "insee": "51079",
            "isPartOfDepartment": {
              "@id": "kb:France4451",
              "@type": [
                "Department"
              ],
              "rdfs:label": {
                "de": [
                  "Marne"
                ],
                "pt": [
                  "Marne"
                ],
                "en": [
                  "Marne"
                ],
                "it": [
                  "Marne"
                ],
                "fr": [
                  "Marne"
                ],
                "nl": [
                  "Marne"
                ],
                "es": [
                  "Marne"
                ]
              },
              "insee": "51",
              "isPartOfRegion": {
                "@id": "kb:France44",
                "@type": [
                  "Region"
                ],
                "rdfs:label": {
                  "de": [
                    "Grand Est"
                  ],
                  "pt": [
                    "Grand Est"
                  ],
                  "en": [
                    "Grand Est"
                  ],
                  "it": [
                    "Grand Est"
                  ],
                  "fr": [
                    "Grand Est"
                  ],
                  "nl": [
                    "Grand Est"
                  ],
                  "es": [
                    "Grand Est"
                  ]
                },
                "insee": "44",
                "isPartOfCountry": {
                  "@id": "kb:France",
                  "@type": [
                    "schema:Country"
                  ],
                  "rdfs:label": {
                    "de": [
                      "France",
                      "Frankreich"
                    ],
                    "pt": [
                      "França",
                      "France"
                    ],
                    "en": [
                      "France"
                    ],
                    "it": [
                      "France",
                      "Francia"
                    ],
                    "fr": [
                      "France"
                    ],
                    "nl": [
                      "France",
                      "Frankrijk"
                    ],
                    "es": [
                      "France",
                      "Francia"
                    ]
                  }
                }
              }
            }
          }
        }
      ],
      "schema:email": [
        "contact@champagne-fromentin-leclapart.fr"
      ],
      "schema:legalName": "Champagne Fromentin Leclapart",
      "schema:telephone": [
        "+33 3 26 57 06 84"
      ],
      "@type": [
        "schema:Organization",
        "foaf:Agent",
        "Agent"
      ],
      "foaf:homepage": [
        "http://www.champagne-fromentin-leclapart.fr/"
      ]
    }
  ],
  "hasDescription": [
    {
      "@id": "https://data.datatourisme.fr/615f5d58-fc56-3b8d-82e1-6776272a7c8e",
      "@type": [
        "Description"
      ],
      "hasTranslatedProperty": [
        {
          "@id": "https://data.datatourisme.fr/0ed23f03-a05d-36e0-b8b9-5405db6c5eac",
          "dc:contributor": [
            "https://api.deepl.com/v2/translate"
          ],
          "rdf:language": [
            "de"
          ],
          "rdf:predicate": [
            "shortDescription"
          ]
        },
        {
          "@id": "https://data.datatourisme.fr/2fd85b80-a191-347f-9799-49d353ad34cd",
          "dc:contributor": [
            "https://api.deepl.com/v2/translate"
          ],
          "rdf:language": [
            "it"
          ],
          "rdf:predicate": [
            "shortDescription"
          ]
        },
        {
          "@id": "https://data.datatourisme.fr/96f5b54c-de63-349a-b9df-68bafdf21e7c",
          "dc:contributor": [
            "https://api.deepl.com/v2/translate"
          ],
          "rdf:language": [
            "es"
          ],
          "rdf:predicate": [
            "shortDescription"
          ]
        },
        {
          "@id": "https://data.datatourisme.fr/daed94a4-7f7d-3a04-a10b-09b689f524c0",
          "dc:contributor": [
            "https://api.deepl.com/v2/translate"
          ],
          "rdf:language": [
            "nl"
          ],
          "rdf:predicate": [
            "shortDescription"
          ]
        }
      ],
      "shortDescription": {
        "de": [
          "Das Haus Fromentin Leclapart ist ein familiengeführter Weinbaubetrieb. Seit 1925 haben sich vier Generationen von Weinbauern abgelöst. Wir bewirtschaften mit Leidenschaft eine Fläche von fünf Hektar im Herzen der Champagne.\nUnsere Weinberge befinden sich in Bouzy, einem als Grand Cru klassifizierten Dorf am Südhang der Montagne de Reims.\nUnsere Champagner werden aus zwei Rebsorten hergestellt:\n- der Pinot Noir, der in der Mehrheit ist, verleiht dem Wein Kraft und einen langen Abgang,\n- der Chardonnay, der für Eleganz und Finesse steht."
        ],
        "en": [
          "This champagne estate offers a tour of its cellar and fermentation room, and a tasting in its reception room. Tours are free to visitors who purchase more than six bottles.\n\nBooking required."
        ],
        "it": [
          "Fromentin Leclapart è un'azienda vinicola a conduzione familiare. Dal 1925 si sono succedute quattro generazioni di viticoltori. Lavoriamo con passione su una superficie di cinque ettari nel cuore della regione dello Champagne.\nIl nostro vigneto si trova a Bouzy, un villaggio classificato come Grand Cru, sulle pendici meridionali della Montagne de Reims.\nI nostri champagne sono prodotti con due varietà di uve:\n- il Pinot Nero, in maggioranza, apporta potenza e lunghezza in bocca,\n- chardonnay, sinonimo di eleganza e finezza."
        ],
        "fr": [
          "La maison Fromentin Leclapart est une exploitation viticole familiale. Depuis 1925, quatre générations de viticulteurs se sont succédé. Nous exploitons avec passion une surface de cinq hectares en plein coeur de la Champagne.\nNotre vignoble est situé à Bouzy, village classé Grand Cru, sur le versant sud de la Montagne de Reims.\nNos Champagnes sont issus de deux cépages :\n- le Pinot Noir, majoritaire, apporte au vin puissance et longueur en bouche,\n- le Chardonnay, synonyme d'élégance et de finesse."
        ],
        "nl": [
          "Fromentin Leclapart is een familiebedrijf. Sinds 1925 hebben vier generaties wijnbouwers elkaar opgevolgd. Wij werken met passie op een oppervlakte van vijf hectare in het hart van de Champagnestreek.\nOnze wijngaard ligt in Bouzy, een als Grand Cru geklasseerd dorp, op de zuidelijke hellingen van de Montagne de Reims.\nOnze Champagnes worden gemaakt van twee druivensoorten:\n- pinot Noir, de meerderheid, brengt kracht en lengte in de mond,\n- chardonnay, synoniem voor elegantie en finesse."
        ],
        "es": [
          "Fromentin Leclapart es una bodega familiar. Desde 1925, se han sucedido cuatro generaciones de viticultores. Trabajamos con pasión en una superficie de cinco hectáreas en el corazón de la región de Champagne.\nNuestro viñedo está situado en Bouzy, un pueblo clasificado como Grand Cru, en la ladera sur de la Montaña de Reims.\nNuestros champagnes se elaboran con dos variedades de uva:\n- el Pinot Noir, mayoritario, aporta potencia y longitud en boca,\n- chardonnay, sinónimo de elegancia y delicadeza."
        ]
      }
    }
  ],
  "hasTheme": [
    {
      "@id": "kb:Wine",
      "@type": [
        "FoodProduct"
      ],
      "rdfs:label": {
        "de": [
          "Wein"
        ],
        "pt": [
          "Vinho"
        ],
        "en": [
          "Wine"
        ],
        "it": [
          "Vino"
        ],
        "fr": [
          "Vin"
        ],
        "nl": [
          "Wijn"
        ],
        "es": [
          "Vino"
        ]
      }
    }
  ],
  "hasTranslatedProperty": [
    {
      "@id": "https://data.datatourisme.fr/819a5ce0-92e1-31fd-a8e1-896cb63899b9",
      "dc:contributor": [
        "https://api.deepl.com/v2/translate"
      ],
      "rdf:language": [
        "de"
      ],
      "rdf:predicate": [
        {
          "@id": "rdfs:comment"
        }
      ]
    },
    {
      "@id": "https://data.datatourisme.fr/bdf171f4-41cd-3509-9b71-572194588a0c",
      "dc:contributor": [
        "https://api.deepl.com/v2/translate"
      ],
      "rdf:language": [
        "it"
      ],
      "rdf:predicate": [
        {
          "@id": "rdfs:comment"
        }
      ]
    },
    {
      "@id": "https://data.datatourisme.fr/d81e94bf-716e-3942-b479-0ab6ef185d59",
      "dc:contributor": [
        "https://api.deepl.com/v2/translate"
      ],
      "rdf:language": [
        "nl"
      ],
      "rdf:predicate": [
        {
          "@id": "rdfs:comment"
        }
      ]
    },
    {
      "@id": "https://data.datatourisme.fr/eeeb64f4-c541-3cfb-b5e4-82b3847b97d8",
      "dc:contributor": [
        "https://api.deepl.com/v2/translate"
      ],
      "rdf:language": [
        "es"
      ],
      "rdf:predicate": [
        {
          "@id": "rdfs:comment"
        }
      ]
    }
  ],
  "isLocatedAt": [
    {
      "@id": "https://data.datatourisme.fr/140dbc97-d2bd-3c16-bf45-4f5fdf5b3884",
      "schema:address": [
        {
          "@id": "https://data.datatourisme.fr/0710a59b-7cd1-3900-803a-e9a4307469c8",
          "schema:addressLocality": "Bouzy",
          "schema:postalCode": "51150",
          "schema:streetAddress": [
            "1 rue Paul Doumer"
          ],
          "@type": [
            "schema:PostalAddress",
            "PostalAddress"
          ],
          "hasAddressCity": {
            "@id": "kb:51079",
            "@type": [
              "City"
            ],
            "rdfs:label": {
              "de": [
                "Bouzy"
              ],
              "pt": [
                "Bouzy"
              ],
              "en": [
                "Bouzy"
              ],
              "it": [
                "Bouzy"
              ],
              "fr": [
                "Bouzy"
              ],
              "nl": [
                "Bouzy"
              ],
              "es": [
                "Bouzy"
              ]
            },
            "insee": "51079",
            "isPartOfDepartment": {
              "@id": "kb:France4451",
              "@type": [
                "Department"
              ],
              "rdfs:label": {
                "de": [
                  "Marne"
                ],
                "pt": [
                  "Marne"
                ],
                "en": [
                  "Marne"
                ],
                "it": [
                  "Marne"
                ],
                "fr": [
                  "Marne"
                ],
                "nl": [
                  "Marne"
                ],
                "es": [
                  "Marne"
                ]
              },
              "insee": "51",
              "isPartOfRegion": {
                "@id": "kb:France44",
                "@type": [
                  "Region"
                ],
                "rdfs:label": {
                  "de": [
                    "Grand Est"
                  ],
                  "pt": [
                    "Grand Est"
                  ],
                  "en": [
                    "Grand Est"
                  ],
                  "it": [
                    "Grand Est"
                  ],
                  "fr": [
                    "Grand Est"
                  ],
                  "nl": [
                    "Grand Est"
                  ],
                  "es": [
                    "Grand Est"
                  ]
                },
                "insee": "44",
                "isPartOfCountry": {
                  "@id": "kb:France",
                  "@type": [
                    "schema:Country"
                  ],
                  "rdfs:label": {
                    "de": [
                      "France",
                      "Frankreich"
                    ],
                    "pt": [
                      "França",
                      "France"
                    ],
                    "en": [
                      "France"
                    ],
                    "it": [
                      "France",
                      "Francia"
                    ],
                    "fr": [
                      "France"
                    ],
                    "nl": [
                      "France",
                      "Frankrijk"
                    ],
                    "es": [
                      "France",
                      "Francia"
                    ]
                  }
                }
              }
            }
          }
        }
      ],
      "schema:geo": {
        "@id": "https://data.datatourisme.fr/86c693f1-433b-34a7-b78e-1913da210fad",
        "schema:latitude": "49.076747",
        "schema:longitude": "4.143698",
        "@type": [
          "schema:GeoCoordinates"
        ]
      },
      "schema:openingHoursSpecification": [
        {
          "@id": "https://data.datatourisme.fr/316f775f-7212-319b-9dcc-095942121eef",
          "schema:closes": "18:00:00",
          "schema:dayOfWeek": [
            {
              "@id": "schema:Thursday",
              "@type": [
                "schema:DayOfWeek"
              ],
              "rdfs:label": {
                "de": [
                  "Donnerstag"
                ],
                "pt": [
                  "Quinta-feira"
                ],
                "en": [
                  "Thursday"
                ],
                "it": [
                  "Giovedì"
                ],
                "fr": [
                  "Jeudi"
                ],
                "es": [
                  "Jueves"
                ],
                "nl": [
                  "Donderdag"
                ]
              }
            }
          ],
          "schema:opens": "14:00:00",
          "schema:validFrom": "2023-01-02T00:00:00",
          "schema:validThrough": "2023-12-31T23:59:59",
          "@type": [
            "schema:OpeningHoursSpecification"
          ]
        },
        {
          "@id": "https://data.datatourisme.fr/336a9cde-1a61-382a-9106-591576bda4ae",
          "schema:closes": "13:00:00",
          "schema:dayOfWeek": [
            {
              "@id": "schema:Tuesday",
              "@type": [
                "schema:DayOfWeek"
              ],
              "rdfs:label": {
                "de": [
                  "Dienstag"
                ],
                "pt": [
                  "Terça-feira"
                ],
                "en": [
                  "Tuesday"
                ],
                "it": [
                  "Martedì"
                ],
                "fr": [
                  "Mardi"
                ],
                "es": [
                  "Martes"
                ],
                "nl": [
                  "Dinsdag"
                ]
              }
            }
          ],
          "schema:opens": "09:00:00",
          "schema:validFrom": "2023-01-02T00:00:00",
          "schema:validThrough": "2023-12-31T23:59:59",
          "@type": [
            "schema:OpeningHoursSpecification"
          ]
        },
        {
          "@id": "https://data.datatourisme.fr/379d4459-8286-3938-97eb-34cc8d771afb",
          "schema:closes": "13:00:00",
          "schema:dayOfWeek": [
            {
              "@id": "schema:Monday",
              "@type": [
                "schema:DayOfWeek"
              ],
              "rdfs:label": {
                "de": [
                  "Montag"
                ],
                "pt": [
                  "Segunda-feira"
                ],
                "en": [
                  "Monday"
                ],
                "it": [
                  "Lunedì"
                ],
                "fr": [
                  "Lundi"
                ],
                "nl": [
                  "Maandag"
                ],
                "es": [
                  "Lunes"
                ]
              }
            }
          ],
          "schema:opens": "09:00:00",
          "schema:validFrom": "2023-01-02T00:00:00",
          "schema:validThrough": "2023-12-31T23:59:59",
          "@type": [
            "schema:OpeningHoursSpecification"
          ]
        },
        {
          "@id": "https://data.datatourisme.fr/43ce37d8-a78d-3ddf-9d18-ddfaac28a5d1",
          "schema:closes": "18:00:00",
          "schema:dayOfWeek": [
            {
              "@id": "schema:Wednesday",
              "@type": [
                "schema:DayOfWeek"
              ],
              "rdfs:label": {
                "de": [
                  "Mittwoch"
                ],
                "pt": [
                  "Quarta-feira"
                ],
                "en": [
                  "Wednesday"
                ],
                "it": [
                  "Mercoledì"
                ],
                "fr": [
                  "Mercredi"
                ],
                "nl": [
                  "Woensdag"
                ],
                "es": [
                  "Miércoles"
                ]
              }
            }
          ],
          "schema:opens": "14:00:00",
          "schema:validFrom": "2023-01-02T00:00:00",
          "schema:validThrough": "2023-12-31T23:59:59",
          "@type": [
            "schema:OpeningHoursSpecification"
          ]
        },
        {
          "@id": "https://data.datatourisme.fr/5020931e-3cf1-3ce7-b716-f41c6573a6b3",
          "schema:closes": "18:00:00",
          "schema:dayOfWeek": [
            {
              "@id": "schema:Sunday",
              "@type": [
                "schema:DayOfWeek"
              ],
              "rdfs:label": {
                "de": [
                  "Sonntag"
                ],
                "pt": [
                  "Domingo"
                ],
                "en": [
                  "Sunday"
                ],
                "it": [
                  "Domenica"
                ],
                "fr": [
                  "Dimanche"
                ],
                "nl": [
                  "Zondag"
                ],
                "es": [
                  "Domingo"
                ]
              }
            }
          ],
          "schema:opens": "14:00:00",
          "schema:validFrom": "2023-01-02T00:00:00",
          "schema:validThrough": "2023-12-31T23:59:59",
          "@type": [
            "schema:OpeningHoursSpecification"
          ]
        },
        {
          "@id": "https://data.datatourisme.fr/5910a2e4-8b81-3f48-890b-621261e60ae4",
          "schema:closes": "13:00:00",
          "schema:dayOfWeek": [
            {
              "@id": "schema:Saturday",
              "@type": [
                "schema:DayOfWeek"
              ],
              "rdfs:label": {
                "de": [
                  "Samstag"
                ],
                "pt": [
                  "Sábado"
                ],
                "en": [
                  "Saturday"
                ],
                "it": [
                  "Sabato"
                ],
                "fr": [
                  "Samedi"
                ],
                "nl": [
                  "Zaterdag"
                ],
                "es": [
                  "Sábado"
                ]
              }
            }
          ],
          "schema:opens": "09:00:00",
          "schema:validFrom": "2023-01-02T00:00:00",
          "schema:validThrough": "2023-12-31T23:59:59",
          "@type": [
            "schema:OpeningHoursSpecification"
          ]
        },
        {
          "@id": "https://data.datatourisme.fr/8e5cc991-89e7-3515-bbf7-cba0807b13f5",
          "schema:closes": "18:00:00",
          "schema:dayOfWeek": [
            {
              "@id": "schema:Monday",
              "@type": [
                "schema:DayOfWeek"
              ],
              "rdfs:label": {
                "de": [
                  "Montag"
                ],
                "pt": [
                  "Segunda-feira"
                ],
                "en": [
                  "Monday"
                ],
                "it": [
                  "Lunedì"
                ],
                "fr": [
                  "Lundi"
                ],
                "nl": [
                  "Maandag"
                ],
                "es": [
                  "Lunes"
                ]
              }
            }
          ],
          "schema:opens": "14:00:00",
          "schema:validFrom": "2023-01-02T00:00:00",
          "schema:validThrough": "2023-12-31T23:59:59",
          "@type": [
            "schema:OpeningHoursSpecification"
          ]
        },
        {
          "@id": "https://data.datatourisme.fr/a4083d58-e97a-3830-a780-651c15338192",
          "schema:closes": "13:00:00",
          "schema:dayOfWeek": [
            {
              "@id": "schema:Wednesday",
              "@type": [
                "schema:DayOfWeek"
              ],
              "rdfs:label": {
                "de": [
                  "Mittwoch"
                ],
                "pt": [
                  "Quarta-feira"
                ],
                "en": [
                  "Wednesday"
                ],
                "it": [
                  "Mercoledì"
                ],
                "fr": [
                  "Mercredi"
                ],
                "nl": [
                  "Woensdag"
                ],
                "es": [
                  "Miércoles"
                ]
              }
            }
          ],
          "schema:opens": "09:00:00",
          "schema:validFrom": "2023-01-02T00:00:00",
          "schema:validThrough": "2023-12-31T23:59:59",
          "@type": [
            "schema:OpeningHoursSpecification"
          ]
        },
        {
          "@id": "https://data.datatourisme.fr/ad824c7a-bc4e-3e44-b55e-4177feb181be",
          "schema:closes": "13:00:00",
          "schema:dayOfWeek": [
            {
              "@id": "schema:Sunday",
              "@type": [
                "schema:DayOfWeek"
              ],
              "rdfs:label": {
                "de": [
                  "Sonntag"
                ],
                "pt": [
                  "Domingo"
                ],
                "en": [
                  "Sunday"
                ],
                "it": [
                  "Domenica"
                ],
                "fr": [
                  "Dimanche"
                ],
                "nl": [
                  "Zondag"
                ],
                "es": [
                  "Domingo"
                ]
              }
            }
          ],
          "schema:opens": "09:00:00",
          "schema:validFrom": "2023-01-02T00:00:00",
          "schema:validThrough": "2023-12-31T23:59:59",
          "@type": [
            "schema:OpeningHoursSpecification"
          ]
        },
        {
          "@id": "https://data.datatourisme.fr/b241d09b-8f9d-34d1-bcfa-d7a8757ede84",
          "schema:closes": "13:00:00",
          "schema:dayOfWeek": [
            {
              "@id": "schema:Thursday",
              "@type": [
                "schema:DayOfWeek"
              ],
              "rdfs:label": {
                "de": [
                  "Donnerstag"
                ],
                "pt": [
                  "Quinta-feira"
                ],
                "en": [
                  "Thursday"
                ],
                "it": [
                  "Giovedì"
                ],
                "fr": [
                  "Jeudi"
                ],
                "es": [
                  "Jueves"
                ],
                "nl": [
                  "Donderdag"
                ]
              }
            }
          ],
          "schema:opens": "09:00:00",
          "schema:validFrom": "2023-01-02T00:00:00",
          "schema:validThrough": "2023-12-31T23:59:59",
          "@type": [
            "schema:OpeningHoursSpecification"
          ]
        },
        {
          "@id": "https://data.datatourisme.fr/b695269a-d015-3265-94b1-f526ac62bbbd",
          "schema:closes": "18:00:00",
          "schema:dayOfWeek": [
            {
              "@id": "schema:Saturday",
              "@type": [
                "schema:DayOfWeek"
              ],
              "rdfs:label": {
                "de": [
                  "Samstag"
                ],
                "pt": [
                  "Sábado"
                ],
                "en": [
                  "Saturday"
                ],
                "it": [
                  "Sabato"
                ],
                "fr": [
                  "Samedi"
                ],
                "nl": [
                  "Zaterdag"
                ],
                "es": [
                  "Sábado"
                ]
              }
            }
          ],
          "schema:opens": "14:00:00",
          "schema:validFrom": "2023-01-02T00:00:00",
          "schema:validThrough": "2023-12-31T23:59:59",
          "@type": [
            "schema:OpeningHoursSpecification"
          ]
        },
        {
          "@id": "https://data.datatourisme.fr/c5798110-aded-3604-997f-c07900fa9461",
          "schema:closes": "13:00:00",
          "schema:dayOfWeek": [
            {
              "@id": "schema:Friday",
              "@type": [
                "schema:DayOfWeek"
              ],
              "rdfs:label": {
                "de": [
                  "Freitag"
                ],
                "pt": [
                  "Sexta-feira"
                ],
                "en": [
                  "Friday"
                ],
                "it": [
                  "Venerdì"
                ],
                "fr": [
                  "Vendredi"
                ],
                "nl": [
                  "Vrijdag"
                ],
                "es": [
                  "Viernes"
                ]
              }
            }
          ],
          "schema:opens": "09:00:00",
          "schema:validFrom": "2023-01-02T00:00:00",
          "schema:validThrough": "2023-12-31T23:59:59",
          "@type": [
            "schema:OpeningHoursSpecification"
          ]
        },
        {
          "@id": "https://data.datatourisme.fr/c61526bd-27fb-3b67-a853-4809fc9a2900",
          "schema:closes": "18:00:00",
          "schema:dayOfWeek": [
            {
              "@id": "schema:Tuesday",
              "@type": [
                "schema:DayOfWeek"
              ],
              "rdfs:label": {
                "de": [
                  "Dienstag"
                ],
                "pt": [
                  "Terça-feira"
                ],
                "en": [
                  "Tuesday"
                ],
                "it": [
                  "Martedì"
                ],
                "fr": [
                  "Mardi"
                ],
                "es": [
                  "Martes"
                ],
                "nl": [
                  "Dinsdag"
                ]
              }
            }
          ],
          "schema:opens": "14:00:00",
          "schema:validFrom": "2023-01-02T00:00:00",
          "schema:validThrough": "2023-12-31T23:59:59",
          "@type": [
            "schema:OpeningHoursSpecification"
          ]
        },
        {
          "@id": "https://data.datatourisme.fr/d6f99675-6bcd-3396-b742-ff84ff69302c",
          "schema:closes": "18:00:00",
          "schema:dayOfWeek": [
            {
              "@id": "schema:Friday",
              "@type": [
                "schema:DayOfWeek"
              ],
              "rdfs:label": {
                "de": [
                  "Freitag"
                ],
                "pt": [
                  "Sexta-feira"
                ],
                "en": [
                  "Friday"
                ],
                "it": [
                  "Venerdì"
                ],
                "fr": [
                  "Vendredi"
                ],
                "nl": [
                  "Vrijdag"
                ],
                "es": [
                  "Viernes"
                ]
              }
            }
          ],
          "schema:opens": "14:00:00",
          "schema:validFrom": "2023-01-02T00:00:00",
          "schema:validThrough": "2023-12-31T23:59:59",
          "@type": [
            "schema:OpeningHoursSpecification"
          ]
        }
      ],
      "@type": [
        "schema:Place",
        "Place"
      ]
    }
  ],
  "lastUpdate": "2023-04-13",
  "lastUpdateDatatourisme": "2023-06-26T13:43:26.274Z",
  "providesFoodProduct": [
    {
      "@id": "kb:Wine",
      "@type": [
        "FoodProduct"
      ],
      "rdfs:label": {
        "de": [
          "Wein"
        ],
        "pt": [
          "Vinho"
        ],
        "en": [
          "Wine"
        ],
        "it": [
          "Vino"
        ],
        "fr": [
          "Vin"
        ],
        "nl": [
          "Wijn"
        ],
        "es": [
          "Vino"
        ]
      }
    }
  ]
}