{
  "@id": "https://data.datatourisme.fr/28/00805563-56db-31c5-9810-0b365a33fdbc",
  "dc:identifier": "FMAPIC080V518S3B",
  "schema:endDate": [
    "2024-02-28"
  ],
  "schema:startDate": [
    "2024-02-07"
  ],
  "@type": [
    "schema:Event",
    "schema:SaleEvent",
    "EntertainmentAndEvent",
    "FairOrShow",
    "PointOfInterest",
    "SaleEvent"
  ],
  "rdfs:label": {
    "fr": [
      "Du Portrait au Hors Traits - François Lecauchois"
    ]
  },
  "creationDate": "2023-05-16",
  "hasBeenCreatedBy": {
    "@id": "https://data.datatourisme.fr/28/b0caefca-b2db-36bb-8205-58929ea794c3",
    "dc:identifier": "SIM Aisne/Oise/Somme HDF - OT DE LA BAIE DE SOMME",
    "schema:familyName": [
      "SIM Aisne/Oise/Somme HDF - OT DE LA BAIE DE SOMME"
    ],
    "schema:legalName": "SIM Aisne/Oise/Somme HDF - OT DE LA BAIE DE SOMME",
    "@type": [
      "schema:Organization",
      "schema:Person",
      "foaf:Agent",
      "Agent"
    ]
  },
  "hasBeenPublishedBy": [
    {
      "@id": "https://data.datatourisme.fr/92f31106-f566-3eba-9601-ef062e161fbc",
      "schema:legalName": "SIM Picardie",
      "@type": [
        "schema:Organization",
        "foaf:Agent",
        "Agent"
      ]
    }
  ],
  "hasContact": [
    {
      "@id": "https://data.datatourisme.fr/6c4e6b47-e299-3f24-b503-bd779573b03a",
      "schema:telephone": [
        "+33 3 22 24 27 92"
      ],
      "@type": [
        "foaf:Agent",
        "Agent"
      ],
      "foaf:homepage": [
        "https://www.tourisme-baiedesomme.fr/"
      ]
    }
  ],
  "hasDescription": [
    {
      "@id": "https://data.datatourisme.fr/26653840-0584-3210-89de-7437f9dfe12f",
      "dc:description": {
        "de": [
          "gemäldeausstellung"
        ],
        "en": [
          "painting exhibition"
        ],
        "it": [
          "mostra di pittura"
        ],
        "fr": [
          "exposition de peintures"
        ],
        "nl": [
          "schilderijententoonstelling"
        ],
        "es": [
          "exposición de pintura"
        ]
      },
      "@type": [
        "Description"
      ],
      "hasTranslatedProperty": [
        {
          "@id": "https://data.datatourisme.fr/1e6951b9-d09a-3058-a64b-3e09784c708e",
          "dc:contributor": [
            "https://api.deepl.com/v2/translate"
          ],
          "rdf:language": [
            "it"
          ],
          "rdf:predicate": [
            {
              "@id": "dc:description"
            }
          ]
        },
        {
          "@id": "https://data.datatourisme.fr/5bbda109-1e3a-32a5-b5da-4389a6767835",
          "dc:contributor": [
            "https://api.deepl.com/v2/translate"
          ],
          "rdf:language": [
            "en"
          ],
          "rdf:predicate": [
            {
              "@id": "dc:description"
            }
          ]
        },
        {
          "@id": "https://data.datatourisme.fr/6da118d2-0690-3b54-be03-54286704b8d4",
          "dc:contributor": [
            "https://api.deepl.com/v2/translate"
          ],
          "rdf:language": [
            "nl"
          ],
          "rdf:predicate": [
            {
              "@id": "dc:description"
            }
          ]
        },
        {
          "@id": "https://data.datatourisme.fr/8d985a31-9aa3-3cef-a697-e9f76bbfd0a2",
          "dc:contributor": [
            "https://api.deepl.com/v2/translate"
          ],
          "rdf:language": [
            "es"
          ],
          "rdf:predicate": [
            {
              "@id": "dc:description"
            }
          ]
        },
        {
          "@id": "https://data.datatourisme.fr/fbd05f00-ac5b-3217-bd69-4e7d8c37285f",
          "dc:contributor": [
            "https://api.deepl.com/v2/translate"
          ],
          "rdf:language": [
            "de"
          ],
          "rdf:predicate": [
            {
              "@id": "dc:description"
            }
          ]
        }
      ]
    }
  ],
  "isLocatedAt": [
    {
      "@id": "https://data.datatourisme.fr/e8ae0db1-f22d-3e58-a909-f82bfd1bbacd",
      "schema:address": [
        {
          "@id": "https://data.datatourisme.fr/0e34be8f-f4b1-3bed-8c37-bdab6cc103fd",
          "schema:addressLocality": "Abbeville",
          "schema:postalCode": "80100",
          "schema:streetAddress": [
            "1 Place de l'Amiral Courbet"
          ],
          "@type": [
            "schema:PostalAddress",
            "PostalAddress"
          ],
          "hasAddressCity": {
            "@id": "kb:80001",
            "@type": [
              "City"
            ],
            "rdfs:label": {
              "de": [
                "Abbeville"
              ],
              "pt": [
                "Abbeville"
              ],
              "en": [
                "Abbeville"
              ],
              "it": [
                "Abbeville"
              ],
              "fr": [
                "Abbeville"
              ],
              "nl": [
                "Abbeville"
              ],
              "es": [
                "Abbeville"
              ]
            },
            "insee": "80001",
            "isPartOfDepartment": {
              "@id": "kb:France3280",
              "@type": [
                "Department"
              ],
              "rdfs:label": {
                "de": [
                  "Somme"
                ],
                "pt": [
                  "Somme"
                ],
                "en": [
                  "Somme"
                ],
                "it": [
                  "Somme"
                ],
                "fr": [
                  "Somme"
                ],
                "nl": [
                  "Somme"
                ],
                "es": [
                  "Somme"
                ]
              },
              "insee": "80",
              "isPartOfRegion": {
                "@id": "kb:France32",
                "@type": [
                  "Region"
                ],
                "rdfs:label": {
                  "de": [
                    "Hauts-de-France"
                  ],
                  "pt": [
                    "Hauts-de-France"
                  ],
                  "en": [
                    "Hauts-de-France"
                  ],
                  "it": [
                    "Hauts-de-France"
                  ],
                  "fr": [
                    "Hauts-de-France"
                  ],
                  "nl": [
                    "Hauts-de-France"
                  ],
                  "es": [
                    "Hauts-de-France"
                  ]
                },
                "insee": "32",
                "isPartOfCountry": {
                  "@id": "kb:France",
                  "@type": [
                    "schema:Country"
                  ],
                  "rdfs:label": {
                    "de": [
                      "France",
                      "Frankreich"
                    ],
                    "pt": [
                      "França",
                      "France"
                    ],
                    "en": [
                      "France"
                    ],
                    "it": [
                      "France",
                      "Francia"
                    ],
                    "fr": [
                      "France"
                    ],
                    "nl": [
                      "France",
                      "Frankrijk"
                    ],
                    "es": [
                      "France",
                      "Francia"
                    ]
                  }
                }
              }
            }
          }
        }
      ],
      "schema:geo": {
        "@id": "https://data.datatourisme.fr/5b3ebced-dc97-3211-9dbf-5db802096ffc",
        "schema:latitude": "50.10789",
        "schema:longitude": "1.83189",
        "@type": [
          "schema:GeoCoordinates"
        ]
      },
      "@type": [
        "schema:Place",
        "Place"
      ]
    }
  ],
  "lastUpdate": "2023-09-27",
  "lastUpdateDatatourisme": "2023-09-28T02:03:24.032Z",
  "takesPlaceAt": [
    {
      "@id": "https://data.datatourisme.fr/2bc75085-1398-3440-9225-9d3cbd878be8",
      "@type": [
        "Period"
      ],
      "endDate": "2024-02-28",
      "endTime": "12:30:00",
      "startDate": "2024-02-07",
      "startTime": "10:00:00"
    }
  ]
}