{
  "@id": "https://data.datatourisme.fr/28/004e12b7-bb76-384f-90e6-a9fb96ffc9a7",
  "dc:identifier": "PCUPIC000V5059SX",
  "@type": [
    "Cathedral",
    "CulturalSite",
    "PlaceOfInterest",
    "PointOfInterest",
    "ReligiousSite"
  ],
  "rdfs:label": {
    "fr": [
      "Église Saint-Sylvestre"
    ]
  },
  "owl:sameAs": [
    "http://www.wikidata.org/entity/Q22960974"
  ],
  "hasBeenCreatedBy": {
    "@id": "https://data.datatourisme.fr/28/9fddd220-aebe-35e7-941e-f5fd994c9f44",
    "dc:identifier": "SIM Aisne/Oise/Somme HDF - Hauts-de-France Tourisme",
    "schema:familyName": [
      "SIM Aisne/Oise/Somme HDF - Hauts-de-France Tourisme"
    ],
    "schema:legalName": "SIM Aisne/Oise/Somme HDF - Hauts-de-France Tourisme",
    "@type": [
      "schema:Organization",
      "schema:Person",
      "foaf:Agent",
      "Agent"
    ]
  },
  "hasBeenPublishedBy": [
    {
      "@id": "https://data.datatourisme.fr/d9a66c70-67e1-34d0-86db-3b553fcf14ca",
      "schema:legalName": "SIM Aisne/Oise/Somme HDF - Hauts-de-France Tourisme",
      "@type": [
        "schema:Organization",
        "foaf:Agent",
        "Agent"
      ]
    }
  ],
  "hasBookingContact": [
    {
      "@id": "https://data.datatourisme.fr/a94fc507-e832-36ef-a5ba-8c0130b28ffb",
      "schema:telephone": [
        "+33 3 28 43 03 83"
      ],
      "@type": [
        "foaf:Agent",
        "Agent"
      ]
    }
  ],
  "hasContact": [
    {
      "@id": "https://data.datatourisme.fr/1a869d93-65d3-367a-a1ec-f61275206d9d",
      "schema:familyName": [
        "Référent SIM régional"
      ],
      "schema:legalName": "SIM Picardie",
      "schema:telephone": [
        "+33 3 28 43 03 83"
      ],
      "@type": [
        "schema:Organization",
        "schema:Person",
        "foaf:Agent",
        "Agent"
      ]
    },
    {
      "@id": "https://data.datatourisme.fr/a94fc507-e832-36ef-a5ba-8c0130b28ffb",
      "schema:telephone": [
        "+33 3 28 43 03 83"
      ],
      "@type": [
        "foaf:Agent",
        "Agent"
      ]
    }
  ],
  "hasDescription": [
    {
      "@id": "https://data.datatourisme.fr/6e5717ec-eced-3835-8f24-07e6bfd2ee60",
      "dc:description": {
        "fr": [
          "-"
        ]
      },
      "@type": [
        "Description"
      ]
    }
  ],
  "hasRepresentation": [
    {
      "@id": "https://data.datatourisme.fr/32a134bb-b401-3f7d-b9c5-e3454ce7af4d",
      "ebucore:hasAnnotation": [
        {
          "@id": "https://data.datatourisme.fr/3449b632-90d0-3e61-9cf5-899bc09d0425",
          "ebucore:isCoveredBy": "CC BY-SA 3.0",
          "ebucore:title": {
            "fr": [
              "Rubrouck eglise"
            ]
          },
          "@type": [
            "ebucore:Annotation"
          ],
          "credits": [
            "Velvet (https://commons.wikimedia.org/wiki/User:Velvet)"
          ]
        }
      ],
      "ebucore:hasRelatedResource": [
        {
          "@id": "https://data.datatourisme.fr/95a225a7-68e0-38de-a7e9-25e2cc6fb52a",
          "ebucore:fileSize": [
            2806562
          ],
          "ebucore:hasMimeType": [
            {
              "@id": "kb:JPEG",
              "@type": [
                "ebucore:MimeType"
              ],
              "rdfs:comment": {
                "de": [
                  "JPEG-Bild"
                ],
                "pt": [
                  "Imagem JPEG"
                ],
                "en": [
                  "JPEG image file"
                ],
                "it": [
                  "Immagine JPEG"
                ],
                "fr": [
                  "Image JPEG"
                ],
                "nl": [
                  "JPEG-afbeelding"
                ],
                "es": [
                  "Imagen JPEG"
                ]
              },
              "rdfs:label": {
                "de": [
                  "image/jpeg"
                ],
                "pt": [
                  "image/jpeg"
                ],
                "en": [
                  "image/jpeg"
                ],
                "it": [
                  "image/jpeg"
                ],
                "fr": [
                  "image/jpeg"
                ],
                "nl": [
                  "image/jpeg"
                ],
                "es": [
                  "image/jpeg"
                ]
              }
            }
          ],
          "ebucore:height": 2223,
          "ebucore:locator": [
            "https://upload.wikimedia.org/wikipedia/commons/0/0e/Rubrouck_eglise.jpg"
          ],
          "ebucore:width": 2100,
          "@type": [
            "ebucore:Resource"
          ]
        }
      ],
      "@type": [
        "ebucore:EditorialObject"
      ]
    }
  ],
  "isLocatedAt": [
    {
      "@id": "https://data.datatourisme.fr/64d2933f-1417-3a73-8d96-16b0a6ad246a",
      "schema:address": [
        {
          "@id": "https://data.datatourisme.fr/c9402ea5-c56a-386a-a7eb-4f262b00161a",
          "schema:addressLocality": "Rubrouck",
          "schema:postalCode": "59285",
          "schema:streetAddress": [
            "512 route de Bourbourg"
          ],
          "@type": [
            "schema:PostalAddress",
            "PostalAddress"
          ],
          "hasAddressCity": {
            "@id": "kb:59516",
            "@type": [
              "City"
            ],
            "rdfs:label": {
              "de": [
                "Rubrouck"
              ],
              "pt": [
                "Rubrouck"
              ],
              "en": [
                "Rubrouck"
              ],
              "it": [
                "Rubrouck"
              ],
              "fr": [
                "Rubrouck"
              ],
              "nl": [
                "Rubrouck"
              ],
              "es": [
                "Rubrouck"
              ]
            },
            "insee": "59516",
            "isPartOfDepartment": {
              "@id": "kb:France3259",
              "@type": [
                "Department"
              ],
              "rdfs:label": {
                "de": [
                  "Nord"
                ],
                "pt": [
                  "Nord"
                ],
                "en": [
                  "Nord"
                ],
                "it": [
                  "Nord"
                ],
                "fr": [
                  "Nord"
                ],
                "nl": [
                  "Nord"
                ],
                "es": [
                  "Nord"
                ]
              },
              "insee": "59",
              "isPartOfRegion": {
                "@id": "kb:France32",
                "@type": [
                  "Region"
                ],
                "rdfs:label": {
                  "de": [
                    "Hauts-de-France"
                  ],
                  "pt": [
                    "Hauts-de-France"
                  ],
                  "en": [
                    "Hauts-de-France"
                  ],
                  "it": [
                    "Hauts-de-France"
                  ],
                  "fr": [
                    "Hauts-de-France"
                  ],
                  "nl": [
                    "Hauts-de-France"
                  ],
                  "es": [
                    "Hauts-de-France"
                  ]
                },
                "insee": "32",
                "isPartOfCountry": {
                  "@id": "kb:France",
                  "@type": [
                    "schema:Country"
                  ],
                  "rdfs:label": {
                    "de": [
                      "France",
                      "Frankreich"
                    ],
                    "pt": [
                      "França",
                      "France"
                    ],
                    "en": [
                      "France"
                    ],
                    "it": [
                      "France",
                      "Francia"
                    ],
                    "fr": [
                      "France"
                    ],
                    "nl": [
                      "France",
                      "Frankrijk"
                    ],
                    "es": [
                      "France",
                      "Francia"
                    ]
                  }
                }
              }
            }
          }
        }
      ],
      "schema:geo": {
        "@id": "https://data.datatourisme.fr/f89eed7f-db8b-3718-8ce7-5bd106c73c99",
        "schema:latitude": "50.8395068",
        "schema:longitude": "2.35436553",
        "@type": [
          "schema:GeoCoordinates"
        ]
      },
      "@type": [
        "schema:Place",
        "Place"
      ],
      "altInsee": [
        "59516"
      ]
    }
  ],
  "lastUpdate": "2023-06-16",
  "lastUpdateDatatourisme": "2023-06-17T02:00:44.212Z"
}