{
  "@id": "https://data.datatourisme.fr/28/0027f798-41f4-34fc-a2c2-26862cf18b99",
  "dc:identifier": "FMAPIC060V50IEEH",
  "schema:endDate": [
    "2023-10-28"
  ],
  "schema:startDate": [
    "2023-10-28"
  ],
  "@type": [
    "schema:Event",
    "schema:SaleEvent",
    "BricABrac",
    "EntertainmentAndEvent",
    "PointOfInterest",
    "SaleEvent"
  ],
  "rdfs:label": {
    "fr": [
      "Vide Grenier à Espaubourg"
    ]
  },
  "creationDate": "2023-08-07",
  "hasBeenCreatedBy": {
    "@id": "https://data.datatourisme.fr/28/a918025e-357a-368b-b2ba-045c0257a322",
    "dc:identifier": "SIM Aisne/Oise/Somme HDF - Office de Tourisme du Pays de Bray",
    "schema:familyName": [
      "SIM Aisne/Oise/Somme HDF - Office de Tourisme du Pays de Bray"
    ],
    "schema:legalName": "SIM Aisne/Oise/Somme HDF - Office de Tourisme du Pays de Bray",
    "@type": [
      "schema:Organization",
      "schema:Person",
      "foaf:Agent",
      "Agent"
    ]
  },
  "hasBeenPublishedBy": [
    {
      "@id": "https://data.datatourisme.fr/92f31106-f566-3eba-9601-ef062e161fbc",
      "schema:legalName": "SIM Picardie",
      "@type": [
        "schema:Organization",
        "foaf:Agent",
        "Agent"
      ]
    }
  ],
  "hasContact": [
    {
      "@id": "https://data.datatourisme.fr/71ef218f-c854-3419-a3cd-138b96023f6b",
      "schema:telephone": [
        "+33 6 26 03 83 17"
      ],
      "@type": [
        "foaf:Agent",
        "Agent"
      ]
    }
  ],
  "hasDescription": [
    {
      "@id": "https://data.datatourisme.fr/c5eac321-fa04-31b4-b047-e23d0fcbd6d1",
      "dc:description": {
        "de": [
          "Am Sonntag, den 8. Oktober findet in der Gemeinde Espaubourg ein Flohmarkt statt.\nAnmeldungen und Informationen unter 06.26.03.83.17\n2.50? der laufende Meter.\nVerpflegung vor Ort."
        ],
        "en": [
          "A garage sale will be held in Espaubourg on Sunday, October 8.\nRegistration and information on 06.26.03.83.17\n2.50? per linear metre.\nCatering on site."
        ],
        "it": [
          "Domenica 8 ottobre, a Espaubourg, si terrà una vendita di garage.\nIscrizioni e informazioni al 06.26.03.83.17\n2.50? al metro lineare.\nRistorazione in loco."
        ],
        "fr": [
          "Retrouvez un vide grenier dans la commune d'Espaubourg le dimanche 8 octobre. \nInscriptions et renseignements au 06.26.03.83.17\n2.50€ le mètre linéaire. \nRestauration sur place."
        ],
        "nl": [
          "Op zondag 8 oktober wordt er een garageverkoop gehouden in Espaubourg.\nRegistratie en informatie op 06.26.03.83.17\n2.50 per strekkende meter.\nCatering ter plaatse."
        ],
        "es": [
          "El domingo 8 de octubre se celebrará una venta de garaje en Espaubourg.\nInscripción e información en el 06.26.03.83.17\n2.50? por metro lineal.\nCatering in situ."
        ]
      },
      "@type": [
        "Description"
      ],
      "hasTranslatedProperty": [
        {
          "@id": "https://data.datatourisme.fr/0a9c8c93-806c-378b-b980-60a9b8759b64",
          "dc:contributor": [
            "https://api.deepl.com/v2/translate"
          ],
          "rdf:language": [
            "es"
          ],
          "rdf:predicate": [
            {
              "@id": "dc:description"
            }
          ]
        },
        {
          "@id": "https://data.datatourisme.fr/422b7a00-26be-30c9-81ae-a6727589c498",
          "dc:contributor": [
            "https://api.deepl.com/v2/translate"
          ],
          "rdf:language": [
            "nl"
          ],
          "rdf:predicate": [
            {
              "@id": "dc:description"
            }
          ]
        },
        {
          "@id": "https://data.datatourisme.fr/4761b152-0234-3748-84ca-ce0c628e7364",
          "dc:contributor": [
            "https://api.deepl.com/v2/translate"
          ],
          "rdf:language": [
            "en"
          ],
          "rdf:predicate": [
            {
              "@id": "dc:description"
            }
          ]
        },
        {
          "@id": "https://data.datatourisme.fr/5c99bd63-54d8-3d05-b0ec-7e436d34b6b1",
          "dc:contributor": [
            "https://api.deepl.com/v2/translate"
          ],
          "rdf:language": [
            "it"
          ],
          "rdf:predicate": [
            {
              "@id": "dc:description"
            }
          ]
        },
        {
          "@id": "https://data.datatourisme.fr/647e03c1-06ea-356e-99b8-0f1879de6882",
          "dc:contributor": [
            "https://api.deepl.com/v2/translate"
          ],
          "rdf:language": [
            "de"
          ],
          "rdf:predicate": [
            {
              "@id": "dc:description"
            }
          ]
        }
      ]
    }
  ],
  "isLocatedAt": [
    {
      "@id": "https://data.datatourisme.fr/74008e8b-9bb7-327a-b216-b80717b13a1d",
      "schema:address": [
        {
          "@id": "https://data.datatourisme.fr/19037d19-6a15-33ba-96a5-f339ab785fb2",
          "schema:addressLocality": "Espaubourg",
          "schema:postalCode": "60650",
          "@type": [
            "schema:PostalAddress",
            "PostalAddress"
          ],
          "hasAddressCity": {
            "@id": "kb:60220",
            "@type": [
              "City"
            ],
            "rdfs:label": {
              "de": [
                "Espaubourg"
              ],
              "pt": [
                "Espaubourg"
              ],
              "en": [
                "Espaubourg"
              ],
              "it": [
                "Espaubourg"
              ],
              "fr": [
                "Espaubourg"
              ],
              "nl": [
                "Espaubourg"
              ],
              "es": [
                "Espaubourg"
              ]
            },
            "insee": "60220",
            "isPartOfDepartment": {
              "@id": "kb:France3260",
              "@type": [
                "Department"
              ],
              "rdfs:label": {
                "de": [
                  "Oise"
                ],
                "pt": [
                  "Oise"
                ],
                "en": [
                  "Oise"
                ],
                "it": [
                  "Oise"
                ],
                "fr": [
                  "Oise"
                ],
                "nl": [
                  "Oise"
                ],
                "es": [
                  "Oise"
                ]
              },
              "insee": "60",
              "isPartOfRegion": {
                "@id": "kb:France32",
                "@type": [
                  "Region"
                ],
                "rdfs:label": {
                  "de": [
                    "Hauts-de-France"
                  ],
                  "pt": [
                    "Hauts-de-France"
                  ],
                  "en": [
                    "Hauts-de-France"
                  ],
                  "it": [
                    "Hauts-de-France"
                  ],
                  "fr": [
                    "Hauts-de-France"
                  ],
                  "nl": [
                    "Hauts-de-France"
                  ],
                  "es": [
                    "Hauts-de-France"
                  ]
                },
                "insee": "32",
                "isPartOfCountry": {
                  "@id": "kb:France",
                  "@type": [
                    "schema:Country"
                  ],
                  "rdfs:label": {
                    "de": [
                      "France",
                      "Frankreich"
                    ],
                    "pt": [
                      "França",
                      "France"
                    ],
                    "en": [
                      "France"
                    ],
                    "it": [
                      "France",
                      "Francia"
                    ],
                    "fr": [
                      "France"
                    ],
                    "nl": [
                      "France",
                      "Frankrijk"
                    ],
                    "es": [
                      "France",
                      "Francia"
                    ]
                  }
                }
              }
            }
          }
        }
      ],
      "schema:geo": {
        "@id": "https://data.datatourisme.fr/6c5b941d-f924-39e8-aa94-aa9504919aac",
        "schema:latitude": "49.4214",
        "schema:longitude": "1.86578",
        "@type": [
          "schema:GeoCoordinates"
        ]
      },
      "@type": [
        "schema:Place",
        "Place"
      ]
    }
  ],
  "lastUpdate": "2023-09-27",
  "lastUpdateDatatourisme": "2023-09-28T02:03:24.034Z",
  "offers": [
    {
      "@id": "https://data.datatourisme.fr/c273fcd4-7d6d-353c-8dc7-08840282f9f5",
      "schema:priceSpecification": [
        {
          "@id": "https://data.datatourisme.fr/6a7e5faf-78ce-34c0-8263-1f015186796f",
          "schema:maxPrice": [
            "0"
          ],
          "schema:minPrice": [
            "0"
          ],
          "schema:price": "0",
          "@type": [
            "schema:PriceSpecification"
          ],
          "name": {
            "fr": [
              "Gratuit"
            ]
          }
        }
      ],
      "@type": [
        "schema:Offer",
        "Offer"
      ]
    }
  ],
  "takesPlaceAt": [
    {
      "@id": "https://data.datatourisme.fr/7ee66055-75fc-3303-a369-0e5a8ce3f993",
      "@type": [
        "Period"
      ],
      "endDate": "2023-10-28",
      "startDate": "2023-10-28"
    }
  ]
}