{
  "@id": "https://data.datatourisme.fr/28/00fad889-ec37-351b-961a-8ac8611a160f",
  "dc:identifier": "ASCPIC080V5026N3",
  "@type": [
    "PlaceOfInterest",
    "PointOfInterest",
    "SportsAndLeisurePlace"
  ],
  "rdfs:comment": {
    "de": [
      "Fliegen Sie mit einem Ultraleichtflugzeug über die Somme-Bucht und entdecken Sie die Landschaft aus der Vogelperspektive!"
    ],
    "en": [
      "Fly over the Bay of the Somme to discover its landscapes from the sky with a microlight!"
    ],
    "it": [
      "Sorvolate la baia della Somme per scoprire i suoi paesaggi dal cielo con un ultraleggero!"
    ],
    "fr": [
      "Voler au dessus de la Baie de Somme pour découvrir ses paysages vue du ciel grâce un ULM!"
    ],
    "nl": [
      "Vlieg over de Baai van de Somme en ontdek de landschappen vanuit de lucht met een ultralight!"
    ],
    "es": [
      "Sobrevuele la bahía del Somme para descubrir sus paisajes desde el cielo con un ultraligero"
    ]
  },
  "rdfs:label": {
    "fr": [
      "Ludair"
    ]
  },
  "creationDate": "2014-10-13",
  "hasBeenCreatedBy": {
    "@id": "https://data.datatourisme.fr/28/b0caefca-b2db-36bb-8205-58929ea794c3",
    "dc:identifier": "SIM Aisne/Oise/Somme HDF - OT DE LA BAIE DE SOMME",
    "schema:familyName": [
      "SIM Aisne/Oise/Somme HDF - OT DE LA BAIE DE SOMME"
    ],
    "schema:legalName": "SIM Aisne/Oise/Somme HDF - OT DE LA BAIE DE SOMME",
    "@type": [
      "schema:Organization",
      "schema:Person",
      "foaf:Agent",
      "Agent"
    ]
  },
  "hasContact": [
    {
      "@id": "https://data.datatourisme.fr/d7abef67-a614-3bca-a9e3-74e81cd3b6a9",
      "schema:email": [
        "ludair-info@orange.fr"
      ],
      "schema:telephone": [
        "+33 3 22 24 36 59"
      ],
      "@type": [
        "foaf:Agent",
        "Agent"
      ],
      "foaf:homepage": [
        "http://ludair.pagesperso-orange.fr/"
      ]
    }
  ],
  "hasDescription": [
    {
      "@id": "https://data.datatourisme.fr/9c019317-2443-315f-a3b5-fb7f5b6a9d09",
      "dc:description": {
        "de": [
          "Ludair bietet 3 Angebote, um die Welt des Ultraleichtflugzeugs zu entdecken:\nLa découverte für 45 €: ein 15-minütiger Flug, bei dem Sie die Freuden des Fliegens spüren können.\nDie Somme-Bucht für 85 €: Ein 30-minütiger Flug zur Bucht, die Ihnen einen atemberaubenden Anblick bietet\nDie Côte Picarde für 150 €: Ein einstündiger Flug über unsere wunderschöne Küste von Fort-Mahon bis Ault, eine Reise, von der Sie verändert zurückkehren werden."
        ],
        "en": [
          "Ludair offers 3 formulas to discover the world of microlight:\nDiscovery for 45 € : a 15 minutes flight to feel the pleasures of flying.\nThe Bay of the Somme for 85 € : a 30-minute flight to the bay which will offer you a breathtaking show\nThe Picardy Coast for 150 €: a one hour flight to fly over our magnificent coast from Fort-Mahon to Ault, a trip from which you will come back changed."
        ],
        "it": [
          "Ludair offre 3 opzioni per scoprire il mondo del volo ultraleggero:\nLa scoperta per 45 ? : un volo di 15 minuti per provare il piacere di volare.\nLa baia della Somme a 85 anni: un volo di 30 minuti verso la baia che vi offrirà una vista mozzafiato\nLa Costa della Piccardia per 150 ? : un volo di un'ora per sorvolare la nostra magnifica costa da Fort-Mahon ad Ault, un viaggio che vi farà tornare indietro cambiati."
        ],
        "fr": [
          "Ludair propose 3 formules pour découvrir le monde de l'ULM :\nLa découverte pour 45 € : un vol de 15 minutes pour ressentir les plaisirs du vol.\nLa Baie de Somme pour 85 € : un vol de 30 minutes vers la baie qui vous offrira un spectacle à coupert le souffle\nLa Côte Picarde pour 150 € : un vol d'une heure pour survoler notre magnifique côte de Fort-Mahon à Ault, un voyage dont vous reviendrez changé."
        ],
        "es": [
          "Ludair ofrece 3 opciones para descubrir el mundo del vuelo en ultraligero:\nEl descubrimiento por 45€ : un vuelo de 15 minutos para sentir el placer de volar.\nLa bahía del Somme por 85€ : un vuelo de 30 minutos a la bahía que le ofrecerá una vista impresionante\nLa costa de Picardía por 150€ : un vuelo de una hora para sobrevolar nuestra magnífica costa desde Fort-Mahon hasta Ault, un viaje que volverá cambiado."
        ],
        "nl": [
          "Ludair biedt 3 mogelijkheden om de wereld van het ultralicht vliegen te ontdekken:\nOntdekking voor 45 €: een vlucht van 15 minuten om de geneugten van het vliegen te ervaren.\nDe Baai van de Somme voor 85 €: een vlucht van 30 minuten naar de baai die u een adembenemend uitzicht biedt\nDe Picardische kust voor 150 € : een vlucht van een uur over onze prachtige kustlijn van Fort-Mahon tot Ault, een tocht die u veranderd zal achterlaten."
        ]
      },
      "@type": [
        "Description"
      ],
      "hasTranslatedProperty": [
        {
          "@id": "https://data.datatourisme.fr/027f68a0-8b30-3fa6-96f6-0076a92daaa0",
          "dc:contributor": [
            "https://api.deepl.com/v2/translate"
          ],
          "rdf:language": [
            "en"
          ],
          "rdf:predicate": [
            "shortDescription"
          ]
        },
        {
          "@id": "https://data.datatourisme.fr/03e546b7-189a-3caa-aaf9-b9084e189ed8",
          "dc:contributor": [
            "https://api.deepl.com/v2/translate"
          ],
          "rdf:language": [
            "nl"
          ],
          "rdf:predicate": [
            "shortDescription"
          ]
        },
        {
          "@id": "https://data.datatourisme.fr/20ff74bd-89c4-3367-aef2-b1b4d345fe1d",
          "dc:contributor": [
            "https://api.deepl.com/v2/translate"
          ],
          "rdf:language": [
            "es"
          ],
          "rdf:predicate": [
            {
              "@id": "dc:description"
            }
          ]
        },
        {
          "@id": "https://data.datatourisme.fr/5cf1aefb-a3bf-3fd6-9863-3508eec8cbf8",
          "dc:contributor": [
            "https://api.deepl.com/v2/translate"
          ],
          "rdf:language": [
            "de"
          ],
          "rdf:predicate": [
            "shortDescription"
          ]
        },
        {
          "@id": "https://data.datatourisme.fr/65604f44-c0dc-3385-93ff-a39279350c79",
          "dc:contributor": [
            "https://api.deepl.com/v2/translate"
          ],
          "rdf:language": [
            "de"
          ],
          "rdf:predicate": [
            {
              "@id": "dc:description"
            }
          ]
        },
        {
          "@id": "https://data.datatourisme.fr/9bdedd97-20cf-3f0c-8f3c-73b88d83d81f",
          "dc:contributor": [
            "https://api.deepl.com/v2/translate"
          ],
          "rdf:language": [
            "es"
          ],
          "rdf:predicate": [
            "shortDescription"
          ]
        },
        {
          "@id": "https://data.datatourisme.fr/be24a3b6-11e8-3623-8642-f6d2cc7d270c",
          "dc:contributor": [
            "https://api.deepl.com/v2/translate"
          ],
          "rdf:language": [
            "en"
          ],
          "rdf:predicate": [
            {
              "@id": "dc:description"
            }
          ]
        },
        {
          "@id": "https://data.datatourisme.fr/f4a24059-ea8c-3bfd-b0d6-709217a63c72",
          "dc:contributor": [
            "https://api.deepl.com/v2/translate"
          ],
          "rdf:language": [
            "it"
          ],
          "rdf:predicate": [
            "shortDescription"
          ]
        },
        {
          "@id": "https://data.datatourisme.fr/f4bd57a1-d656-33ce-b143-2932f515bfe9",
          "dc:contributor": [
            "https://api.deepl.com/v2/translate"
          ],
          "rdf:language": [
            "nl"
          ],
          "rdf:predicate": [
            {
              "@id": "dc:description"
            }
          ]
        },
        {
          "@id": "https://data.datatourisme.fr/f832ed8d-77f7-31e9-807e-bf7937a4ecae",
          "dc:contributor": [
            "https://api.deepl.com/v2/translate"
          ],
          "rdf:language": [
            "it"
          ],
          "rdf:predicate": [
            {
              "@id": "dc:description"
            }
          ]
        }
      ],
      "shortDescription": {
        "de": [
          "Fliegen Sie mit einem Ultraleichtflugzeug über die Somme-Bucht und entdecken Sie die Landschaft aus der Vogelperspektive!"
        ],
        "en": [
          "Fly over the Bay of the Somme to discover its landscapes from the sky with a microlight!"
        ],
        "it": [
          "Sorvolate la baia della Somme per scoprire i suoi paesaggi dal cielo con un ultraleggero!"
        ],
        "fr": [
          "Voler au dessus de la Baie de Somme pour découvrir ses paysages vue du ciel grâce un ULM!"
        ],
        "nl": [
          "Vlieg over de Baai van de Somme en ontdek de landschappen vanuit de lucht met een ultralight!"
        ],
        "es": [
          "Sobrevuele la bahía del Somme para descubrir sus paisajes desde el cielo con un ultraligero"
        ]
      }
    }
  ],
  "hasTheme": [
    {
      "@id": "kb:PrivatePlane",
      "@type": [
        "SportsTheme"
      ],
      "rdfs:label": {
        "de": [
          "Privatflugzeug"
        ],
        "pt": [
          "Avião de turismo"
        ],
        "en": [
          "Private plane"
        ],
        "it": [
          "Aereo turistico"
        ],
        "fr": [
          "Avion de tourisme"
        ],
        "nl": [
          "Privévliegtuig"
        ],
        "es": [
          "Avión turístico"
        ]
      }
    },
    {
      "@id": "kb:Ulm",
      "@type": [
        "SportsTheme"
      ],
      "rdfs:label": {
        "de": [
          "Ulm"
        ],
        "pt": [
          "Ultra Ligeiro Motorizado (ULM)"
        ],
        "en": [
          "Ulm"
        ],
        "it": [
          "Ulm"
        ],
        "fr": [
          "Ulm"
        ],
        "nl": [
          "Ulm"
        ],
        "es": [
          "Ulm"
        ]
      }
    }
  ],
  "hasTranslatedProperty": [
    {
      "@id": "https://data.datatourisme.fr/29a0f6c5-935e-3c34-a70c-f9e1da58876d",
      "dc:contributor": [
        "https://api.deepl.com/v2/translate"
      ],
      "rdf:language": [
        "en"
      ],
      "rdf:predicate": [
        {
          "@id": "rdfs:comment"
        }
      ]
    },
    {
      "@id": "https://data.datatourisme.fr/6c1787a0-a4cb-3d04-ba80-988fe53a9414",
      "dc:contributor": [
        "https://api.deepl.com/v2/translate"
      ],
      "rdf:language": [
        "it"
      ],
      "rdf:predicate": [
        {
          "@id": "rdfs:comment"
        }
      ]
    },
    {
      "@id": "https://data.datatourisme.fr/6fdfee6d-4208-34c8-8da9-60525550f003",
      "dc:contributor": [
        "https://api.deepl.com/v2/translate"
      ],
      "rdf:language": [
        "de"
      ],
      "rdf:predicate": [
        {
          "@id": "rdfs:comment"
        }
      ]
    },
    {
      "@id": "https://data.datatourisme.fr/8a69d2e0-cbda-32c0-b573-af1bd8890378",
      "dc:contributor": [
        "https://api.deepl.com/v2/translate"
      ],
      "rdf:language": [
        "es"
      ],
      "rdf:predicate": [
        {
          "@id": "rdfs:comment"
        }
      ]
    },
    {
      "@id": "https://data.datatourisme.fr/a83ffd60-31a2-3e2a-8936-f66732e38025",
      "dc:contributor": [
        "https://api.deepl.com/v2/translate"
      ],
      "rdf:language": [
        "nl"
      ],
      "rdf:predicate": [
        {
          "@id": "rdfs:comment"
        }
      ]
    }
  ],
  "isLocatedAt": [
    {
      "@id": "https://data.datatourisme.fr/1bc9136b-9022-3f0c-a72f-c9739ca4f16f",
      "schema:address": [
        {
          "@id": "https://data.datatourisme.fr/051447af-0e6e-3acd-b1be-ac50b5ff1c5d",
          "schema:addressLocality": "Buigny-Saint-Maclou",
          "schema:postalCode": "80132",
          "schema:streetAddress": [
            "Aérodrome d'Abbeville"
          ],
          "@type": [
            "schema:PostalAddress",
            "PostalAddress"
          ],
          "hasAddressCity": {
            "@id": "kb:80149",
            "@type": [
              "City"
            ],
            "rdfs:label": {
              "de": [
                "Buigny-Saint-Maclou"
              ],
              "pt": [
                "Buigny-Saint-Maclou"
              ],
              "en": [
                "Buigny-Saint-Maclou"
              ],
              "it": [
                "Buigny-Saint-Maclou"
              ],
              "fr": [
                "Buigny-Saint-Maclou"
              ],
              "nl": [
                "Buigny-Saint-Maclou"
              ],
              "es": [
                "Buigny-Saint-Maclou"
              ]
            },
            "insee": "80149",
            "isPartOfDepartment": {
              "@id": "kb:France3280",
              "@type": [
                "Department"
              ],
              "rdfs:label": {
                "de": [
                  "Somme"
                ],
                "pt": [
                  "Somme"
                ],
                "en": [
                  "Somme"
                ],
                "it": [
                  "Somme"
                ],
                "fr": [
                  "Somme"
                ],
                "nl": [
                  "Somme"
                ],
                "es": [
                  "Somme"
                ]
              },
              "insee": "80",
              "isPartOfRegion": {
                "@id": "kb:France32",
                "@type": [
                  "Region"
                ],
                "rdfs:label": {
                  "de": [
                    "Hauts-de-France"
                  ],
                  "pt": [
                    "Hauts-de-France"
                  ],
                  "en": [
                    "Hauts-de-France"
                  ],
                  "it": [
                    "Hauts-de-France"
                  ],
                  "fr": [
                    "Hauts-de-France"
                  ],
                  "nl": [
                    "Hauts-de-France"
                  ],
                  "es": [
                    "Hauts-de-France"
                  ]
                },
                "insee": "32",
                "isPartOfCountry": {
                  "@id": "kb:France",
                  "@type": [
                    "schema:Country"
                  ],
                  "rdfs:label": {
                    "de": [
                      "France",
                      "Frankreich"
                    ],
                    "pt": [
                      "França",
                      "France"
                    ],
                    "en": [
                      "France"
                    ],
                    "it": [
                      "France",
                      "Francia"
                    ],
                    "fr": [
                      "France"
                    ],
                    "nl": [
                      "France",
                      "Frankrijk"
                    ],
                    "es": [
                      "France",
                      "Francia"
                    ]
                  }
                }
              }
            }
          }
        }
      ],
      "schema:geo": {
        "@id": "https://data.datatourisme.fr/7f215e11-03b3-38a6-9856-07ca6fd88457",
        "schema:latitude": "50.1414997",
        "schema:longitude": "1.82641154",
        "@type": [
          "schema:GeoCoordinates"
        ]
      },
      "@type": [
        "schema:Place",
        "Place"
      ],
      "altInsee": [
        "80149"
      ]
    }
  ],
  "lastUpdate": "2023-09-27",
  "lastUpdateDatatourisme": "2023-09-28T02:05:45.121Z"
}