{
  "@id": "https://data.datatourisme.fr/28/0027d97b-f1e8-3e97-b88f-39ca1c129350",
  "dc:identifier": "PCUHDF000V5084DP",
  "@type": [
    "Cathedral",
    "CulturalSite",
    "PlaceOfInterest",
    "PointOfInterest",
    "ReligiousSite"
  ],
  "rdfs:label": {
    "fr": [
      "SAINT VINCENT DE PAUL"
    ]
  },
  "hasBeenCreatedBy": {
    "@id": "https://data.datatourisme.fr/28/9fddd220-aebe-35e7-941e-f5fd994c9f44",
    "dc:identifier": "SIM Aisne/Oise/Somme HDF - Hauts-de-France Tourisme",
    "schema:familyName": [
      "SIM Aisne/Oise/Somme HDF - Hauts-de-France Tourisme"
    ],
    "schema:legalName": "SIM Aisne/Oise/Somme HDF - Hauts-de-France Tourisme",
    "@type": [
      "schema:Organization",
      "schema:Person",
      "foaf:Agent",
      "Agent"
    ]
  },
  "hasBeenPublishedBy": [
    {
      "@id": "https://data.datatourisme.fr/d9a66c70-67e1-34d0-86db-3b553fcf14ca",
      "schema:legalName": "SIM Aisne/Oise/Somme HDF - Hauts-de-France Tourisme",
      "@type": [
        "schema:Organization",
        "foaf:Agent",
        "Agent"
      ]
    }
  ],
  "hasContact": [
    {
      "@id": "https://data.datatourisme.fr/3c4579e5-964a-3507-b732-4bdc98ef02a2",
      "schema:familyName": [
        "Référent SIM régional"
      ],
      "schema:legalName": "SIM Picardie",
      "@type": [
        "schema:Organization",
        "schema:Person",
        "foaf:Agent",
        "Agent"
      ]
    }
  ],
  "hasDescription": [
    {
      "@id": "https://data.datatourisme.fr/e3f4889d-86af-3084-91e2-e04e8d1c8819",
      "dc:description": {
        "fr": [
          "_"
        ]
      },
      "@type": [
        "Description"
      ]
    }
  ],
  "isLocatedAt": [
    {
      "@id": "https://data.datatourisme.fr/88998d03-f548-356b-9e2a-dd896739c130",
      "schema:address": [
        {
          "@id": "https://data.datatourisme.fr/c6bf41c7-c628-36cf-8ff7-eb8fed8d893b",
          "schema:addressLocality": "Lille",
          "schema:postalCode": "59000",
          "schema:streetAddress": [
            "63 rue de Fontenoy"
          ],
          "@type": [
            "schema:PostalAddress",
            "PostalAddress"
          ],
          "hasAddressCity": {
            "@id": "kb:59350",
            "@type": [
              "City"
            ],
            "rdfs:label": {
              "de": [
                "Lille"
              ],
              "pt": [
                "Lille"
              ],
              "en": [
                "Lille"
              ],
              "it": [
                "Lille"
              ],
              "fr": [
                "Lille"
              ],
              "nl": [
                "Lille"
              ],
              "es": [
                "Lille"
              ]
            },
            "insee": "59350",
            "isPartOfDepartment": {
              "@id": "kb:France3259",
              "@type": [
                "Department"
              ],
              "rdfs:label": {
                "de": [
                  "Nord"
                ],
                "pt": [
                  "Nord"
                ],
                "en": [
                  "Nord"
                ],
                "it": [
                  "Nord"
                ],
                "fr": [
                  "Nord"
                ],
                "nl": [
                  "Nord"
                ],
                "es": [
                  "Nord"
                ]
              },
              "insee": "59",
              "isPartOfRegion": {
                "@id": "kb:France32",
                "@type": [
                  "Region"
                ],
                "rdfs:label": {
                  "de": [
                    "Hauts-de-France"
                  ],
                  "pt": [
                    "Hauts-de-France"
                  ],
                  "en": [
                    "Hauts-de-France"
                  ],
                  "it": [
                    "Hauts-de-France"
                  ],
                  "fr": [
                    "Hauts-de-France"
                  ],
                  "nl": [
                    "Hauts-de-France"
                  ],
                  "es": [
                    "Hauts-de-France"
                  ]
                },
                "insee": "32",
                "isPartOfCountry": {
                  "@id": "kb:France",
                  "@type": [
                    "schema:Country"
                  ],
                  "rdfs:label": {
                    "de": [
                      "France",
                      "Frankreich"
                    ],
                    "pt": [
                      "França",
                      "France"
                    ],
                    "en": [
                      "France"
                    ],
                    "it": [
                      "France",
                      "Francia"
                    ],
                    "fr": [
                      "France"
                    ],
                    "nl": [
                      "France",
                      "Frankrijk"
                    ],
                    "es": [
                      "France",
                      "Francia"
                    ]
                  }
                }
              }
            }
          }
        }
      ],
      "schema:geo": {
        "@id": "https://data.datatourisme.fr/9bccb902-d2c1-391a-83ae-373480d023c0",
        "schema:latitude": "50.6205986",
        "schema:longitude": "3.0695202",
        "@type": [
          "schema:GeoCoordinates"
        ]
      },
      "@type": [
        "schema:Place",
        "Place"
      ],
      "altInsee": [
        "59350"
      ]
    }
  ],
  "lastUpdate": "2023-07-12",
  "lastUpdateDatatourisme": "2023-07-13T02:02:55.824Z"
}