{
  "@id": "https://data.datatourisme.fr/30/00582d45-f015-372c-9093-e9badea11881",
  "dc:identifier": "FMANOR014V54KZNG",
  "schema:endDate": [
    "2023-10-13",
    "2023-10-21",
    "2023-10-23"
  ],
  "schema:startDate": [
    "2023-10-13",
    "2023-10-21",
    "2023-10-23"
  ],
  "@type": [
    "schema:Event",
    "schema:ExhibitionEvent",
    "CulturalEvent",
    "EntertainmentAndEvent",
    "Exhibition",
    "PointOfInterest"
  ],
  "rdfs:comment": {
    "de": [
      "Im Rahmen von Regards Croisés: Elle est belle la démocratie! bietet Ihnen CDAR Workshops zur künstlerischen Praxis an, in denen Sie einige Techniken der Druckkunst kennenlernen können (Sparschnitt, Kaltnadelradierung und Radierung). Jeder Teilnehmer geht mit seinen unter der Presse hergestellten Drucken nach Hause.\nDer Workshop erfordert eine Anwesenheit von mindestens zwei aufeinanderfolgenden Stunden, um eine qualitativ hochwertige Arbeit zu ermöglichen. Die Teilnehmerzahl ist auf jeweils 20 Personen begrenzt."
    ],
    "en": [
      "As part of Regards Croisés: Elle est belle la démocratie! the CDAR is offering practical art workshops, enabling participants to discover some of the techniques involved in the art of engraving (intaglio, intaglio and etching). Each participant will leave with his or her own prints made on press.\nThe workshop requires a minimum attendance of 2 consecutive hours to ensure quality work. It is limited to 20 people at a time."
    ],
    "it": [
      "Nell'ambito di Regards Croisés: Elle est belle la démocratie! il CDAR propone dei laboratori artistici pratici per scoprire alcune tecniche dell'arte dell'incisione (calcografia, calcografia e acquaforte). Ogni partecipante potrà lasciare il laboratorio con le proprie stampe realizzate al torchio.\nIl workshop richiede una frequenza minima di 2 ore consecutive per garantire un lavoro di qualità. È limitato a 20 persone per volta."
    ],
    "fr": [
      "Dans le cadre de Regards Croisés : Elle est belle la démocratie ! , le CDAR vous propose des ateliers de pratique artistique, permettant ainsi de découvrir quelques techniques liées à l'art de la gravure (taille d'épargne, taille douce et eau forte). Chaque participant repartira avec ses impressions réalisées sous presse.\nL'atelier nécessite une présence d'au moins 2 heures consécutives permettant un travail de qualité. Il est limité à 20 personnes à la fois."
    ],
    "es": [
      "¡En el marco de Regards Croisés: Elle est belle la démocratie! el CDAR propone talleres artísticos prácticos para descubrir algunas de las técnicas del arte del grabado (calcografía, calcografía y aguafuerte). Cada participante se irá con su propio grabado realizado en prensa.\nEl taller requiere una asistencia mínima de 2 horas consecutivas para garantizar un trabajo de calidad. Está limitado a 20 personas a la vez."
    ],
    "nl": [
      "In het kader van Regards Croisés: Elle est belle la démocratie! biedt het CDAR praktische kunstworkshops aan om je te laten kennismaken met enkele technieken van de graveerkunst (diepdruk, diepgravure en ets). Elke deelnemer vertrekt met zijn of haar eigen op de pers gemaakte afdrukken.\nDe workshop vereist een minimale aanwezigheid van 2 opeenvolgende uren om de kwaliteit van het werk te garanderen. De workshop is beperkt tot 20 personen per keer."
    ]
  },
  "rdfs:label": {
    "de": [
      "Ateliers de pratique artistique à Tournay-sur-Odon"
    ],
    "en": [
      "Ateliers de pratique artistique à Tournay-sur-Odon"
    ],
    "fr": [
      "Ateliers de pratique artistique à Tournay-sur-Odon"
    ]
  },
  "creationDate": "2023-09-20",
  "hasBeenCreatedBy": {
    "@id": "https://data.datatourisme.fr/30/b52a07bc-acd8-364c-81fd-2deba51a1c22",
    "dc:identifier": "3c67d083-a776-414f-9546-e452d920ec55",
    "schema:address": [
      {
        "@id": "https://data.datatourisme.fr/054b9891-fe3c-34ad-a32d-6b3ed4e94bed",
        "schema:addressLocality": "Vire Normandie",
        "schema:postalCode": "14500",
        "schema:streetAddress": [
          "Square de la Résistance",
          "Vire"
        ],
        "@type": [
          "schema:PostalAddress",
          "PostalAddress"
        ],
        "hasAddressCity": {
          "@id": "kb:14762",
          "@type": [
            "City"
          ],
          "rdfs:label": {
            "de": [
              "Vire Normandie"
            ],
            "pt": [
              "Vire Normandie"
            ],
            "en": [
              "Vire Normandie"
            ],
            "it": [
              "Vire Normandie"
            ],
            "fr": [
              "Vire Normandie"
            ],
            "nl": [
              "Vire Normandie"
            ],
            "es": [
              "Vire Normandie"
            ]
          },
          "insee": "14762",
          "isPartOfDepartment": {
            "@id": "kb:France2814",
            "@type": [
              "Department"
            ],
            "rdfs:label": {
              "de": [
                "Calvados"
              ],
              "pt": [
                "Calvados"
              ],
              "en": [
                "Calvados"
              ],
              "it": [
                "Calvados"
              ],
              "fr": [
                "Calvados"
              ],
              "nl": [
                "Calvados"
              ],
              "es": [
                "Calvados"
              ]
            },
            "insee": "14",
            "isPartOfRegion": {
              "@id": "kb:France28",
              "@type": [
                "Region"
              ],
              "rdfs:label": {
                "de": [
                  "Normandie"
                ],
                "pt": [
                  "Normandie"
                ],
                "en": [
                  "Normandie"
                ],
                "it": [
                  "Normandie"
                ],
                "fr": [
                  "Normandie"
                ],
                "nl": [
                  "Normandie"
                ],
                "es": [
                  "Normandie"
                ]
              },
              "insee": "28",
              "isPartOfCountry": {
                "@id": "kb:France",
                "@type": [
                  "schema:Country"
                ],
                "rdfs:label": {
                  "de": [
                    "France",
                    "Frankreich"
                  ],
                  "pt": [
                    "França",
                    "France"
                  ],
                  "en": [
                    "France"
                  ],
                  "it": [
                    "France",
                    "Francia"
                  ],
                  "fr": [
                    "France"
                  ],
                  "nl": [
                    "France",
                    "Frankrijk"
                  ],
                  "es": [
                    "France",
                    "Francia"
                  ]
                }
              }
            }
          }
        }
      },
      {
        "@id": "https://data.datatourisme.fr/4a48d143-d269-3276-8377-b1267a985694",
        "schema:addressLocality": "Évreux",
        "schema:postalCode": "27000",
        "schema:streetAddress": [
          "14 Rue Charles Corbeau - le Doyenné"
        ],
        "@type": [
          "schema:PostalAddress",
          "PostalAddress"
        ],
        "hasAddressCity": {
          "@id": "kb:27229",
          "@type": [
            "City"
          ],
          "rdfs:label": {
            "de": [
              "Évreux"
            ],
            "pt": [
              "Évreux"
            ],
            "en": [
              "Évreux"
            ],
            "it": [
              "Évreux"
            ],
            "fr": [
              "Évreux"
            ],
            "nl": [
              "Évreux"
            ],
            "es": [
              "Évreux"
            ]
          },
          "insee": "27229",
          "isPartOfDepartment": {
            "@id": "kb:France2827",
            "@type": [
              "Department"
            ],
            "rdfs:label": {
              "de": [
                "Eure"
              ],
              "pt": [
                "Eure"
              ],
              "en": [
                "Eure"
              ],
              "it": [
                "Eure"
              ],
              "fr": [
                "Eure"
              ],
              "nl": [
                "Eure"
              ],
              "es": [
                "Eure"
              ]
            },
            "insee": "27",
            "isPartOfRegion": {
              "@id": "kb:France28",
              "@type": [
                "Region"
              ],
              "rdfs:label": {
                "de": [
                  "Normandie"
                ],
                "pt": [
                  "Normandie"
                ],
                "en": [
                  "Normandie"
                ],
                "it": [
                  "Normandie"
                ],
                "fr": [
                  "Normandie"
                ],
                "nl": [
                  "Normandie"
                ],
                "es": [
                  "Normandie"
                ]
              },
              "insee": "28",
              "isPartOfCountry": {
                "@id": "kb:France",
                "@type": [
                  "schema:Country"
                ],
                "rdfs:label": {
                  "de": [
                    "France",
                    "Frankreich"
                  ],
                  "pt": [
                    "França",
                    "France"
                  ],
                  "en": [
                    "France"
                  ],
                  "it": [
                    "France",
                    "Francia"
                  ],
                  "fr": [
                    "France"
                  ],
                  "nl": [
                    "France",
                    "Frankrijk"
                  ],
                  "es": [
                    "France",
                    "Francia"
                  ]
                }
              }
            }
          }
        }
      },
      {
        "@id": "https://data.datatourisme.fr/9c855fd3-fa0b-373d-a8a7-97301f715ac3",
        "schema:postalCode": "14500",
        "schema:streetAddress": [
          "Square de la Résistance",
          "Vire"
        ],
        "@type": [
          "schema:PostalAddress"
        ]
      },
      {
        "@id": "https://data.datatourisme.fr/b0712bb1-0a7d-3fc7-a95e-1d1ff99534dc",
        "schema:addressLocality": "Évreux",
        "schema:postalCode": "27000",
        "schema:streetAddress": [
          "14 Rue Charles Corbeau - Le Doyenné"
        ],
        "@type": [
          "schema:PostalAddress",
          "PostalAddress"
        ],
        "hasAddressCity": {
          "@id": "kb:27229",
          "@type": [
            "City"
          ],
          "rdfs:label": {
            "de": [
              "Évreux"
            ],
            "pt": [
              "Évreux"
            ],
            "en": [
              "Évreux"
            ],
            "it": [
              "Évreux"
            ],
            "fr": [
              "Évreux"
            ],
            "nl": [
              "Évreux"
            ],
            "es": [
              "Évreux"
            ]
          },
          "insee": "27229",
          "isPartOfDepartment": {
            "@id": "kb:France2827",
            "@type": [
              "Department"
            ],
            "rdfs:label": {
              "de": [
                "Eure"
              ],
              "pt": [
                "Eure"
              ],
              "en": [
                "Eure"
              ],
              "it": [
                "Eure"
              ],
              "fr": [
                "Eure"
              ],
              "nl": [
                "Eure"
              ],
              "es": [
                "Eure"
              ]
            },
            "insee": "27",
            "isPartOfRegion": {
              "@id": "kb:France28",
              "@type": [
                "Region"
              ],
              "rdfs:label": {
                "de": [
                  "Normandie"
                ],
                "pt": [
                  "Normandie"
                ],
                "en": [
                  "Normandie"
                ],
                "it": [
                  "Normandie"
                ],
                "fr": [
                  "Normandie"
                ],
                "nl": [
                  "Normandie"
                ],
                "es": [
                  "Normandie"
                ]
              },
              "insee": "28",
              "isPartOfCountry": {
                "@id": "kb:France",
                "@type": [
                  "schema:Country"
                ],
                "rdfs:label": {
                  "de": [
                    "France",
                    "Frankreich"
                  ],
                  "pt": [
                    "França",
                    "France"
                  ],
                  "en": [
                    "France"
                  ],
                  "it": [
                    "France",
                    "Francia"
                  ],
                  "fr": [
                    "France"
                  ],
                  "nl": [
                    "France",
                    "Frankrijk"
                  ],
                  "es": [
                    "France",
                    "Francia"
                  ]
                }
              }
            }
          }
        }
      }
    ],
    "schema:email": [
      "contact@paysdevire-tourisme.fr"
    ],
    "schema:legalName": "Normandie Tourisme / Attitude Manche",
    "@type": [
      "schema:Organization",
      "foaf:Agent",
      "Agent"
    ]
  },
  "hasBeenPublishedBy": [
    {
      "@id": "https://data.datatourisme.fr/adce4411-0f8d-3138-8d32-b8eb71125ab5",
      "schema:email": [
        "l.helbert@normandie-tourisme.fr"
      ],
      "schema:legalName": "Normandie Tourisme",
      "@type": [
        "schema:Organization",
        "foaf:Agent",
        "Agent"
      ],
      "foaf:homepage": [
        "https://www.normandie-tourisme.fr/"
      ]
    }
  ],
  "hasContact": [
    {
      "@id": "https://data.datatourisme.fr/ec9b550c-891e-3d8a-a55b-e643bd9f00f3",
      "schema:email": [
        "cdar.villodon@gmail.com"
      ],
      "schema:telephone": [
        "+33 6 81 23 61 22"
      ],
      "@type": [
        "foaf:Agent",
        "Agent"
      ],
      "foaf:homepage": [
        "https://cdarvillodon.wordpress.com/"
      ]
    }
  ],
  "hasDescription": [
    {
      "@id": "https://data.datatourisme.fr/a3f3b2ed-5310-397c-b039-24b4425cbef9",
      "dc:description": {
        "de": [
          "Im Rahmen von Regards Croisés: Elle est belle la démocratie! bietet Ihnen CDAR Workshops zur künstlerischen Praxis an, in denen Sie einige Techniken der Druckkunst kennenlernen können (Sparschnitt, Kaltnadelradierung und Radierung). Jeder Teilnehmer geht mit seinen unter der Presse hergestellten Drucken nach Hause.\nDer Workshop erfordert eine Anwesenheit von mindestens zwei aufeinanderfolgenden Stunden, um eine qualitativ hochwertige Arbeit zu ermöglichen. Die Teilnehmerzahl ist auf jeweils 20 Personen begrenzt."
        ],
        "en": [
          "As part of Regards Croisés: Elle est belle la démocratie! the CDAR is offering practical art workshops, enabling participants to discover some of the techniques involved in the art of engraving (intaglio, intaglio and etching). Each participant will leave with his or her own prints made on press.\nThe workshop requires a minimum attendance of 2 consecutive hours to ensure quality work. It is limited to 20 people at a time."
        ],
        "it": [
          "Nell'ambito di Regards Croisés: Elle est belle la démocratie! il CDAR propone dei laboratori artistici pratici per scoprire alcune tecniche dell'arte dell'incisione (calcografia, calcografia e acquaforte). Ogni partecipante potrà lasciare il laboratorio con le proprie stampe realizzate al torchio.\nIl workshop richiede una frequenza minima di 2 ore consecutive per garantire un lavoro di qualità. È limitato a 20 persone per volta."
        ],
        "fr": [
          "Dans le cadre de Regards Croisés : Elle est belle la démocratie ! , le CDAR vous propose des ateliers de pratique artistique, permettant ainsi de découvrir quelques techniques liées à l'art de la gravure (taille d'épargne, taille douce et eau forte). Chaque participant repartira avec ses impressions réalisées sous presse.\nL'atelier nécessite une présence d'au moins 2 heures consécutives permettant un travail de qualité. Il est limité à 20 personnes à la fois."
        ],
        "es": [
          "¡En el marco de Regards Croisés: Elle est belle la démocratie! el CDAR propone talleres artísticos prácticos para descubrir algunas de las técnicas del arte del grabado (calcografía, calcografía y aguafuerte). Cada participante se irá con su propio grabado realizado en prensa.\nEl taller requiere una asistencia mínima de 2 horas consecutivas para garantizar un trabajo de calidad. Está limitado a 20 personas a la vez."
        ],
        "nl": [
          "In het kader van Regards Croisés: Elle est belle la démocratie! biedt het CDAR praktische kunstworkshops aan om je te laten kennismaken met enkele technieken van de graveerkunst (diepdruk, diepgravure en ets). Elke deelnemer vertrekt met zijn of haar eigen op de pers gemaakte afdrukken.\nDe workshop vereist een minimale aanwezigheid van 2 opeenvolgende uren om de kwaliteit van het werk te garanderen. De workshop is beperkt tot 20 personen per keer."
        ]
      },
      "@type": [
        "Description"
      ],
      "hasTranslatedProperty": [
        {
          "@id": "https://data.datatourisme.fr/04b5eec9-4171-3bee-a77a-303a7059ed69",
          "dc:contributor": [
            "https://api.deepl.com/v2/translate"
          ],
          "rdf:language": [
            "es"
          ],
          "rdf:predicate": [
            "shortDescription"
          ]
        },
        {
          "@id": "https://data.datatourisme.fr/1c11c11c-499f-3973-98a8-a8143edc6343",
          "dc:contributor": [
            "https://api.deepl.com/v2/translate"
          ],
          "rdf:language": [
            "nl"
          ],
          "rdf:predicate": [
            {
              "@id": "dc:description"
            }
          ]
        },
        {
          "@id": "https://data.datatourisme.fr/31086b9d-fab8-3d2c-8f80-b33808e3419f",
          "dc:contributor": [
            "https://api.deepl.com/v2/translate"
          ],
          "rdf:language": [
            "de"
          ],
          "rdf:predicate": [
            {
              "@id": "dc:description"
            }
          ]
        },
        {
          "@id": "https://data.datatourisme.fr/6e75674a-9a05-3d62-8a60-0091d5b0c10c",
          "dc:contributor": [
            "https://api.deepl.com/v2/translate"
          ],
          "rdf:language": [
            "es"
          ],
          "rdf:predicate": [
            {
              "@id": "dc:description"
            }
          ]
        },
        {
          "@id": "https://data.datatourisme.fr/89ea46cc-84dc-35cf-aff2-a8ca0bcaa1b6",
          "dc:contributor": [
            "https://api.deepl.com/v2/translate"
          ],
          "rdf:language": [
            "de"
          ],
          "rdf:predicate": [
            "shortDescription"
          ]
        },
        {
          "@id": "https://data.datatourisme.fr/cc55c794-7722-3755-af96-26640345a92c",
          "dc:contributor": [
            "https://api.deepl.com/v2/translate"
          ],
          "rdf:language": [
            "it"
          ],
          "rdf:predicate": [
            "shortDescription"
          ]
        },
        {
          "@id": "https://data.datatourisme.fr/d8952e2d-7d45-3e9b-8889-cbd55a3cf062",
          "dc:contributor": [
            "https://api.deepl.com/v2/translate"
          ],
          "rdf:language": [
            "nl"
          ],
          "rdf:predicate": [
            "shortDescription"
          ]
        },
        {
          "@id": "https://data.datatourisme.fr/f8575961-1143-3396-88dc-830b2683d966",
          "dc:contributor": [
            "https://api.deepl.com/v2/translate"
          ],
          "rdf:language": [
            "it"
          ],
          "rdf:predicate": [
            {
              "@id": "dc:description"
            }
          ]
        }
      ],
      "shortDescription": {
        "de": [
          "Im Rahmen von Regards Croisés: Elle est belle la démocratie! bietet Ihnen CDAR Workshops zur künstlerischen Praxis an, in denen Sie einige Techniken der Druckkunst kennenlernen können (Sparschnitt, Kaltnadelradierung und Radierung). Jeder Teilnehmer geht mit seinen unter der Presse hergestellten Drucken nach Hause.\nDer Workshop erfordert eine Anwesenheit von mindestens zwei aufeinanderfolgenden Stunden, um eine qualitativ hochwertige Arbeit zu ermöglichen. Die Teilnehmerzahl ist auf jeweils 20 Personen begrenzt."
        ],
        "en": [
          "As part of Regards Croisés: Elle est belle la démocratie! the CDAR is offering practical art workshops, enabling participants to discover some of the techniques involved in the art of engraving (intaglio, intaglio and etching). Each participant will leave with his or her own prints made on press.\nThe workshop requires a minimum attendance of 2 consecutive hours to ensure quality work. It is limited to 20 people at a time."
        ],
        "it": [
          "Nell'ambito di Regards Croisés: Elle est belle la démocratie! il CDAR propone dei laboratori artistici pratici per scoprire alcune tecniche dell'arte dell'incisione (calcografia, calcografia e acquaforte). Ogni partecipante potrà lasciare il laboratorio con le proprie stampe realizzate al torchio.\nIl workshop richiede una frequenza minima di 2 ore consecutive per garantire un lavoro di qualità. È limitato a 20 persone per volta."
        ],
        "fr": [
          "Dans le cadre de Regards Croisés : Elle est belle la démocratie ! , le CDAR vous propose des ateliers de pratique artistique, permettant ainsi de découvrir quelques techniques liées à l'art de la gravure (taille d'épargne, taille douce et eau forte). Chaque participant repartira avec ses impressions réalisées sous presse.\nL'atelier nécessite une présence d'au moins 2 heures consécutives permettant un travail de qualité. Il est limité à 20 personnes à la fois."
        ],
        "es": [
          "¡En el marco de Regards Croisés: Elle est belle la démocratie! el CDAR propone talleres artísticos prácticos para descubrir algunas de las técnicas del arte del grabado (calcografía, calcografía y aguafuerte). Cada participante se irá con su propio grabado realizado en prensa.\nEl taller requiere una asistencia mínima de 2 horas consecutivas para garantizar un trabajo de calidad. Está limitado a 20 personas a la vez."
        ],
        "nl": [
          "In het kader van Regards Croisés: Elle est belle la démocratie! biedt het CDAR praktische kunstworkshops aan om je te laten kennismaken met enkele technieken van de graveerkunst (diepdruk, diepgravure en ets). Elke deelnemer vertrekt met zijn of haar eigen op de pers gemaakte afdrukken.\nDe workshop vereist een minimale aanwezigheid van 2 opeenvolgende uren om de kwaliteit van het werk te garanderen. De workshop is beperkt tot 20 personen per keer."
        ]
      }
    }
  ],
  "hasMainRepresentation": [
    {
      "@id": "https://data.datatourisme.fr/f103576b-1257-3fc2-a372-709dc5e2b825",
      "ebucore:hasAnnotation": [
        {
          "@id": "https://data.datatourisme.fr/76c6a00a-2380-3b20-afbb-16514c24d44e",
          "ebucore:title": {
            "de": [
              "CDAR Villodon"
            ],
            "en": [
              "CDAR Villodon"
            ],
            "fr": [
              "CDAR Villodon"
            ]
          },
          "@type": [
            "ebucore:Annotation"
          ],
          "credits": [
            "CDAR"
          ]
        }
      ],
      "ebucore:hasRelatedResource": [
        {
          "@id": "https://data.datatourisme.fr/5863f142-d708-3446-a9a1-ac2bb24c9292",
          "ebucore:locator": [
            "https://normandie.media.tourinsoft.eu/upload/CDAR-Villodon.jpeg"
          ],
          "@type": [
            "ebucore:Resource"
          ]
        }
      ],
      "@type": [
        "ebucore:EditorialObject"
      ]
    }
  ],
  "hasRepresentation": [
    {
      "@id": "https://data.datatourisme.fr/f103576b-1257-3fc2-a372-709dc5e2b825",
      "ebucore:hasAnnotation": [
        {
          "@id": "https://data.datatourisme.fr/76c6a00a-2380-3b20-afbb-16514c24d44e",
          "ebucore:title": {
            "de": [
              "CDAR Villodon"
            ],
            "en": [
              "CDAR Villodon"
            ],
            "fr": [
              "CDAR Villodon"
            ]
          },
          "@type": [
            "ebucore:Annotation"
          ],
          "credits": [
            "CDAR"
          ]
        }
      ],
      "ebucore:hasRelatedResource": [
        {
          "@id": "https://data.datatourisme.fr/5863f142-d708-3446-a9a1-ac2bb24c9292",
          "ebucore:locator": [
            "https://normandie.media.tourinsoft.eu/upload/CDAR-Villodon.jpeg"
          ],
          "@type": [
            "ebucore:Resource"
          ]
        }
      ],
      "@type": [
        "ebucore:EditorialObject"
      ]
    },
    {
      "@id": "https://data.datatourisme.fr/f8590482-a0ea-328f-9b9b-3e640f79f9a7",
      "ebucore:hasAnnotation": [
        {
          "@id": "https://data.datatourisme.fr/aab0cc59-37be-351d-ae94-a6ca8d5dae61",
          "ebucore:title": {
            "de": [
              "CDAR Tournay"
            ],
            "en": [
              "CDAR Tournay"
            ],
            "fr": [
              "CDAR Tournay"
            ]
          },
          "@type": [
            "ebucore:Annotation"
          ],
          "credits": [
            "CDAR"
          ]
        }
      ],
      "ebucore:hasRelatedResource": [
        {
          "@id": "https://data.datatourisme.fr/641841a0-2d64-35af-80ad-df4b6c7cb850",
          "ebucore:locator": [
            "https://normandie.media.tourinsoft.eu/upload/CDAR-Tournay.jpeg"
          ],
          "@type": [
            "ebucore:Resource"
          ]
        }
      ],
      "@type": [
        "ebucore:EditorialObject"
      ]
    }
  ],
  "hasTheme": [
    {
      "@id": "kb:ModernContemporaryArt",
      "@type": [
        "CulturalTheme"
      ],
      "rdfs:label": {
        "de": [
          "Moderne – zeitgenössische Kunst"
        ],
        "pt": [
          "Arte moderna — contemporânea"
        ],
        "en": [
          "Modern - contemporary art"
        ],
        "it": [
          "Arte moderna - contemporanea"
        ],
        "fr": [
          "Art moderne - contemporain"
        ],
        "nl": [
          "Moderne kunst - hedendaags"
        ],
        "es": [
          "Arte moderno - contemporáneo"
        ]
      }
    }
  ],
  "hasTranslatedProperty": [
    {
      "@id": "https://data.datatourisme.fr/1b1ac698-76c1-3b16-8e90-7d52d525aa9d",
      "dc:contributor": [
        "https://api.deepl.com/v2/translate"
      ],
      "rdf:language": [
        "nl"
      ],
      "rdf:predicate": [
        {
          "@id": "rdfs:comment"
        }
      ]
    },
    {
      "@id": "https://data.datatourisme.fr/53dc392c-000c-3e88-86e6-757c036837d7",
      "dc:contributor": [
        "https://api.deepl.com/v2/translate"
      ],
      "rdf:language": [
        "it"
      ],
      "rdf:predicate": [
        {
          "@id": "rdfs:comment"
        }
      ]
    },
    {
      "@id": "https://data.datatourisme.fr/b0b893f9-3e60-36e2-a4ab-107180a497fe",
      "dc:contributor": [
        "https://api.deepl.com/v2/translate"
      ],
      "rdf:language": [
        "en"
      ],
      "rdf:predicate": [
        {
          "@id": "rdfs:comment"
        }
      ]
    },
    {
      "@id": "https://data.datatourisme.fr/d002f648-985c-3ca7-bd19-feee08a1adb6",
      "dc:contributor": [
        "https://api.deepl.com/v2/translate"
      ],
      "rdf:language": [
        "es"
      ],
      "rdf:predicate": [
        {
          "@id": "rdfs:comment"
        }
      ]
    },
    {
      "@id": "https://data.datatourisme.fr/eabde8c4-d4a5-3936-9fb6-e44d389fb664",
      "dc:contributor": [
        "https://api.deepl.com/v2/translate"
      ],
      "rdf:language": [
        "de"
      ],
      "rdf:predicate": [
        {
          "@id": "rdfs:comment"
        }
      ]
    }
  ],
  "isLocatedAt": [
    {
      "@id": "https://data.datatourisme.fr/64947d30-82ad-342d-8482-65e47fe76764",
      "schema:address": [
        {
          "@id": "https://data.datatourisme.fr/8378fe9e-352d-3fcc-b3fe-e41849b38a47",
          "schema:addressLocality": "Val d'Arry",
          "schema:postalCode": "14310",
          "schema:streetAddress": [
            "3 rue de Villodon",
            "CDAR",
            "Tournay-sur-Odon"
          ],
          "@type": [
            "schema:PostalAddress",
            "PostalAddress"
          ],
          "hasAddressCity": {
            "@id": "kb:14475",
            "@type": [
              "City"
            ],
            "rdfs:label": {
              "de": [
                "Val d'Arry"
              ],
              "pt": [
                "Val d'Arry"
              ],
              "en": [
                "Val d'Arry"
              ],
              "it": [
                "Val d'Arry"
              ],
              "fr": [
                "Val d'Arry"
              ],
              "nl": [
                "Val d'Arry"
              ],
              "es": [
                "Val d'Arry"
              ]
            },
            "insee": "14475",
            "isPartOfDepartment": {
              "@id": "kb:France2814",
              "@type": [
                "Department"
              ],
              "rdfs:label": {
                "de": [
                  "Calvados"
                ],
                "pt": [
                  "Calvados"
                ],
                "en": [
                  "Calvados"
                ],
                "it": [
                  "Calvados"
                ],
                "fr": [
                  "Calvados"
                ],
                "nl": [
                  "Calvados"
                ],
                "es": [
                  "Calvados"
                ]
              },
              "insee": "14",
              "isPartOfRegion": {
                "@id": "kb:France28",
                "@type": [
                  "Region"
                ],
                "rdfs:label": {
                  "de": [
                    "Normandie"
                  ],
                  "pt": [
                    "Normandie"
                  ],
                  "en": [
                    "Normandie"
                  ],
                  "it": [
                    "Normandie"
                  ],
                  "fr": [
                    "Normandie"
                  ],
                  "nl": [
                    "Normandie"
                  ],
                  "es": [
                    "Normandie"
                  ]
                },
                "insee": "28",
                "isPartOfCountry": {
                  "@id": "kb:France",
                  "@type": [
                    "schema:Country"
                  ],
                  "rdfs:label": {
                    "de": [
                      "France",
                      "Frankreich"
                    ],
                    "pt": [
                      "França",
                      "France"
                    ],
                    "en": [
                      "France"
                    ],
                    "it": [
                      "France",
                      "Francia"
                    ],
                    "fr": [
                      "France"
                    ],
                    "nl": [
                      "France",
                      "Frankrijk"
                    ],
                    "es": [
                      "France",
                      "Francia"
                    ]
                  }
                }
              }
            }
          }
        }
      ],
      "schema:geo": {
        "@id": "https://data.datatourisme.fr/abe1bad5-13b4-3b47-97b7-5137b7bb3c26",
        "schema:latitude": "49.08969",
        "schema:longitude": "-0.58891",
        "@type": [
          "schema:GeoCoordinates"
        ]
      },
      "schema:openingHoursSpecification": [
        {
          "@id": "https://data.datatourisme.fr/0ebf1231-fcc2-3cc8-a40d-b03bc7d1a14a",
          "schema:closes": "17:00:00",
          "schema:opens": "14:00:00",
          "schema:validFrom": "2023-10-21T00:00:00",
          "schema:validThrough": "2023-10-21T00:00:00",
          "@type": [
            "schema:OpeningHoursSpecification"
          ]
        },
        {
          "@id": "https://data.datatourisme.fr/39069052-070f-33ec-8090-8c28d9745da9",
          "schema:closes": "17:00:00",
          "schema:opens": "14:00:00",
          "schema:validFrom": "2023-10-13T00:00:00",
          "schema:validThrough": "2023-10-13T00:00:00",
          "@type": [
            "schema:OpeningHoursSpecification"
          ]
        },
        {
          "@id": "https://data.datatourisme.fr/ba834587-f83d-3d58-88a2-faaf1acebb62",
          "schema:closes": "17:00:00",
          "schema:opens": "14:00:00",
          "schema:validFrom": "2023-10-23T00:00:00",
          "schema:validThrough": "2023-10-23T00:00:00",
          "@type": [
            "schema:OpeningHoursSpecification"
          ]
        }
      ],
      "@type": [
        "schema:Place",
        "Place"
      ]
    }
  ],
  "lastUpdate": "2023-09-27",
  "lastUpdateDatatourisme": "2023-09-28T03:16:58.628Z",
  "takesPlaceAt": [
    {
      "@id": "https://data.datatourisme.fr/66fcb8b9-af55-3dd2-916e-774c67b7e8f5",
      "@type": [
        "Period"
      ],
      "endDate": "2023-10-23",
      "endTime": "17:00:00",
      "startDate": "2023-10-23",
      "startTime": "14:00:00"
    },
    {
      "@id": "https://data.datatourisme.fr/8cf74f26-a493-35f7-a43c-2e369fcf7bfc",
      "@type": [
        "Period"
      ],
      "endDate": "2023-10-13",
      "endTime": "17:00:00",
      "startDate": "2023-10-13",
      "startTime": "14:00:00"
    },
    {
      "@id": "https://data.datatourisme.fr/f3ee9059-0d42-37a9-8866-e6c56b63a6e4",
      "@type": [
        "Period"
      ],
      "endDate": "2023-10-21",
      "endTime": "17:00:00",
      "startDate": "2023-10-21",
      "startTime": "14:00:00"
    }
  ]
}