{
  "@id": "https://data.datatourisme.fr/30/001ff9b2-2ba3-3605-89ac-b3b131d8a61f",
  "dc:identifier": "PCUNOR014V52ZSMK",
  "@type": [
    "Chapel",
    "Church",
    "CulturalSite",
    "PlaceOfInterest",
    "PointOfInterest",
    "ReligiousSite"
  ],
  "rdfs:label": {
    "en": [
      "Église Saint-Germain"
    ],
    "fr": [
      "Église Saint-Germain"
    ]
  },
  "creationDate": "2019-08-29",
  "hasBeenCreatedBy": {
    "@id": "https://data.datatourisme.fr/30/24c974b1-8bec-32f6-814d-e9e1cab348db",
    "dc:identifier": "66b03f73-2495-4cb5-9bca-908f10619b37",
    "schema:address": [
      {
        "@id": "https://data.datatourisme.fr/10c437e6-0793-3598-a362-dd717b8509a5",
        "schema:postalCode": "14106",
        "schema:streetAddress": [
          "11 rue d'Alençon"
        ],
        "@type": [
          "schema:PostalAddress"
        ]
      },
      {
        "@id": "https://data.datatourisme.fr/4a48d143-d269-3276-8377-b1267a985694",
        "schema:addressLocality": "Évreux",
        "schema:postalCode": "27000",
        "schema:streetAddress": [
          "14 Rue Charles Corbeau - le Doyenné"
        ],
        "@type": [
          "schema:PostalAddress",
          "PostalAddress"
        ],
        "hasAddressCity": {
          "@id": "kb:27229",
          "@type": [
            "City"
          ],
          "rdfs:label": {
            "de": [
              "Évreux"
            ],
            "pt": [
              "Évreux"
            ],
            "en": [
              "Évreux"
            ],
            "it": [
              "Évreux"
            ],
            "fr": [
              "Évreux"
            ],
            "nl": [
              "Évreux"
            ],
            "es": [
              "Évreux"
            ]
          },
          "insee": "27229",
          "isPartOfDepartment": {
            "@id": "kb:France2827",
            "@type": [
              "Department"
            ],
            "rdfs:label": {
              "de": [
                "Eure"
              ],
              "pt": [
                "Eure"
              ],
              "en": [
                "Eure"
              ],
              "it": [
                "Eure"
              ],
              "fr": [
                "Eure"
              ],
              "nl": [
                "Eure"
              ],
              "es": [
                "Eure"
              ]
            },
            "insee": "27",
            "isPartOfRegion": {
              "@id": "kb:France28",
              "@type": [
                "Region"
              ],
              "rdfs:label": {
                "de": [
                  "Normandie"
                ],
                "pt": [
                  "Normandie"
                ],
                "en": [
                  "Normandie"
                ],
                "it": [
                  "Normandie"
                ],
                "fr": [
                  "Normandie"
                ],
                "nl": [
                  "Normandie"
                ],
                "es": [
                  "Normandie"
                ]
              },
              "insee": "28",
              "isPartOfCountry": {
                "@id": "kb:France",
                "@type": [
                  "schema:Country"
                ],
                "rdfs:label": {
                  "de": [
                    "France",
                    "Frankreich"
                  ],
                  "pt": [
                    "França",
                    "France"
                  ],
                  "en": [
                    "France"
                  ],
                  "it": [
                    "France",
                    "Francia"
                  ],
                  "fr": [
                    "France"
                  ],
                  "nl": [
                    "France",
                    "Frankrijk"
                  ],
                  "es": [
                    "France",
                    "Francia"
                  ]
                }
              }
            }
          }
        }
      },
      {
        "@id": "https://data.datatourisme.fr/83aa6aad-9f32-3eb3-b808-14a983cbf32e",
        "schema:addressLocality": "Lisieux",
        "schema:postalCode": "14106",
        "schema:streetAddress": [
          "11 rue d'Alençon"
        ],
        "@type": [
          "schema:PostalAddress",
          "PostalAddress"
        ],
        "hasAddressCity": {
          "@id": "kb:14366",
          "@type": [
            "City"
          ],
          "rdfs:label": {
            "de": [
              "Lisieux"
            ],
            "pt": [
              "Lisieux"
            ],
            "en": [
              "Lisieux"
            ],
            "it": [
              "Lisieux"
            ],
            "fr": [
              "Lisieux"
            ],
            "nl": [
              "Lisieux"
            ],
            "es": [
              "Lisieux"
            ]
          },
          "insee": "14366",
          "isPartOfDepartment": {
            "@id": "kb:France2814",
            "@type": [
              "Department"
            ],
            "rdfs:label": {
              "de": [
                "Calvados"
              ],
              "pt": [
                "Calvados"
              ],
              "en": [
                "Calvados"
              ],
              "it": [
                "Calvados"
              ],
              "fr": [
                "Calvados"
              ],
              "nl": [
                "Calvados"
              ],
              "es": [
                "Calvados"
              ]
            },
            "insee": "14",
            "isPartOfRegion": {
              "@id": "kb:France28",
              "@type": [
                "Region"
              ],
              "rdfs:label": {
                "de": [
                  "Normandie"
                ],
                "pt": [
                  "Normandie"
                ],
                "en": [
                  "Normandie"
                ],
                "it": [
                  "Normandie"
                ],
                "fr": [
                  "Normandie"
                ],
                "nl": [
                  "Normandie"
                ],
                "es": [
                  "Normandie"
                ]
              },
              "insee": "28",
              "isPartOfCountry": {
                "@id": "kb:France",
                "@type": [
                  "schema:Country"
                ],
                "rdfs:label": {
                  "de": [
                    "France",
                    "Frankreich"
                  ],
                  "pt": [
                    "França",
                    "France"
                  ],
                  "en": [
                    "France"
                  ],
                  "it": [
                    "France",
                    "Francia"
                  ],
                  "fr": [
                    "France"
                  ],
                  "nl": [
                    "France",
                    "Frankrijk"
                  ],
                  "es": [
                    "France",
                    "Francia"
                  ]
                }
              }
            }
          }
        }
      },
      {
        "@id": "https://data.datatourisme.fr/b0712bb1-0a7d-3fc7-a95e-1d1ff99534dc",
        "schema:addressLocality": "Évreux",
        "schema:postalCode": "27000",
        "schema:streetAddress": [
          "14 Rue Charles Corbeau - Le Doyenné"
        ],
        "@type": [
          "schema:PostalAddress",
          "PostalAddress"
        ],
        "hasAddressCity": {
          "@id": "kb:27229",
          "@type": [
            "City"
          ],
          "rdfs:label": {
            "de": [
              "Évreux"
            ],
            "pt": [
              "Évreux"
            ],
            "en": [
              "Évreux"
            ],
            "it": [
              "Évreux"
            ],
            "fr": [
              "Évreux"
            ],
            "nl": [
              "Évreux"
            ],
            "es": [
              "Évreux"
            ]
          },
          "insee": "27229",
          "isPartOfDepartment": {
            "@id": "kb:France2827",
            "@type": [
              "Department"
            ],
            "rdfs:label": {
              "de": [
                "Eure"
              ],
              "pt": [
                "Eure"
              ],
              "en": [
                "Eure"
              ],
              "it": [
                "Eure"
              ],
              "fr": [
                "Eure"
              ],
              "nl": [
                "Eure"
              ],
              "es": [
                "Eure"
              ]
            },
            "insee": "27",
            "isPartOfRegion": {
              "@id": "kb:France28",
              "@type": [
                "Region"
              ],
              "rdfs:label": {
                "de": [
                  "Normandie"
                ],
                "pt": [
                  "Normandie"
                ],
                "en": [
                  "Normandie"
                ],
                "it": [
                  "Normandie"
                ],
                "fr": [
                  "Normandie"
                ],
                "nl": [
                  "Normandie"
                ],
                "es": [
                  "Normandie"
                ]
              },
              "insee": "28",
              "isPartOfCountry": {
                "@id": "kb:France",
                "@type": [
                  "schema:Country"
                ],
                "rdfs:label": {
                  "de": [
                    "France",
                    "Frankreich"
                  ],
                  "pt": [
                    "França",
                    "France"
                  ],
                  "en": [
                    "France"
                  ],
                  "it": [
                    "France",
                    "Francia"
                  ],
                  "fr": [
                    "France"
                  ],
                  "nl": [
                    "France",
                    "Frankrijk"
                  ],
                  "es": [
                    "France",
                    "Francia"
                  ]
                }
              }
            }
          }
        }
      }
    ],
    "schema:email": [
      "tourism.authenticnormandy@agglo-lisieux.fr"
    ],
    "schema:legalName": "Normandie Tourisme / Calvados Attractivité",
    "@type": [
      "schema:Organization",
      "foaf:Agent",
      "Agent"
    ]
  },
  "hasBeenPublishedBy": [
    {
      "@id": "https://data.datatourisme.fr/adce4411-0f8d-3138-8d32-b8eb71125ab5",
      "schema:email": [
        "l.helbert@normandie-tourisme.fr"
      ],
      "schema:legalName": "Normandie Tourisme",
      "@type": [
        "schema:Organization",
        "foaf:Agent",
        "Agent"
      ],
      "foaf:homepage": [
        "https://www.normandie-tourisme.fr/"
      ]
    }
  ],
  "hasContact": [
    {
      "@id": "https://data.datatourisme.fr/f0675907-a1a3-32a8-be0f-d97dd3299dbb",
      "schema:email": [
        "notredamedesvallons@gmail.com"
      ],
      "schema:telephone": [
        "+33 2 31 63 63 31"
      ],
      "@type": [
        "foaf:Agent",
        "Agent"
      ]
    }
  ],
  "isLocatedAt": [
    {
      "@id": "https://data.datatourisme.fr/8f76bd5d-8792-3bab-8dec-037b0ee5c0e3",
      "schema:address": [
        {
          "@id": "https://data.datatourisme.fr/fa043fa7-7455-35c3-92be-b1db273ad72c",
          "schema:addressLocality": "Fumichon",
          "schema:postalCode": "14590",
          "@type": [
            "schema:PostalAddress",
            "PostalAddress"
          ],
          "hasAddressCity": {
            "@id": "kb:14293",
            "@type": [
              "City"
            ],
            "rdfs:label": {
              "de": [
                "Fumichon"
              ],
              "pt": [
                "Fumichon"
              ],
              "en": [
                "Fumichon"
              ],
              "it": [
                "Fumichon"
              ],
              "fr": [
                "Fumichon"
              ],
              "nl": [
                "Fumichon"
              ],
              "es": [
                "Fumichon"
              ]
            },
            "insee": "14293",
            "isPartOfDepartment": {
              "@id": "kb:France2814",
              "@type": [
                "Department"
              ],
              "rdfs:label": {
                "de": [
                  "Calvados"
                ],
                "pt": [
                  "Calvados"
                ],
                "en": [
                  "Calvados"
                ],
                "it": [
                  "Calvados"
                ],
                "fr": [
                  "Calvados"
                ],
                "nl": [
                  "Calvados"
                ],
                "es": [
                  "Calvados"
                ]
              },
              "insee": "14",
              "isPartOfRegion": {
                "@id": "kb:France28",
                "@type": [
                  "Region"
                ],
                "rdfs:label": {
                  "de": [
                    "Normandie"
                  ],
                  "pt": [
                    "Normandie"
                  ],
                  "en": [
                    "Normandie"
                  ],
                  "it": [
                    "Normandie"
                  ],
                  "fr": [
                    "Normandie"
                  ],
                  "nl": [
                    "Normandie"
                  ],
                  "es": [
                    "Normandie"
                  ]
                },
                "insee": "28",
                "isPartOfCountry": {
                  "@id": "kb:France",
                  "@type": [
                    "schema:Country"
                  ],
                  "rdfs:label": {
                    "de": [
                      "France",
                      "Frankreich"
                    ],
                    "pt": [
                      "França",
                      "France"
                    ],
                    "en": [
                      "France"
                    ],
                    "it": [
                      "France",
                      "Francia"
                    ],
                    "fr": [
                      "France"
                    ],
                    "nl": [
                      "France",
                      "Frankrijk"
                    ],
                    "es": [
                      "France",
                      "Francia"
                    ]
                  }
                }
              }
            }
          }
        }
      ],
      "schema:geo": {
        "@id": "https://data.datatourisme.fr/9802efb3-9d54-311f-b8f4-862f51b5674a",
        "schema:latitude": "49.1728767",
        "schema:longitude": "0.37175069",
        "@type": [
          "schema:GeoCoordinates"
        ]
      },
      "@type": [
        "schema:Place",
        "Place"
      ],
      "petsAllowed": false
    }
  ],
  "lastUpdate": "2023-05-31",
  "lastUpdateDatatourisme": "2023-07-05T11:13:09.779Z",
  "offers": [
    {
      "@id": "https://data.datatourisme.fr/94b5643b-7ce0-3d4f-85bd-8b6fc0630fe9",
      "schema:priceSpecification": [
        {
          "@id": "https://data.datatourisme.fr/3959383d-4e00-33e2-a66f-490ee36ca365",
          "schema:priceCurrency": "EUR",
          "@type": [
            "schema:PriceSpecification",
            "PriceSpecification"
          ],
          "hasEligiblePolicy": [
            {
              "@id": "kb:Free",
              "@type": [
                "PricingPolicy"
              ],
              "rdfs:label": {
                "de": [
                  "Kostenlos"
                ],
                "pt": [
                  "Gratuito"
                ],
                "en": [
                  "Free"
                ],
                "it": [
                  "Gratuito"
                ],
                "fr": [
                  "Gratuit"
                ],
                "es": [
                  "Gratuito"
                ],
                "nl": [
                  "Gratis"
                ]
              }
            }
          ],
          "hasPricingMode": [
            {
              "@id": "kb:PerUnit",
              "@type": [
                "PricingMode"
              ],
              "rdfs:label": {
                "de": [
                  "Pro Einheit"
                ],
                "pt": [
                  "Por unidade"
                ],
                "en": [
                  "Per unit"
                ],
                "it": [
                  "Per unità"
                ],
                "fr": [
                  "A l'unité"
                ],
                "es": [
                  "Por unidad"
                ],
                "nl": [
                  "Per eenheid"
                ]
              }
            }
          ],
          "name": {
            "en": [
              "Gratuities"
            ],
            "fr": [
              "Gratuité"
            ]
          }
        }
      ],
      "@type": [
        "schema:Offer",
        "Offer"
      ]
    }
  ]
}