{
  "@id": "https://data.datatourisme.fr/30/00202903-e165-308b-9e65-669c05e2020d",
  "dc:identifier": "ITINOR076V51PCC2",
  "@type": [
    "olo:OrderedList",
    "CyclingTour",
    "PointOfInterest",
    "Tour"
  ],
  "rdfs:label": {
    "en": [
      "Circuit des Huchiers"
    ],
    "fr": [
      "Circuit des Huchiers"
    ]
  },
  "creationDate": "2022-12-09",
  "duration": "150",
  "hasBeenCreatedBy": {
    "@id": "https://data.datatourisme.fr/30/a7d4fd1c-8b07-3aee-af45-b8961010b34a",
    "dc:identifier": "5a3bd788-7a26-4c5d-a43b-84aa0601d079",
    "schema:address": [
      {
        "@id": "https://data.datatourisme.fr/05b464fe-bec3-39c0-a3ce-e7608023dbda",
        "schema:postalCode": "76824",
        "schema:streetAddress": [
          "28 rue Raymond Aron"
        ],
        "@type": [
          "schema:PostalAddress"
        ]
      },
      {
        "@id": "https://data.datatourisme.fr/0762effc-e9ee-30f2-9a29-a4efef761065",
        "schema:postalCode": "76824",
        "schema:streetAddress": [
          "28 rue Raymond Aron"
        ],
        "@type": [
          "schema:PostalAddress"
        ]
      },
      {
        "@id": "https://data.datatourisme.fr/1b5ea3c2-7872-38a4-b225-4386e2247c23",
        "schema:postalCode": "76824",
        "schema:streetAddress": [
          "28 rue Raymond Aron"
        ],
        "@type": [
          "schema:PostalAddress"
        ]
      },
      {
        "@id": "https://data.datatourisme.fr/24a724a0-f91b-3543-8d27-edf2d81df784",
        "schema:postalCode": "76824",
        "schema:streetAddress": [
          "28 rue Raymond Aron"
        ],
        "@type": [
          "schema:PostalAddress"
        ]
      },
      {
        "@id": "https://data.datatourisme.fr/264a839c-6094-39ed-9d64-f3fe09513ab0",
        "schema:postalCode": "76824",
        "schema:streetAddress": [
          "28 rue Raymond Aron"
        ],
        "@type": [
          "schema:PostalAddress"
        ]
      },
      {
        "@id": "https://data.datatourisme.fr/3372d199-460c-33bf-9b76-c20f60d4d693",
        "schema:postalCode": "76824",
        "schema:streetAddress": [
          "28 rue Raymond Aron"
        ],
        "@type": [
          "schema:PostalAddress"
        ]
      },
      {
        "@id": "https://data.datatourisme.fr/33dda7cc-9510-32ca-ade5-8835fbf8e932",
        "schema:postalCode": "76824",
        "schema:streetAddress": [
          "28 rue Raymond Aron"
        ],
        "@type": [
          "schema:PostalAddress"
        ]
      },
      {
        "@id": "https://data.datatourisme.fr/3e34d109-ec01-3259-ba9f-66dda18ef5ff",
        "schema:postalCode": "76824",
        "schema:streetAddress": [
          "28 rue Raymond Aron"
        ],
        "@type": [
          "schema:PostalAddress"
        ]
      },
      {
        "@id": "https://data.datatourisme.fr/3f310d15-8ef8-39a9-90de-579e3133351c",
        "schema:postalCode": "76824",
        "schema:streetAddress": [
          "28 rue Raymond Aron"
        ],
        "@type": [
          "schema:PostalAddress"
        ]
      },
      {
        "@id": "https://data.datatourisme.fr/4a48d143-d269-3276-8377-b1267a985694",
        "schema:addressLocality": "Évreux",
        "schema:postalCode": "27000",
        "schema:streetAddress": [
          "14 Rue Charles Corbeau - le Doyenné"
        ],
        "@type": [
          "schema:PostalAddress",
          "PostalAddress"
        ],
        "hasAddressCity": {
          "@id": "kb:27229",
          "@type": [
            "City"
          ],
          "rdfs:label": {
            "de": [
              "Évreux"
            ],
            "pt": [
              "Évreux"
            ],
            "en": [
              "Évreux"
            ],
            "it": [
              "Évreux"
            ],
            "fr": [
              "Évreux"
            ],
            "nl": [
              "Évreux"
            ],
            "es": [
              "Évreux"
            ]
          },
          "insee": "27229",
          "isPartOfDepartment": {
            "@id": "kb:France2827",
            "@type": [
              "Department"
            ],
            "rdfs:label": {
              "de": [
                "Eure"
              ],
              "pt": [
                "Eure"
              ],
              "en": [
                "Eure"
              ],
              "it": [
                "Eure"
              ],
              "fr": [
                "Eure"
              ],
              "nl": [
                "Eure"
              ],
              "es": [
                "Eure"
              ]
            },
            "insee": "27",
            "isPartOfRegion": {
              "@id": "kb:France28",
              "@type": [
                "Region"
              ],
              "rdfs:label": {
                "de": [
                  "Normandie"
                ],
                "pt": [
                  "Normandie"
                ],
                "en": [
                  "Normandie"
                ],
                "it": [
                  "Normandie"
                ],
                "fr": [
                  "Normandie"
                ],
                "nl": [
                  "Normandie"
                ],
                "es": [
                  "Normandie"
                ]
              },
              "insee": "28",
              "isPartOfCountry": {
                "@id": "kb:France",
                "@type": [
                  "schema:Country"
                ],
                "rdfs:label": {
                  "de": [
                    "France",
                    "Frankreich"
                  ],
                  "pt": [
                    "França",
                    "France"
                  ],
                  "en": [
                    "France"
                  ],
                  "it": [
                    "France",
                    "Francia"
                  ],
                  "fr": [
                    "France"
                  ],
                  "nl": [
                    "France",
                    "Frankrijk"
                  ],
                  "es": [
                    "France",
                    "Francia"
                  ]
                }
              }
            }
          }
        }
      },
      {
        "@id": "https://data.datatourisme.fr/5c9fc35d-3f5b-36c7-be58-6f9fcd95b20e",
        "schema:postalCode": "76824",
        "schema:streetAddress": [
          "28 rue Raymond Aron"
        ],
        "@type": [
          "schema:PostalAddress"
        ]
      },
      {
        "@id": "https://data.datatourisme.fr/5fb4a12a-4bfc-3e4b-b8f0-58d227cc466d",
        "schema:postalCode": "76824",
        "schema:streetAddress": [
          "28 rue Raymond Aron"
        ],
        "@type": [
          "schema:PostalAddress"
        ]
      },
      {
        "@id": "https://data.datatourisme.fr/681db809-ca24-33f9-b4c8-566f1fa43438",
        "schema:postalCode": "76824",
        "schema:streetAddress": [
          "28 rue Raymond Aron"
        ],
        "@type": [
          "schema:PostalAddress"
        ]
      },
      {
        "@id": "https://data.datatourisme.fr/727ba883-0894-32ae-94bc-e28bfa2a2b4e",
        "schema:postalCode": "76824",
        "schema:streetAddress": [
          "28 rue Raymond Aron"
        ],
        "@type": [
          "schema:PostalAddress"
        ]
      },
      {
        "@id": "https://data.datatourisme.fr/740f5b05-e52f-3ec1-98a8-9d7e85f8b399",
        "schema:postalCode": "76824",
        "schema:streetAddress": [
          "28 rue Raymond Aron"
        ],
        "@type": [
          "schema:PostalAddress"
        ]
      },
      {
        "@id": "https://data.datatourisme.fr/7fdae63d-930f-3fbe-9fd2-f7ea1e2e79e6",
        "schema:postalCode": "76824",
        "schema:streetAddress": [
          "28 rue Raymond Aron"
        ],
        "@type": [
          "schema:PostalAddress"
        ]
      },
      {
        "@id": "https://data.datatourisme.fr/8e1b729f-2646-313a-b8ae-7b544b3859a4",
        "schema:postalCode": "76824",
        "schema:streetAddress": [
          "28 rue Raymond Aron"
        ],
        "@type": [
          "schema:PostalAddress"
        ]
      },
      {
        "@id": "https://data.datatourisme.fr/938cd785-15ee-3153-b37b-281baed4c1f6",
        "schema:postalCode": "76824",
        "schema:streetAddress": [
          "28 rue Raymond Aron"
        ],
        "@type": [
          "schema:PostalAddress"
        ]
      },
      {
        "@id": "https://data.datatourisme.fr/96cbf98b-16af-37d4-9f88-dce3fc52536d",
        "schema:postalCode": "76824",
        "schema:streetAddress": [
          "28 rue Raymond Aron"
        ],
        "@type": [
          "schema:PostalAddress"
        ]
      },
      {
        "@id": "https://data.datatourisme.fr/9e8a91c8-ea7d-32d2-ad5a-125345a7eae7",
        "schema:postalCode": "76824",
        "schema:streetAddress": [
          "28 rue Raymond Aron"
        ],
        "@type": [
          "schema:PostalAddress"
        ]
      },
      {
        "@id": "https://data.datatourisme.fr/9f56d040-f71a-3aed-84de-eb0326a8ab95",
        "schema:postalCode": "76824",
        "schema:streetAddress": [
          "28 rue Raymond Aron"
        ],
        "@type": [
          "schema:PostalAddress"
        ]
      },
      {
        "@id": "https://data.datatourisme.fr/a26359b1-e1b1-30c1-a238-5ee2062386e4",
        "schema:postalCode": "76824",
        "schema:streetAddress": [
          "28 rue Raymond Aron"
        ],
        "@type": [
          "schema:PostalAddress"
        ]
      },
      {
        "@id": "https://data.datatourisme.fr/a2c758f3-5275-3108-82f3-275788524720",
        "schema:postalCode": "76824",
        "schema:streetAddress": [
          "28 rue Raymond Aron"
        ],
        "@type": [
          "schema:PostalAddress"
        ]
      },
      {
        "@id": "https://data.datatourisme.fr/afc30bf8-ddd9-39e4-b29d-3f137a0d2c89",
        "schema:postalCode": "76824",
        "schema:streetAddress": [
          "28 rue Raymond Aron"
        ],
        "@type": [
          "schema:PostalAddress"
        ]
      },
      {
        "@id": "https://data.datatourisme.fr/b0712bb1-0a7d-3fc7-a95e-1d1ff99534dc",
        "schema:addressLocality": "Évreux",
        "schema:postalCode": "27000",
        "schema:streetAddress": [
          "14 Rue Charles Corbeau - Le Doyenné"
        ],
        "@type": [
          "schema:PostalAddress",
          "PostalAddress"
        ],
        "hasAddressCity": {
          "@id": "kb:27229",
          "@type": [
            "City"
          ],
          "rdfs:label": {
            "de": [
              "Évreux"
            ],
            "pt": [
              "Évreux"
            ],
            "en": [
              "Évreux"
            ],
            "it": [
              "Évreux"
            ],
            "fr": [
              "Évreux"
            ],
            "nl": [
              "Évreux"
            ],
            "es": [
              "Évreux"
            ]
          },
          "insee": "27229",
          "isPartOfDepartment": {
            "@id": "kb:France2827",
            "@type": [
              "Department"
            ],
            "rdfs:label": {
              "de": [
                "Eure"
              ],
              "pt": [
                "Eure"
              ],
              "en": [
                "Eure"
              ],
              "it": [
                "Eure"
              ],
              "fr": [
                "Eure"
              ],
              "nl": [
                "Eure"
              ],
              "es": [
                "Eure"
              ]
            },
            "insee": "27",
            "isPartOfRegion": {
              "@id": "kb:France28",
              "@type": [
                "Region"
              ],
              "rdfs:label": {
                "de": [
                  "Normandie"
                ],
                "pt": [
                  "Normandie"
                ],
                "en": [
                  "Normandie"
                ],
                "it": [
                  "Normandie"
                ],
                "fr": [
                  "Normandie"
                ],
                "nl": [
                  "Normandie"
                ],
                "es": [
                  "Normandie"
                ]
              },
              "insee": "28",
              "isPartOfCountry": {
                "@id": "kb:France",
                "@type": [
                  "schema:Country"
                ],
                "rdfs:label": {
                  "de": [
                    "France",
                    "Frankreich"
                  ],
                  "pt": [
                    "França",
                    "France"
                  ],
                  "en": [
                    "France"
                  ],
                  "it": [
                    "France",
                    "Francia"
                  ],
                  "fr": [
                    "France"
                  ],
                  "nl": [
                    "France",
                    "Frankrijk"
                  ],
                  "es": [
                    "France",
                    "Francia"
                  ]
                }
              }
            }
          }
        }
      },
      {
        "@id": "https://data.datatourisme.fr/b0c8d2d2-03c4-3d86-9c84-c7863e7e3837",
        "schema:postalCode": "76824",
        "schema:streetAddress": [
          "28 rue Raymond Aron"
        ],
        "@type": [
          "schema:PostalAddress"
        ]
      },
      {
        "@id": "https://data.datatourisme.fr/b68beaa9-7cb0-3c6a-b169-4dbe86079780",
        "schema:postalCode": "76824",
        "schema:streetAddress": [
          "28 rue Raymond Aron"
        ],
        "@type": [
          "schema:PostalAddress"
        ]
      },
      {
        "@id": "https://data.datatourisme.fr/c015fa9a-12f4-38c1-8f16-2792a398cf9e",
        "schema:addressLocality": "Mont-Saint-Aignan",
        "schema:postalCode": "76824",
        "schema:streetAddress": [
          "28 rue Raymond Aron"
        ],
        "@type": [
          "schema:PostalAddress",
          "PostalAddress"
        ],
        "hasAddressCity": {
          "@id": "kb:76451",
          "@type": [
            "City"
          ],
          "rdfs:label": {
            "de": [
              "Mont-Saint-Aignan"
            ],
            "pt": [
              "Mont-Saint-Aignan"
            ],
            "en": [
              "Mont-Saint-Aignan"
            ],
            "it": [
              "Mont-Saint-Aignan"
            ],
            "fr": [
              "Mont-Saint-Aignan"
            ],
            "nl": [
              "Mont-Saint-Aignan"
            ],
            "es": [
              "Mont-Saint-Aignan"
            ]
          },
          "insee": "76451",
          "isPartOfDepartment": {
            "@id": "kb:France2876",
            "@type": [
              "Department"
            ],
            "rdfs:label": {
              "de": [
                "Seine-Maritime"
              ],
              "pt": [
                "Seine-Maritime"
              ],
              "en": [
                "Seine-Maritime"
              ],
              "it": [
                "Seine-Maritime"
              ],
              "fr": [
                "Seine-Maritime"
              ],
              "nl": [
                "Seine-Maritime"
              ],
              "es": [
                "Seine-Maritime"
              ]
            },
            "insee": "76",
            "isPartOfRegion": {
              "@id": "kb:France28",
              "@type": [
                "Region"
              ],
              "rdfs:label": {
                "de": [
                  "Normandie"
                ],
                "pt": [
                  "Normandie"
                ],
                "en": [
                  "Normandie"
                ],
                "it": [
                  "Normandie"
                ],
                "fr": [
                  "Normandie"
                ],
                "nl": [
                  "Normandie"
                ],
                "es": [
                  "Normandie"
                ]
              },
              "insee": "28",
              "isPartOfCountry": {
                "@id": "kb:France",
                "@type": [
                  "schema:Country"
                ],
                "rdfs:label": {
                  "de": [
                    "France",
                    "Frankreich"
                  ],
                  "pt": [
                    "França",
                    "France"
                  ],
                  "en": [
                    "France"
                  ],
                  "it": [
                    "France",
                    "Francia"
                  ],
                  "fr": [
                    "France"
                  ],
                  "nl": [
                    "France",
                    "Frankrijk"
                  ],
                  "es": [
                    "France",
                    "Francia"
                  ]
                }
              }
            }
          }
        }
      },
      {
        "@id": "https://data.datatourisme.fr/c1b71f5a-f1ee-366c-aea0-cfc76fdb6954",
        "schema:postalCode": "76824",
        "schema:streetAddress": [
          "28 rue Raymond Aron"
        ],
        "@type": [
          "schema:PostalAddress"
        ]
      },
      {
        "@id": "https://data.datatourisme.fr/c4807644-5955-30de-8225-ac7c766b3cc3",
        "schema:postalCode": "76824",
        "schema:streetAddress": [
          "28 rue Raymond Aron"
        ],
        "@type": [
          "schema:PostalAddress"
        ]
      },
      {
        "@id": "https://data.datatourisme.fr/d0a5fc98-54b7-3993-b233-cb55750f59bb",
        "schema:postalCode": "76824",
        "schema:streetAddress": [
          "28 rue Raymond Aron"
        ],
        "@type": [
          "schema:PostalAddress"
        ]
      },
      {
        "@id": "https://data.datatourisme.fr/d82ce3c0-624c-3d56-a4df-3df5b36c0bd4",
        "schema:postalCode": "76824",
        "schema:streetAddress": [
          "28 rue Raymond Aron"
        ],
        "@type": [
          "schema:PostalAddress"
        ]
      },
      {
        "@id": "https://data.datatourisme.fr/da2426e6-dbd1-310c-8eba-f3f3f018d05c",
        "schema:postalCode": "76824",
        "schema:streetAddress": [
          "28 rue Raymond Aron"
        ],
        "@type": [
          "schema:PostalAddress"
        ]
      },
      {
        "@id": "https://data.datatourisme.fr/da879cf7-d425-368b-9d0a-36e526363e7b",
        "schema:postalCode": "76824",
        "schema:streetAddress": [
          "28 rue Raymond Aron"
        ],
        "@type": [
          "schema:PostalAddress"
        ]
      },
      {
        "@id": "https://data.datatourisme.fr/e11c02d9-a09e-3410-954a-d0619056a6a5",
        "schema:postalCode": "76824",
        "schema:streetAddress": [
          "28 rue Raymond Aron"
        ],
        "@type": [
          "schema:PostalAddress"
        ]
      },
      {
        "@id": "https://data.datatourisme.fr/e7feab1e-0074-3353-b7ab-4045e90f7f5b",
        "schema:postalCode": "76824",
        "schema:streetAddress": [
          "28 rue Raymond Aron"
        ],
        "@type": [
          "schema:PostalAddress"
        ]
      },
      {
        "@id": "https://data.datatourisme.fr/eb043768-2f4d-388c-bfce-1958a6c33c3d",
        "schema:postalCode": "76824",
        "schema:streetAddress": [
          "28 rue Raymond Aron"
        ],
        "@type": [
          "schema:PostalAddress"
        ]
      },
      {
        "@id": "https://data.datatourisme.fr/f81d232f-29a5-34b2-8756-b4b2c8d8b001",
        "schema:postalCode": "76824",
        "schema:streetAddress": [
          "28 rue Raymond Aron"
        ],
        "@type": [
          "schema:PostalAddress"
        ]
      },
      {
        "@id": "https://data.datatourisme.fr/fde6578b-1638-3821-b796-d1bcdac342bb",
        "schema:postalCode": "76824",
        "schema:streetAddress": [
          "28 rue Raymond Aron"
        ],
        "@type": [
          "schema:PostalAddress"
        ]
      }
    ],
    "schema:email": [
      "contact@sma76.fr"
    ],
    "schema:legalName": "Normandie Tourisme / Attitude Manche",
    "@type": [
      "schema:Organization",
      "foaf:Agent",
      "Agent"
    ]
  },
  "hasBeenPublishedBy": [
    {
      "@id": "https://data.datatourisme.fr/adce4411-0f8d-3138-8d32-b8eb71125ab5",
      "schema:email": [
        "l.helbert@normandie-tourisme.fr"
      ],
      "schema:legalName": "Normandie Tourisme",
      "@type": [
        "schema:Organization",
        "foaf:Agent",
        "Agent"
      ],
      "foaf:homepage": [
        "https://www.normandie-tourisme.fr/"
      ]
    }
  ],
  "hasTourType": [
    {
      "@id": "kb:Loop",
      "@type": [
        "TourType"
      ],
      "rdfs:label": {
        "de": [
          "Schleifenroute"
        ],
        "pt": [
          "Circular"
        ],
        "en": [
          "Loop itinerary"
        ],
        "it": [
          "Ad anello"
        ],
        "fr": [
          "En boucle"
        ],
        "nl": [
          "In een lus"
        ],
        "es": [
          "Circuito"
        ]
      }
    }
  ],
  "isLocatedAt": [
    {
      "@id": "https://data.datatourisme.fr/6f222929-605f-3869-81b1-817dee399500",
      "schema:address": [
        {
          "@id": "https://data.datatourisme.fr/897f61ab-8aed-3a6c-99f2-dd1396fcfc89",
          "schema:addressLocality": "Argueil",
          "schema:postalCode": "76780",
          "@type": [
            "schema:PostalAddress",
            "PostalAddress"
          ],
          "hasAddressCity": {
            "@id": "kb:76025",
            "@type": [
              "City"
            ],
            "rdfs:label": {
              "de": [
                "Argueil"
              ],
              "pt": [
                "Argueil"
              ],
              "en": [
                "Argueil"
              ],
              "it": [
                "Argueil"
              ],
              "fr": [
                "Argueil"
              ],
              "nl": [
                "Argueil"
              ],
              "es": [
                "Argueil"
              ]
            },
            "insee": "76025",
            "isPartOfDepartment": {
              "@id": "kb:France2876",
              "@type": [
                "Department"
              ],
              "rdfs:label": {
                "de": [
                  "Seine-Maritime"
                ],
                "pt": [
                  "Seine-Maritime"
                ],
                "en": [
                  "Seine-Maritime"
                ],
                "it": [
                  "Seine-Maritime"
                ],
                "fr": [
                  "Seine-Maritime"
                ],
                "nl": [
                  "Seine-Maritime"
                ],
                "es": [
                  "Seine-Maritime"
                ]
              },
              "insee": "76",
              "isPartOfRegion": {
                "@id": "kb:France28",
                "@type": [
                  "Region"
                ],
                "rdfs:label": {
                  "de": [
                    "Normandie"
                  ],
                  "pt": [
                    "Normandie"
                  ],
                  "en": [
                    "Normandie"
                  ],
                  "it": [
                    "Normandie"
                  ],
                  "fr": [
                    "Normandie"
                  ],
                  "nl": [
                    "Normandie"
                  ],
                  "es": [
                    "Normandie"
                  ]
                },
                "insee": "28",
                "isPartOfCountry": {
                  "@id": "kb:France",
                  "@type": [
                    "schema:Country"
                  ],
                  "rdfs:label": {
                    "de": [
                      "France",
                      "Frankreich"
                    ],
                    "pt": [
                      "França",
                      "France"
                    ],
                    "en": [
                      "France"
                    ],
                    "it": [
                      "France",
                      "Francia"
                    ],
                    "fr": [
                      "France"
                    ],
                    "nl": [
                      "France",
                      "Frankrijk"
                    ],
                    "es": [
                      "France",
                      "Francia"
                    ]
                  }
                }
              }
            }
          }
        }
      ],
      "schema:geo": {
        "@id": "https://data.datatourisme.fr/5ba6f3ad-0cc1-33e8-ae22-5371d18058e2",
        "schema:latitude": "49.54418",
        "schema:longitude": "1.51349",
        "@type": [
          "schema:GeoCoordinates"
        ]
      },
      "@type": [
        "schema:Place",
        "Place"
      ]
    }
  ],
  "lastUpdate": "2023-09-27",
  "lastUpdateDatatourisme": "2023-09-28T01:17:41.481Z",
  "tourDistance": "28500.0"
}